{"val_loss": [0.12452295629514588, 0.11130539710736936, 0.08878274344735676, 0.07979358101470603, 0.08570092347347075, 0.0726105338997311, 0.0715450132265687, 0.06947315204888582, 0.07030592175821464, 0.0664570534394847, 0.07233862216687864, 0.06221502232882711, 0.057570575943423644, 0.0594921445267068, 0.05495648712126745, 0.054684118522952, 0.05941128761818012, 0.05651846160698268, 0.05040702948139773, 0.049420519887159266, 0.04844121547001931, 0.0518029211089015, 0.05125386304118567, 0.04995371142609252, 0.05187005477233066, 0.051146192838334374, 0.04762860506566034, 0.052005916782137424, 0.04659721772703859, 0.053934839088469744, 0.049348032722870507, 0.051042623817920685, 0.049453732557594776, 0.04586925466234485, 0.045200823340564966, 0.05179262492391798, 0.04630074996708168, 0.0516323893227511, 0.04528421148036917, 0.04786036737884084, 0.04464401532378462, 0.044971343129873276, 0.048911100874344506, 0.04407672972107927, 0.0449025550753706, 0.04347502693740858, 0.044557231892314225, 0.04498437543710073, 0.04393291074989571, 0.04493445158004761, 0.04385229495043556, 0.044977753474894494, 0.042718781934430204, 0.0450237901467416, 0.04578248721857866, 0.04623876755229301, 0.04410053686135345, 0.04346456006169319, 0.04413867064027323, 0.04485583620973759, 0.0433807332172162, 0.0428803492233985, 0.04253331727037827, 0.04266377595356769, 0.04330230473230282, 0.04345165601828032, 0.04234918558763133, 0.04359583127208882, 0.043006248565183744, 0.0470803908796774, 0.04750147265278631, 0.04372783269112309, 0.04276025533262226, 0.04414345696568489, 0.045233176141563386, 0.044858900726669364, 0.04303159761346049, 0.0592981749214232, 0.043015353795554906, 0.042498988513317376, 0.042386416242354445, 0.041736109647899866, 0.044181385025795966, 0.045093969286729894, 0.04224227653402421, 0.0428693283142315, 0.04443085711035463, 0.04282051738765505, 0.04430909351342254, 0.04379534638590283, 0.042792910968677864, 0.0444851611326966, 0.04332455909914441, 0.042754239661412105, 0.05285781927199827, 0.04365956907471021, 0.04297805789651142, 0.042338651811911, 0.041913104347056813, 0.04186768245158924], "train_mae": [30.535, 43.562, 16.836, 20.971, 15.137, 11.054, 26.171, 19.798, 32.835, 9.06, 35.451, 5.82, 8.745, 9.955, 19.212, 20.365, 25.484, 23.354, 11.744, 9.389, 7.238, 19.531, 4.695, 14.004, 3.689, 19.228, 12.615, 22.086, 11.298, 25.458, 3.787, 17.467, 7.007, 3.958, 10.621, 6.342, 4.313, 6.07, 4.54, 3.615, 3.568, 13.099, 4.892, 5.256, 3.126, 9.341, 5.804, 3.13, 12.383, 15.229, 4.271, 14.316, 8.042, 15.117, 3.939, 17.887, 8.262, 8.689, 3.631, 2.965, 11.007, 8.951, 7.097, 4.78, 10.178, 5.329, 3.876, 5.815, 10.361, 6.928, 19.267, 11.79, 12.24, 9.052, 4.779, 11.346, 2.977, 31.513, 4.026, 6.395, 2.94, 5.351, 4.002, 12.906, 7.785, 9.373, 4.754, 3.499, 15.484, 3.146, 9.687, 14.349, 8.096, 2.848, 25.835, 9.662, 4.512, 3.061, 7.283, 7.679], "train_rmse": [39.035, 48.26, 18.617, 22.123, 17.297, 12.571, 27.358, 20.658, 35.083, 11.535, 36.808, 7.536, 10.598, 11.071, 20.935, 22.401, 27.16, 25.299, 13.367, 10.729, 8.967, 20.773, 5.985, 15.075, 4.631, 20.657, 14.868, 23.894, 13.121, 27.201, 4.977, 20.203, 8.047, 5.21, 12.127, 8.83, 5.546, 8.282, 5.775, 4.441, 4.672, 14.797, 5.682, 6.445, 4.056, 10.92, 7.721, 3.753, 13.825, 16.468, 5.493, 15.797, 9.669, 16.309, 5.599, 18.747, 10.336, 10.551, 4.217, 3.628, 12.438, 10.37, 8.578, 5.894, 11.117, 6.33, 5.004, 6.804, 11.525, 8.438, 20.551, 13.239, 13.634, 11.047, 5.915, 12.137, 3.977, 32.808, 5.1, 7.591, 3.83, 6.426, 4.663, 14.382, 8.972, 11.067, 5.713, 4.573, 16.567, 4.048, 10.568, 15.097, 9.114, 3.645, 27.747, 12.154, 5.802, 4.022, 8.519, 8.884], "train_underestimate": [17.241, 25.253, 9.76, 12.157, 0.009, 6.377, 15.171, 11.477, 19.035, 0.199, 20.551, 3.174, 3.256, 0.051, 11.137, 11.806, 14.773, 13.539, 6.807, 5.43, 3.924, 11.322, 2.44, 8.118, 0.73, 11.146, 7.296, 12.803, 6.53, 14.758, 1.495, 10.126, 0.118, 1.922, 6.156, 0.284, 2.247, 0.263, 2.411, 0.538, 1.528, 7.594, 0.191, 2.935, 1.112, 5.399, 2.773, 0.609, 7.178, 8.829, 2.27, 8.299, 4.614, 8.763, 0.481, 10.369, 4.473, 4.924, 0.594, 0.92, 6.381, 5.174, 4.061, 2.699, 5.9, 2.938, 2.025, 3.184, 6.006, 0.041, 11.169, 6.835, 7.096, 5.221, 0.098, 6.552, 0.845, 18.269, 2.173, 3.666, 1.332, 3.07, 0.475, 7.482, 4.513, 5.421, 0.955, 1.844, 8.977, 1.556, 5.616, 8.318, 4.693, 1.336, 14.977, 5.432, 2.402, 1.548, 4.21, 4.447], "train_overestimate": [0.46, 0.0, 0.0, 0.0, 8.766, 0.031, 0.0, 0.0, 0.0, 5.054, 0.0, 0.199, 1.813, 5.72, 0.0, 0.0, 0.0, 0.0, 0.001, 0.013, 0.272, 0.0, 0.282, 0.0, 1.409, 0.0, 0.017, 0.0, 0.019, 0.0, 0.701, 0.0, 3.944, 0.372, 0.001, 3.393, 0.253, 3.256, 0.221, 1.558, 0.54, 0.0, 2.646, 0.112, 0.7, 0.016, 0.592, 1.205, 0.0, 0.0, 0.205, 0.0, 0.048, 0.0, 1.803, 0.0, 0.317, 0.113, 1.51, 0.798, 0.0, 0.015, 0.054, 0.073, 0.0, 0.151, 0.222, 0.188, 0.0, 3.976, 0.0, 0.0, 0.0, 0.026, 2.672, 0.025, 0.881, 0.0, 0.161, 0.042, 0.372, 0.032, 1.845, 0.0, 0.0, 0.012, 1.801, 0.184, 0.0, 0.268, 0.0, 0.0, 0.0, 0.315, 0.0, 0.17, 0.213, 0.226, 0.012, 0.004], "train_difference": [17.702, 25.253, 9.76, 12.157, 8.775, 6.408, 15.171, 11.477, 19.035, 5.252, 20.551, 3.374, 5.07, 5.771, 11.137, 11.806, 14.773, 13.539, 6.808, 5.443, 4.196, 11.322, 2.722, 8.118, 2.139, 11.146, 7.313, 12.803, 6.55, 14.758, 2.196, 10.126, 4.062, 2.294, 6.157, 3.676, 2.5, 3.519, 2.632, 2.096, 2.068, 7.594, 2.836, 3.047, 1.812, 5.415, 3.365, 1.814, 7.178, 8.829, 2.476, 8.299, 4.662, 8.763, 2.283, 10.369, 4.79, 5.037, 2.105, 1.719, 6.381, 5.189, 4.114, 2.771, 5.9, 3.089, 2.247, 3.371, 6.006, 4.016, 11.169, 6.835, 7.096, 5.248, 2.77, 6.578, 1.726, 18.269, 2.334, 3.707, 1.704, 3.102, 2.32, 7.482, 4.513, 5.433, 2.756, 2.028, 8.977, 1.824, 5.616, 8.318, 4.693, 1.651, 14.977, 5.601, 2.616, 1.775, 4.222, 4.451], "val_mae": [39.887, 51.52, 18.475, 21.937, 17.372, 11.279, 28.041, 19.995, 36.822, 10.734, 38.75, 6.053, 8.93, 10.258, 21.874, 23.451, 28.678, 26.75, 13.542, 10.378, 8.236, 21.586, 4.786, 15.098, 2.887, 21.552, 14.835, 25.059, 13.186, 28.718, 2.629, 21.143, 7.147, 3.69, 12.245, 7.821, 4.175, 6.605, 4.485, 3.069, 3.196, 15.271, 4.465, 5.674, 2.255, 11.106, 6.803, 2.74, 14.57, 17.527, 4.8, 16.881, 9.74, 17.399, 3.624, 20.163, 10.058, 10.8, 2.955, 2.401, 13.438, 11.111, 9.015, 5.448, 11.921, 5.365, 4.576, 5.193, 12.012, 7.132, 22.259, 14.218, 14.546, 11.591, 4.286, 11.747, 2.407, 35.362, 4.83, 8.205, 3.344, 6.894, 3.766, 15.71, 10.175, 12.227, 4.592, 4.594, 18.508, 3.543, 11.393, 16.056, 9.627, 3.336, 30.546, 12.737, 6.328, 4.078, 9.802, 10.09], "val_rmse": [48.431, 56.301, 20.476, 23.071, 18.632, 12.681, 29.0, 20.445, 38.777, 12.589, 39.978, 7.612, 11.572, 11.136, 23.306, 25.167, 30.328, 28.46, 14.836, 11.494, 10.105, 22.538, 5.859, 15.867, 3.754, 22.843, 16.867, 26.727, 14.674, 30.209, 3.302, 23.572, 7.855, 5.041, 13.298, 9.498, 5.02, 8.034, 5.212, 3.782, 4.567, 16.599, 5.222, 6.373, 2.982, 12.338, 9.736, 3.713, 15.776, 18.652, 5.96, 18.195, 11.228, 18.431, 4.641, 20.977, 12.434, 12.714, 3.748, 3.149, 14.738, 12.392, 10.491, 6.327, 12.558, 5.981, 5.726, 5.859, 12.787, 8.158, 23.491, 15.526, 15.794, 13.611, 5.252, 12.04, 3.229, 36.618, 5.659, 9.447, 4.345, 7.849, 4.905, 16.918, 11.319, 13.691, 6.095, 5.88, 19.601, 4.338, 12.006, 16.581, 10.379, 4.235, 32.434, 15.345, 8.169, 5.109, 11.193, 11.22], "val_underestimate": [20.285, 26.477, 9.494, 11.274, 0.0, 5.797, 14.411, 10.276, 18.923, 0.028, 19.915, 2.972, 3.7, 0.0, 11.242, 12.052, 14.738, 13.747, 6.96, 5.334, 4.164, 11.094, 2.263, 7.759, 0.432, 11.076, 7.624, 12.878, 6.776, 14.759, 0.969, 10.866, 0.0, 1.79, 6.293, 0.11, 2.083, 0.028, 2.266, 0.335, 1.442, 7.848, 0.115, 2.901, 0.822, 5.708, 3.311, 0.64, 7.488, 9.008, 2.426, 8.676, 5.006, 8.942, 0.165, 10.362, 5.098, 5.54, 0.584, 0.813, 6.906, 5.71, 4.633, 2.784, 6.126, 2.727, 2.288, 2.627, 6.173, 0.0, 11.439, 7.307, 7.475, 5.957, 0.031, 6.037, 0.893, 18.173, 2.442, 4.217, 1.562, 3.543, 0.805, 8.074, 5.229, 6.283, 1.381, 2.297, 9.511, 1.723, 5.855, 8.251, 4.948, 1.617, 15.698, 6.512, 3.202, 2.024, 5.037, 5.185],