{"val_loss": [0.015965892288744832, 0.010044733499585966, 0.007767791873822503, 0.005825853999661323, 0.0061696991017336535, 0.0049210917170378655, 0.005350393414440024, 0.0043224670827625876, 0.004240082080821808, 0.0048428007805127625, 0.004054075775992019, 0.0040219343555316514, 0.003959957396920586, 0.003929094543951471, 0.00400135087003197, 0.0037551745929650837, 0.0036538533347137514, 0.003839020298983087, 0.00369095619814342, 0.003654799842746904, 0.003854711486329667, 0.003865406255767191, 0.0035977844359770055, 0.0037480849422910764, 0.0036313952766303214, 0.0035563090440358363, 0.0036618501146543116, 0.0036808258641672985, 0.004527578099869596, 0.004084306713326334, 0.0038454385972085327, 0.0037031178408677293, 0.003596584175284079, 0.003739713538593873, 0.0035952423030561047, 0.004408413162309444, 0.0037685787409667253, 0.0037988050690353917, 0.0037346034838158042, 0.003979855405358488, 0.003668602344559451, 0.004024568925107066, 0.0038709855023840002, 0.003673312365235153, 0.0037346996102368235, 0.0037688699310499084, 0.0037884603544251364, 0.003928973837312643, 0.00372262329189171, 0.0037870572808006886], "train_loss": [0.10809195734327659, 0.01380793732823804, 0.009231673335307278, 0.006910145515576005, 0.005853660331922583, 0.005764668851043098, 0.00532589181966614, 0.004684543724579271, 0.004442135177669115, 0.004669013847887982, 0.004312027791456785, 0.004400352714583278, 0.003778831451199949, 0.003975959712988697, 0.003630028157203924, 0.0035284568075439893, 0.003444127374677919, 0.003924861244740896, 0.003482982014247682, 0.0031803635283722542, 0.0031483845159527846, 0.003141794884868432, 0.0033627765369601548, 0.003151654345856514, 0.0029411390351015143, 0.002774910804873798, 0.0026974385618814267, 0.0028255233555682935, 0.002553064827225171, 0.0034146140606026165, 0.002834225379046984, 0.0026498523002373986, 0.002402809805062134, 0.002370398051425582, 0.002291709944984177, 0.0024896978939068504, 0.0023503698357671965, 0.0021313117067620624, 0.002051415453024674, 0.002080427686451003, 0.0018536779243731871, 0.001848021762270946, 0.0022969865567574743, 0.0016948429729382042, 0.0016369785880669951, 0.0016090347126009874, 0.0015398083487525582, 0.0020465432389755733, 0.0016772140807006508, 0.0015234747115755454], "train_size": 512, "val_size": 1088, "rand_seed": 325, "shuffle": true, "loss_name": "logcosh", "img_dim": [256, 256, 3], "patch_dim": [256, 256, 3], "patches_per_image": 1, "density_map_sigma": 5, "density_map_multiplication_factor": 100.0, "sub_experiment_name": "vgg_cells/n_32_sigma_5_randseed_325_loss_logcosh_full_img", "architecture": "FCRN_A"}