{"val_loss": [0.034283909078143285, 0.025086862254845962, 0.024027724917768764, 0.017681541842188727], "train_mae": [14.255, 9.041, 11.972, 6.378], "train_rmse": [17.711, 11.281, 14.239, 7.551], "train_underestimate": [32.491, 18.779, 27.94, 2.871], "train_overestimate": [1.022, 2.477, 0.206, 12.123], "train_difference": [33.514, 21.255, 28.146, 14.994], "val_mae": [14.482, 10.248, 13.415, 6.443], "val_rmse": [17.855, 12.952, 15.506, 7.923], "val_underestimate": [31.765, 21.584, 29.898, 4.584], "val_overestimate": [0.53, 1.271, 0.017, 9.784], "val_difference": [32.296, 22.854, 29.915, 14.369], "train_loss": [0.05125830097143383, 0.030304511840351753, 0.023089290021453053, 0.018645640989739656], "train_size": 900, "val_size": 89, "rand_seed": 9001, "shuffle": true, "loss_name": "logcosh", "img_dim": [720, 1280, 3], "patch_dim": [128, 128, 3], "patches_per_image": 32, "density_map_sigma": 10, "density_map_multiplication_factor": 2000.0, "sub_experiment_name": "carpk/sigma_10_loss_logcosh_patch_32_128x128_4_epochs"}