{"val_loss": [0.02668859226105269, 0.016364683372861084, 0.011084844829989985, 0.011047673631562956, 0.008979513271090886, 0.008754993650654797, 0.009667090747421348, 0.009092682280121759, 0.009442178253569486, 0.008793991790500715, 0.00859606465564866, 0.00878937076090046, 0.009169102767676426, 0.008531213193742183, 0.008248268434827979, 0.008679277541685022, 0.00788168275438592, 0.009131188756024736, 0.008417452083045241, 0.009043722748780661, 0.008393885583750994, 0.009178588561957845, 0.009227866165221914, 0.008391166609726497, 0.009049137723397709, 0.008625507367267145, 0.008464863986672653, 0.008987075723982545, 0.00882669309996547, 0.008116416070050845, 0.008405401759066282, 0.008658567454808185, 0.008337961725475098, 0.008261365283437449, 0.008678743006789268, 0.00863196954257243, 0.008392263518342387, 0.008127490212549068, 0.008292856650061568, 0.008937934947526729, 0.009079906017278618, 0.008768066314385377, 0.00873399719805295, 0.00810128751456634, 0.007781420775346406, 0.008374062490070678, 0.008518467719517907, 0.008822929458498644, 0.00784498733042306, 0.007875662214751679, 0.007809603854386498, 0.00807901484505338, 0.008042172527994908, 0.007751869377898402, 0.008161228287159853, 0.008358157088878215, 0.008420330073931837, 0.007951679150008002, 0.008199302741559222, 0.007834541263946448, 0.00842101446970547, 0.008278954243198515, 0.008284110733560132, 0.008273844740162732, 0.008360951439600386, 0.008155240674063357, 0.008806450809869502, 0.008132178052619565, 0.008584865644984853, 0.007718892989537885, 0.008136063392359776, 0.008102808342704925, 0.007957833154755968, 0.008204948009127596, 0.008039132902114134, 0.008035172149902792, 0.008123240606235212, 0.007925447910262543, 0.00789202501133938, 0.008259226620591816, 0.007798133414326003, 0.008106503837552737, 0.008084165666231356, 0.007999283936442225, 0.007806353057175228, 0.007779916226354544, 0.00775990913987496, 0.0075768174380452065, 0.007776618509726379, 0.00782998895030889, 0.00784586066523237, 0.007835190377388952, 0.0077460790002482505, 0.007890043770102138, 0.008061450820605387, 0.008412754582928351, 0.008180724603638131, 0.007652912077497199, 0.007857707640545818, 0.007853851462237394], "train_loss": [0.1944240034208633, 0.021779212111141533, 0.013361214310862124, 0.012468694199924357, 0.01011502986511914, 0.00930652078386629, 0.009218785162374843, 0.008762659257627092, 0.007985121555975638, 0.007843165469239466, 0.00772806928580394, 0.007341096657910384, 0.007340388634474948, 0.007078799433656968, 0.007145320130803157, 0.006692791175737511, 0.006574363505933434, 0.006778906092222314, 0.006251790051464923, 0.006317046434560325, 0.0060036057911929674, 0.0061809094695490785, 0.006411668138753157, 0.005909583131142426, 0.005554547897190787, 0.005590996599494247, 0.005523616182472324, 0.005416265586973168, 0.005703924085537437, 0.005552657043153886, 0.004904448847810272, 0.005322323253494687, 0.004844496103032725, 0.00456039753407822, 0.005391498034441611, 0.004748892326460918, 0.004449478550668573, 0.00430298104765825, 0.004135823517572135, 0.004300256197893759, 0.004009828167909291, 0.004130813558731461, 0.004110494530323194, 0.00404897177577368, 0.0038280492481135298, 0.0035842788056470454, 0.0036442905438889284, 0.003289924508862896, 0.0036000436957692727, 0.003057950580114266, 0.004836325824726373, 0.003303472800325835, 0.004273987378837774, 0.003483219159534201, 0.002988879514305154, 0.0027241968891758006, 0.0028425254095054697, 0.002571628359874012, 0.0024571480753365904, 0.0026810582749021705, 0.0026905669437837787, 0.0025597890999051742, 0.0026625170503393747, 0.0024204456258303253, 0.002285863611177774, 0.0022365302102116402, 0.002088574341541971, 0.0026059389347210526, 0.0022291006534942426, 0.002848406078555854, 0.0022837211090518394, 0.0022650791088381084, 0.002012509174164734, 0.001883800088762655, 0.0017582908203621628, 0.002445765590891824, 0.0020492669882514747, 0.0017854776342574041, 0.0016988573552225716, 0.0016989249252219452, 0.0019351149785507005, 0.0018471857783879386, 0.001912945079311612, 0.0023096211734809913, 0.0018673220838536508, 0.0016087473995867185, 0.0014721651805302827, 0.0014245051588659408, 0.0016536240273126168, 0.0027410881193645764, 0.0017175250559375854, 0.0014828818184469128, 0.0015878428566793445, 0.0015593347307003569, 0.0014215771388990106, 0.0016345212352462113, 0.0019410906552366214, 0.0015439747949130833, 0.001289847703446867, 0.0012261592037248192], "train_size": 1024, "val_size": 576, "rand_seed": 643, "shuffle": true, "loss_name": "mean_squared_error", "img_dim": [256, 256, 3], "patch_dim": [256, 256, 3], "patches_per_image": 1, "density_map_sigma": 5, "density_map_multiplication_factor": 100.0, "sub_experiment_name": "vgg_cells/n_64_sigma_5_randseed_643_loss_mse_full_img", "architecture": "FCRN_A"}