{"val_loss": [0.11201403936480775, 0.07476490147083122, 0.036403060726383156, 0.028278962613138205, 0.02975055153536446, 0.023489018532392734, 0.023345258018440184, 0.02103715087287128, 0.019086816656293675, 0.018156713614349857, 0.016528786276467144, 0.015079440364121077, 0.01412187484503888, 0.01358992701588089, 0.014511881238671349, 0.013382046757375492, 0.012887837200918618, 0.0131883920814075, 0.012729148421546115, 0.012137578831136446, 0.01161479254198425, 0.011115673795917673, 0.010716130330419057, 0.010526648678077274, 0.010212311908082269, 0.010581124101436752, 0.010273040207239854, 0.010113625752958743, 0.009506088065202622, 0.009412750108715366, 0.009462312168633455, 0.009028548789073658, 0.008886229517349206, 0.008550505609224168, 0.009211750728461672, 0.008313251957160366, 0.010530348363852896, 0.00883465735858087, 0.00811929359470549, 0.0077406895066173195, 0.00753037038820741, 0.007892206622808077, 0.007505120163413641, 0.00708482920890674, 0.007077495195998755, 0.006941176531493992, 0.0067055000724983126, 0.006736893616000409, 0.006867010317578474, 0.006071079661042485, 0.008769887256408659, 0.00661080188515103, 0.007343744223951088, 0.006387451988891424, 0.006608111109338044, 0.006072868360206485, 0.006217561128056224, 0.00570351629079703, 0.005636366186937427, 0.005442575500209761, 0.005409730945864473, 0.005317290558356463, 0.005497509384226492, 0.0059856058659908526, 0.0050958103178452485, 0.006003845358089379, 0.006822094064452411, 0.005323112040059641, 0.00507221305366222, 0.00510389609467786, 0.004997949185267584, 0.005401543639463317, 0.00498369820193415, 0.005141557319267818, 0.004816539479446981, 0.006247445239055464, 0.008601171231609495, 0.0065792944669203065, 0.00743917073636754, 0.00613801709122901, 0.006220239782979821, 0.005018800647710176, 0.00483922497369349, 0.004761102523736875, 0.0047035181915442295, 0.004860183278865674, 0.00461128493770957, 0.004660554096677943, 0.004597763607093571, 0.0045684920538299, 0.004545804698650232, 0.004475280146032353, 0.0044971500841818534, 0.004474363815354402, 0.0044262986150844135, 0.004717021901502877, 0.004381530237664907, 0.004373661028426688, 0.004879677847972797, 0.004374344346990042], "train_mae": [276.85, 160.512, 87.115, 51.727, 36.289, 21.236, 58.555, 17.706, 17.227, 39.75, 15.392, 19.518, 13.551, 12.45, 37.35, 15.473, 25.318, 19.668, 31.712, 14.784, 21.195, 13.202, 7.593, 11.741, 7.206, 18.705, 18.277, 15.88, 10.36, 11.517, 13.043, 8.364, 7.83, 4.409, 25.385, 11.131, 34.885, 23.976, 10.01, 3.755, 3.729, 15.813, 18.307, 6.549, 10.585, 17.412, 15.249, 13.289, 17.254, 7.603, 42.677, 19.566, 22.681, 14.799, 14.652, 12.292, 15.435, 9.934, 5.494, 4.694, 7.937, 4.676, 10.498, 17.41, 4.181, 23.954, 29.225, 15.663, 5.289, 4.16, 4.088, 12.481, 12.374, 9.682, 4.369, 29.973, 46.192, 32.518, 32.377, 26.474, 22.1, 9.91, 2.996, 3.093, 7.903, 8.091, 5.801, 3.854, 4.271, 4.079, 2.92, 4.967, 2.9, 2.913, 5.45, 8.688, 4.725, 6.762, 13.398, 2.7], "train_rmse": [277.928, 168.513, 87.932, 54.016, 45.764, 25.402, 60.054, 22.01, 21.412, 41.801, 19.341, 22.155, 16.928, 15.591, 38.3, 20.88, 26.552, 25.719, 32.616, 20.011, 22.104, 16.835, 8.601, 14.293, 9.987, 19.562, 20.323, 16.978, 12.112, 13.325, 14.253, 10.234, 9.062, 5.922, 26.448, 12.302, 36.813, 24.899, 11.456, 5.135, 5.096, 17.181, 19.292, 8.094, 12.12, 18.343, 16.303, 14.698, 18.836, 8.477, 43.876, 20.266, 24.958, 15.474, 16.157, 13.536, 16.369, 11.284, 7.171, 5.732, 8.866, 6.412, 12.001, 18.898, 5.161, 24.938, 30.593, 16.352, 6.236, 5.641, 5.046, 13.728, 13.298, 11.182, 5.31, 31.247, 47.265, 33.384, 34.605, 27.207, 23.087, 10.85, 4.327, 4.462, 9.009, 9.085, 6.806, 5.361, 5.157, 4.938, 4.163, 5.75, 4.114, 4.136, 6.26, 9.568, 5.397, 7.569, 14.171, 3.712], "train_underestimate": [0.0, 92.199, 0.0, 0.043, 20.608, 2.04, 0.0, 5.057, 2.537, 0.098, 3.078, 1.168, 2.412, 2.23, 0.0, 8.22, 0.115, 11.128, 0.0, 8.173, 0.057, 7.56, 0.486, 6.725, 3.963, 0.0, 10.498, 0.0, 5.922, 6.596, 0.004, 4.73, 0.183, 2.026, 14.581, 6.391, 0.0, 13.772, 0.097, 1.478, 1.344, 0.0, 10.516, 0.236, 0.069, 10.001, 8.759, 0.007, 0.0, 4.142, 24.514, 11.239, 0.0, 8.5, 0.016, 7.005, 0.0, 5.618, 0.22, 2.142, 4.387, 0.24, 0.0, 0.0, 1.694, 13.759, 0.0, 8.997, 2.708, 0.316, 1.844, 0.0, 7.108, 0.006, 2.008, 17.217, 0.0, 18.679, 0.0, 15.207, 0.0, 5.653, 0.614, 0.539, 4.443, 0.021, 3.108, 0.217, 2.066, 1.945, 0.804, 2.568, 0.8, 0.444, 2.941, 0.0, 2.494, 3.788, 0.0, 0.588], "train_overestimate": [159.023, 0.0, 50.039, 29.67, 0.237, 10.158, 33.634, 5.113, 7.358, 22.734, 5.763, 10.044, 5.371, 4.922, 21.454, 0.668, 14.428, 0.169, 18.216, 0.319, 12.118, 0.023, 3.875, 0.019, 0.177, 10.744, 0.0, 9.121, 0.029, 0.02, 7.488, 0.075, 4.314, 0.507, 0.0, 0.003, 20.038, 0.0, 5.653, 0.679, 0.798, 9.083, 0.0, 3.525, 6.012, 0.0, 0.0, 7.626, 9.91, 0.225, 0.0, 0.0, 13.028, 0.0, 8.4, 0.056, 8.866, 0.088, 2.936, 0.554, 0.172, 2.446, 6.03, 10.0, 0.707, 0.0, 16.787, 0.0, 0.33, 2.074, 0.504, 7.169, 0.0, 5.555, 0.501, 0.0, 26.533, 0.0, 18.597, 0.0, 12.694, 0.039, 1.107, 1.237, 0.097, 4.626, 0.224, 1.997, 0.388, 0.398, 0.873, 0.285, 0.866, 1.229, 0.19, 4.99, 0.22, 0.097, 7.696, 0.963], "train_difference": [159.023, 92.199, 50.039, 29.712, 20.845, 12.198, 33.634, 10.17, 9.895, 22.832, 8.841, 11.211, 7.784, 7.151, 21.454, 8.888, 14.542, 11.297, 18.216, 8.492, 12.174, 7.583, 4.361, 6.744, 4.139, 10.744, 10.498, 9.121, 5.951, 6.616, 7.492, 4.805, 4.497, 2.533, 14.581, 6.394, 20.038, 13.772, 5.75, 2.157, 2.142, 9.083, 10.516, 3.762, 6.08, 10.001, 8.759, 7.633, 9.91, 4.367, 24.514, 11.239, 13.028, 8.5, 8.416, 7.061, 8.866, 5.706, 3.156, 2.696, 4.559, 2.686, 6.03, 10.0, 2.401, 13.759, 16.787, 8.997, 3.038, 2.389, 2.348, 7.169, 7.108, 5.561, 2.51, 17.217, 26.533, 18.679, 18.597, 15.207, 12.694, 5.692, 1.721, 1.777, 4.54, 4.647, 3.332, 2.214, 2.454, 2.343, 1.677, 2.853, 1.666, 1.673, 3.13, 4.99, 2.714, 3.884, 7.696, 1.551], "val_mae": [281.058, 169.389, 85.927, 49.488, 41.996, 22.617, 56.716, 20.723, 19.562, 37.574, 18.01, 19.603, 15.812, 14.633, 36.469, 18.796, 24.449, 22.738, 31.391, 17.294, 21.261, 14.037, 9.169, 11.903, 7.696, 20.162, 18.301, 17.744, 9.919, 11.1, 14.941, 7.919, 9.682, 5.126, 24.713, 10.086, 38.718, 23.247, 12.204, 4.636, 4.641, 18.585, 17.045, 8.773, 13.308, 15.808, 13.535, 16.34, 20.718, 5.58, 42.301, 17.914, 26.66, 12.882, 17.939, 10.546, 18.068, 8.269, 8.115, 4.156, 5.854, 7.386, 13.623, 20.928, 4.047, 22.822, 33.161, 13.711, 4.398, 6.619, 3.937, 15.618, 10.5, 12.743, 4.044, 29.381, 50.458, 31.673, 36.978, 25.28, 25.629, 8.091, 4.667, 4.882, 6.417, 10.437, 4.82, 6.198, 4.001, 3.817, 4.333, 4.015, 4.279, 4.887, 4.45, 11.25, 4.02, 5.43, 15.945, 4.259], "val_rmse": [282.316, 178.829, 87.111, 52.717, 52.002, 26.558, 58.896, 25.523, 23.342, 40.759, 21.774, 22.57, 18.951, 17.508, 37.938, 24.383, 26.502, 29.301, 32.805, 22.984, 22.788, 18.756, 10.267, 15.515, 11.373, 21.499, 21.269, 19.304, 12.583, 13.807, 16.628, 10.742, 11.453, 6.82, 26.295, 11.659, 40.885, 24.642, 14.092, 6.087, 6.102, 20.072, 18.463, 10.449, 14.914, 17.112, 14.985, 17.722, 22.306, 7.105, 43.806, 18.913, 29.123, 13.962, 19.611, 12.407, 18.997, 10.255, 9.48, 5.482, 7.44, 8.6, 14.923, 22.445, 5.397, 24.071, 34.747, 14.732, 5.741, 8.039, 5.227, 17.015, 11.847, 14.216, 5.342, 30.965, 51.782, 32.788, 39.664, 26.241, 26.976, 9.66, 6.066, 6.237, 8.15, 11.441, 6.327, 7.528, 5.226, 5.106, 5.73, 5.336, 5.674, 6.124, 5.813, 12.41, 5.231, 6.912, 17.051, 5.516],