{"val_loss": [0.3015526533126831, 0.18414921789533562, 0.14026161842048168, 0.10288265368176831, 0.09250237668553989, 0.08168652353601323, 0.07559588603261444, 0.07077479124483135, 0.0659323432482779, 0.06686137885683113, 0.06435564253479242, 0.06509528257366684, 0.05618947382188506, 0.060397441033273935, 0.050518518365505666, 0.05013447135893835, 0.05387723751159178, 0.051513276166386075, 0.05260621595920788, 0.0469649126753211, 0.046776249487366944, 0.04652834554306335, 0.06787945723368062, 0.0533867578746544, 0.046124589888172016, 0.050125679570353694, 0.04872533042604724, 0.04405054967436525, 0.04338681992764274, 0.04860680907343825, 0.04542195093300608, 0.043930537739975586, 0.042444081149167485, 0.041714089974347085, 0.04208851026164161, 0.043072250257763595, 0.041173342511885695, 0.0429050932224426, 0.04179919630082117, 0.04141936911683944, 0.041525138593796224, 0.0412565546317233, 0.04186294341666831, 0.04084688725156917, 0.04177684554209312, 0.040190647459692426, 0.04046362581559353, 0.039115038545181356, 0.03954932285058829, 0.03917694935161206, 0.04161352141656809, 0.040337359325753316, 0.038846106785866946, 0.04586554168620043, 0.050089216170211635, 0.0394617212522361, 0.04020338645204902, 0.03902456355798575, 0.03941517856179012, 0.0387751637544069, 0.039190959081881575, 0.04100235732686189, 0.039477629457703896, 0.040000315522775054, 0.03817329664404193, 0.04235021030116412, 0.040452813936604395, 0.048424457820753254, 0.04931114934798744, 0.03890293686547213, 0.03855570297067364, 0.03852155783938037, 0.038260548220326505, 0.03789243816087643, 0.037277018961807094, 0.03752312511723074, 0.04057909517238537, 0.03811288415454328, 0.03925976286538773, 0.03833046296818389, 0.0381371409425305, 0.03771085659455922, 0.038681019744318396, 0.03957912108550469, 0.043247808081408344, 0.0383797120820317, 0.038429676115305886, 0.037398510767767824, 0.037971832401429616, 0.03752592599226369, 0.0371097794526981, 0.04365761164161894, 0.03686148668121961, 0.037308973984585866, 0.03726344684966736, 0.04360923186565439, 0.03834552255769571, 0.03922817845725351, 0.03703859269929429, 0.03788050564212932], "train_mae": [218.183, 74.013, 25.17, 15.367, 49.543, 15.675, 20.223, 9.59, 18.424, 35.689, 35.658, 15.756, 4.642, 35.243, 13.535, 10.35, 28.318, 4.966, 28.353, 10.422, 4.713, 19.458, 31.683, 8.987, 7.589, 27.42, 25.741, 13.157, 4.839, 25.852, 21.308, 3.662, 5.914, 14.821, 3.767, 5.404, 8.984, 3.483, 14.363, 13.714, 11.193, 4.856, 3.493, 13.774, 18.756, 3.739, 3.243, 8.895, 13.618, 11.493, 4.718, 15.83, 7.097, 26.894, 31.67, 9.646, 10.959, 6.447, 7.265, 12.193, 3.09, 4.496, 16.431, 17.883, 7.715, 21.878, 18.603, 29.802, 31.284, 10.115, 5.021, 3.416, 6.193, 4.426, 10.188, 11.221, 4.216, 2.87, 2.931, 5.251, 13.296, 10.316, 15.426, 3.763, 10.252, 3.037, 14.828, 5.864, 14.062, 3.024, 5.212, 23.597, 7.37, 10.353, 5.156, 10.904, 7.013, 18.199, 8.698, 8.15], "train_rmse": [226.416, 83.207, 31.781, 17.915, 55.04, 19.68, 22.313, 10.983, 19.702, 37.439, 37.322, 16.955, 5.986, 37.387, 14.661, 12.477, 29.751, 6.191, 30.077, 12.221, 5.955, 21.615, 32.582, 10.308, 9.117, 29.173, 27.518, 14.827, 6.054, 27.071, 23.438, 4.548, 7.292, 16.364, 4.878, 6.589, 10.669, 4.27, 16.531, 15.335, 12.479, 6.143, 4.561, 15.853, 20.471, 4.866, 4.076, 10.443, 14.938, 13.306, 5.481, 17.285, 8.529, 28.511, 33.63, 10.717, 12.574, 7.762, 8.725, 13.637, 4.005, 5.225, 18.226, 19.67, 9.08, 23.122, 20.821, 31.77, 32.942, 11.608, 6.179, 4.413, 7.507, 5.477, 11.443, 12.628, 4.852, 3.784, 3.868, 6.454, 14.677, 11.382, 17.084, 4.44, 10.817, 3.881, 16.037, 7.031, 15.416, 3.889, 6.317, 24.586, 8.683, 11.467, 6.265, 11.43, 8.313, 20.01, 9.898, 9.279], "train_underestimate": [116.258, 39.437, 11.146, 1.554, 26.399, 8.256, 10.776, 5.001, 9.817, 19.017, 19.0, 0.0, 1.99, 18.779, 7.212, 5.137, 15.089, 0.752, 15.108, 5.54, 2.239, 10.368, 0.0, 0.161, 3.638, 14.611, 13.716, 7.011, 2.081, 13.775, 11.354, 0.957, 2.882, 7.897, 1.588, 2.091, 4.716, 0.565, 7.652, 7.308, 5.964, 2.28, 1.485, 7.33, 9.994, 1.463, 0.882, 4.702, 7.256, 6.104, 0.204, 8.435, 3.661, 14.33, 16.875, 5.14, 5.829, 3.326, 3.524, 6.497, 1.001, 0.254, 8.755, 9.529, 4.069, 11.658, 9.912, 15.88, 16.67, 5.38, 2.357, 1.485, 3.159, 2.216, 5.424, 5.976, 0.36, 1.073, 1.05, 2.548, 7.085, 5.497, 8.22, 0.379, 0.0, 0.844, 7.901, 2.826, 7.493, 1.254, 2.509, 12.574, 3.873, 5.516, 2.618, 0.0, 3.684, 9.697, 4.621, 4.327], "train_overestimate": [0.0, 0.0, 2.266, 6.634, 0.0, 0.096, 0.0, 0.109, 0.0, 0.0, 0.0, 8.396, 0.484, 0.0, 0.0, 0.378, 0.0, 1.894, 0.0, 0.014, 0.272, 0.0, 16.882, 4.627, 0.406, 0.0, 0.0, 0.0, 0.498, 0.0, 0.0, 0.995, 0.269, 0.0, 0.42, 0.788, 0.071, 1.291, 0.001, 0.0, 0.0, 0.308, 0.376, 0.01, 0.0, 0.529, 0.846, 0.037, 0.0, 0.02, 2.309, 0.0, 0.121, 0.0, 0.0, 0.0, 0.011, 0.109, 0.347, 0.0, 0.646, 2.141, 0.0, 0.0, 0.042, 0.0, 0.0, 0.0, 0.0, 0.01, 0.318, 0.335, 0.141, 0.142, 0.004, 0.003, 1.886, 0.456, 0.511, 0.251, 0.0, 0.0, 0.0, 1.626, 5.463, 0.774, 0.0, 0.298, 0.0, 0.357, 0.269, 0.0, 0.054, 0.0, 0.129, 5.81, 0.053, 0.0, 0.013, 0.016], "train_difference": [116.258, 39.437, 13.412, 8.188, 26.399, 8.352, 10.776, 5.11, 9.817, 19.017, 19.0, 8.396, 2.474, 18.779, 7.212, 5.515, 15.089, 2.646, 15.108, 5.553, 2.511, 10.368, 16.882, 4.789, 4.044, 14.611, 13.716, 7.011, 2.579, 13.775, 11.354, 1.951, 3.151, 7.897, 2.007, 2.879, 4.787, 1.856, 7.653, 7.308, 5.964, 2.587, 1.861, 7.339, 9.994, 1.992, 1.728, 4.74, 7.256, 6.124, 2.514, 8.435, 3.782, 14.33, 16.875, 5.14, 5.84, 3.435, 3.871, 6.497, 1.646, 2.396, 8.755, 9.529, 4.111, 11.658, 9.912, 15.88, 16.67, 5.39, 2.676, 1.82, 3.3, 2.359, 5.429, 5.979, 2.246, 1.529, 1.562, 2.798, 7.085, 5.497, 8.22, 2.005, 5.463, 1.618, 7.901, 3.124, 7.493, 1.611, 2.777, 12.574, 3.927, 5.516, 2.747, 5.81, 3.737, 9.697, 4.635, 4.343], "val_mae": [196.535, 60.367, 21.461, 19.265, 41.467, 12.304, 18.017, 9.811, 17.417, 32.482, 32.744, 13.641, 5.705, 31.623, 13.177, 8.22, 26.108, 6.339, 25.898, 9.68, 4.876, 17.109, 28.543, 10.201, 6.446, 24.879, 23.313, 12.035, 4.34, 24.246, 18.89, 3.82, 5.406, 13.677, 3.731, 5.041, 8.465, 3.538, 12.696, 12.65, 10.878, 4.55, 3.853, 12.33, 17.018, 3.632, 3.053, 8.39, 12.749, 10.409, 4.269, 14.588, 6.692, 24.675, 28.645, 9.719, 10.216, 6.3, 6.122, 11.391, 3.113, 4.44, 14.827, 16.124, 7.455, 20.361, 16.372, 26.83, 28.546, 9.497, 4.647, 3.6, 5.863, 4.94, 9.779, 10.495, 4.493, 3.308, 2.951, 4.849, 12.205, 10.015, 13.861, 3.927, 8.913, 3.071, 14.002, 5.201, 13.092, 3.456, 4.859, 22.284, 7.096, 9.931, 5.373, 9.56, 7.086, 16.234, 8.642, 8.442], "val_rmse": [206.687, 72.429, 29.324, 21.396, 48.601, 17.781, 20.793, 11.891, 19.138, 34.532, 34.643, 15.904, 7.288, 34.268, 14.579, 11.723, 27.864, 7.264, 28.006, 11.784, 6.378, 19.888, 29.701, 11.358, 9.028, 27.058, 25.522, 14.099, 6.154, 25.696, 21.614, 5.016, 7.352, 15.522, 5.32, 6.906, 10.386, 4.452, 15.475, 14.695, 12.399, 6.479, 5.14, 14.845, 19.166, 5.133, 4.239, 10.121, 14.26, 12.628, 5.025, 16.405, 8.447, 26.671, 31.118, 10.757, 12.135, 7.832, 8.545, 13.092, 4.42, 5.237, 17.058, 18.338, 9.039, 21.816, 19.342, 29.359, 30.566, 11.185, 6.364, 4.756, 7.578, 5.918, 11.201, 12.177, 5.341, 4.073, 4.024, 6.673, 13.885, 11.078, 15.965, 4.711, 9.675, 4.148, 15.483, 7.042, 14.809, 4.402, 6.58, 23.502, 8.522, 11.36, 6.737, 10.254, 8.697, 18.615, 9.907, 9.663], "val_underestimate": [117.257, 36.016, 8.474, 1.539, 24.74, 7.208, 10.75, 5.688, 10.391, 19.379, 19.536, 0.009, 2.622, 18.867, 7.862, 4.49, 15.577, 1.1, 15.451, 5.691, 2.646, 10.207, 0.0, 0.357, 3.414, 14.843, 13.909, 7.168, 2.076, 14.466, 11.27, 1.153, 2.937, 8.16, 1.866, 1.985, 4.908, 0.824, 7.547, 7.546, 6.47, 2.413, 1.963, 7.3, 10.154, 1.627, 1.082, 4.91, 7.606, 6.151, 0.314, 8.704, 3.828, 14.721, 17.09, 5.777, 6.053, 3.602, 3.297, 6.776, 1.222, 0.408, 8.846, 9.62, 4.352, 12.148, 9.768, 16.007, 17.031, 5.599, 2.448, 1.811, 3.31, 2.783, 5.797, 6.234, 0.51, 1.609, 1.31, 2.619, 7.276, 5.954, 8.27, 0.547, 0.0, 1.061, 8.354, 2.804, 7.811, 1.731, 2.622, 13.295, 4.1, 5.899, 3.016, 0.0, 4.108, 9.685, 5.093, 4.985],