{"val_loss": [1.18789734672755, 1.3775762476027011, 1.4030123997479678, 1.2690070684067905, 1.4335860426537692, 1.432942376844585, 1.367176262382418, 1.3551528070122003, 1.3252429951913656, 1.3056473396718502, 1.2522828974761069, 1.2917635039426387, 1.2808240469545127, 1.2876298694871366, 1.319772811885923, 1.0948841521516441, 1.0205763336271048, 1.1397681162692606, 1.0678846523165704, 1.1636900229379534, 1.066594034805894, 0.9932822161354125, 0.8488342871889472, 0.8497969087213277, 0.925891688093543, 0.87156370151788, 0.7036445761099458, 0.8826110134832561, 0.9922220207750797, 0.7256723848171532, 0.6843394696712494, 0.6776253444142639, 0.7720183597877621, 0.8335622888058424, 0.8655879188328981, 0.6893879631534219, 0.7206572295166552, 0.655570607446134, 0.6157166311517358, 0.6100955013185739, 1.0709196090698243, 0.5943707601167262, 0.6152453494258225, 0.7061648233793676, 0.6190993740223348, 0.5711754997260868, 0.599299272801727, 0.5467168689705432, 0.6284602117724717, 0.5293109328486025], "train_mae": [57.054, 86.165, 69.289, 61.931, 87.484, 77.251, 75.337, 78.732, 66.656, 63.258, 76.865, 68.87, 65.277, 62.86, 64.878, 56.762, 62.759, 55.938, 52.642, 64.301, 58.311, 65.607, 63.58, 37.973, 45.038, 41.697, 41.156, 55.148, 64.448, 36.795, 41.689, 38.077, 47.895, 78.305, 80.526, 34.754, 66.76, 42.037, 32.577, 37.909, 73.296, 40.5, 29.878, 38.179, 32.443, 29.691, 44.28, 47.01, 34.129, 23.337], "train_rmse": [82.898, 124.959, 96.807, 90.126, 126.925, 114.47, 113.985, 117.508, 104.223, 95.72, 114.131, 106.939, 102.055, 95.23, 91.632, 90.269, 92.929, 89.418, 74.902, 83.646, 91.007, 95.318, 73.145, 58.93, 66.896, 69.083, 49.933, 72.971, 95.81, 59.946, 58.693, 48.64, 72.757, 86.203, 100.193, 48.091, 84.825, 55.446, 47.466, 51.467, 106.13, 49.196, 47.67, 62.049, 53.491, 50.723, 51.428, 52.159, 55.85, 39.91], "train_underestimate": [27.198, 68.85, 35.574, 31.738, 69.74, 56.958, 57.986, 62.07, 49.836, 40.344, 61.075, 52.227, 48.759, 39.459, 31.408, 43.624, 50.167, 39.604, 23.801, 18.953, 45.272, 52.52, 7.429, 16.896, 21.987, 29.375, 7.373, 14.595, 51.602, 27.923, 33.027, 6.063, 37.304, 5.779, 64.796, 5.031, 53.888, 33.337, 23.973, 29.305, 58.904, 6.66, 16.773, 30.084, 20.259, 22.233, 6.275, 1.749, 26.035, 15.775], "train_overestimate": [18.893, 0.759, 20.402, 18.294, 0.935, 5.45, 2.876, 1.534, 4.013, 10.76, 1.021, 3.409, 3.975, 11.322, 21.004, 2.232, 0.533, 5.586, 18.726, 32.993, 1.835, 0.481, 43.934, 13.78, 14.398, 4.31, 25.875, 29.957, 0.462, 1.802, 0.652, 24.698, 1.389, 57.481, 0.258, 23.045, 0.045, 0.622, 2.344, 1.319, 0.309, 26.058, 7.363, 0.76, 5.95, 1.753, 29.496, 36.229, 1.536, 3.078], "train_difference": [46.091, 69.609, 55.976, 50.032, 70.675, 62.408, 60.862, 63.604, 53.848, 51.104, 62.096, 55.637, 52.735, 50.781, 52.412, 45.856, 50.7, 45.19, 42.527, 51.946, 47.107, 53.001, 51.363, 30.676, 36.384, 33.685, 33.249, 44.551, 52.065, 29.725, 33.679, 30.761, 38.692, 63.259, 65.053, 28.076, 53.933, 33.96, 26.317, 30.625, 59.212, 32.718, 24.137, 30.844, 26.209, 23.986, 35.772, 37.977, 27.571, 18.853], "val_mae": [52.321, 80.375, 59.718, 55.96, 80.445, 68.043, 67.152, 71.15, 58.223, 53.87, 70.515, 61.281, 57.496, 54.816, 57.09, 50.226, 58.47, 50.495, 47.012, 63.885, 50.434, 59.68, 63.224, 36.288, 41.634, 37.014, 40.546, 56.628, 59.86, 34.786, 41.613, 40.553, 43.102, 77.538, 78.101, 32.288, 65.615, 41.871, 30.699, 35.649, 68.998, 41.909, 26.566, 34.005, 30.926, 28.256, 41.587, 44.112, 31.133, 20.721], "val_rmse": [72.203, 113.082, 83.061, 78.711, 112.189, 99.636, 98.489, 103.518, 89.532, 80.911, 102.651, 93.679, 87.944, 83.179, 79.341, 79.287, 83.062, 78.285, 64.236, 77.009, 78.235, 85.662, 69.086, 52.163, 59.06, 60.416, 45.77, 68.637, 86.165, 54.812, 54.862, 47.414, 64.362, 83.801, 93.878, 39.206, 80.577, 52.155, 44.016, 47.665, 97.442, 46.731, 41.143, 52.674, 47.317, 45.933, 46.723, 48.64, 49.96, 34.857], "val_underestimate": [23.4, 67.146, 31.099, 27.434, 66.723, 52.806, 53.558, 58.205, 45.202, 34.834, 58.308, 47.87, 45.157, 35.848, 26.531, 40.278, 48.643, 36.459, 20.468, 15.36, 40.975, 49.66, 7.131, 15.725, 20.336, 27.253, 7.266, 13.715, 50.129, 27.962, 34.501, 6.732, 35.184, 4.626, 65.783, 4.532, 55.267, 35.07, 24.768, 29.656, 57.615, 5.913, 15.071, 27.533, 19.18, 21.45, 5.16, 1.053, 25.343, 14.666], "val_overestimate": [20.67, 0.552, 19.201, 19.7, 1.034, 4.506, 3.002, 1.723, 3.838, 10.539, 1.086, 3.746, 3.271, 10.322, 21.555, 2.026, 0.605, 6.072, 19.13, 38.449, 1.505, 0.608, 46.121, 14.84, 14.731, 3.923, 26.885, 33.982, 0.289, 1.338, 0.55, 27.426, 1.12, 60.683, 0.0, 22.664, 0.0, 0.197, 1.089, 0.37, 0.501, 29.386, 7.304, 1.109, 6.868, 2.349, 29.869, 36.101, 0.88, 2.788], "val_difference": [44.069, 67.698, 50.299, 47.134, 67.757, 57.312, 56.561, 59.929, 49.04, 45.373, 59.394, 51.616, 48.428, 46.17, 48.086, 42.304, 49.249, 42.531, 39.598, 53.809, 42.48, 50.268, 53.252, 30.565, 35.068, 31.176, 34.151, 47.697, 50.419, 29.3, 35.05, 34.157, 36.304, 65.309, 65.783, 27.196, 55.267, 35.267, 25.857, 30.027, 58.116, 35.299, 22.376, 28.642, 26.048, 23.799, 35.028, 37.155, 26.223, 17.453], "train_loss": [1.0337017554451118, 0.8862796101170274, 1.145213525940819, 0.9042200714139542, 0.8759582600319834, 1.0437466098772228, 1.1855916823596229, 0.9961238171887762, 1.0447025842100475, 0.8088704241924338, 0.9506905717967913, 1.0119127113967668, 0.8904630712767754, 0.9097325520642499, 0.9271433836485619, 0.8368554609626251, 0.8055429433510408, 0.926039250386546, 0.8127925943781776, 0.8086938818794059, 0.8046322727932078, 0.805636781591887, 0.7363928584819864, 0.7713922112537869, 0.6179587568352028, 0.7684659003090335, 0.6425327173197718, 0.6298311109943636, 0.7863360561056757, 0.6453982229493441, 0.6152554919890663, 0.5110556773934806, 0.8096938055230533, 0.5665348967402987, 0.743035177276893, 0.5541521020607328, 0.5920423811832939, 0.5900865153622664, 0.5197611736559943, 0.5302289296759053, 0.6069435733239105, 0.5363960011765875, 0.49639481227833276, 0.5642258331623384, 0.5954860868253584, 0.4161946003830358, 0.48051606518067536, 0.4828383122048221, 0.5784228428217311, 0.515682983863223], "train_size": 319, "val_size": 80, "rand_seed": 3201, "shuffle": true, "loss_name": "mean_squared_error", "img_dim": [768, 1024, 3], "patch_dim": [128, 128, 3], "patches_per_image": 32, "density_map_sigma": 10, "density_map_multiplication_factor": 2000.0, "sub_experiment_name": "shanghai_tech/part_b/sigma_10_loss_mse_patch_32_128x128_epochs_50", "architecture": "UNet"}