{"val_loss": [0.27034398935296955, 0.1997959134990678, 0.18948524500079014, 0.17868024943506017, 0.13872436620295048, 0.12055607830338619, 0.10527370316798196, 0.10395398971569889, 0.10298365414800013, 0.08768651946721708, 0.09716611508937444, 0.08535259721033714, 0.07941748311414439, 0.07741545020219158, 0.07538435838240035, 0.07369111363282975, 0.07026893371606574, 0.06877371405853945, 0.07396741441505797, 0.06945531598894912, 0.06655860377256484, 0.06372647792758311, 0.06148284944870016, 0.062235726180541164, 0.057824785382870364, 0.0662793336874422, 0.06037912832792191, 0.05690339577439077, 0.058688392451799964, 0.05788173252607093, 0.054392442052416945, 0.056526354486670566, 0.05792239889064256, 0.05463253208162153, 0.05347187041907626, 0.053880461765562784, 0.05320400021532003, 0.05467323041247094, 0.05040220215040095, 0.04979213584652718, 0.05018968608997324, 0.050897119210704285, 0.04977551313555416, 0.04936311273452114, 0.0491029983112479, 0.05039415582466651, 0.050263475352788675, 0.04869720312383245, 0.04900434394093121, 0.04838807957575602, 0.049129319295067995, 0.048711014582830316, 0.057590400717933386, 0.056016585789620876, 0.053230562904740084, 0.051544330521103215, 0.051645145450225645, 0.05456940465442398, 0.05895926811568001, 0.051597807802917325, 0.051514203084961456, 0.047340282622505635, 0.04666244570056305, 0.04626214191974962, 0.04776183658224695, 0.04718775932184037, 0.04861914736273534, 0.04972669920500587, 0.04858276165802689, 0.05009350172408363, 0.044606530764961946, 0.04413982568418279, 0.0454862934865934, 0.04817669066217016, 0.044909918735570764, 0.044855056111426914, 0.04735661361037808, 0.048496126525980586, 0.04695611247135436, 0.043832803829847014, 0.0440275401205701, 0.046824487474034816, 0.051057277795146495, 0.05079116444925175, 0.04635162098223672, 0.04699668345753761, 0.0471520707668627, 0.048883263761287224, 0.044018816285054475, 0.043928294661728776, 0.04282114432905527, 0.04321105531690752, 0.043318148401072794, 0.04245222274981001, 0.044772624065551686, 0.043040006969343216, 0.04366649994078804, 0.04528197920059457, 0.04917632396716405, 0.04839805519098744], "train_mae": [190.649, 112.568, 52.605, 21.14, 17.544, 58.88, 47.143, 14.315, 20.647, 27.836, 56.3, 38.295, 12.071, 10.544, 11.08, 24.353, 19.94, 25.132, 41.009, 8.651, 6.281, 5.09, 11.395, 5.446, 11.925, 37.865, 28.399, 21.082, 5.933, 5.436, 14.277, 25.54, 28.91, 19.228, 9.316, 4.609, 20.052, 27.149, 6.659, 16.203, 5.019, 21.747, 5.558, 18.98, 19.966, 4.573, 5.172, 11.144, 4.669, 5.233, 19.462, 20.061, 35.21, 33.497, 29.868, 26.83, 27.987, 32.469, 37.55, 28.151, 28.12, 17.197, 14.134, 4.702, 4.58, 3.958, 6.406, 5.972, 6.363, 8.692, 5.197, 11.725, 17.979, 25.486, 17.238, 6.679, 5.416, 6.54, 4.788, 10.793, 15.102, 23.077, 30.224, 30.289, 21.884, 23.805, 24.633, 27.604, 17.572, 16.817, 9.975, 4.43, 3.496, 5.707, 21.282, 3.75, 3.188, 22.549, 28.487, 27.428], "train_rmse": [196.735, 119.218, 61.015, 27.121, 22.586, 64.497, 52.525, 16.024, 22.655, 31.43, 59.032, 40.144, 13.855, 12.268, 12.353, 25.509, 21.086, 26.113, 41.958, 11.03, 8.213, 6.406, 12.826, 7.503, 13.238, 39.059, 29.347, 22.087, 7.908, 7.134, 15.369, 26.699, 30.173, 20.874, 10.789, 5.778, 21.807, 28.419, 7.878, 17.441, 5.777, 22.978, 6.737, 20.202, 21.144, 6.209, 7.035, 12.695, 5.394, 6.286, 20.4, 21.175, 36.407, 34.812, 31.003, 27.583, 29.23, 33.936, 38.902, 29.343, 29.759, 18.706, 15.522, 5.648, 5.525, 4.671, 7.77, 7.377, 7.784, 9.902, 6.319, 13.305, 19.046, 26.641, 18.166, 8.144, 6.65, 7.786, 5.978, 11.692, 16.087, 24.6, 31.978, 31.787, 22.753, 24.835, 26.11, 29.219, 18.855, 17.957, 10.93, 5.427, 4.046, 6.875, 22.389, 4.562, 3.744, 23.911, 29.919, 28.822], "train_underestimate": [99.865, 58.965, 27.479, 7.783, 5.924, 30.842, 24.694, 1.606, 0.049, 14.581, 29.491, 20.059, 6.148, 5.262, 5.565, 12.756, 10.445, 13.164, 21.481, 0.573, 0.793, 1.509, 5.875, 0.44, 6.195, 19.834, 14.876, 11.043, 0.255, 0.367, 7.478, 13.378, 15.143, 10.072, 4.803, 0.947, 10.504, 14.221, 3.285, 8.488, 1.907, 11.392, 2.22, 9.942, 10.458, 0.319, 0.196, 5.82, 1.869, 2.431, 10.194, 10.508, 18.443, 17.546, 15.645, 14.054, 14.66, 17.008, 19.669, 14.746, 14.73, 9.008, 7.404, 1.867, 0.688, 0.815, 0.051, 0.07, 0.015, 0.0, 2.404, 6.135, 9.418, 13.35, 9.029, 3.369, 0.137, 0.0, 0.112, 5.653, 7.911, 12.088, 15.832, 15.866, 11.463, 12.47, 12.903, 14.46, 9.204, 8.809, 5.225, 2.087, 1.072, 2.889, 11.148, 1.52, 0.756, 11.811, 14.922, 14.367], "train_overestimate": [0.0, 0.0, 0.076, 3.291, 3.266, 0.0, 0.0, 5.892, 10.766, 0.0, 0.0, 0.0, 0.175, 0.26, 0.239, 0.0, 0.0, 0.0, 0.0, 3.958, 2.497, 1.158, 0.094, 2.413, 0.052, 0.0, 0.0, 0.0, 2.853, 2.48, 0.0, 0.0, 0.0, 0.0, 0.077, 1.467, 0.0, 0.0, 0.203, 0.0, 0.722, 0.0, 0.692, 0.0, 0.0, 2.076, 2.513, 0.017, 0.577, 0.31, 0.0, 0.0, 0.0, 0.0, 0.0, 0.0, 0.0, 0.0, 0.0, 0.0, 0.0, 0.0, 0.0, 0.596, 1.711, 1.258, 3.304, 3.058, 3.318, 4.553, 0.318, 0.007, 0.0, 0.0, 0.0, 0.13, 2.701, 3.426, 2.396, 0.0, 0.0, 0.0, 0.0, 0.0, 0.0, 0.0, 0.0, 0.0, 0.0, 0.0, 0.0, 0.233, 0.759, 0.1, 0.0, 0.444, 0.915, 0.0, 0.0, 0.0], "train_difference": [99.865, 58.965, 27.555, 11.073, 9.19, 30.842, 24.694, 7.498, 10.815, 14.581, 29.491, 20.059, 6.323, 5.523, 5.804, 12.756, 10.445, 13.164, 21.481, 4.532, 3.29, 2.666, 5.969, 2.853, 6.247, 19.834, 14.876, 11.043, 3.108, 2.848, 7.478, 13.378, 15.143, 10.072, 4.88, 2.414, 10.504, 14.221, 3.488, 8.488, 2.629, 11.392, 2.911, 9.942, 10.458, 2.395, 2.709, 5.838, 2.446, 2.741, 10.194, 10.508, 18.443, 17.546, 15.645, 14.054, 14.66, 17.008, 19.669, 14.746, 14.73, 9.008, 7.404, 2.463, 2.399, 2.073, 3.355, 3.128, 3.333, 4.553, 2.722, 6.142, 9.418, 13.35, 9.029, 3.499, 2.837, 3.426, 2.508, 5.653, 7.911, 12.088, 15.832, 15.866, 11.463, 12.47, 12.903, 14.46, 9.204, 8.809, 5.225, 2.321, 1.831, 2.989, 11.148, 1.964, 1.67, 11.811, 14.922, 14.367], "val_mae": [175.659, 101.476, 45.37, 25.132, 20.735, 52.888, 42.094, 15.954, 21.155, 25.371, 52.06, 36.087, 11.558, 9.969, 10.763, 23.77, 19.727, 24.536, 39.025, 7.59, 5.616, 4.903, 11.088, 5.299, 11.182, 35.182, 26.429, 19.676, 6.36, 5.792, 13.216, 23.184, 26.094, 16.909, 8.565, 4.685, 17.367, 24.213, 5.703, 14.348, 4.249, 19.291, 5.487, 16.697, 17.52, 5.189, 5.531, 9.963, 4.031, 4.578, 17.639, 17.889, 32.09, 30.425, 26.968, 24.437, 25.209, 29.306, 33.947, 25.321, 25.014, 15.011, 12.158, 4.289, 5.449, 4.417, 7.288, 7.261, 7.723, 9.228, 4.724, 10.097, 15.656, 22.764, 15.265, 6.26, 6.934, 7.827, 5.875, 9.299, 13.231, 20.259, 26.877, 27.127, 19.554, 21.357, 21.968, 24.413, 15.344, 14.851, 8.814, 4.041, 3.504, 5.245, 18.818, 3.632, 3.417, 20.012, 25.738, 24.558], "val_rmse": [185.472, 112.237, 58.464, 30.819, 25.884, 61.53, 50.519, 18.673, 22.751, 31.099, 56.656, 39.159, 14.615, 13.071, 13.02, 25.387, 21.147, 25.843, 40.58, 9.342, 7.065, 6.322, 13.191, 6.679, 13.008, 37.276, 28.072, 21.278, 7.623, 7.015, 14.8, 25.322, 28.464, 19.899, 10.475, 5.989, 20.571, 26.6, 7.423, 16.415, 5.789, 21.473, 7.268, 18.79, 19.617, 6.349, 6.719, 12.228, 5.416, 6.248, 19.289, 19.84, 34.257, 32.781, 29.039, 25.82, 27.433, 31.884, 36.374, 27.487, 27.901, 17.578, 14.415, 5.86, 6.398, 5.383, 8.198, 8.159, 8.553, 10.035, 6.352, 12.331, 17.515, 24.781, 16.878, 8.042, 8.006, 8.631, 6.737, 10.762, 14.921, 22.865, 29.845, 29.674, 21.094, 23.204, 24.548, 27.214, 17.593, 16.771, 10.241, 5.365, 4.787, 6.649, 20.767, 4.926, 4.521, 22.367, 28.161, 26.976],