{"val_loss": [0.036869470158257006, 0.033698038467509524, 0.02234716955513505, 0.021518483358694326, 0.01886322764350164, 0.01777763954665266, 0.016744186838806262, 0.016263354870522124, 0.017340705225118592, 0.016554612445637187], "train_loss": [0.0576788003421906, 0.02782147012354269, 0.02122020274869606, 0.017904375457615567, 0.0158105451900014, 0.01436177495997577, 0.013288185440156263, 0.012407962750464019, 0.011680665449603111, 0.011078460845603533], "train_size": 14400, "val_size": 1424, "rand_seed": 9001, "shuffle": true, "loss_name": "mean_squared_error", "img_dim": [720, 1280, 3], "patch_dim": [720, 1280, 3], "patches_per_image": 1, "density_map_sigma": 10, "density_map_multiplication_factor": 2000.0, "sub_experiment_name": "carpk/sigma_10_loss_mse_full_img_epochs_10_lr_1e-4", "architecture": "FCRN_A"}