{"val_loss": [0.028315189146429904, 0.03037812606078874, 0.014442007031902904, 0.01454476981983616, 0.013235865822935011, 0.01403297944831566, 0.01266842672296608, 0.011898515559818513, 0.012745981312250746, 0.01168316128592671, 0.011583633385110743, 0.013259695670593133, 0.010777957018838017, 0.010600779036929667, 0.013938699853015886, 0.014083639403158004, 0.013092613899275688, 0.010477735892088865, 0.01082879137581639, 0.011036019859388676, 0.010827818855699767, 0.010640113264825606, 0.011082431175001309, 0.010307153070992654, 0.010473113241031944, 0.010564020961764446, 0.01108610675938133, 0.009797701379284263, 0.010561890859689275, 0.010234562183006132, 0.01028020403763923, 0.009740796941888915, 0.009876991611022009, 0.00997084444080589, 0.010099016065342928, 0.009834570703841403, 0.009625978848335388, 0.009733436369381654, 0.009522284236856434, 0.010084102597936769, 0.009811845902517876, 0.009594448209741934, 0.01042211726834306, 0.010020736562985215, 0.009550361794561682, 0.009706135894221542, 0.010174211753431283, 0.011563644313248326, 0.011401572714128312, 0.009623401733680273], "train_loss": [0.19510502256889595, 0.023561044974485412, 0.01652911367273191, 0.013342337417270755, 0.01223535590179381, 0.012815234160370892, 0.011082965778768994, 0.010266592502375715, 0.010389878334535751, 0.010213321540504694, 0.009567287381287315, 0.009429099758563098, 0.009542060965031851, 0.009371807735078619, 0.00864555793305044, 0.008819152157229837, 0.008833025121930405, 0.008779449239227688, 0.008624144698842429, 0.009055695678398479, 0.009014188615765306, 0.00810841411112051, 0.007816235192876775, 0.008264177558885422, 0.007748536110739224, 0.007904814627181622, 0.007916263006336521, 0.007680577658902621, 0.007511699861424859, 0.0075096318978467025, 0.007398189840387204, 0.007199681105703348, 0.00687169377306418, 0.007180821918154834, 0.0068495538471324835, 0.007017432173597626, 0.006759150193829555, 0.006711084228300024, 0.007187007971879211, 0.006563984032254666, 0.006555461070092861, 0.006902262208313914, 0.0064119713297259295, 0.006580492188732023, 0.006252929850234068, 0.005986680967907887, 0.006393624393240316, 0.0061641795036848634, 0.006200084128067829, 0.0061114733671274735], "train_size": 512, "val_size": 1088, "rand_seed": 321, "shuffle": true, "loss_name": "mean_squared_error", "img_dim": [256, 256, 3], "patch_dim": [128, 128, 3], "patches_per_image": 4, "density_map_sigma": 5, "density_map_multiplication_factor": 100.0, "sub_experiment_name": "vgg_cells/n_32_sigma_5_randseed_321_loss_mse_patch_4_128x128", "architecture": "FCRN_A"}