{"val_loss": [0.2096562942955643, 0.17035395647399126, 0.20681226309388875, 0.19792237635701895, 0.17483510242309422, 0.15841732306871564, 0.12547077133785933, 0.19523998859804123, 0.1454201760236174, 0.11486295270733535, 0.10343242033850401, 0.11435031380970032, 0.10865148671437055, 0.1020721529610455, 0.09736672455910593, 0.09752877990249545, 0.0975678508868441, 0.09872163906693458, 0.09077568366192282, 0.09192840426694601, 0.1176940752658993, 0.09513239618390798, 0.08672476646024734, 0.0939096758607775, 0.08924897925462574, 0.08971493411809206, 0.09342910775449127, 0.1097175422590226, 0.09302511685527862, 0.08910987447015942, 0.10171175906434655, 0.09118109305854886, 0.10256374818272888, 0.08887918281834573, 0.08885214228648693, 0.08912864308804273, 0.1016342946793884, 0.09976430137176066, 0.09132878347299993, 0.08918910974171013, 0.10119579625315964, 0.09702467783354222, 0.0918794801691547, 0.08974572797305883, 0.09381845206953585, 0.0922340196557343, 0.09216613357421011, 0.09428714683745057, 0.09344937219284474, 0.0933138778898865, 0.09087914791889488, 0.09338165163062513, 0.09142702799290418, 0.09338689625728876, 0.10041913141030819, 0.09906557374633848, 0.0934073725482449, 0.09286457528360188, 0.09796132834162563, 0.09569701158907265, 0.09326915310230106, 0.09209787764120847, 0.09746273015625775, 0.09787357398308813, 0.0952702315757051, 0.09341843284200876, 0.09370131990872324, 0.09325610557571054, 0.0929660708643496, 0.09426588639616966, 0.09443774849642068, 0.09387343709822744, 0.09489240341354162, 0.09261488157790154, 0.09340285130310803, 0.09357689102180303, 0.09655244802124799, 0.09324341632891446, 0.0933219238417223, 0.09551487676799297, 0.0935576258925721, 0.10287386989220977, 0.10459496381226926, 0.0942002790281549, 0.0936221338575706, 0.09386480683460832, 0.09489047187380492, 0.0939012543298304, 0.09637960416730493, 0.09394682252313942, 0.0982630977872759, 0.09399184309877455, 0.09342654622159899, 0.09279383695684373, 0.09397404561750591, 0.09433590325061232, 0.10622156602330506, 0.095478664082475, 0.0936489034211263, 0.09588084237184376], "train_mae": [66.16, 53.09, 101.252, 71.161, 80.675, 87.14, 42.508, 78.189, 61.934, 33.709, 39.192, 45.985, 28.202, 14.825, 20.614, 24.475, 23.245, 36.039, 21.897, 12.025, 62.243, 36.519, 18.989, 23.415, 12.091, 21.091, 12.442, 29.683, 14.188, 23.442, 13.869, 7.641, 33.281, 12.288, 7.57, 22.423, 23.803, 35.167, 12.861, 12.403, 26.854, 15.531, 9.614, 6.272, 15.531, 19.635, 9.806, 11.185, 12.817, 19.373, 6.998, 8.361, 5.933, 8.738, 13.393, 9.072, 18.444, 7.306, 11.501, 14.799, 6.779, 6.613, 16.927, 10.803, 11.972, 7.333, 7.495, 5.96, 7.242, 7.212, 9.992, 7.697, 12.709, 5.101, 7.828, 8.31, 8.587, 5.649, 5.881, 11.099, 6.118, 24.323, 24.959, 10.844, 10.499, 5.175, 7.444, 6.03, 15.882, 8.361, 7.225, 8.121, 5.537, 4.777, 5.579, 4.45, 20.151, 5.077, 6.378, 5.939], "train_rmse": [84.826, 83.287, 138.192, 108.652, 116.112, 112.117, 64.966, 116.957, 93.594, 40.521, 58.502, 69.014, 43.038, 21.92, 32.84, 40.996, 39.394, 52.361, 33.659, 18.122, 79.581, 51.805, 30.011, 26.758, 17.24, 30.818, 18.542, 44.895, 21.164, 29.363, 18.794, 12.642, 37.503, 22.135, 13.885, 27.168, 26.629, 41.779, 20.081, 18.344, 31.439, 31.431, 14.249, 11.539, 24.593, 24.68, 14.517, 21.526, 16.442, 23.227, 12.413, 11.006, 11.316, 13.912, 17.814, 13.782, 21.837, 11.426, 18.003, 20.375, 11.737, 10.818, 23.119, 13.128, 14.032, 12.5, 11.669, 9.109, 13.316, 10.202, 12.444, 10.293, 14.891, 8.785, 12.353, 11.191, 12.515, 10.033, 8.837, 14.889, 8.858, 26.577, 31.284, 13.165, 14.684, 8.85, 10.702, 8.486, 22.155, 12.124, 9.083, 12.813, 9.608, 9.022, 9.903, 7.526, 25.599, 8.526, 9.189, 8.835], "train_underestimate": [21.665, 34.61, 81.774, 55.144, 65.055, 70.397, 34.136, 60.733, 48.983, 2.714, 31.607, 37.079, 14.339, 3.879, 8.877, 14.135, 16.517, 28.998, 17.306, 6.904, 50.284, 29.502, 15.026, 1.025, 2.255, 16.692, 2.763, 15.241, 10.711, 18.937, 1.93, 4.493, 0.197, 9.472, 3.576, 18.115, 1.027, 28.41, 9.734, 9.838, 0.305, 3.41, 1.259, 1.788, 11.766, 15.863, 3.364, 1.844, 1.438, 15.646, 4.348, 1.27, 3.176, 6.068, 0.514, 2.379, 14.743, 3.966, 5.706, 11.853, 3.614, 3.48, 0.262, 1.44, 0.753, 4.948, 1.054, 3.845, 5.1, 1.341, 0.724, 1.772, 9.628, 1.841, 0.67, 6.287, 4.083, 3.965, 4.118, 0.22, 1.28, 0.041, 0.15, 0.181, 8.472, 2.655, 1.065, 4.044, 12.828, 6.644, 0.544, 5.156, 1.041, 1.526, 2.628, 1.983, 0.168, 2.562, 4.245, 1.848], "train_overestimate": [31.783, 8.279, 0.023, 2.344, 0.118, 0.0, 0.204, 2.433, 1.051, 24.518, 0.054, 0.071, 8.444, 8.098, 7.776, 5.638, 2.262, 0.117, 0.384, 2.811, 0.0, 0.0, 0.314, 17.891, 7.513, 0.347, 7.289, 8.738, 0.751, 0.001, 9.274, 1.68, 26.689, 0.455, 2.539, 0.0, 18.203, 0.0, 0.655, 0.182, 21.389, 9.136, 6.508, 3.279, 0.78, 0.0, 4.558, 7.192, 8.916, 0.004, 1.305, 5.484, 1.617, 0.991, 10.305, 4.949, 0.157, 1.936, 3.585, 0.102, 1.862, 1.863, 13.413, 7.287, 8.919, 0.976, 5.0, 0.97, 0.751, 4.486, 7.348, 4.446, 0.639, 2.28, 5.654, 0.426, 2.854, 0.599, 0.633, 8.746, 3.662, 19.608, 20.013, 8.579, 0.009, 1.526, 4.949, 0.828, 0.002, 0.11, 5.292, 1.404, 3.432, 2.334, 1.879, 1.612, 16.112, 1.54, 0.907, 2.95], "train_difference": [53.448, 42.889, 81.797, 57.488, 65.174, 70.397, 34.34, 63.166, 50.034, 27.232, 31.661, 37.149, 22.783, 11.976, 16.653, 19.772, 18.779, 29.115, 17.69, 9.715, 50.284, 29.502, 15.34, 18.916, 9.768, 17.039, 10.052, 23.979, 11.462, 18.937, 11.204, 6.173, 26.887, 9.927, 6.116, 18.115, 19.23, 28.41, 10.39, 10.02, 21.694, 12.547, 7.767, 5.067, 12.547, 15.863, 7.922, 9.036, 10.354, 15.65, 5.653, 6.755, 4.793, 7.059, 10.819, 7.329, 14.9, 5.902, 9.291, 11.955, 5.477, 5.343, 13.675, 8.727, 9.672, 5.924, 6.055, 4.814, 5.85, 5.826, 8.072, 6.218, 10.267, 4.121, 6.324, 6.713, 6.937, 4.564, 4.751, 8.967, 4.942, 19.649, 20.164, 8.76, 8.482, 4.18, 6.014, 4.871, 12.83, 6.754, 5.837, 6.56, 4.473, 3.859, 4.507, 3.595, 16.279, 4.101, 5.153, 4.798], "val_mae": [59.661, 45.975, 95.504, 62.582, 74.925, 84.333, 39.003, 70.508, 56.524, 32.533, 36.213, 42.144, 24.328, 13.585, 19.847, 21.206, 21.445, 34.011, 21.374, 13.914, 62.613, 35.661, 19.713, 26.334, 15.789, 25.281, 15.95, 28.227, 19.748, 30.359, 17.412, 14.513, 32.492, 18.252, 14.119, 30.917, 28.182, 45.028, 21.496, 22.902, 25.515, 15.64, 16.702, 15.459, 26.02, 32.535, 19.586, 12.239, 18.644, 33.603, 18.097, 17.13, 17.187, 21.734, 16.43, 14.551, 32.038, 16.703, 20.024, 30.38, 17.323, 19.099, 16.403, 19.403, 17.812, 20.447, 15.597, 18.8, 20.972, 17.88, 17.531, 18.218, 27.208, 16.935, 16.187, 24.022, 21.161, 20.305, 19.704, 16.083, 17.79, 26.939, 22.824, 17.391, 23.738, 19.477, 16.765, 18.687, 29.425, 22.384, 19.127, 26.052, 17.425, 18.792, 20.768, 16.463, 21.533, 16.442, 21.736, 14.812], "val_rmse": [73.758, 71.309, 125.795, 94.524, 104.226, 104.109, 56.323, 104.417, 82.859, 36.198, 50.776, 59.823, 36.463, 18.669, 28.855, 35.305, 34.846, 49.634, 34.028, 20.744, 80.272, 48.774, 31.158, 29.67, 21.269, 39.924, 21.636, 42.723, 32.467, 42.714, 23.122, 25.253, 35.872, 30.513, 23.456, 42.57, 32.16, 57.703, 35.707, 36.004, 28.966, 22.297, 24.031, 26.265, 43.364, 44.753, 31.476, 19.129, 25.754, 45.751, 29.875, 27.516, 29.194, 35.981, 22.205, 23.502, 43.968, 27.379, 32.585, 45.397, 30.243, 32.598, 21.758, 27.517, 25.559, 33.26, 25.626, 31.554, 35.951, 29.952, 27.889, 30.086, 36.854, 29.267, 26.089, 37.464, 36.007, 34.169, 33.307, 23.532, 29.968, 30.554, 27.215, 25.233, 38.514, 33.02, 27.209, 30.714, 45.912, 36.482, 30.249, 38.281, 29.657, 31.465, 34.096, 29.009, 26.031, 28.676, 36.006, 25.968],