{"val_loss": [0.07156253584681134, 0.038896935020388546, 0.028754792240386663, 0.021730328287316403, 0.01943914889039554, 0.015198820738185211, 0.014576615225129952, 0.013068804417878924, 0.011829275267219226, 0.0107058826900303, 0.012470828163393033, 0.010498093694717254, 0.01026726015847731, 0.009885048925592428, 0.00923234032576575, 0.009790497098840526, 0.009189052296492532, 0.008734817701599026, 0.009176806905409595, 0.008479326808596584, 0.008358708832341055, 0.008309848765159533, 0.008449701926485217, 0.008728911760900862, 0.008170965210036444, 0.00855722535347655, 0.008215913170608794, 0.007991537437834161, 0.009815558965997565, 0.007900058803416495, 0.007817956730779022, 0.008079749662583173, 0.008083580174035673, 0.011949708281249246, 0.008161800339033054, 0.0077912500807596026, 0.007632573346948929, 0.007694119553942822, 0.008595265604526503, 0.007826267408210482, 0.007709278192337746, 0.007706144798088216, 0.007662665261330617, 0.007711701281283133, 0.007933432953958638, 0.007557091708269368, 0.007778028523235288, 0.010160445726368754, 0.007745491057422067, 0.007537572246827253, 0.007557849432487274, 0.007940142593510887, 0.007515973089111332, 0.00752697363286108, 0.007574174912673805, 0.0081938819565788, 0.00807406963491196, 0.013950511986930744, 0.00938381664780215, 0.007807937990090817, 0.007751694557394812, 0.007911626497148331, 0.00752795232759073, 0.0074905038622733525, 0.007564054132244029, 0.008735339080243754, 0.007971950932936607, 0.00798337168945342, 0.00765877385449986, 0.007627022602023584, 0.007643849344972028, 0.009283368820166182, 0.007593243759722956, 0.0080896287195441, 0.007993067590445314, 0.008250789688377957, 0.0077166133907988245, 0.008028007557667853, 0.007677723545545151, 0.007704782295096426, 0.007979901098010219, 0.0077953863937556675, 0.007897703355839066, 0.0081047483263854, 0.009416411870380911, 0.00796169977162636, 0.007972151233415763, 0.007881474884711411, 0.007973779635850567, 0.007957150585271473, 0.008002352923807955, 0.00804679929944327, 0.0082627857932761, 0.008188780836409185, 0.008451171302701422, 0.008330283341659679, 0.008072756509457523, 0.00795490240884914, 0.008043209444782833, 0.008173390487975078], "train_loss": [0.6498808492906392, 0.060044232523068786, 0.03589291824027896, 0.02681016200222075, 0.02162502217106521, 0.01883174164686352, 0.01848743302980438, 0.0143473488278687, 0.012788928288500756, 0.012015693995635957, 0.012163528241217136, 0.012112131749745458, 0.011056796356569976, 0.010282411414664239, 0.009895268362015486, 0.009308123495429754, 0.009625795762985945, 0.00929320603609085, 0.008595292718382552, 0.008528801728971303, 0.008049723255680874, 0.008282020658953115, 0.008266789722256362, 0.009250310540664941, 0.008010983699932694, 0.007807371322996914, 0.007659131893888116, 0.00726911737001501, 0.007458076404873282, 0.007328301668167114, 0.007048710423987359, 0.006864121969556436, 0.006975040509132668, 0.008564633666537702, 0.00868055346654728, 0.0069664508337154984, 0.00659856092534028, 0.006367588939610869, 0.0071333614469040185, 0.008558551140595227, 0.006727650354150683, 0.006395459757186472, 0.0061759380623698235, 0.006522228039102629, 0.006320982793113217, 0.006278698623646051, 0.005896388669498265, 0.007496549398638308, 0.007105201599188149, 0.005982600181596354, 0.005756655766163021, 0.005481230327859521, 0.0054968684271443635, 0.005541803926462308, 0.0053055032913107425, 0.00590944493887946, 0.006145755673060194, 0.01180945965461433, 0.009810804476728663, 0.006829428864875808, 0.00599102969863452, 0.005528566805878654, 0.005295059032505378, 0.005210899194935337, 0.0051064428116660565, 0.004949016554746777, 0.00685114724910818, 0.0055416929826606065, 0.004891225980827585, 0.004567299736663699, 0.004473383887670934, 0.005257582728518173, 0.005321429547620937, 0.0048846502031665295, 0.00508529061335139, 0.005661971226800233, 0.0045600930898217484, 0.00429471478855703, 0.004241982416715473, 0.004138748292461969, 0.0038932686438784003, 0.0038313294789986685, 0.0037909641541773453, 0.003923637588741258, 0.004568378484691493, 0.0055387925676768646, 0.004555711173452437, 0.0037232186004985124, 0.00350298332341481, 0.0033549044746905565, 0.0032943948463071138, 0.0032084903941722587, 0.003306329730548896, 0.0034227264259243384, 0.003401722919079475, 0.005530791662749834, 0.004134107075515203, 0.003599440067773685, 0.003307251143269241, 0.0029786944505758584], "train_size": 512, "val_size": 1088, "rand_seed": 325, "shuffle": true, "loss_name": "mean_squared_error", "img_dim": [256, 256, 3], "patch_dim": [256, 256, 3], "patches_per_image": 1, "density_map_sigma": 5, "density_map_multiplication_factor": 100.0, "sub_experiment_name": "vgg_cells/n_32_sigma_5_randseed_325_loss_mse_full_img", "architecture": "FCRN_A"}