{"val_loss": [0.031946262875862885, 0.013956151811321938, 0.011165353024908755, 0.011418634762473326, 0.009516407255028348, 0.009304905817973323, 0.008889976642320916, 0.008607894448990313, 0.008783491562401954, 0.00882591144181788, 0.00840192990148757, 0.00812532396048482, 0.008102502843636708, 0.009060588923198843, 0.008504164457917796, 0.008020057056960973, 0.00865120056005253, 0.008024997981515803, 0.008102939976096322, 0.007936452311494376, 0.007856218256670723, 0.008059611139186827, 0.007984006907766647, 0.007988206119787518, 0.008556751820530431, 0.00960844412091117, 0.008079832273223373, 0.00843897633563352, 0.008419061498595207, 0.008089949758464677], "train_loss": [0.1470256107277237, 0.017579374616616406, 0.010941671003820375, 0.009474018341279589, 0.008612245044787414, 0.008326928182214033, 0.007533476258686278, 0.0073157504593837075, 0.0071188807269209065, 0.006843100054538809, 0.006795982415496837, 0.0064969542872859165, 0.006137967968243174, 0.006104117645008955, 0.006048002891475335, 0.0057741239870665595, 0.005497263635334093, 0.005765185982454568, 0.005395566076913383, 0.005178858595172642, 0.00496789288445143, 0.004656638888263842, 0.0052033647007192485, 0.0043480001331772655, 0.004325389349105535, 0.0041308825529995374, 0.004017688042949885, 0.004045650475745788, 0.00401911945300526, 0.0034434664776199497], "train_size": 1024, "val_size": 576, "rand_seed": 641, "shuffle": true, "loss_name": "mean_squared_error", "img_dim": [256, 256, 3], "patch_dim": [256, 256, 3], "patches_per_image": 1, "density_map_sigma": 5, "density_map_multiplication_factor": 100.0, "sub_experiment_name": "vgg_cells/n_64_sigma_5_randseed_641_loss_mse_full_img", "architecture": "UNet"}