{"val_loss": [0.006242098063214346, 0.005620346168951882, 0.005648168958133384, 0.005614455250502538, 0.005344557629036394, 0.005513575454541651, 0.005740655048713152, 0.005313983215172711, 0.006101563996303917, 0.005486880179079081, 0.005632911324937595, 0.005318011104059729, 0.005197974046394747, 0.005730415915321727, 0.006042217416405846, 0.005221160799717634, 0.005192329104627586, 0.005139508426711675, 0.005299064306099253, 0.005261519699868384, 0.005216735592411068, 0.005075835324532818, 0.00529864879576457, 0.005029191766677993, 0.00514847935543609], "val_activation_2_loss": [0.07108706750053291, 0.07108706750053291, 0.07108706750053291, 0.07108706750053291, 0.07108706750053291, 0.07108706750053291, 0.07108706750053291, 0.07108706750053291, 0.07108706750053291, 0.07108706750053291, 0.07108706750053291, 0.07108706750053291, 0.07108706750053291, 0.07108706750053291, 0.07108706750053291, 0.07108706750053291, 0.07108706750053291, 0.07108706750053291, 0.07108706750053291, 0.07108706750053291, 0.07108706750053291, 0.07108706750053291, 0.07108706750053291, 0.07108706750053291, 0.07108706750053291], "val_conv2d_24_loss": [0.006242098063214346, 0.005620346168951882, 0.005648168958133384, 0.005614455250502538, 0.005344557629036394, 0.005513575454541651, 0.005740655048713152, 0.005313983215172711, 0.006101563996303917, 0.005486880179079081, 0.005632911324937595, 0.005318011104059729, 0.005197974046394747, 0.005730415915321727, 0.006042217416405846, 0.005221160799717634, 0.005192329104627586, 0.005139508426711675, 0.005299064306099253, 0.005261519699868384, 0.005216735592411068, 0.005075835324532818, 0.00529864879576457, 0.005029191766677993, 0.00514847935543609], "activation_2_loss": [0.07770530751440674, 0.0772685556585202, 0.07757940894225612, 0.07760956566198729, 0.07746659553959034, 0.07751069619553164, 0.07757995001156814, 0.07737780308525544, 0.07704543456202373, 0.07712577513302676, 0.07704567896143999, 0.07715711121272761, 0.07762069528689608, 0.07721214328194037, 0.07753267287625931, 0.0774149940116331, 0.07762905288836919, 0.07721047273662407, 0.07731998660892714, 0.07736485305940732, 0.07731423682707828, 0.0775271598395193, 0.07712255860678852, 0.07743533165194094, 0.0775918011640897], "conv2d_24_loss": [0.008420245615525346, 0.004974937949555169, 0.00480643999617314, 0.0045731493951279845, 0.004722194628811849, 0.0045688834907196, 0.004374868977265578, 0.00448312680964591, 0.004251125752489315, 0.004262065519924363, 0.004251485544045863, 0.004360960539543157, 0.004141257295032119, 0.004259993817868235, 0.004077603245150385, 0.004138416800287814, 0.0041112381068160175, 0.004031637499338103, 0.004057688497596246, 0.0040565947469985986, 0.0040292121980201046, 0.004036980936234613, 0.004020159307401627, 0.004068284255936305, 0.00403753751743352], "train_loss": [0.008420245615525346, 0.004974937949555169, 0.00480643999617314, 0.0045731493951279845, 0.004722194628811849, 0.0045688834907196, 0.004374868977265578, 0.00448312680964591, 0.004251125752489315, 0.004262065519924363, 0.004251485544045863, 0.004360960539543157, 0.004141257295032119, 0.004259993817868235, 0.004077603245150385, 0.004138416800287814, 0.0041112381068160175, 0.004031637499338103, 0.004057688497596246, 0.0040565947469985986, 0.0040292121980201046, 0.004036980936234613, 0.004020159307401627, 0.004068284255936305, 0.00403753751743352], "train_size": 1024, "val_size": 576, "rand_seed": 641, "shuffle": true, "seg_loss_name": "binary_crossentropy", "reg_loss_name": "logcosh", "img_dim": [256, 256, 3], "patch_dim": [128, 128, 3], "patches_per_image": 4, "density_map_sigma": 5, "density_map_multiplication_factor": 100.0, "sub_experiment_name": "vgg_cells/n_64_sigma_5_randseed_641_loss_logcosh_patch_4_128x128", "architecture": "SegRegNet"}