{"val_loss": [0.0871951844310388, 0.0792245259702516, 0.07987903588218614, 0.07529568874613485, 0.07606018761483331, 0.07313489174703136, 0.07252910037318037, 0.07577413919433537, 0.07108706750053291, 0.07532556946130677], "val_activation_1_loss": [0.0871951844310388, 0.0792245259702516, 0.07987903588218614, 0.07529568874613485, 0.07606018761483331, 0.07313489174703136, 0.07252910037318037, 0.07577413919433537, 0.07108706750053291, 0.07532556946130677], "val_conv2d_12_loss": [0.15251789024073836, 0.14737324379772568, 0.1372226562881325, 0.14050214046276072, 0.13243725617131633, 0.13180105875168616, 0.12678213527477863, 0.1263608634407218, 0.13154364958043313, 0.12905570175240022], "activation_1_loss": [0.18629805897944607, 0.09673601668328047, 0.08985872304765508, 0.086266917118337, 0.0841002183733508, 0.08203445092658512, 0.08240142403519712, 0.08136876625940204, 0.07947341733961366, 0.08008781871467363], "conv2d_12_loss": [0.14397332462249324, 0.13966256761341356, 0.13275315711507574, 0.12955760456679855, 0.12675850340747274, 0.12272857256175485, 0.12170957349007949, 0.11865631688851863, 0.12062747214804403, 0.11839721559954342], "train_loss": [0.18629805897944607, 0.09673601668328047, 0.08985872304765508, 0.086266917118337, 0.0841002183733508, 0.08203445092658512, 0.08240142403519712, 0.08136876625940204, 0.07947341733961366, 0.08008781871467363], "train_size": 1024, "val_size": 576, "rand_seed": 641, "shuffle": true, "seg_loss_name": "binary_crossentropy", "reg_loss_name": "logcosh", "img_dim": [256, 256, 3], "patch_dim": [128, 128, 3], "patches_per_image": 4, "density_map_sigma": 5, "density_map_multiplication_factor": 100.0, "sub_experiment_name": "vgg_cells/n_64_sigma_5_randseed_641_loss_logcosh_patch_4_128x128", "architecture": "SegRegNet"}