{"val_loss": [0.02428803828337954, 0.016183096307536796, 0.014418722880590294, 0.01175605477247801, 0.010945851610611297, 0.009809459087490622, 0.009003229529803826, 0.011145975207909942, 0.008496052566139648, 0.006930871734059312, 0.00641699480992328, 0.005924714832670159, 0.008126836606404848, 0.006439667673678034, 0.006028659984521154, 0.005695004727587932, 0.005653066767586602, 0.006199756960591508, 0.0055712179293752545, 0.005128346897739296, 0.00532301265371239, 0.006317703764782184, 0.005026508633616484, 0.004974839468357257, 0.005374281091563817, 0.00538361488078307, 0.005059051240095869, 0.0055198619375005364, 0.004781876089206587, 0.004896266227458707, 0.005206925222106899, 0.005629474022296361, 0.004725113178008339, 0.004759234741666458, 0.005181794381415885, 0.007480056781787425, 0.005691666101079641, 0.005009498285491847, 0.00538807017599336, 0.005270508486622323, 0.004632014263835218, 0.004750021118929403, 0.004928100740976838, 0.005223895164413584, 0.004613919691312023, 0.004619640007149428, 0.004700289744909646, 0.00503346516052261, 0.004794837214932259, 0.004527136938931007, 0.00460549602091002, 0.005263637440900008, 0.005637511581880972, 0.0050390333829758065, 0.004686270323064592, 0.0045730764848283595, 0.00481618378802927, 0.004872833339807888, 0.004305622964036754, 0.004580097900341368, 0.004366553854197264, 0.004582760257310131, 0.004812848000761328, 0.004425088800619253, 0.004272521580181395, 0.004546262899465445, 0.004756668420870685, 0.004609096588359939, 0.004730335999435435, 0.004495507730300435, 0.004616794357490208, 0.004313436443529402, 0.004503145632851455, 0.0044543214284607936, 0.00445218340610154, 0.0043866561350619625, 0.0044862189194342745, 0.0050826020726364935, 0.004541231733229425, 0.004623111427968575, 0.004452887143189501, 0.0042320648337610895, 0.004438947100425139, 0.00435675267686343, 0.0043200871732551605, 0.004651074517621762, 0.004563484952086583, 0.00452176020351342, 0.004385333246318623, 0.004589294846583571, 0.004415439115190465, 0.004622141041585969, 0.004597620469414526, 0.004396499470911092, 0.004276810553468143, 0.004352440895874881, 0.004238364901134951, 0.004441239020606089, 0.004194068821056539, 0.004502921187344732], "train_mae": [29.227, 22.946, 34.044, 21.648, 4.83, 12.027, 8.547, 40.095, 24.91, 9.848, 8.597, 6.227, 32.215, 18.672, 15.738, 11.706, 15.587, 9.903, 8.699, 5.126, 10.802, 20.216, 7.183, 3.934, 15.008, 11.354, 8.295, 13.76, 10.089, 3.938, 13.804, 20.205, 5.606, 8.784, 15.903, 32.559, 15.703, 3.837, 8.165, 13.221, 6.3, 7.92, 10.772, 15.818, 8.814, 8.773, 4.334, 18.584, 3.307, 3.481, 7.922, 9.274, 23.554, 13.462, 10.66, 3.948, 8.434, 10.782, 3.941, 3.895, 4.94, 9.667, 12.975, 2.815, 3.0, 3.226, 10.564, 6.366, 8.622, 6.309, 4.115, 3.949, 8.793, 6.275, 12.643, 2.393, 6.086, 16.855, 5.68, 9.507, 4.192, 2.445, 2.728, 5.028, 2.772, 18.084, 8.529, 4.852, 5.49, 10.324, 4.517, 9.897, 11.369, 2.742, 3.788, 3.499, 3.709, 3.542, 2.82, 8.182], "train_rmse": [33.247, 29.585, 37.014, 23.344, 6.165, 15.072, 9.816, 42.076, 25.662, 11.119, 10.051, 8.213, 34.853, 19.577, 17.83, 12.764, 17.251, 11.885, 10.937, 6.571, 13.062, 21.001, 8.774, 5.029, 15.877, 12.876, 9.328, 16.381, 11.073, 4.855, 15.829, 21.719, 6.905, 10.584, 17.066, 33.152, 18.031, 4.605, 9.18, 15.155, 7.622, 9.094, 12.332, 16.931, 10.026, 9.914, 5.652, 19.37, 4.139, 4.439, 8.93, 11.643, 25.746, 14.227, 12.245, 4.79, 9.383, 12.008, 4.846, 4.727, 5.817, 10.641, 14.431, 3.677, 3.695, 4.246, 11.337, 7.271, 9.433, 7.534, 5.284, 4.963, 9.662, 7.416, 13.257, 3.089, 7.115, 17.659, 6.705, 10.915, 4.838, 3.247, 3.537, 6.259, 3.499, 18.345, 10.177, 5.855, 6.351, 11.26, 5.085, 10.575, 11.853, 3.462, 4.358, 4.476, 4.227, 4.511, 3.648, 9.976], "train_underestimate": [0.802, 12.732, 19.736, 12.55, 1.742, 0.378, 4.193, 23.244, 14.441, 5.641, 0.177, 0.523, 18.675, 0.0, 9.124, 0.017, 9.036, 5.626, 4.369, 2.406, 6.155, 11.719, 3.534, 1.216, 8.701, 6.582, 4.806, 7.934, 5.849, 1.12, 8.003, 11.713, 3.131, 5.029, 0.0, 18.875, 9.102, 0.796, 4.24, 7.652, 3.499, 4.585, 6.243, 9.17, 5.105, 5.083, 0.317, 10.774, 0.831, 0.398, 4.592, 0.034, 13.655, 0.0, 6.168, 1.548, 4.758, 6.251, 0.793, 1.69, 2.784, 5.604, 7.522, 1.058, 0.419, 0.539, 6.124, 3.691, 4.998, 3.611, 2.17, 1.851, 5.097, 0.052, 7.329, 0.49, 3.48, 9.771, 3.256, 5.511, 2.108, 0.843, 0.441, 2.766, 1.014, 0.0, 4.811, 2.489, 0.067, 5.985, 0.093, 5.738, 6.591, 1.266, 0.108, 1.896, 0.227, 1.568, 0.599, 4.605], "train_overestimate": [16.142, 0.57, 0.0, 0.0, 1.058, 6.594, 0.762, 0.0, 0.0, 0.068, 4.806, 3.087, 0.0, 10.824, 0.0, 6.769, 0.0, 0.115, 0.674, 0.565, 0.107, 0.0, 0.63, 1.065, 0.0, 0.0, 0.003, 0.043, 0.0, 1.163, 0.0, 0.0, 0.119, 0.063, 9.219, 0.0, 0.001, 1.428, 0.493, 0.012, 0.153, 0.006, 0.001, 0.0, 0.004, 0.003, 2.195, 0.0, 1.087, 1.62, 0.0, 5.342, 0.0, 7.804, 0.012, 0.741, 0.132, 0.0, 1.491, 0.569, 0.08, 0.0, 0.0, 0.574, 1.32, 1.331, 0.0, 0.0, 0.0, 0.046, 0.216, 0.438, 0.0, 3.586, 0.0, 0.897, 0.048, 0.0, 0.036, 0.001, 0.322, 0.574, 1.141, 0.149, 0.593, 10.483, 0.133, 0.324, 3.115, 0.0, 2.525, 0.0, 0.0, 0.324, 2.088, 0.132, 1.923, 0.485, 1.035, 0.138], "train_difference": [16.943, 13.302, 19.736, 12.55, 2.8, 6.972, 4.955, 23.244, 14.441, 5.709, 4.984, 3.61, 18.675, 10.824, 9.124, 6.786, 9.036, 5.741, 5.043, 2.972, 6.262, 11.719, 4.164, 2.281, 8.701, 6.582, 4.809, 7.977, 5.849, 2.283, 8.003, 11.713, 3.25, 5.092, 9.219, 18.875, 9.103, 2.225, 4.733, 7.664, 3.652, 4.591, 6.245, 9.17, 5.109, 5.086, 2.513, 10.774, 1.917, 2.018, 4.592, 5.376, 13.655, 7.804, 6.18, 2.289, 4.889, 6.251, 2.284, 2.258, 2.864, 5.604, 7.522, 1.632, 1.739, 1.87, 6.124, 3.691, 4.998, 3.658, 2.386, 2.289, 5.097, 3.638, 7.329, 1.387, 3.528, 9.771, 3.293, 5.511, 2.43, 1.417, 1.582, 2.915, 1.607, 10.483, 4.944, 2.813, 3.183, 5.985, 2.618, 5.738, 6.591, 1.59, 2.196, 2.028, 2.15, 2.053, 1.635, 4.743], "val_mae": [26.311, 30.152, 39.625, 24.812, 4.898, 14.204, 6.533, 44.715, 24.957, 9.988, 8.678, 6.611, 37.133, 19.672, 18.442, 11.816, 17.822, 11.583, 10.211, 4.991, 12.958, 21.694, 8.095, 3.424, 16.066, 13.096, 8.483, 16.695, 10.828, 2.896, 16.305, 22.9, 6.203, 10.685, 17.543, 34.317, 18.914, 4.053, 6.489, 15.646, 7.399, 9.165, 12.824, 18.034, 10.189, 10.112, 4.021, 20.487, 2.584, 3.085, 8.898, 11.013, 27.601, 13.881, 12.684, 2.949, 7.693, 12.484, 4.113, 3.366, 5.331, 11.324, 15.66, 2.786, 2.495, 2.965, 11.939, 7.246, 9.907, 7.822, 5.163, 4.393, 10.394, 6.791, 14.264, 2.899, 7.774, 19.132, 7.272, 11.925, 3.989, 2.635, 2.676, 6.81, 3.475, 17.774, 11.223, 6.407, 5.005, 12.465, 4.01, 11.326, 12.345, 3.249, 3.67, 4.956, 3.638, 5.06, 3.493, 11.159], "val_rmse": [29.741, 37.369, 42.926, 26.996, 6.358, 16.233, 7.859, 46.959, 25.444, 11.166, 10.053, 8.201, 39.658, 20.282, 20.38, 12.685, 19.292, 13.535, 13.183, 6.251, 15.186, 22.432, 10.32, 4.501, 16.624, 14.464, 9.246, 19.115, 11.569, 3.826, 18.295, 24.307, 7.251, 12.721, 18.235, 34.82, 21.163, 5.022, 7.439, 17.238, 8.999, 10.301, 14.293, 19.145, 11.295, 11.131, 5.218, 21.382, 3.404, 3.994, 9.797, 12.531, 29.603, 14.316, 13.965, 3.703, 8.427, 13.497, 5.361, 3.892, 6.139, 12.352, 17.428, 3.785, 3.309, 3.755, 12.687, 8.14, 10.853, 9.071, 6.735, 6.124, 11.526, 7.801, 15.062, 3.927, 9.038, 19.959, 8.478, 13.447, 4.526, 3.737, 3.398, 8.632, 4.839, 18.087, 13.097, 8.114, 5.737, 13.571, 4.769, 12.001, 12.83, 3.788, 4.256, 6.489, 4.258, 7.103, 4.946, 13.385],