{"val_loss": [0.03339226978520552, 0.026505289314728644, 0.02160110293577115, 0.017993828126539786, 0.016352525356018707, 0.01451680863586565, 0.01336789362701691, 0.012069049265442623, 0.012578012939128611, 0.011193087557330728, 0.010336117346822802, 0.009254729116542472, 0.008711796816593656, 0.008805491398864737, 0.008815815924511602, 0.007842811471265223, 0.006903377555621167, 0.006568571339206149, 0.006194624707051035, 0.006116920829905818, 0.007201857470338129, 0.005529446818400174, 0.0056715866117479485, 0.005896102478598348, 0.005421761161414906, 0.005068277442155199, 0.004885759725261273, 0.005253520079552093, 0.005291231235282289, 0.005049563549821162, 0.004817085043113265, 0.004579125787131488, 0.005643791224833371, 0.004556298747451769, 0.004682084422610287, 0.004931255796691403, 0.005471213885660593, 0.005627696078995036, 0.005131565306025247, 0.0049910988309420645, 0.004430893808603287, 0.0043751404607772, 0.004486955757278742, 0.004559177630451611, 0.004260822985088453, 0.004116049078422495, 0.004068432718567137, 0.004049153238560798, 0.004120382393011823, 0.003961207280452881, 0.004000209003505815, 0.003975584116738496, 0.004023982669524331, 0.004128150173023136, 0.003880043754987936, 0.008421716454904526, 0.006530774844577536, 0.005015274810527141, 0.004151306098922052, 0.003952231083530933, 0.003984121156261406, 0.004092346977106192, 0.0039861719932458885, 0.003994278221701582, 0.004037455936971431, 0.0038800082984380424, 0.004002044700124922, 0.004309182757020203, 0.004450315082471611, 0.004186646450155725, 0.004588425667154499, 0.0042243588605843894, 0.004338744992209185, 0.00446114416505831, 0.0052170553794389386, 0.005603374056388727, 0.003951507356962086, 0.0038978296975579318, 0.003807020918530826, 0.0038287685213920972, 0.0038909032591618598, 0.003903381039789464, 0.003865110678210234, 0.003805158721257208, 0.004429242468581328, 0.0045057638102055835, 0.00421240603706489, 0.0041390706092998795, 0.003910285200820201, 0.003829592604435877, 0.0038953971460513356, 0.004134382171388198, 0.004202546836394403, 0.004114457638934255, 0.003963329834126246, 0.004159443879163721, 0.0039834693274719436, 0.003923373714011784, 0.004198207054287195, 0.004329482623789873], "train_mae": [44.152, 22.396, 19.263, 18.661, 15.657, 16.863, 19.186, 10.677, 29.419, 20.511, 16.052, 5.022, 8.3, 18.795, 27.345, 19.427, 6.166, 5.547, 5.036, 11.704, 28.988, 5.694, 9.275, 16.058, 8.921, 7.603, 6.473, 14.822, 16.218, 11.841, 8.659, 6.411, 23.592, 6.811, 8.382, 16.284, 16.367, 23.678, 17.129, 15.878, 8.963, 8.202, 12.927, 12.364, 8.252, 3.594, 3.305, 3.624, 7.112, 3.044, 5.128, 4.08, 6.941, 6.647, 2.949, 37.798, 29.774, 14.773, 5.624, 3.144, 3.21, 8.514, 6.486, 7.52, 5.044, 2.586, 8.08, 13.443, 12.442, 6.516, 16.293, 10.914, 13.848, 15.687, 19.643, 24.577, 4.281, 6.179, 2.434, 4.447, 5.046, 3.839, 5.467, 2.492, 13.149, 14.858, 12.073, 10.81, 6.508, 4.603, 2.202, 7.173, 11.349, 8.037, 3.947, 10.642, 8.337, 5.082, 10.797, 10.775], "train_rmse": [47.768, 28.403, 22.67, 21.885, 18.953, 19.783, 21.247, 12.305, 32.286, 22.544, 18.433, 6.958, 9.902, 20.76, 28.526, 20.696, 7.699, 7.074, 6.651, 13.288, 30.35, 6.859, 10.825, 17.457, 10.608, 8.901, 8.269, 15.854, 17.416, 13.412, 10.258, 7.466, 24.666, 8.054, 10.106, 17.358, 18.712, 25.177, 18.295, 17.428, 10.523, 9.597, 14.096, 14.186, 9.682, 4.823, 4.301, 4.551, 8.015, 3.881, 6.4, 5.004, 8.263, 7.539, 3.754, 39.944, 31.404, 16.765, 6.808, 4.137, 4.126, 9.553, 7.261, 8.504, 6.176, 3.407, 8.959, 14.744, 14.014, 7.478, 17.536, 12.095, 15.399, 16.717, 20.947, 26.567, 5.205, 7.215, 3.216, 5.218, 5.67, 4.756, 6.277, 3.163, 13.779, 15.947, 12.968, 11.676, 7.625, 5.324, 2.908, 7.652, 12.21, 8.812, 4.514, 11.335, 8.967, 5.666, 11.688, 12.181], "train_underestimate": [0.363, 9.773, 3.385, 1.825, 4.895, 1.409, 0.346, 0.634, 17.054, 11.89, 9.305, 2.037, 0.168, 0.0, 15.852, 11.262, 3.23, 0.54, 0.68, 0.058, 16.804, 2.792, 0.118, 0.0, 0.119, 0.179, 3.456, 0.0, 9.402, 6.865, 4.993, 0.222, 0.0, 0.143, 4.781, 9.44, 9.488, 13.726, 9.93, 9.205, 5.173, 4.72, 7.494, 7.167, 4.755, 1.675, 1.149, 0.451, 0.06, 0.757, 2.762, 0.267, 3.96, 0.034, 0.475, 21.912, 17.26, 8.564, 3.167, 0.972, 0.503, 4.936, 0.064, 4.353, 2.811, 0.667, 0.0, 7.793, 7.213, 3.741, 9.445, 6.327, 8.028, 9.094, 11.387, 14.248, 2.334, 3.523, 0.88, 2.504, 0.021, 0.043, 3.141, 1.152, 0.0, 8.613, 6.999, 6.266, 3.729, 2.633, 0.174, 0.0, 6.579, 4.659, 2.235, 0.0, 4.833, 2.946, 0.0, 0.0], "train_overestimate": [25.232, 3.21, 7.782, 8.992, 4.181, 8.367, 10.776, 5.556, 0.0, 0.0, 0.0, 0.875, 4.644, 10.896, 0.0, 0.0, 0.344, 2.675, 2.239, 6.726, 0.0, 0.509, 5.259, 9.309, 5.053, 4.229, 0.297, 8.592, 0.0, 0.0, 0.027, 3.495, 13.676, 3.806, 0.078, 0.0, 0.0, 0.0, 0.0, 0.0, 0.023, 0.035, 0.0, 0.0, 0.029, 0.409, 0.767, 1.65, 4.063, 1.008, 0.211, 2.099, 0.063, 3.819, 1.235, 0.0, 0.0, 0.0, 0.093, 0.851, 1.358, 0.0, 3.696, 0.007, 0.114, 0.832, 4.684, 0.0, 0.0, 0.037, 0.0, 0.0, 0.0, 0.0, 0.0, 0.0, 0.148, 0.059, 0.531, 0.074, 2.904, 2.182, 0.028, 0.292, 7.623, 0.0, 0.0, 0.0, 0.044, 0.035, 1.103, 4.158, 0.0, 0.0, 0.052, 6.17, 0.0, 0.0, 6.259, 6.246], "train_difference": [25.595, 12.983, 11.167, 10.818, 9.076, 9.776, 11.122, 6.19, 17.054, 11.89, 9.305, 2.912, 4.812, 10.896, 15.852, 11.262, 3.574, 3.216, 2.919, 6.785, 16.804, 3.301, 5.377, 9.309, 5.172, 4.408, 3.753, 8.592, 9.402, 6.865, 5.02, 3.717, 13.676, 3.948, 4.859, 9.44, 9.488, 13.726, 9.93, 9.205, 5.196, 4.755, 7.494, 7.168, 4.784, 2.084, 1.916, 2.101, 4.123, 1.765, 2.973, 2.365, 4.024, 3.853, 1.709, 21.912, 17.26, 8.564, 3.26, 1.822, 1.861, 4.936, 3.76, 4.36, 2.924, 1.499, 4.684, 7.793, 7.213, 3.778, 9.445, 6.327, 8.028, 9.094, 11.387, 14.248, 2.482, 3.582, 1.411, 2.578, 2.925, 2.226, 3.169, 1.445, 7.623, 8.613, 6.999, 6.266, 3.773, 2.668, 1.277, 4.158, 6.579, 4.659, 2.288, 6.17, 4.833, 2.946, 6.259, 6.246], "val_mae": [38.12, 28.724, 18.606, 18.101, 17.903, 16.702, 17.811, 11.111, 34.327, 23.513, 18.721, 5.347, 8.97, 21.741, 29.175, 20.497, 5.328, 5.508, 4.728, 13.41, 31.139, 4.428, 10.604, 18.29, 10.416, 8.137, 6.818, 16.231, 17.736, 13.141, 9.523, 6.271, 25.996, 7.196, 9.683, 17.978, 19.377, 26.66, 19.036, 18.057, 10.258, 9.265, 14.548, 14.601, 9.497, 3.653, 3.111, 3.045, 7.115, 2.83, 5.952, 3.64, 8.34, 6.749, 3.039, 43.055, 33.614, 17.728, 5.992, 2.732, 3.149, 9.836, 6.135, 8.607, 5.8, 2.739, 8.602, 15.902, 14.955, 7.649, 19.163, 12.877, 16.419, 17.936, 22.618, 28.751, 4.63, 7.387, 3.123, 5.416, 5.257, 4.254, 6.703, 3.497, 14.093, 17.563, 14.219, 12.769, 8.299, 5.732, 2.929, 7.635, 13.627, 9.861, 5.42, 11.379, 10.06, 6.523, 11.752, 12.199], "val_rmse": [42.795, 35.426, 23.996, 21.434, 23.268, 19.513, 19.693, 12.278, 37.46, 25.807, 21.442, 8.127, 10.165, 22.896, 30.327, 21.666, 6.884, 7.015, 6.34, 14.521, 32.14, 5.277, 11.821, 19.25, 11.794, 9.409, 8.509, 16.974, 18.709, 14.391, 10.751, 7.37, 26.79, 8.263, 11.128, 18.833, 21.331, 28.035, 19.989, 19.346, 11.584, 10.364, 15.489, 16.139, 10.732, 4.761, 4.168, 3.961, 7.908, 3.601, 7.487, 4.711, 9.693, 7.567, 3.857, 45.149, 35.362, 19.678, 6.733, 3.602, 4.084, 11.1, 6.99, 9.594, 6.995, 3.529, 9.38, 17.438, 16.817, 9.132, 20.562, 13.957, 18.013, 19.039, 24.043, 30.992, 5.448, 8.444, 4.164, 6.804, 5.982, 5.239, 8.041, 4.935, 14.721, 19.014, 15.428, 13.894, 10.039, 6.896, 3.835, 8.414, 15.002, 11.285, 6.776, 12.096, 11.209, 7.862, 12.571, 13.247],