{"val_loss": [0.019643260566226672, 0.012304098152122201, 0.009292972226426678, 0.008401931385176593, 0.008069326328647245, 0.008141221271620857, 0.007672219264552243, 0.008617837500019555, 0.007683503492444288, 0.0071289613220465575, 0.007750617641350901, 0.007009722842162268, 0.007182431724181192, 0.007430660588094422, 0.007899090601616384, 0.006635678696612659, 0.006878707283249241, 0.0067097807069431935, 0.006656570119957905, 0.0066569714749170495, 0.006919341682684414, 0.007071163291079251, 0.007054727825056438, 0.007584924048488675, 0.006778970651390005, 0.006673096778184926, 0.006777683179178793, 0.006977219998589135, 0.006873149204895728, 0.006895585198637693], "train_loss": [0.06929560063872486, 0.016217242475249805, 0.011223166358831804, 0.009513839955616277, 0.008715794370800722, 0.008487640108796768, 0.008467104540613946, 0.007943585151224397, 0.008153681505064014, 0.007286071784619708, 0.006945143089978956, 0.007082008582074195, 0.0067561885953182355, 0.006375672084686812, 0.006803114905778784, 0.006568630757101346, 0.00582869603385916, 0.005885687496629544, 0.005273890550597571, 0.0054964876544545405, 0.005070876082754694, 0.004836431136936881, 0.004625386878615245, 0.00516990759933833, 0.004525549447862431, 0.004029304345749551, 0.0037688886040996294, 0.004030935171613237, 0.003800825226790039, 0.0033600775968807284], "train_size": 1024, "val_size": 576, "rand_seed": 644, "shuffle": true, "loss_name": "mean_squared_error", "img_dim": [256, 256, 3], "patch_dim": [256, 256, 3], "patches_per_image": 1, "density_map_sigma": 5, "density_map_multiplication_factor": 100.0, "sub_experiment_name": "vgg_cells/n_64_sigma_5_randseed_644_loss_mse_full_img", "architecture": "UNet"}