{"val_loss": [0.07816052674833271, 0.06239064850120081, 0.04414854974796375, 0.03588869386456079, 0.035268151175437704, 0.026597555649156373, 0.02619582976007627, 0.022553479868090816, 0.02077565767750558, 0.02081873524002731, 0.021681070612329576, 0.019183157296437357, 0.018392893007128604, 0.015508122004879018, 0.017403713026497927, 0.01470084586698148, 0.01559628740263482, 0.016970321380843718, 0.01353936377240138, 0.014253783169099025, 0.013182282350802174, 0.012959571917437844, 0.015140054928552773, 0.01255310352684723, 0.013138331511678794, 0.013455855013388727, 0.012278859982163541, 0.01281149045098573, 0.013028127632828223, 0.011699395338332074, 0.012517128993446628, 0.012064688554447558, 0.014977377839386463, 0.011133939021318737, 0.010918233291401217, 0.010884586851009063, 0.012005326816708677, 0.01074075012648892, 0.01090621824712596, 0.010703987784735445, 0.00997738509775243, 0.010589581965986226, 0.01022334109681348, 0.010196444597871354, 0.01024107688701608, 0.010535265519542413, 0.010829341785413109, 0.009622554637543444, 0.009657644524445964, 0.009595798884725405, 0.010940263875656657, 0.010217439784254465, 0.013140327866292663, 0.009880517499469634, 0.009706542439137896, 0.010433960266204344, 0.010238243965432048, 0.010095732377117706, 0.011019374379732957, 0.009040057853174707, 0.009322454228014167, 0.009407828180378096, 0.009055937802056886, 0.00958699507949253, 0.009326433601220034, 0.008832532847817574, 0.008884755907476775, 0.008844480093102902, 0.00956959819369432, 0.01041323800260822, 0.009145013742252357, 0.009774275777292334, 0.009218547493219376, 0.009394909934295962, 0.009918541311182909, 0.00933061916536341, 0.009792801561868854, 0.009661694147831036, 0.009840920586915066, 0.009120424491508553, 0.009722677130614303, 0.008587681423200088, 0.008728231846665343, 0.008754084384741468, 0.008550843618447997, 0.009182622300512675, 0.008330432808078412, 0.009020284516736865, 0.0085394460022346, 0.009887923661153764, 0.008739099850774638, 0.008604407970172664, 0.00847513117413554, 0.008410207907824466, 0.008399497892241925, 0.008883310216737704, 0.008310037108862566, 0.008413757488597184, 0.008263109859803485, 0.008259831403847784], "train_mae": [50.728, 28.228, 38.508, 33.289, 47.436, 13.441, 26.005, 17.093, 18.984, 27.919, 39.561, 27.704, 26.137, 6.464, 27.758, 8.886, 16.873, 29.995, 4.979, 17.775, 5.526, 11.273, 30.043, 10.341, 18.413, 19.187, 9.594, 22.283, 24.092, 6.125, 22.078, 16.513, 31.288, 6.393, 6.836, 7.386, 17.246, 7.196, 10.293, 14.646, 4.403, 9.599, 8.932, 4.921, 11.38, 11.902, 13.424, 5.077, 4.497, 3.579, 13.09, 6.527, 36.671, 3.826, 4.323, 11.743, 14.593, 16.216, 22.857, 5.243, 12.045, 3.654, 4.156, 6.075, 6.772, 4.734, 4.773, 6.177, 15.634, 21.9, 8.069, 14.62, 7.773, 8.741, 16.685, 15.903, 19.509, 8.576, 23.662, 9.041, 14.138, 4.781, 9.193, 11.018, 6.746, 12.654, 3.379, 4.444, 12.817, 21.154, 12.857, 3.218, 3.571, 9.235, 6.008, 15.849, 4.09, 4.708, 4.511, 3.047], "train_rmse": [54.464, 32.508, 42.115, 40.959, 52.937, 18.055, 27.252, 19.949, 20.273, 29.045, 40.706, 28.638, 27.313, 8.259, 29.079, 10.719, 18.126, 31.385, 6.648, 18.991, 7.183, 12.877, 31.393, 11.942, 20.008, 20.607, 11.283, 23.171, 25.253, 7.658, 23.289, 18.063, 32.744, 7.937, 8.288, 8.717, 19.365, 8.719, 11.525, 16.177, 5.871, 11.501, 10.227, 6.183, 13.211, 13.388, 15.06, 6.476, 5.662, 4.913, 14.718, 8.44, 38.163, 5.105, 5.349, 13.16, 16.198, 17.61, 24.707, 6.641, 13.634, 4.754, 5.214, 7.538, 7.754, 6.138, 6.14, 7.453, 17.292, 23.497, 9.253, 15.441, 9.263, 10.306, 17.905, 17.441, 20.909, 10.243, 24.718, 10.245, 14.834, 6.146, 10.268, 11.996, 8.219, 13.699, 4.231, 5.909, 13.892, 21.891, 14.142, 4.176, 4.407, 10.633, 7.311, 16.681, 5.21, 5.582, 5.513, 3.915], "train_underestimate": [0.149, 1.611, 0.417, 17.808, 25.613, 6.534, 0.0, 9.229, 0.0, 15.075, 21.361, 14.959, 14.113, 1.296, 14.988, 0.293, 9.111, 16.196, 1.572, 9.598, 2.25, 5.992, 16.222, 5.467, 0.0, 10.36, 0.221, 12.032, 13.009, 0.467, 11.921, 0.0, 16.894, 0.413, 0.399, 0.284, 9.303, 0.393, 0.138, 7.897, 1.612, 4.911, 0.138, 1.815, 6.024, 6.393, 7.232, 2.188, 1.203, 1.116, 0.036, 0.508, 19.8, 0.876, 0.936, 6.325, 7.873, 8.756, 12.342, 2.616, 6.474, 1.049, 1.086, 2.642, 0.126, 2.109, 2.346, 3.224, 8.439, 11.825, 4.304, 0.0, 4.099, 4.635, 9.009, 8.587, 10.534, 0.092, 12.776, 0.046, 0.0, 2.368, 4.937, 5.944, 3.495, 6.833, 0.709, 0.481, 6.92, 11.422, 6.928, 0.65, 0.749, 4.931, 3.095, 8.558, 1.981, 0.209, 0.172, 1.105], "train_overestimate": [27.241, 13.631, 20.375, 0.166, 0.0, 0.724, 14.042, 0.0, 10.25, 0.0, 0.0, 0.0, 0.0, 2.195, 0.0, 4.504, 0.0, 0.0, 1.116, 0.0, 0.734, 0.095, 0.0, 0.116, 9.942, 0.0, 4.96, 0.0, 0.0, 2.84, 0.0, 8.916, 0.0, 3.039, 3.292, 3.704, 0.009, 3.493, 5.419, 0.011, 0.765, 0.272, 4.685, 0.842, 0.12, 0.033, 0.016, 0.553, 1.225, 0.816, 7.032, 3.016, 0.0, 1.19, 1.398, 0.016, 0.006, 0.0, 0.0, 0.215, 0.03, 0.924, 1.158, 0.638, 3.53, 0.448, 0.231, 0.111, 0.002, 0.0, 0.052, 7.894, 0.098, 0.085, 0.0, 0.0, 0.0, 4.539, 0.0, 4.835, 7.634, 0.214, 0.027, 0.005, 0.148, 0.0, 1.116, 1.919, 0.0, 0.0, 0.014, 1.087, 1.179, 0.055, 0.149, 0.0, 0.227, 2.333, 2.263, 0.54], "train_difference": [27.391, 15.242, 20.792, 17.974, 25.613, 7.258, 14.042, 9.229, 10.25, 15.075, 21.361, 14.959, 14.113, 3.49, 14.988, 4.798, 9.111, 16.196, 2.689, 9.598, 2.984, 6.087, 16.222, 5.584, 9.942, 10.36, 5.18, 12.032, 13.009, 3.307, 11.921, 8.916, 16.894, 3.452, 3.691, 3.988, 9.312, 3.885, 5.557, 7.908, 2.378, 5.183, 4.823, 2.657, 6.144, 6.426, 7.248, 2.742, 2.428, 1.933, 7.068, 3.524, 19.8, 2.066, 2.334, 6.341, 7.879, 8.756, 12.342, 2.831, 6.504, 1.973, 2.244, 3.28, 3.656, 2.556, 2.577, 3.335, 8.441, 11.825, 4.357, 7.894, 4.197, 4.72, 9.009, 8.587, 10.534, 4.63, 12.776, 4.882, 7.634, 2.581, 4.964, 5.949, 3.642, 6.833, 1.824, 2.399, 6.92, 11.422, 6.942, 1.737, 1.928, 4.986, 3.244, 8.558, 2.208, 2.542, 2.436, 1.645], "val_mae": [55.756, 34.819, 43.812, 28.615, 42.234, 13.586, 26.902, 14.862, 18.806, 25.805, 36.844, 25.965, 24.307, 6.728, 25.627, 8.333, 15.575, 27.64, 4.847, 16.288, 5.203, 9.742, 27.51, 8.678, 18.358, 17.234, 9.125, 20.609, 21.862, 6.118, 19.781, 16.922, 28.294, 6.424, 7.511, 8.158, 14.458, 8.633, 11.165, 12.189, 4.118, 8.023, 10.239, 4.275, 9.256, 9.507, 10.821, 4.273, 4.63, 3.753, 13.738, 6.565, 33.012, 4.068, 4.887, 9.316, 11.908, 13.437, 19.482, 4.31, 9.504, 3.822, 4.556, 5.346, 7.997, 4.016, 4.077, 4.855, 12.657, 18.656, 6.001, 15.682, 6.131, 6.909, 13.978, 13.08, 16.521, 9.159, 20.822, 10.023, 15.391, 4.102, 7.136, 8.9, 5.552, 10.158, 3.9, 5.133, 10.507, 18.64, 10.51, 3.693, 4.184, 7.123, 4.797, 13.361, 3.697, 5.747, 5.399, 3.12], "val_rmse": [59.839, 39.232, 47.634, 40.472, 50.863, 19.351, 28.308, 19.313, 20.228, 27.41, 38.485, 27.215, 25.961, 8.462, 27.499, 10.523, 17.117, 29.612, 6.37, 17.612, 6.38, 11.491, 29.222, 10.417, 19.759, 18.903, 11.075, 21.447, 23.197, 7.545, 21.101, 18.234, 30.17, 7.879, 8.619, 9.305, 17.266, 9.731, 12.3, 14.006, 5.021, 9.899, 11.386, 5.587, 11.132, 11.193, 12.907, 5.469, 5.78, 4.581, 15.642, 9.168, 35.028, 5.115, 5.768, 11.141, 14.029, 15.138, 22.016, 5.091, 11.434, 4.65, 5.403, 6.878, 8.962, 5.19, 4.823, 5.69, 14.87, 20.785, 7.413, 16.484, 7.632, 8.629, 15.546, 15.101, 18.377, 11.331, 22.205, 11.444, 16.003, 5.064, 8.548, 10.157, 6.824, 11.504, 4.796, 7.376, 11.869, 19.593, 12.25, 4.831, 5.068, 8.734, 5.885, 14.428, 4.341, 6.962, 6.827, 3.926],