{"val_loss": [0.012250673899769835, 0.006581569286330098, 0.005531988902779024, 0.004912793279597988, 0.004834834349821904, 0.004366309731570557, 0.004438944808801655, 0.004236918318585797, 0.004041610153864086, 0.0039283408105903715, 0.003916260816772087, 0.0038758547398174414, 0.0038480222396578435, 0.00465516132862831, 0.0038771247808553097, 0.003806017767197368, 0.004087254774579681, 0.003790367377708511, 0.0038288876646927544, 0.003767158057093588, 0.004029091943872724, 0.0037472404385173125, 0.003972609609162545, 0.003909989874248115, 0.00394589213687545, 0.003910867024994029, 0.00405044566761919, 0.003907653117089972, 0.00389982713234834, 0.004184445754819737], "train_loss": [0.033726451540132985, 0.007966910590766929, 0.005640954492264427, 0.004717496187367942, 0.004220325095957378, 0.0041323934456158895, 0.003840590154140955, 0.003806710596109042, 0.003577942159608938, 0.0034243484697071835, 0.0032353975875594188, 0.003308379491500091, 0.003278930624219356, 0.0031951115306583233, 0.003168973864376312, 0.0029555690962297376, 0.002822215436026454, 0.002839802182279527, 0.002710308977839304, 0.0026417941007821355, 0.002449522216920741, 0.0025578192216926254, 0.002284400028656819, 0.0023491752453992376, 0.0022275157607509755, 0.0020292504377721343, 0.001997415252844803, 0.0019125025610264856, 0.0018075521711580222, 0.001946084503288148], "train_size": 1024, "val_size": 576, "rand_seed": 645, "shuffle": true, "loss_name": "logcosh", "img_dim": [256, 256, 3], "patch_dim": [256, 256, 3], "patches_per_image": 1, "density_map_sigma": 5, "density_map_multiplication_factor": 100.0, "sub_experiment_name": "vgg_cells/n_64_sigma_5_randseed_645_loss_logcosh_full_img", "architecture": "UNet"}