{"val_loss": [0.011306035962528707, 0.010193471973068656, 0.009844293656171656], "val_activation_2_loss": [0.0498939428813337, 0.0498939428813337, 0.0498939428813337], "val_conv2d_24_loss": [0.011306035962528707, 0.010193471973068656, 0.009844293656171656], "activation_2_loss": [0.04365212773758685, 0.04365212773758685, 0.04365212773758685], "conv2d_24_loss": [0.012176745660775245, 0.009250467504738884, 0.008439647346434261], "train_loss": [0.012176745660775245, 0.009250467504738884, 0.008439647346434261], "train_size": 14400, "val_size": 1424, "rand_seed": 9001, "shuffle": true, "seg_loss_name": "binary_crossentropy", "reg_loss_name": "logcosh", "img_dim": [720, 1280, 3], "patch_dim": [720, 1280, 3], "patches_per_image": 1, "density_map_sigma": 10, "density_map_multiplication_factor": 2000.0, "sub_experiment_name": "carpk/sigma_10_loss_logcosh_full_img_epochs_3_lr_1e-4", "architecture": "SegRegNet"}