{"val_loss": [0.07525900401321522, 0.05761347332017057, 0.0498939428813337], "val_activation_1_loss": [0.07525900401321522, 0.05761347332017057, 0.0498939428813337], "val_conv2d_12_loss": [0.06026473786195301, 0.06208119636500945, 0.06317749599078565], "activation_1_loss": [0.11151493182315284, 0.059978514585365905, 0.04897074819050936], "conv2d_12_loss": [0.05941793030373649, 0.058404228295322456, 0.05980995188701652], "train_loss": [0.11151493182315284, 0.059978514585365905, 0.04897074819050936], "train_size": 14400, "val_size": 1424, "rand_seed": 9001, "shuffle": true, "seg_loss_name": "binary_crossentropy", "reg_loss_name": "logcosh", "img_dim": [720, 1280, 3], "patch_dim": [720, 1280, 3], "patches_per_image": 1, "density_map_sigma": 10, "density_map_multiplication_factor": 2000.0, "sub_experiment_name": "carpk/sigma_10_loss_logcosh_full_img_epochs_3_lr_1e-4", "architecture": "SegRegNet"}