{"val_loss": [0.08994550312335571, 0.06475615823704205, 0.058140136259660295, 0.0468454220217098, 0.04001793520671598], "train_mae": [16.943, 8.997, 8.945, 7.592, 5.057], "train_rmse": [20.466, 11.878, 13.269, 8.947, 7.586], "train_underestimate": [2.722, 17.98, 18.838, 3.138, 10.553], "train_overestimate": [37.112, 3.171, 2.193, 14.711, 1.337], "train_difference": [39.833, 21.151, 21.031, 17.849, 11.889], "val_mae": [18.225, 9.446, 11.796, 7.403, 6.136], "val_rmse": [21.772, 12.814, 15.804, 9.155, 8.843], "val_underestimate": [4.133, 19.275, 24.456, 4.154, 12.916], "val_overestimate": [36.509, 1.791, 1.85, 12.353, 0.766], "val_difference": [40.643, 21.066, 26.306, 16.508, 13.682], "train_loss": [0.15673683064342994, 0.07569215175152445, 0.057011785397513046, 0.04440934161468047, 0.03996693638619035], "train_size": 900, "val_size": 89, "rand_seed": 9001, "shuffle": true, "loss_name": "mean_squared_error", "img_dim": [720, 1280, 3], "patch_dim": [128, 128, 3], "patches_per_image": 32, "density_map_sigma": 10, "density_map_multiplication_factor": 2000.0, "sub_experiment_name": "carpk/sigma_10_loss_mse_patch_32_128x128_epochs_5", "architecture": "UNet"}