{"val_loss": [4.530061883084914, 1.1606786676189478, 0.28006885069258075, 0.08889941328807789, 0.1803333536886117, 0.12025892866008422, 0.08118347237434458, 0.08380237873643637, 0.0926533445770688, 0.09484090113683659, 0.08944271458312869, 0.08009970023789827, 0.07416775767855785, 0.07824500080417185, 0.0802885371753398, 0.07391506690970238, 0.06852415228700813, 0.06899232902180623, 0.0685078080962686, 0.0644738722647376, 0.06036590080817833, 0.06019374681636691, 0.05681484480224112, 0.051405208979678506, 0.04919313214828863, 0.045035021954818684, 0.03826499941265758, 0.036901297568179225, 0.04470223414382952, 0.07437835370793063, 0.03574342380606515, 0.05964373788960716, 0.03794614606372574, 0.04126453673576608, 0.046482377603430956, 0.03424349161522353, 0.03772773625164786, 0.041770501952508796, 0.036428545875584376, 0.0338435723884579, 0.03774961511440137, 0.036199580836931575, 0.03189300892271978, 0.032551741049460625, 0.03342627286089256, 0.03091456082320827, 0.029551445273682475, 0.030522380736382568, 0.02957157712594113, 0.027921183404567486, 0.029063888715908807, 0.028067245997269365, 0.027031743789420408, 0.02766584643327138, 0.026395547011976734, 0.026026875424363157, 0.02617889443439815, 0.02488520315519589, 0.025184893542352843, 0.02434625179397271, 0.02398626146125881, 0.023814848528298384, 0.022953007246970254, 0.02300033618367332, 0.022021369090961182, 0.022230368374627742, 0.021224833148367265, 0.021175741594668257, 0.020539058331290588, 0.020144179408602855, 0.01998301043503863, 0.019182522630538133, 0.01911845395807177, 0.019088299171177343, 0.01858288381823941, 0.017597392187727726, 0.017179105389753684, 0.017623136532219016, 0.019035758087685442, 0.02068173962727408, 0.016850865391247413, 0.016291909467648056, 0.01813194578896989, 0.015299757216673563, 0.016730654690250316, 0.015942152774454477, 0.015099484754233238, 0.016315653187441912, 0.014509082217152943, 0.014931742471697576, 0.015068280127118616, 0.013732846189454636, 0.014328216935288818, 0.014008952592335203, 0.013027238724616301, 0.013253600083236746, 0.013627306493136156, 0.013637899369795752, 0.012714715225978153, 0.012130559935672757], "train_mae": [1381.082, 665.987, 282.304, 76.937, 216.389, 143.938, 41.325, 36.072, 67.838, 74.019, 61.215, 33.941, 24.525, 65.634, 78.407, 56.135, 27.34, 22.377, 26.986, 21.497, 24.724, 53.76, 46.855, 25.385, 21.631, 24.978, 21.655, 24.091, 56.192, 127.713, 17.455, 98.467, 37.652, 58.715, 76.856, 24.514, 34.109, 48.329, 27.0, 22.978, 50.345, 45.176, 19.878, 20.023, 27.967, 17.638, 16.966, 28.991, 25.359, 13.055, 21.716, 17.116, 14.479, 23.218, 16.067, 12.981, 16.364, 11.127, 19.549, 14.926, 10.459, 11.904, 11.535, 17.714, 7.664, 12.337, 8.636, 14.214, 8.622, 8.37, 14.592, 5.22, 10.003, 16.675, 12.741, 6.784, 8.067, 16.971, 31.869, 37.883, 20.858, 17.56, 25.578, 7.114, 26.553, 16.617, 11.007, 25.146, 9.265, 16.901, 20.007, 5.101, 14.752, 17.473, 5.05, 12.926, 17.532, 21.086, 13.491, 4.935], "train_rmse": [1391.905, 676.112, 288.777, 78.338, 216.88, 144.383, 45.683, 44.309, 75.546, 81.531, 69.393, 42.123, 27.659, 67.947, 80.077, 59.048, 30.435, 29.147, 35.109, 27.683, 27.718, 56.626, 50.367, 28.372, 28.241, 32.629, 24.303, 26.906, 62.704, 128.125, 23.058, 104.054, 44.722, 60.057, 77.676, 27.565, 41.26, 55.254, 33.922, 25.619, 52.032, 47.079, 22.17, 26.55, 34.483, 23.462, 19.011, 31.5, 28.03, 15.778, 27.571, 22.711, 16.315, 25.563, 18.156, 17.29, 21.317, 12.959, 21.62, 16.923, 13.959, 15.585, 13.331, 19.378, 9.484, 15.609, 10.071, 15.775, 10.806, 10.418, 15.986, 6.835, 11.891, 17.931, 14.667, 8.502, 9.784, 18.445, 32.883, 39.113, 22.231, 18.997, 26.758, 8.851, 27.747, 17.964, 12.615, 26.282, 10.899, 18.295, 21.159, 6.289, 16.45, 18.645, 6.201, 14.425, 18.979, 22.094, 15.094, 6.113], "train_underestimate": [0.0, 348.856, 147.876, 0.0, 0.0, 0.0, 0.096, 18.169, 35.535, 38.772, 32.066, 16.909, 2.609, 0.0, 0.0, 0.0, 1.705, 9.148, 12.813, 8.279, 2.196, 0.0, 0.0, 1.839, 8.984, 11.831, 2.043, 1.114, 29.434, 0.0, 7.294, 51.579, 19.664, 0.0, 0.0, 0.705, 17.635, 25.315, 13.532, 1.029, 0.0, 0.0, 1.287, 9.656, 14.354, 8.147, 1.48, 0.041, 0.112, 2.986, 10.967, 8.241, 1.53, 0.109, 0.71, 5.602, 8.06, 2.089, 0.107, 0.393, 4.346, 5.546, 0.568, 0.049, 1.756, 6.246, 0.678, 0.03, 4.174, 4.073, 0.0, 1.671, 5.103, 0.0, 6.671, 0.286, 0.16, 8.89, 0.0, 19.844, 0.0, 0.0, 13.398, 0.191, 0.0, 8.705, 5.729, 0.0, 4.749, 8.853, 0.0, 1.374, 7.727, 0.0, 1.449, 6.771, 0.0, 11.045, 0.009, 1.464], "train_overestimate": [723.435, 0.0, 0.0, 40.301, 113.348, 75.397, 21.55, 0.726, 0.0, 0.0, 0.0, 0.87, 10.237, 34.38, 41.071, 29.404, 12.616, 2.574, 1.322, 2.982, 10.755, 28.16, 24.544, 11.458, 2.347, 1.252, 9.3, 11.505, 0.0, 66.898, 1.849, 0.0, 0.059, 30.756, 40.259, 12.136, 0.231, 0.0, 0.611, 11.008, 26.371, 23.664, 9.125, 0.832, 0.295, 1.092, 7.407, 15.144, 13.172, 3.852, 0.409, 0.725, 6.054, 12.053, 7.706, 1.197, 0.511, 3.74, 10.133, 7.426, 1.133, 0.689, 5.474, 9.229, 2.259, 0.217, 3.846, 7.416, 0.342, 0.312, 7.644, 1.063, 0.137, 8.735, 0.003, 3.267, 4.066, 0.0, 16.694, 0.0, 10.926, 9.198, 0.0, 3.535, 13.909, 0.0, 0.037, 13.172, 0.104, 0.0, 10.48, 1.298, 0.0, 9.152, 1.197, 0.0, 9.184, 0.0, 7.057, 1.121], "train_difference": [723.435, 348.856, 147.876, 40.301, 113.348, 75.397, 21.647, 18.895, 35.535, 38.772, 32.066, 17.779, 12.846, 34.38, 41.071, 29.404, 14.321, 11.722, 14.136, 11.261, 12.951, 28.16, 24.544, 13.297, 11.331, 13.084, 11.343, 12.619, 29.434, 66.898, 9.143, 51.579, 19.723, 30.756, 40.259, 12.841, 17.867, 25.315, 14.143, 12.036, 26.371, 23.664, 10.412, 10.488, 14.65, 9.239, 8.887, 15.186, 13.283, 6.838, 11.375, 8.966, 7.584, 12.162, 8.416, 6.8, 8.572, 5.829, 10.24, 7.819, 5.479, 6.235, 6.042, 9.279, 4.015, 6.463, 4.524, 7.445, 4.516, 4.385, 7.644, 2.734, 5.24, 8.735, 6.674, 3.553, 4.226, 8.89, 16.694, 19.844, 10.926, 9.198, 13.398, 3.726, 13.909, 8.705, 5.765, 13.172, 4.853, 8.853, 10.48, 2.672, 7.727, 9.152, 2.645, 6.771, 9.184, 11.045, 7.067, 2.585], "val_mae": [1312.57, 625.393, 262.56, 77.874, 209.806, 141.405, 46.258, 33.665, 59.112, 64.932, 52.947, 32.543, 28.903, 67.496, 79.602, 58.896, 31.495, 26.346, 28.878, 25.605, 28.928, 56.438, 50.505, 29.414, 25.268, 26.738, 25.112, 27.316, 49.563, 124.028, 20.027, 89.557, 32.958, 58.762, 75.916, 27.703, 30.406, 42.137, 25.834, 26.01, 50.811, 46.033, 22.637, 21.223, 25.526, 19.214, 19.419, 30.91, 27.607, 15.595, 20.733, 17.966, 16.503, 24.938, 18.165, 14.567, 16.424, 12.922, 20.906, 16.759, 11.883, 12.352, 13.131, 18.246, 9.1, 11.387, 9.62, 14.487, 7.608, 7.276, 14.212, 5.239, 8.924, 15.898, 11.824, 6.976, 8.249, 15.651, 30.328, 35.153, 19.603, 16.585, 23.585, 7.179, 25.241, 15.084, 9.909, 24.368, 8.381, 15.061, 19.922, 5.001, 13.097, 17.748, 4.67, 11.608, 17.24, 19.336, 13.51, 4.143], "val_rmse": [1330.085, 641.783, 273.022, 79.65, 210.47, 141.917, 50.06, 44.041, 71.609, 77.102, 66.008, 42.216, 33.93, 70.496, 81.751, 62.239, 36.301, 32.322, 36.535, 31.287, 33.706, 59.665, 53.892, 34.032, 31.164, 34.074, 29.219, 30.975, 59.877, 124.498, 25.354, 98.476, 43.526, 60.417, 76.878, 31.053, 40.573, 53.107, 34.307, 29.363, 52.892, 48.178, 25.834, 27.823, 34.385, 25.108, 22.373, 32.986, 29.734, 19.009, 28.097, 23.939, 19.19, 26.851, 20.311, 18.985, 22.141, 15.515, 22.591, 18.376, 15.554, 16.669, 14.697, 19.665, 11.044, 15.941, 10.981, 15.568, 11.098, 10.616, 15.179, 7.012, 11.746, 16.776, 14.243, 7.88, 9.123, 17.639, 31.084, 37.185, 20.656, 17.623, 25.463, 8.182, 26.173, 17.03, 11.922, 25.182, 10.264, 17.195, 20.731, 6.671, 15.467, 18.559, 6.249, 13.437, 18.239, 20.762, 14.471, 5.589],