{"val_loss": [4.530061550000134, 1.160676240482751, 0.2800675350077012, 0.08889955074033316, 0.1803329398526865, 0.12025883607566357, 0.08118343260139227, 0.08380233975784744, 0.0926535067093723, 0.0948403067612911, 0.0894424386377282, 0.0801005769685349, 0.0741695585551069, 0.078241539078162, 0.08029171884717311, 0.07392180902773843, 0.0685262722784982, 0.06899149387198336, 0.06850950288421967, 0.06447671775651329, 0.0603689454112421, 0.060188456493265485, 0.05681769281406613, 0.051405533764730484, 0.04918554082841558, 0.04501534566995414, 0.03825003566110835, 0.03688154547639629, 0.04463148134870126, 0.07477402752813171, 0.03576437509892618, 0.059927993317079896, 0.0380183342460762, 0.04126455796444241, 0.04667034854783731, 0.0343216491780956, 0.037682044004802316, 0.04187977833070738, 0.03660706667613019, 0.0338271139874397, 0.03773607842295485, 0.036387898835956174, 0.03199553780038567, 0.0324859225519878, 0.03349311479969936, 0.031064551748225793, 0.02955497817738968, 0.030513239476610634, 0.029726022334002396, 0.027941074756467166, 0.029012841638177633, 0.028217667035813278, 0.026938025593100226, 0.02717204498784507, 0.026083299616242155, 0.026248769403216157, 0.025178434067022276, 0.02526642586214139, 0.024364576099769157, 0.02454224382253254, 0.02355263873195166, 0.023393634843694812, 0.022697798222960794, 0.022125521476161394, 0.022034861503497642, 0.021297849899650934, 0.020670814747812554, 0.020588480470263782, 0.020302933072397375, 0.019507949891061905, 0.018986317322260755, 0.018770788364824566, 0.018931886468849638, 0.021281630232217994, 0.022774391081731987], "train_loss": [0.10282902419567108, 4.924105644226074, 1.2761353254318237, 0.3083667755126953, 0.0954853743314743, 0.19362646341323853, 0.12850229442119598, 0.08697889745235443, 0.09077338129281998, 0.100858673453331, 0.10331898182630539, 0.09728401899337769, 0.08676133304834366, 0.07980155199766159, 0.08370611816644669, 0.08578512072563171, 0.07907161116600037, 0.07356275618076324, 0.07447674870491028, 0.0740702822804451, 0.06955182552337646, 0.06482616811990738, 0.06429341435432434, 0.060704976320266724, 0.05515541136264801, 0.05309749394655228, 0.0486091785132885, 0.040816813707351685, 0.03912131488323212, 0.04805433750152588, 0.07950031757354736, 0.03784119337797165, 0.06508578360080719, 0.04058874398469925, 0.04342295974493027, 0.049236174672842026, 0.036121733486652374, 0.04021601751446724, 0.04491284862160683, 0.038907021284103394, 0.03549705445766449, 0.03956451267004013, 0.03816067799925804, 0.033561788499355316, 0.03427799418568611, 0.03544612228870392, 0.03272981196641922, 0.030986763536930084, 0.03199539706110954, 0.031160978600382805, 0.029272526502609253, 0.0305109154433012, 0.029640261083841324, 0.028221581131219864, 0.02852644957602024, 0.02743062563240528, 0.027667835354804993, 0.026448093354701996, 0.026521936058998108, 0.025513876229524612, 0.025701507925987244, 0.024637866765260696, 0.024518437683582306, 0.023750025779008865, 0.023155394941568375, 0.023122794926166534, 0.022284608334302902, 0.021621061488986015, 0.02160002663731575, 0.021148618310689926, 0.020351052284240723, 0.019725928083062172, 0.019427161663770676, 0.019713256508111954, 0.022020192816853523], "train_mae": [43.721580505371094, 1381.08203125, 665.986572265625, 282.30322265625, 76.93701171875, 216.388671875, 143.9381866455078, 41.32465362548828, 36.0726203918457, 67.83948516845703, 74.01808166503906, 61.214820861816406, 33.94158172607422, 24.519569396972656, 65.60615539550781, 78.40927124023438, 56.16334533691406, 27.357934951782227, 22.371849060058594, 26.986831665039062, 21.50092315673828, 24.70873260498047, 53.71135711669922, 46.871089935302734, 25.412887573242188, 21.617921829223633, 24.96052360534668, 21.730274200439453, 23.90801429748535, 55.95748519897461, 128.36282348632812, 17.607379913330078, 99.04676818847656, 37.99777603149414, 58.720787048339844, 77.37459564208984, 24.899864196777344, 33.80791473388672, 48.63086700439453, 27.718416213989258, 22.428913116455078, 50.101070404052734, 45.89706039428711, 20.511579513549805, 19.479045867919922, 28.112634658813477, 18.179866790771484, 16.426654815673828, 28.633651733398438, 26.273427963256836, 13.571908950805664, 21.281566619873047, 18.15169906616211, 13.635089874267578, 18.966075897216797, 12.29751205444336, 15.074697494506836, 11.840054512023926, 17.736879348754883, 10.598522186279297, 12.595471382141113, 11.09444808959961, 15.75916862487793, 8.712076187133789, 7.957154750823975, 16.114276885986328, 8.656426429748535, 6.460180282592773, 13.301660537719727, 11.53654670715332, 9.855545043945312, 5.110412120819092, 8.181875228881836, 16.629901885986328, 32.82185363769531], "val_mae": [1312.5702281278723, 625.3924336152918, 262.55939124612246, 77.87450577231014, 209.8054131900563, 141.40520443635828, 46.25810499752269, 33.66483374202953, 59.1129108877743, 64.93149331036736, 52.94651648577522, 32.543268876917224, 28.898815155029297, 67.46991067774155, 79.60437651241527, 58.92083078272202, 31.512176513671875, 26.341320037841797, 28.878542619593002, 25.607272204230814, 28.91352171056411, 56.39628253263586, 50.51842465120203, 29.439530092127182, 25.260116913739374, 26.73081599964815, 25.175729751586914, 27.11693292505601, 49.345707837273096, 124.64265946780934, 20.10978541654699, 90.10625379225787, 33.22541752983542, 58.76839592877556, 76.40852905722225, 28.145884345559512, 30.189598868874942, 42.411569146549, 26.229164908914004, 25.41552229488597, 50.59632705239689, 46.666732451495, 23.30572801477769, 20.90619939916274, 25.63419532775879, 19.614781547995175, 18.922510147094727, 30.627377341775333, 28.40507282930262, 15.836356219123392, 20.50047549079446, 18.55971347584444, 15.623888913322897, 21.02948211221134, 14.157458361457376, 15.704826130586511, 13.509289909811582, 19.458844465367935, 12.328691482543945, 13.236538718728458, 12.524222205666934, 16.975059397080365, 9.904844508451575, 9.150188446044922, 16.54977035522461, 8.32040573568905, 6.695553274715648, 13.222781574024873, 10.483419193941003, 10.023429534014534, 5.14973606782801, 6.97124683155733, 15.631221210255342, 30.688881032607135, 41.93150598862592], "train_rmse": [51.377559661865234, 1391.9051513671875, 676.111328125, 288.77618408203125, 78.33808135986328, 216.879638671875, 144.3828582763672, 45.682838439941406, 44.30877685546875, 75.54733276367188, 81.53041076660156, 69.39215850830078, 42.12327575683594, 27.65485954284668, 67.92159271240234, 80.07926177978516, 59.074161529541016, 30.45391273498535, 29.13679313659668, 35.10945129394531, 27.68911361694336, 27.702381134033203, 56.581764221191406, 50.38111114501953, 28.39975357055664, 28.219324111938477, 32.61224365234375, 24.375450134277344, 26.6895751953125, 62.471900939941406, 128.77560424804688, 23.295019149780273, 104.62773132324219, 45.04981994628906, 60.06450653076172, 78.18569946289062, 28.070358276367188, 40.9501838684082, 55.536746978759766, 34.64551544189453, 24.967967987060547, 51.80696487426758, 47.75632095336914, 22.86530113220215, 25.93890380859375, 34.641944885253906, 24.22869300842285, 18.48368263244629, 31.176788330078125, 28.87755012512207, 15.840136528015137, 27.14378547668457, 23.849590301513672, 15.438403129577637, 21.3301944732666, 14.168580055236816, 19.901798248291016, 13.469304084777832, 19.829675674438477, 12.352129936218262, 16.597185134887695, 12.60409927368164, 17.61876678466797, 11.416057586669922, 10.301864624023438, 17.6866512298584, 11.174530982971191, 8.271239280700684, 14.847070693969727, 13.880596160888672, 11.4503812789917, 6.528955936431885, 9.696645736694336, 17.98179817199707, 34.07826614379883],