{"val_loss": [2.1911004676538357, 0.04642240440144258, 0.1492488966049517, 0.08171453184502966, 0.04761320522383732, 0.03727277951753315, 0.04107845018563025, 0.043969354510088175, 0.03934616677682189, 0.03562149104169186, 0.034995986669159984, 0.03413377254379585, 0.03270748943802627, 0.03269577864557505, 0.03319277877316756, 0.030988574041711056, 0.028970493606346494, 0.0279135148260085, 0.026180320309803766, 0.02565474038505379, 0.024299134472932887, 0.021642916781060836, 0.02032732021282701, 0.01995044107110623, 0.018392930451013586, 0.017220434486208594, 0.01745504780453356, 0.016397010083036387, 0.01592878272811718, 0.017509010798462173, 0.014896973844288904, 0.01447164561079048, 0.015657665796906632, 0.013579148819724865, 0.01313570564311436, 0.013905738877570805, 0.012444376500378199, 0.012194965096354923, 0.012807916507453602, 0.01167899597545757, 0.011498991403427413, 0.011854110456838766, 0.011006459949866813, 0.010811549861340182, 0.01122712083023918, 0.010601062841220376, 0.010233588985797456, 0.010127006694400573, 0.010109327843084055, 0.01027745718944489, 0.009651420788620324, 0.009258926804999219, 0.009100979632314514, 0.00929872680332183, 0.010757064100984922, 0.010864262318457751, 0.008414010630290517, 0.010518283942741725, 0.009602305458803825, 0.008678600668003234, 0.010266575520611642, 0.007936874267590396, 0.009042559708605576, 0.007815917423131931, 0.009080893599756938, 0.008224011614562614, 0.007911274103475186, 0.008462416203281678, 0.007287609447410111, 0.00791626884807449, 0.007019208278506994, 0.008060227853574735, 0.007332351733245613, 0.006965011656147373, 0.007791950230431908, 0.006667803265907637, 0.006829523960785831, 0.0069526214690139405, 0.006287129315109376, 0.006563850334393518, 0.0064785747980589375, 0.006072501879637404, 0.006106329117970103, 0.006275489743155263, 0.0062360746994861126, 0.005905598855700672, 0.005711739792091334, 0.005802915753413211, 0.005907391586601187, 0.005794296277385643, 0.005570000005023116, 0.005389969131690176, 0.005344758530982825, 0.005431068008286221, 0.005598282431224909, 0.005976120828349581, 0.006915275983320659, 0.006080217905999983, 0.005205972224597216, 0.005202517276355887], "train_mae": [2018.209, 87.601, 342.329, 214.813, 104.401, 25.498, 59.181, 81.357, 53.268, 27.137, 30.848, 32.744, 25.823, 32.811, 46.529, 35.295, 25.866, 28.139, 25.672, 36.355, 38.2, 25.456, 26.251, 35.075, 30.278, 29.395, 30.898, 24.77, 29.336, 34.075, 22.335, 22.571, 27.601, 20.683, 18.021, 23.426, 16.56, 16.657, 21.167, 13.863, 14.324, 18.352, 11.546, 12.479, 18.986, 17.197, 9.992, 10.818, 18.96, 19.661, 16.962, 8.154, 8.474, 21.039, 37.713, 41.616, 7.989, 41.791, 30.493, 19.035, 42.121, 7.198, 29.658, 8.78, 31.668, 23.928, 20.24, 28.348, 8.197, 25.18, 6.39, 27.2, 20.13, 14.358, 28.194, 10.927, 16.377, 21.461, 5.875, 15.079, 14.524, 5.954, 10.518, 15.206, 17.3, 11.306, 6.889, 10.933, 14.264, 14.858, 8.85, 5.25, 6.236, 10.295, 17.115, 22.904, 36.027, 27.188, 8.942, 9.852], "train_rmse": [2034.561, 89.858, 351.103, 223.019, 113.252, 31.901, 63.084, 83.623, 58.098, 30.904, 39.884, 42.628, 31.816, 37.906, 51.887, 40.673, 30.87, 35.838, 30.513, 41.665, 43.544, 30.376, 32.637, 40.175, 34.756, 38.407, 35.358, 28.059, 38.924, 38.228, 28.897, 29.608, 31.114, 27.327, 23.488, 26.443, 21.662, 22.033, 23.874, 18.002, 19.057, 20.723, 14.83, 16.586, 20.816, 22.182, 11.231, 12.368, 23.121, 20.637, 20.815, 9.276, 9.815, 24.367, 38.269, 45.049, 9.281, 42.386, 33.941, 22.712, 42.755, 8.618, 32.886, 10.253, 32.405, 26.891, 23.188, 29.168, 9.636, 27.862, 7.758, 28.108, 22.817, 16.989, 29.16, 13.451, 18.815, 22.56, 7.325, 17.588, 16.092, 7.464, 12.903, 16.794, 19.437, 13.105, 8.184, 13.326, 15.971, 16.853, 10.535, 7.149, 8.331, 12.12, 18.997, 24.229, 37.739, 28.391, 11.108, 11.997], "train_underestimate": [0.0, 0.0, 170.286, 106.855, 51.933, 8.584, 0.0, 0.0, 0.01, 4.212, 12.989, 14.504, 7.862, 1.537, 0.205, 1.137, 6.444, 10.591, 6.119, 0.946, 0.715, 6.192, 8.575, 0.923, 1.685, 12.552, 1.145, 3.052, 13.268, 0.288, 8.624, 9.424, 0.311, 8.926, 7.179, 0.226, 6.725, 7.11, 0.147, 5.371, 6.126, 0.101, 4.196, 5.32, 0.0, 8.443, 0.976, 0.433, 9.401, 0.0, 8.405, 0.777, 0.476, 10.466, 0.0, 20.701, 0.775, 0.0, 15.169, 9.469, 0.0, 1.705, 14.753, 0.442, 0.0, 11.903, 10.068, 0.0, 0.393, 12.525, 1.442, 0.0, 10.013, 7.085, 0.0, 5.305, 8.117, 0.0, 1.235, 7.45, 0.0, 1.648, 5.091, 0.0, 8.59, 0.068, 0.76, 5.308, 0.0, 7.353, 0.21, 1.871, 2.709, 0.081, 8.514, 0.0, 17.921, 0.0, 4.303, 4.803], "train_overestimate": [1003.928, 43.576, 0.0, 0.0, 0.0, 4.1, 29.439, 40.47, 26.487, 9.287, 2.356, 1.784, 4.983, 14.784, 22.94, 16.42, 6.423, 3.406, 6.651, 17.138, 18.287, 6.471, 4.484, 16.525, 13.376, 2.07, 14.224, 9.269, 1.325, 16.662, 2.486, 1.804, 13.419, 1.363, 1.785, 11.426, 1.512, 1.176, 10.382, 1.526, 0.999, 9.028, 1.547, 0.888, 9.445, 0.111, 3.995, 4.948, 0.031, 9.78, 0.033, 3.279, 3.74, 0.0, 18.76, 0.0, 3.199, 20.788, 0.0, 0.0, 20.952, 1.876, 0.0, 3.926, 15.753, 0.0, 0.0, 14.101, 3.684, 0.0, 1.737, 13.53, 0.0, 0.057, 14.025, 0.13, 0.03, 10.675, 1.688, 0.05, 7.225, 1.314, 0.141, 7.564, 0.015, 5.556, 2.667, 0.131, 7.096, 0.038, 4.192, 0.741, 0.393, 5.04, 0.0, 11.393, 0.0, 13.524, 0.145, 0.098], "train_difference": [1003.928, 43.576, 170.286, 106.855, 51.933, 12.684, 29.439, 40.47, 26.497, 13.499, 15.345, 16.288, 12.845, 16.321, 23.145, 17.557, 12.867, 13.997, 12.77, 18.084, 19.002, 12.663, 13.058, 17.448, 15.062, 14.622, 15.37, 12.321, 14.593, 16.95, 11.11, 11.228, 13.73, 10.289, 8.964, 11.653, 8.238, 8.286, 10.529, 6.896, 7.125, 9.129, 5.744, 6.207, 9.445, 8.554, 4.97, 5.381, 9.432, 9.78, 8.438, 4.056, 4.215, 10.466, 18.76, 20.701, 3.974, 20.788, 15.169, 9.469, 20.952, 3.58, 14.753, 4.367, 15.753, 11.903, 10.068, 14.101, 4.077, 12.525, 3.179, 13.53, 10.013, 7.142, 14.025, 5.436, 8.147, 10.675, 2.923, 7.501, 7.225, 2.962, 5.232, 7.564, 8.606, 5.624, 3.427, 5.438, 7.096, 7.391, 4.402, 2.611, 3.102, 5.121, 8.514, 11.393, 17.921, 13.524, 4.448, 4.901], "val_mae": [1874.811, 95.541, 300.953, 183.622, 82.208, 21.526, 68.539, 89.098, 63.548, 28.663, 23.722, 24.656, 22.171, 40.11, 56.987, 43.796, 23.774, 22.44, 23.822, 44.996, 47.29, 23.295, 21.459, 43.086, 35.773, 21.891, 37.265, 26.367, 21.353, 41.129, 16.843, 16.373, 33.102, 14.635, 12.945, 27.748, 11.648, 11.544, 24.845, 9.728, 9.674, 21.219, 8.282, 8.427, 21.215, 11.713, 10.607, 12.427, 13.323, 20.205, 11.887, 8.835, 9.678, 15.593, 35.823, 33.138, 8.766, 39.428, 23.446, 13.616, 39.717, 6.089, 22.996, 9.812, 30.201, 18.453, 15.397, 26.854, 8.82, 19.867, 5.474, 26.02, 15.573, 10.669, 26.293, 8.095, 12.719, 20.277, 5.135, 11.58, 14.389, 4.831, 8.237, 14.396, 14.289, 11.249, 6.146, 8.629, 13.651, 12.352, 8.284, 4.739, 5.466, 9.735, 14.596, 20.72, 31.16, 24.438, 7.291, 8.031], "val_rmse": [1898.181, 96.579, 310.917, 192.52, 91.463, 26.021, 70.388, 90.124, 65.721, 33.417, 28.594, 29.976, 27.044, 44.135, 59.411, 47.387, 28.689, 26.815, 28.668, 48.177, 50.156, 28.038, 26.007, 46.03, 39.453, 26.588, 40.187, 30.149, 26.621, 42.853, 20.533, 20.336, 34.612, 18.556, 16.261, 29.031, 14.856, 14.955, 25.998, 12.487, 12.877, 22.295, 10.589, 11.38, 22.204, 15.765, 11.841, 13.435, 17.062, 21.325, 15.346, 9.987, 10.793, 18.591, 37.016, 36.303, 9.973, 40.728, 26.502, 16.821, 41.083, 7.821, 25.785, 11.146, 31.581, 20.941, 17.859, 28.356, 10.31, 22.11, 7.267, 27.456, 17.867, 13.042, 27.898, 10.33, 14.825, 21.869, 6.945, 13.797, 15.933, 6.648, 10.279, 16.081, 16.06, 12.876, 7.994, 10.631, 15.316, 14.029, 10.069, 6.315, 7.082, 11.467, 16.058, 22.316, 32.676, 25.997, 9.04, 9.809],