{"val_loss": [2.627478003501892, 0.48506133762352605, 0.12105069440953872, 0.17277094995712533, 0.05269995419418111, 0.060050950029536206, 0.0453878755626433, 0.04829272885313805, 0.04050081695758683, 0.04012374264900299, 0.03621609991087633, 0.03387290432446582, 0.03146091756849166, 0.02953041242161656, 0.02783319910111673, 0.027132086880395517, 0.025739529594669446, 0.02470018159981598, 0.023808023563640958, 0.02298279176466167, 0.022099458318039337, 0.021795222946607015, 0.020780472790219766, 0.019238796482300934, 0.021181510891491437, 0.01769243985387113, 0.017528936575057313, 0.017954202245592195, 0.016514466281103736, 0.017087782849557698, 0.017057602369116947, 0.01570554231019581, 0.014113496331607593, 0.013693844748880057, 0.014306679546066067, 0.013261994408607921, 0.012582238143830396, 0.012570708182037753, 0.01179272134322673, 0.011614067110178225, 0.012016647964414647, 0.021872052285984597, 0.017659133601495448, 0.01709081412649111, 0.012448578891481328, 0.012450777114067665, 0.015659470028956148, 0.013359839124057223, 0.011385214590357946, 0.011524540211265796, 0.01214137816842755, 0.013410331482779892, 0.011516204891342889, 0.011194523571141283, 0.01020597864750444, 0.010037979189826943, 0.010606102083864458, 0.01024420018417432, 0.010673397922587088, 0.010106900371337199, 0.00986656904741026, 0.009475228965611142, 0.009456013028016862, 0.009322325610007872, 0.009328383233343415, 0.009161632908645141, 0.009069814675432794, 0.009105222700300682, 0.00895422262221794, 0.009056483172838959, 0.008864532892510076, 0.008711860816487494, 0.009302663774339153, 0.008557215432280345, 0.00851330254911719, 0.008572646341396166, 0.009332494327442391, 0.008709548147367862, 0.008613739148987568, 0.00925556749708074, 0.009092474219334476, 0.009015004979172611, 0.008555166806806536, 0.008741068266852595, 0.009424274735947084, 0.009595048675477943, 0.008737270432688734, 0.008214031370110153, 0.008320223166853847, 0.009212496960946523, 0.009110804924549645, 0.009015960978371474, 0.008608492111841984, 0.008139784560840139, 0.008554683145656087, 0.008255085301832022, 0.008201650268507792, 0.008078898221035214, 0.007986788069555426, 0.008113270057091379], "train_mae": [1035.159, 402.56, 178.486, 233.499, 25.416, 47.53, 20.936, 67.114, 22.013, 19.938, 30.503, 40.518, 17.606, 26.473, 15.904, 23.447, 14.056, 14.944, 17.273, 12.698, 17.268, 10.107, 9.84, 5.381, 23.088, 15.438, 9.469, 18.02, 15.639, 13.786, 29.442, 16.478, 6.894, 9.933, 9.134, 9.933, 3.949, 5.551, 4.461, 5.467, 13.296, 51.44, 49.351, 42.534, 14.81, 12.339, 27.256, 26.449, 6.828, 12.114, 25.39, 22.91, 19.992, 15.615, 4.324, 4.888, 13.242, 12.012, 12.944, 12.101, 7.365, 3.767, 4.227, 3.794, 4.464, 3.158, 3.491, 5.561, 3.815, 5.935, 4.887, 3.116, 12.421, 3.174, 2.467, 7.31, 17.953, 12.107, 6.631, 14.206, 17.227, 12.609, 6.496, 13.512, 16.846, 20.039, 8.706, 2.864, 3.736, 12.636, 16.02, 14.126, 10.659, 2.689, 9.079, 8.252, 3.776, 3.104, 2.259, 3.295], "train_rmse": [1047.605, 414.322, 178.948, 234.332, 29.131, 57.787, 25.392, 68.755, 25.642, 24.141, 33.837, 43.322, 22.251, 29.216, 19.263, 25.789, 16.943, 16.989, 19.002, 16.026, 18.717, 14.273, 10.99, 7.613, 27.819, 16.403, 10.819, 19.489, 16.702, 16.117, 30.422, 17.645, 9.101, 11.631, 10.861, 11.609, 5.376, 6.696, 5.993, 6.457, 14.359, 53.157, 52.421, 43.229, 17.001, 13.607, 28.784, 27.97, 7.609, 13.043, 27.378, 23.98, 21.654, 16.477, 5.782, 6.493, 13.995, 13.669, 14.034, 13.037, 8.671, 5.275, 5.028, 5.151, 5.19, 4.166, 4.708, 6.414, 4.994, 6.974, 5.65, 3.668, 13.408, 4.137, 3.237, 8.022, 18.68, 13.062, 7.699, 15.274, 18.203, 13.31, 7.32, 14.765, 17.658, 20.875, 9.398, 3.954, 4.574, 13.899, 17.281, 14.9, 11.162, 3.213, 9.885, 8.858, 4.323, 3.621, 3.008, 4.082], "train_underestimate": [0.0, 213.348, 0.0, 0.0, 2.227, 25.024, 4.393, 0.0, 2.706, 4.04, 0.668, 0.008, 5.131, 0.608, 3.272, 0.655, 2.783, 1.406, 0.719, 3.412, 0.315, 5.11, 0.231, 2.021, 12.236, 0.159, 0.07, 9.55, 0.0, 7.306, 0.0, 8.733, 0.299, 0.0, 4.82, 0.01, 0.731, 2.633, 0.327, 2.5, 7.047, 27.262, 0.0, 22.542, 0.019, 0.0, 14.445, 0.0, 3.424, 6.42, 0.0, 12.142, 0.0, 8.275, 0.182, 0.128, 7.018, 0.0, 6.86, 0.0, 3.89, 0.237, 1.877, 0.179, 1.991, 0.467, 0.242, 2.827, 0.135, 3.079, 2.465, 1.148, 6.583, 0.173, 0.501, 0.0, 0.0, 0.0, 3.499, 7.529, 0.0, 6.683, 3.443, 0.0, 8.928, 0.0, 4.614, 0.8, 0.059, 6.697, 0.0, 7.487, 0.0, 1.079, 4.812, 0.0, 1.814, 1.372, 0.37, 0.048], "train_overestimate": [548.61, 0.0, 94.594, 123.749, 11.243, 0.166, 6.703, 35.569, 8.961, 6.527, 15.498, 21.466, 4.2, 13.422, 5.156, 11.771, 4.666, 6.513, 8.435, 3.317, 8.837, 0.247, 4.985, 0.83, 0.0, 8.023, 4.948, 0.0, 8.288, 0.0, 15.604, 0.0, 3.355, 5.264, 0.021, 5.254, 1.362, 0.309, 2.038, 0.397, 0.0, 0.0, 26.155, 0.0, 7.83, 6.539, 0.0, 14.017, 0.195, 0.0, 13.456, 0.0, 10.596, 0.0, 2.11, 2.462, 0.0, 6.366, 0.0, 6.413, 0.014, 1.76, 0.363, 1.832, 0.375, 1.207, 1.608, 0.12, 1.887, 0.066, 0.125, 0.504, 0.0, 1.509, 0.806, 3.874, 9.515, 6.416, 0.015, 0.0, 9.13, 0.0, 0.0, 7.161, 0.0, 10.62, 0.0, 0.718, 1.921, 0.0, 8.49, 0.0, 5.649, 0.346, 0.0, 4.374, 0.188, 0.273, 0.827, 1.698], "train_difference": [548.61, 213.348, 94.594, 123.749, 13.47, 25.19, 11.096, 35.569, 11.667, 10.567, 16.166, 21.474, 9.331, 14.03, 8.429, 12.426, 7.45, 7.92, 9.155, 6.729, 9.152, 5.357, 5.215, 2.852, 12.236, 8.182, 5.018, 9.55, 8.288, 7.306, 15.604, 8.733, 3.654, 5.264, 4.841, 5.264, 2.093, 2.942, 2.364, 2.897, 7.047, 27.262, 26.155, 22.542, 7.849, 6.539, 14.445, 14.017, 3.619, 6.42, 13.456, 12.142, 10.596, 8.275, 2.292, 2.591, 7.018, 6.366, 6.86, 6.413, 3.903, 1.997, 2.24, 2.011, 2.366, 1.673, 1.85, 2.947, 2.022, 3.145, 2.59, 1.651, 6.583, 1.682, 1.308, 3.874, 9.515, 6.416, 3.514, 7.529, 9.13, 6.683, 3.443, 7.161, 8.928, 10.62, 4.614, 1.518, 1.98, 6.697, 8.49, 7.487, 5.649, 1.425, 4.812, 4.374, 2.001, 1.645, 1.197, 1.746], "val_mae": [999.65, 383.055, 175.487, 228.789, 25.046, 41.731, 19.14, 68.43, 21.289, 18.42, 31.338, 42.063, 15.824, 26.842, 14.763, 23.348, 12.939, 14.14, 16.591, 11.269, 16.342, 9.924, 8.376, 5.391, 22.009, 13.644, 7.304, 19.276, 12.58, 14.753, 25.993, 18.113, 5.69, 7.779, 10.749, 7.639, 4.712, 6.883, 4.337, 7.055, 14.91, 50.699, 43.747, 42.9, 11.733, 10.118, 26.948, 23.196, 8.067, 13.484, 21.513, 23.559, 16.479, 17.016, 4.544, 4.576, 14.943, 9.444, 14.062, 10.019, 8.887, 4.158, 5.476, 4.344, 5.416, 4.142, 4.105, 6.922, 4.343, 7.226, 6.273, 4.363, 13.356, 4.144, 3.938, 6.091, 15.418, 9.792, 7.806, 14.944, 14.536, 13.83, 8.054, 10.902, 17.703, 17.384, 10.188, 4.317, 4.289, 13.402, 13.086, 15.126, 8.907, 4.324, 10.4, 6.567, 5.156, 4.506, 3.716, 4.11], "val_rmse": [1011.048, 393.272, 175.959, 229.643, 28.565, 50.782, 22.948, 69.539, 24.66, 21.977, 34.513, 44.061, 19.302, 29.599, 17.517, 25.769, 15.261, 16.06, 18.358, 13.805, 17.919, 13.351, 9.506, 7.687, 25.959, 14.894, 8.765, 20.669, 13.953, 16.851, 27.101, 19.311, 7.376, 9.291, 12.449, 9.297, 6.045, 8.636, 5.583, 8.535, 16.106, 52.366, 46.508, 43.612, 14.132, 11.671, 28.421, 24.876, 9.478, 14.608, 23.525, 24.763, 18.304, 18.084, 5.689, 5.902, 15.944, 11.178, 15.47, 11.28, 10.522, 5.321, 7.101, 5.396, 7.214, 5.177, 5.122, 8.455, 5.334, 8.926, 7.834, 5.732, 14.785, 4.946, 4.899, 7.202, 16.402, 11.061, 9.407, 16.356, 15.711, 14.966, 9.408, 12.359, 18.875, 18.417, 11.387, 5.316, 5.091, 15.189, 14.511, 16.349, 9.953, 5.655, 11.769, 7.683, 6.964, 6.106, 4.58, 4.848],