{"val_loss": [0.009209775004659177, 0.00656240527271567, 0.005559773292963441, 0.006251960804922205, 0.005828175791654811, 0.005316219082969302, 0.0049988636024756805, 0.005054958748587524, 0.00480442584868048, 0.00472530045429748, 0.005433128953561262, 0.004947703868524781, 0.0060861023571573344, 0.004699281929681413, 0.004791431224261674, 0.004660518004718195, 0.004662134573877933, 0.005214310473414063, 0.004543592161901281, 0.004443697396762967, 0.004403000753989224, 0.004353138048774032, 0.005785782323715359, 0.004377758612570367, 0.004418439310350497, 0.004415759903114282, 0.004271055804672548, 0.004366188873170947, 0.004350397657617577, 0.004600564966922856, 0.004344753979453612, 0.004174495370588214, 0.004458346576832221, 0.004141916855320125, 0.004288166777341222, 0.004402177436424929, 0.004113598479681755, 0.004404048588720102, 0.004283232921379214, 0.004226692102105624, 0.00478202646060227, 0.004249140950057207, 0.004223662845266945, 0.004145644080220817, 0.0040962600193833005, 0.004336725690390107, 0.004089411614639924, 0.004232590976939451, 0.004177270341856724, 0.004303079541654477], "train_loss": [0.0329885278842994, 0.008383327645788086, 0.006782948968975688, 0.005734766511523048, 0.0056858913176256465, 0.005259063702396816, 0.0049419125007261755, 0.004538875132311659, 0.004483103559323354, 0.004559351717034588, 0.004322678506468947, 0.004153263388616324, 0.0041957077892220696, 0.004073215043717937, 0.00533374704173184, 0.004301856170059182, 0.003925547262952023, 0.003933941900868376, 0.003885455495037604, 0.0035743575799642713, 0.003692474038871296, 0.003457841782619653, 0.003415548811062763, 0.003603711032155843, 0.004247647822012368, 0.00345337783346622, 0.003392138801245892, 0.003441053923779691, 0.0032163684254555847, 0.003235832064092392, 0.0035889652881451184, 0.0032838557390277856, 0.0031664878069932456, 0.003124139330793696, 0.003217966904230707, 0.002883154899791407, 0.0029464076960721286, 0.003108662880549673, 0.0029237499802547973, 0.002959783042115305, 0.0031024753866404353, 0.00279888472687162, 0.0027983724103251006, 0.002747693373748916, 0.002923836040281458, 0.002547850208429736, 0.0026350810694566462, 0.0025619873640607693, 0.002488941814590362, 0.0024645296953167417], "train_size": 512, "val_size": 1088, "rand_seed": 323, "shuffle": true, "loss_name": "logcosh", "img_dim": [256, 256, 3], "patch_dim": [128, 128, 3], "patches_per_image": 4, "density_map_sigma": 5, "density_map_multiplication_factor": 100.0, "sub_experiment_name": "vgg_cells/n_32_sigma_5_randseed_323_loss_logcosh_patch_4_128x128", "architecture": "FCRN_A"}