{"val_loss": [0.004855859564486309, 0.004798605351526122, 0.004721745132175986, 0.00454225049260357, 0.004316054453334396, 0.004478113103687065, 0.004429787046521799, 0.004370980561765868, 0.004746005741253612, 0.004267656508697352, 0.0043970808065852095, 0.004595124256916784, 0.004162741547487612, 0.004497890511023191, 0.004562424481466426, 0.004083591768196331, 0.004270525514988953, 0.004285675119818835, 0.004122993912662625, 0.004383380302695312, 0.004095635012062202, 0.004567373622194282, 0.004051871893655819, 0.0041596439126199885, 0.004101988061342531], "val_activation_2_loss": [0.07139995029299623, 0.07139995029299623, 0.07139995029299623, 0.07139995029299623, 0.07139995029299623, 0.07139995029299623, 0.07139995029299623, 0.07139995029299623, 0.07139995029299623, 0.07139995029299623, 0.07139995029299623, 0.07139995029299623, 0.07139995029299623, 0.07139995029299623, 0.07139995029299623, 0.07139995029299623, 0.07139995029299623, 0.07139995029299623, 0.07139995029299623, 0.07139995029299623, 0.07139995029299623, 0.07139995029299623, 0.07139995029299623, 0.07139995029299623, 0.07139995029299623], "val_conv2d_24_loss": [0.004855859564486309, 0.004798605351526122, 0.004721745132175986, 0.00454225049260357, 0.004316054453334396, 0.004478113103687065, 0.004429787046521799, 0.004370980561765868, 0.004746005741253612, 0.004267656508697352, 0.0043970808065852095, 0.004595124256916784, 0.004162741547487612, 0.004497890511023191, 0.004562424481466426, 0.004083591768196331, 0.004270525514988953, 0.004285675119818835, 0.004122993912662625, 0.004383380302695312, 0.004095635012062202, 0.004567373622194282, 0.004051871893655819, 0.0041596439126199885, 0.004101988061342531], "activation_2_loss": [0.07778866728767753, 0.07830644198111258, 0.07840412831865251, 0.07846510870149359, 0.07801230630138889, 0.07798861291666981, 0.07843293726909906, 0.07800904400937725, 0.07825682344264351, 0.07812269990972709, 0.07822195168409962, 0.07825122575741261, 0.07819009976810776, 0.07817805078229867, 0.07818734338798095, 0.07809036207618192, 0.07827835083298851, 0.07813759718555957, 0.07813547471596394, 0.0782604133564746, 0.07813226754660718, 0.07824303369852714, 0.07848304335493594, 0.07842177551356144, 0.07794074594858103], "conv2d_24_loss": [0.008467050337458204, 0.005436239433947776, 0.005306349267812038, 0.005032069636399683, 0.004852108248996956, 0.004794573628259968, 0.004853649048527586, 0.004674046288982936, 0.004656854865970672, 0.004623307273959654, 0.00456486902294273, 0.00450074194213812, 0.0044995077259955, 0.00444761033031682, 0.0044970316107537656, 0.0043453287839838595, 0.004381678847494186, 0.0043625194439300685, 0.004393582522880024, 0.00428606278001098, 0.0043708314419745875, 0.004261920933458896, 0.004359930689133762, 0.004273680922779022, 0.0043030389006162295], "train_loss": [0.008467050337458204, 0.005436239433947776, 0.005306349267812038, 0.005032069636399683, 0.004852108248996956, 0.004794573628259968, 0.004853649048527586, 0.004674046288982936, 0.004656854865970672, 0.004623307273959654, 0.00456486902294273, 0.00450074194213812, 0.0044995077259955, 0.00444761033031682, 0.0044970316107537656, 0.0043453287839838595, 0.004381678847494186, 0.0043625194439300685, 0.004393582522880024, 0.00428606278001098, 0.0043708314419745875, 0.004261920933458896, 0.004359930689133762, 0.004273680922779022, 0.0043030389006162295], "train_size": 1024, "val_size": 576, "rand_seed": 644, "shuffle": true, "seg_loss_name": "binary_crossentropy", "reg_loss_name": "logcosh", "img_dim": [256, 256, 3], "patch_dim": [128, 128, 3], "patches_per_image": 4, "density_map_sigma": 5, "density_map_multiplication_factor": 100.0, "sub_experiment_name": "vgg_cells/n_64_sigma_5_randseed_644_loss_logcosh_patch_4_128x128", "architecture": "SegRegNet"}