{"val_loss": [0.08411797150943635, 0.08114151725830096, 0.07585389239506589, 0.07600961926962352, 0.07238558667530823, 0.075610980436775, 0.07139995029299623, 0.0728257526902275, 0.07214394057842179, 0.07541674214492862], "val_activation_1_loss": [0.08411797150943635, 0.08114151725830096, 0.07585389239506589, 0.07600961926962352, 0.07238558667530823, 0.075610980436775, 0.07139995029299623, 0.0728257526902275, 0.07214394057842179, 0.07541674214492862], "val_conv2d_12_loss": [0.03708626915694266, 0.03563299164428221, 0.03739502566491461, 0.038968427761574276, 0.03681345701786793, 0.037577004016687475, 0.03714997405283308, 0.034523212635475725, 0.03885527160471409, 0.0417466396902455], "activation_1_loss": [0.1592943036230281, 0.09769457206130028, 0.09022372044273652, 0.08703388048161287, 0.08447955286828801, 0.08384661911986768, 0.08140548691153526, 0.08124302809301298, 0.08020810406014789, 0.08011433624778874], "conv2d_12_loss": [0.05148428416578099, 0.04533394704776583, 0.0456829690374434, 0.04645215012715198, 0.04720092276693322, 0.04700923564087134, 0.048159123842197005, 0.04850262407853734, 0.04947546715993667, 0.04978760801895987], "train_loss": [0.1592943036230281, 0.09769457206130028, 0.09022372044273652, 0.08703388048161287, 0.08447955286828801, 0.08384661911986768, 0.08140548691153526, 0.08124302809301298, 0.08020810406014789, 0.08011433624778874], "train_size": 1024, "val_size": 576, "rand_seed": 644, "shuffle": true, "seg_loss_name": "binary_crossentropy", "reg_loss_name": "logcosh", "img_dim": [256, 256, 3], "patch_dim": [128, 128, 3], "patches_per_image": 4, "density_map_sigma": 5, "density_map_multiplication_factor": 100.0, "sub_experiment_name": "vgg_cells/n_64_sigma_5_randseed_644_loss_logcosh_patch_4_128x128", "architecture": "SegRegNet"}