{"val_loss": [0.017275456168749002, 0.011406714251013786, 0.009170580888330528, 0.008388366725320635, 0.007863877103415453, 0.007336957416310122, 0.007066596442312944, 0.006795244113858684, 0.006524312796347168, 0.006595409050645317], "train_loss": [0.024533500549437627, 0.011780391886176302, 0.008900435604045924, 0.007492659324260684, 0.006672107550731299, 0.0060862688187050176, 0.0056341036188870125, 0.005295564087990796, 0.005013309191669275, 0.004781995934460308], "train_size": 14400, "val_size": 1424, "rand_seed": 9001, "shuffle": true, "loss_name": "logcosh", "img_dim": [720, 1280, 3], "patch_dim": [720, 1280, 3], "patches_per_image": 1, "density_map_sigma": 10, "density_map_multiplication_factor": 2000.0, "sub_experiment_name": "carpk/sigma_10_loss_logcosh_full_img_epochs_10_lr_1e-4", "architecture": "FCRN_A"}