{"val_loss": [0.02766661363763406, 0.02091287958490498, 0.015878729036023075, 0.02232132732238182, 0.012611649293616852, 0.011807686601327184, 0.011001098873641561, 0.01040064893074005, 0.01115604507161633, 0.00977046458009521, 0.009585936238770099, 0.008977982736028293, 0.009093246402164154, 0.00903521028607536, 0.009062254986287478, 0.008804932459230152, 0.00885615817284869, 0.007762797580867568, 0.007169285980875001, 0.007213649518020889, 0.007631006321924574, 0.007773389402941307, 0.007024200133267133, 0.006587257896385649, 0.006116484192556099, 0.0060176797115298756, 0.006052314598277649, 0.005586583011523437, 0.006214325585032758, 0.005913281529073548, 0.006134705039371243, 0.006681543357177254, 0.005403917700545315, 0.005610856412471656, 0.005362476340344395, 0.006190248003215803, 0.005589195047779118, 0.005264806403668926, 0.005412227450185181, 0.005067001088344327, 0.004999740622759632, 0.004904932472580934, 0.005136047832339126, 0.005042099229553167, 0.004968940198202343, 0.005794872423661325, 0.0051215843020198755, 0.005036265984766514, 0.005043639810002574, 0.00471853041809107, 0.0047409698103472375, 0.007384376824655405, 0.005660001592546263, 0.004847013064564261, 0.004902133747236803, 0.004776854626149596, 0.0047598804898477875, 0.0046127802617026165, 0.005008183108122253, 0.004667618760483011, 0.005267175554763526, 0.005556209565838799, 0.005049039863104767, 0.004697601803961922, 0.004764609672266114, 0.004710451848736471, 0.004461306034286013, 0.0051247926740496256, 0.004707365259117282, 0.004926578093813185, 0.004488828930976417, 0.005652418384081958, 0.005115005631095675, 0.0046657097486518875, 0.004748600401559516, 0.005148608593598884, 0.005301508502966231, 0.005011282474323011, 0.004992725492818007, 0.004776709625730291, 0.004992371401064755, 0.004622372432255789, 0.004606430334901875, 0.004389439375646522, 0.00457865815876764, 0.005362659694476272, 0.004637449871926733, 0.004785325783921187, 0.004594782228677478, 0.004369395665194401, 0.004493606564424494, 0.004568499884472284, 0.004504171429503271, 0.004534051251967493, 0.0043856626477517075, 0.004462546845281716, 0.004435531861792483, 0.004849301443969393, 0.00490429183050497, 0.006180349014945985], "train_mae": [45.421, 18.041, 14.26, 71.498, 12.759, 8.821, 9.003, 4.981, 29.361, 9.091, 21.284, 5.643, 22.459, 9.822, 15.442, 15.613, 27.6, 22.967, 17.013, 11.739, 24.092, 10.997, 11.168, 4.384, 8.509, 6.844, 15.718, 4.025, 22.349, 14.197, 13.845, 29.823, 4.534, 8.801, 8.045, 25.995, 11.307, 4.014, 10.093, 6.981, 5.579, 3.899, 8.419, 12.284, 3.613, 17.875, 9.186, 11.811, 6.726, 3.871, 3.679, 36.438, 22.042, 7.402, 5.344, 5.796, 7.915, 3.343, 15.431, 3.003, 7.683, 14.22, 3.419, 3.0, 12.802, 5.776, 3.593, 10.034, 12.334, 5.407, 9.692, 13.628, 20.817, 9.449, 8.794, 17.726, 16.497, 9.614, 18.706, 2.546, 16.535, 10.368, 6.454, 7.058, 10.144, 10.967, 9.64, 11.198, 2.967, 8.8, 7.517, 3.543, 9.56, 5.185, 6.818, 8.141, 4.323, 14.441, 7.03, 31.021], "train_rmse": [47.813, 22.373, 17.914, 76.181, 14.207, 12.129, 10.933, 6.005, 30.739, 10.436, 21.891, 7.069, 23.083, 11.463, 17.139, 16.318, 28.336, 23.466, 17.782, 14.687, 25.397, 11.754, 12.18, 6.478, 10.473, 8.432, 17.359, 5.63, 23.088, 15.14, 15.36, 30.548, 6.042, 10.376, 8.972, 26.486, 12.773, 5.183, 11.367, 8.305, 7.009, 5.034, 10.328, 13.242, 4.888, 18.649, 10.174, 13.161, 7.731, 4.978, 4.749, 37.687, 22.758, 8.646, 6.281, 6.717, 8.689, 4.406, 16.167, 4.365, 8.511, 15.086, 4.294, 3.927, 13.388, 6.688, 4.814, 12.441, 13.205, 7.29, 10.671, 16.185, 21.461, 10.261, 9.57, 18.342, 17.202, 10.801, 19.963, 3.418, 17.148, 11.682, 8.03, 7.925, 11.433, 14.143, 10.502, 12.29, 3.807, 9.355, 8.247, 4.427, 10.644, 6.331, 7.613, 9.243, 5.095, 15.648, 8.459, 32.251], "train_underestimate": [0.206, 6.031, 2.935, 41.069, 0.787, 4.678, 5.135, 0.73, 16.865, 5.222, 12.226, 0.906, 12.901, 0.089, 0.02, 8.968, 15.854, 13.193, 9.772, 0.105, 13.838, 6.265, 0.016, 0.515, 4.234, 0.182, 8.994, 1.0, 12.837, 0.0, 7.953, 17.13, 1.724, 0.172, 4.417, 14.931, 0.0, 1.757, 5.679, 3.749, 2.588, 1.848, 4.601, 7.056, 1.506, 0.0, 5.222, 6.751, 0.099, 0.354, 1.616, 20.93, 12.661, 4.179, 2.893, 0.102, 4.503, 0.944, 8.864, 0.977, 4.398, 0.0, 0.442, 0.565, 7.353, 3.188, 1.288, 0.083, 0.0, 1.72, 5.539, 0.0, 11.957, 5.421, 0.043, 10.182, 0.0, 0.031, 10.745, 0.932, 9.498, 5.892, 0.138, 3.981, 5.764, 0.06, 0.022, 6.422, 0.514, 5.055, 4.301, 1.869, 5.461, 0.17, 3.894, 4.631, 2.164, 8.295, 0.102, 17.819], "train_overestimate": [25.884, 4.332, 5.256, 0.0, 6.542, 0.389, 0.036, 2.131, 0.0, 0.0, 0.0, 2.336, 0.0, 5.552, 8.85, 0.0, 0.0, 0.0, 0.0, 6.638, 0.0, 0.051, 6.399, 2.003, 0.654, 3.749, 0.035, 1.312, 0.0, 8.155, 0.0, 0.0, 0.88, 4.883, 0.204, 0.0, 6.494, 0.549, 0.118, 0.261, 0.616, 0.392, 0.234, 0.0, 0.57, 10.268, 0.054, 0.033, 3.764, 1.87, 0.497, 0.0, 0.0, 0.072, 0.177, 3.227, 0.043, 0.976, 0.0, 0.747, 0.015, 8.168, 1.522, 1.159, 0.0, 0.13, 0.775, 5.681, 7.085, 1.386, 0.028, 7.828, 0.0, 0.007, 5.008, 0.0, 9.476, 5.492, 0.0, 0.53, 0.0, 0.064, 3.57, 0.073, 0.062, 6.239, 5.515, 0.011, 1.19, 0.0, 0.017, 0.166, 0.03, 2.808, 0.022, 0.045, 0.319, 0.0, 3.936, 0.0], "train_difference": [26.09, 10.363, 8.191, 41.069, 7.329, 5.067, 5.171, 2.861, 16.865, 5.222, 12.226, 3.241, 12.901, 5.642, 8.87, 8.968, 15.854, 13.193, 9.772, 6.743, 13.838, 6.317, 6.415, 2.518, 4.887, 3.932, 9.028, 2.312, 12.837, 8.155, 7.953, 17.13, 2.604, 5.055, 4.621, 14.931, 6.494, 2.306, 5.797, 4.01, 3.205, 2.24, 4.836, 7.056, 2.075, 10.268, 5.277, 6.784, 3.863, 2.224, 2.113, 20.93, 12.661, 4.252, 3.07, 3.329, 4.546, 1.92, 8.864, 1.725, 4.413, 8.168, 1.964, 1.723, 7.353, 3.318, 2.064, 5.763, 7.085, 3.106, 5.567, 7.828, 11.957, 5.428, 5.051, 10.182, 9.476, 5.523, 10.745, 1.462, 9.498, 5.955, 3.707, 4.054, 5.827, 6.299, 5.538, 6.432, 1.704, 5.055, 4.318, 2.035, 5.491, 2.978, 3.916, 4.676, 2.483, 8.295, 4.038, 17.819], "val_mae": [42.78, 21.036, 16.807, 76.08, 13.384, 10.265, 9.236, 6.37, 29.927, 8.535, 20.185, 6.982, 21.521, 11.75, 17.831, 14.407, 26.983, 21.317, 15.106, 15.136, 23.609, 9.134, 13.363, 6.74, 9.2, 9.052, 14.628, 5.166, 20.918, 16.634, 13.112, 28.808, 5.137, 10.181, 6.319, 24.793, 13.81, 4.247, 9.137, 6.371, 5.817, 3.904, 8.892, 11.38, 3.997, 20.037, 8.041, 11.231, 8.278, 5.115, 4.03, 36.73, 21.349, 6.827, 4.753, 7.142, 6.738, 4.384, 14.553, 3.93, 6.392, 16.236, 4.864, 4.251, 11.987, 5.168, 4.425, 12.338, 13.119, 5.932, 9.161, 16.465, 20.299, 8.605, 9.847, 17.142, 18.524, 11.483, 18.853, 3.601, 15.914, 10.365, 7.928, 6.908, 10.218, 13.324, 11.125, 11.213, 3.806, 8.341, 7.344, 3.998, 9.834, 5.878, 6.74, 8.559, 4.276, 15.185, 7.865, 32.328], "val_rmse": [46.581, 26.339, 20.36, 81.769, 15.042, 14.583, 12.233, 7.666, 31.981, 10.396, 21.286, 8.825, 22.618, 13.735, 19.741, 15.602, 28.205, 22.105, 16.187, 17.903, 25.526, 10.589, 14.434, 8.195, 10.793, 10.469, 16.852, 6.396, 21.943, 17.537, 15.25, 29.812, 6.374, 11.806, 7.817, 25.482, 15.178, 5.306, 10.956, 7.929, 7.266, 4.96, 10.753, 12.82, 5.157, 20.844, 9.631, 13.212, 9.544, 6.329, 5.136, 38.395, 22.45, 8.663, 6.049, 8.219, 8.141, 5.26, 15.686, 5.34, 7.709, 17.241, 5.729, 5.226, 13.029, 6.316, 5.624, 14.809, 14.214, 7.825, 10.818, 18.903, 21.3, 9.896, 10.928, 18.09, 19.375, 12.921, 20.596, 4.536, 16.916, 12.368, 9.822, 8.353, 12.208, 16.433, 12.241, 12.99, 5.007, 9.397, 8.762, 5.046, 11.607, 7.478, 8.073, 10.305, 5.303, 17.118, 9.615, 34.069],