{"val_loss": [0.21113384266694388, 0.19541612640023232, 0.17719559226599005, 0.16196974801520506, 0.14644408764110672, 0.1344082316176759, 0.1169885341078043, 0.1110871426968111, 0.09858215548512009, 0.09537785965949297, 0.08999198385410839, 0.08347270948191483, 0.08023827015939686, 0.07697506342083216, 0.07579009193513128, 0.07467024069693354, 0.07501358973483245, 0.0648209708225396, 0.06169502023193571, 0.07752797576702303, 0.07163768882552783, 0.06909647615005572, 0.06616592940150036, 0.06199577973327703, 0.057014176777253546, 0.05346650376708971, 0.05289100172619025, 0.05314859587492214, 0.05664328501249353, 0.05697508114907476, 0.054071877099987536, 0.05404706899490622, 0.05173700095878707, 0.05033456885980235, 0.053991891702430114, 0.048939762792239584, 0.05120816195590629, 0.04803656538327535, 0.048082441039797336, 0.046048696566787034, 0.05189229284102718, 0.04779277296943797, 0.04565899001641406, 0.05818317085504532, 0.048201041761785746, 0.05136233211184541, 0.04933212562981579, 0.04665088943309254, 0.046704153116378516, 0.04797626566141844, 0.04480333522790008, 0.04413286105005278, 0.043905676911688514, 0.04570904384470648, 0.04409654257405135, 0.042725281013796725, 0.0444323295313451, 0.04466525837779045, 0.048355470307999186, 0.043467432260513306, 0.04267116289378868, 0.04729761669619216, 0.04695278773498204, 0.048015474134849176, 0.046450162306427956, 0.044359561521559954, 0.042330570674190916, 0.04288389047400819, 0.041708132821238704, 0.04824209834138552, 0.044392221245086856, 0.04727410923482643, 0.04316001100879577, 0.042591056838217706, 0.04134679828873939, 0.043812005832377404, 0.04179761015499631, 0.04132189084258345, 0.0414573792885575, 0.04814984349326955, 0.04199824301112029, 0.05579860849926869, 0.045989244555433594, 0.0418675085529685, 0.04340764849136273, 0.04160319542926219, 0.052247064757264323, 0.04804466866577665, 0.04148805469998883, 0.043245809980564646, 0.04364223721333676, 0.04281250309819976, 0.04855121749763688, 0.04094912179021372, 0.04188638382280866, 0.0424699993390176, 0.04138153910429941, 0.04218718194816676, 0.04085938373787536, 0.04069694095394678], "train_mae": [23.617, 42.334, 21.625, 24.311, 19.61, 26.936, 21.855, 26.998, 22.521, 7.853, 33.09, 8.85, 10.791, 23.605, 4.742, 30.132, 11.875, 18.84, 11.611, 20.134, 16.362, 14.513, 12.594, 10.572, 4.443, 11.14, 4.244, 11.898, 3.909, 8.147, 4.629, 7.555, 17.484, 15.108, 9.406, 3.747, 19.289, 12.228, 4.107, 7.762, 22.577, 5.424, 3.296, 19.799, 15.692, 19.048, 19.131, 12.115, 4.853, 6.5, 11.14, 8.913, 3.458, 4.987, 11.984, 4.526, 4.533, 12.903, 8.834, 9.908, 7.964, 9.457, 18.152, 19.434, 17.978, 14.453, 3.717, 2.864, 5.48, 11.646, 15.475, 19.676, 12.569, 3.0, 4.47, 15.058, 9.06, 5.337, 8.664, 21.54, 2.615, 21.178, 5.71, 7.582, 13.826, 3.29, 17.12, 12.388, 2.668, 13.97, 14.652, 4.556, 13.391, 6.133, 11.367, 3.975, 10.076, 3.601, 7.135, 2.765], "train_rmse": [28.015, 53.638, 26.217, 31.387, 25.095, 34.902, 28.902, 34.294, 28.349, 9.487, 36.165, 10.855, 12.484, 25.306, 6.416, 31.857, 14.012, 20.25, 13.538, 22.404, 17.854, 16.14, 14.801, 12.235, 6.002, 12.917, 5.602, 13.482, 5.258, 9.444, 6.009, 8.698, 18.735, 16.663, 10.422, 4.816, 20.656, 13.495, 5.141, 9.439, 24.215, 6.468, 4.301, 21.089, 16.672, 20.378, 20.466, 13.609, 5.879, 7.868, 12.764, 10.651, 4.522, 6.028, 13.468, 5.64, 5.482, 13.802, 9.956, 11.397, 9.411, 10.295, 19.744, 20.796, 19.134, 15.808, 4.843, 3.767, 6.624, 12.297, 16.945, 21.035, 13.673, 3.848, 5.543, 16.349, 10.38, 6.43, 9.965, 23.014, 3.421, 22.091, 7.011, 8.723, 15.119, 4.212, 18.332, 13.055, 3.595, 15.579, 16.249, 5.409, 14.383, 7.236, 12.185, 4.696, 10.985, 4.367, 8.241, 3.523], "train_underestimate": [5.89, 24.248, 6.737, 11.933, 8.255, 14.822, 12.0, 15.624, 13.051, 1.305, 19.183, 4.871, 6.152, 13.684, 1.104, 17.468, 0.068, 10.922, 6.699, 0.0, 0.0, 0.0, 0.029, 0.069, 0.777, 6.434, 1.744, 6.897, 0.82, 0.147, 0.448, 0.133, 10.136, 8.758, 0.051, 1.469, 11.182, 7.089, 0.474, 4.455, 13.088, 0.174, 1.147, 0.0, 9.097, 11.042, 11.091, 7.023, 0.195, 0.09, 6.458, 5.152, 1.372, 0.14, 6.947, 2.39, 0.182, 7.48, 0.016, 5.744, 4.606, 0.003, 10.523, 11.266, 10.422, 8.379, 1.737, 0.534, 3.113, 0.0, 8.971, 11.407, 7.286, 0.596, 2.403, 8.729, 5.252, 3.02, 5.023, 12.487, 0.505, 0.0, 0.081, 4.382, 8.015, 1.434, 0.0, 0.0, 1.075, 8.099, 8.494, 0.073, 0.0, 3.525, 6.59, 0.08, 5.841, 0.09, 4.136, 1.385], "train_overestimate": [7.8, 0.293, 5.8, 2.16, 3.113, 0.793, 0.669, 0.027, 0.004, 3.247, 0.0, 0.26, 0.104, 0.0, 1.645, 0.0, 6.816, 0.0, 0.032, 11.672, 9.485, 8.413, 7.272, 6.059, 1.798, 0.024, 0.716, 0.0, 1.446, 4.576, 2.236, 4.247, 0.0, 0.0, 5.402, 0.703, 0.0, 0.0, 1.907, 0.045, 0.0, 2.97, 0.763, 11.478, 0.0, 0.0, 0.0, 0.0, 2.618, 3.679, 0.0, 0.015, 0.633, 2.751, 0.0, 0.234, 2.446, 0.0, 5.106, 0.0, 0.011, 5.48, 0.0, 0.0, 0.0, 0.0, 0.418, 1.126, 0.063, 6.751, 0.0, 0.0, 0.0, 1.143, 0.189, 0.0, 0.0, 0.075, 0.0, 0.0, 1.011, 12.277, 3.229, 0.013, 0.0, 0.474, 9.925, 7.181, 0.472, 0.0, 0.0, 2.569, 7.763, 0.03, 0.0, 2.224, 0.0, 1.997, 0.0, 0.218], "train_difference": [13.691, 24.541, 12.536, 14.093, 11.368, 15.615, 12.669, 15.651, 13.056, 4.553, 19.183, 5.13, 6.256, 13.684, 2.749, 17.468, 6.884, 10.922, 6.731, 11.672, 9.485, 8.413, 7.301, 6.129, 2.576, 6.458, 2.46, 6.897, 2.266, 4.723, 2.684, 4.38, 10.136, 8.758, 5.453, 2.172, 11.182, 7.089, 2.381, 4.5, 13.088, 3.144, 1.911, 11.478, 9.097, 11.042, 11.091, 7.023, 2.813, 3.768, 6.458, 5.167, 2.004, 2.891, 6.947, 2.624, 2.628, 7.48, 5.121, 5.744, 4.617, 5.482, 10.523, 11.266, 10.422, 8.379, 2.155, 1.66, 3.177, 6.751, 8.971, 11.407, 7.286, 1.739, 2.592, 8.729, 5.252, 3.094, 5.023, 12.487, 1.516, 12.277, 3.31, 4.395, 8.015, 1.907, 9.925, 7.181, 1.547, 8.099, 8.494, 2.641, 7.763, 3.555, 6.59, 2.304, 5.841, 2.088, 4.136, 1.603], "val_mae": [23.825, 54.713, 24.097, 31.829, 25.15, 35.452, 29.021, 34.832, 28.705, 8.413, 38.039, 8.907, 10.925, 25.833, 4.344, 33.124, 14.104, 20.165, 12.472, 23.705, 18.502, 16.71, 15.239, 12.435, 4.068, 11.961, 3.908, 12.966, 3.047, 9.065, 4.551, 8.139, 18.925, 16.747, 10.189, 2.953, 21.095, 13.199, 3.535, 8.581, 25.241, 5.555, 2.491, 22.507, 16.919, 21.125, 21.306, 13.663, 4.872, 7.58, 12.689, 10.247, 2.756, 5.172, 13.636, 4.298, 4.44, 13.966, 9.993, 11.416, 8.992, 10.489, 20.705, 21.897, 20.003, 16.295, 3.546, 2.782, 5.904, 12.546, 17.69, 22.18, 14.036, 2.845, 4.745, 17.172, 10.527, 5.968, 10.154, 24.545, 2.684, 23.374, 6.343, 8.678, 15.988, 3.454, 19.139, 13.301, 2.67, 16.59, 17.419, 4.644, 14.643, 7.321, 13.043, 4.124, 11.971, 3.615, 9.003, 3.737], "val_rmse": [31.086, 65.138, 30.838, 39.435, 31.545, 43.748, 36.472, 42.172, 34.784, 10.503, 41.262, 11.641, 12.855, 27.547, 5.655, 34.829, 15.467, 21.383, 14.228, 25.085, 19.328, 17.747, 16.667, 13.532, 5.492, 13.382, 4.843, 14.174, 4.108, 10.123, 5.806, 9.033, 19.867, 17.92, 10.798, 3.573, 22.143, 14.035, 4.412, 9.882, 26.659, 6.289, 3.068, 23.369, 17.678, 22.299, 22.439, 14.897, 5.639, 8.462, 14.042, 11.773, 3.882, 5.965, 14.941, 5.379, 5.099, 14.754, 10.537, 12.72, 10.314, 10.965, 22.275, 23.211, 20.99, 17.5, 5.134, 3.445, 6.979, 12.935, 19.136, 23.521, 14.997, 3.614, 6.067, 18.485, 11.86, 7.195, 11.512, 26.089, 3.417, 24.012, 7.412, 9.915, 17.401, 5.022, 19.942, 13.799, 3.132, 18.258, 19.143, 5.433, 15.338, 8.729, 14.0, 4.764, 13.139, 4.329, 10.48, 5.306], "val_underestimate": [7.868, 27.968, 9.08, 15.096, 11.05, 17.829, 14.543, 17.888, 14.752, 1.826, 19.549, 4.542, 5.615, 13.276, 0.696, 17.023, 0.0, 10.363, 6.41, 0.0, 0.0, 0.0, 0.0, 0.0, 0.264, 6.147, 1.382, 6.664, 0.349, 0.0, 0.139, 0.025, 9.726, 8.607, 0.0, 1.006, 10.841, 6.783, 0.173, 4.406, 12.972, 0.03, 0.767, 0.0, 8.695, 10.857, 10.949, 7.022, 0.061, 0.0, 6.521, 5.266, 1.095, 0.0, 7.008, 2.159, 0.048, 7.177, 0.0, 5.867, 4.621, 0.0, 10.641, 11.253, 10.28, 8.374, 1.641, 0.444, 3.017, 0.0, 9.091, 11.399, 7.214, 0.532, 2.377, 8.825, 5.41, 3.043, 5.218, 12.614, 0.538, 0.0, 0.0, 4.46, 8.217, 1.521, 0.0, 0.0, 0.962, 8.526, 8.952, 0.06, 0.0, 3.762, 6.703, 0.238, 6.152, 0.165, 4.627, 1.798],