{"val_loss": [0.031240756319473602, 0.01808086141762841, 0.012682300391235104, 0.0115860177886336, 0.012244895506834533, 0.010320669186613587, 0.010045868347838728, 0.009677185580585501, 0.009489342131726315, 0.009260887680890542, 0.010454739017303736, 0.009288859391138734, 0.008913922751768647, 0.008675757775765507, 0.008783239097586678, 0.009169516264794057, 0.008680525689366428, 0.009538213956046902, 0.009550593237387753, 0.008674735995858404, 0.011446183211066656, 0.00890366230446994, 0.008808148284111262, 0.009366195686703173, 0.008835080916469451, 0.008915969426905375, 0.009160997435578288, 0.008809589236989268, 0.009339512262360787, 0.008803428542604606, 0.00949228157373404, 0.00965948751480836, 0.009580489900852425, 0.0088294288914565, 0.009069974273693838, 0.00943356581127672, 0.008909990510195106, 0.009353430062724833, 0.009041092845008179, 0.009409148801447978, 0.008917855719017907, 0.008965358341204896, 0.0089184311173085, 0.009375680009017943, 0.009038858636914584, 0.008926984820189117, 0.008955812499860057, 0.009256998238925007, 0.009062637834378821, 0.008936147344280066, 0.00894383118369054, 0.008928176376785914, 0.009043931084306678, 0.009290237744608021, 0.00910533246820301, 0.009237225277603203, 0.00891820922505657, 0.008857309069248408, 0.011224436399667562, 0.009426012867859553, 0.009054353038158701, 0.00901572621539041, 0.008953233961720899, 0.00903930932751488, 0.009092846594992605, 0.008928930506347873, 0.0094053522882152, 0.00967651081353122, 0.009146977009246863, 0.010175491713905811, 0.009065704408890774, 0.00919045975933841, 0.009238704594382498, 0.008901620334048252, 0.009096646632315242, 0.009684973597056038, 0.00888566283538239, 0.00916384255712425, 0.009149302342848387, 0.009243966649794148, 0.009195638445514001, 0.008942731450184106, 0.00926857104837432, 0.00893129840167401, 0.009087925527233488, 0.009034644725236123, 0.009109873874068499, 0.009157868265699816, 0.009116785899297812, 0.010063528313872262, 0.008861939274740709, 0.009015047915353434, 0.00903499814547912, 0.009748663032547079, 0.009324649175242585, 0.009039365192519553, 0.009130347740513875, 0.009063678244880672, 0.009043585870434375, 0.009332228912575779], "train_loss": [0.22274612600449473, 0.02100995161163155, 0.013983695826027542, 0.010415627919428516, 0.009228081420587841, 0.009016036943648942, 0.008565208299842197, 0.007675556676986162, 0.007638691982720047, 0.007193855148216244, 0.00695890917268116, 0.0068821235981886275, 0.007224461041914765, 0.00635395068093203, 0.006140610690636095, 0.0062677865353180096, 0.0061969314847374335, 0.006308050025836565, 0.005906782156671397, 0.00572924769949168, 0.005570538480242249, 0.005908544429985341, 0.00542639171180781, 0.005114351457450539, 0.004996619616576936, 0.004848484993999591, 0.004770174527948257, 0.004806196830031695, 0.004729871594463475, 0.0044503688186523505, 0.004291381152143003, 0.004257257060089614, 0.004806042110431008, 0.004338344901043456, 0.0038118986631161533, 0.003883612695062766, 0.003792167430219706, 0.0034490069447201677, 0.003892676035320619, 0.0034123967379855458, 0.003341660114529077, 0.003081716648011934, 0.0030629557186330203, 0.0032170483682421036, 0.0029781279517919756, 0.0030174848907336127, 0.0029420561440929305, 0.0027314318758726586, 0.002807283955917228, 0.002829471075529, 0.0024303390528075397, 0.0024903946650738362, 0.00247067230338871, 0.0025380007973581087, 0.00276386787663796, 0.0029724138985329773, 0.0022858760748931672, 0.0021077058408991434, 0.0022728060957888374, 0.003224519581635832, 0.0021459781146404566, 0.0022171796626935247, 0.0019882353099092143, 0.0018861696971725905, 0.0018292644981556805, 0.001837728546888684, 0.0021735391401307425, 0.0021642773845087504, 0.0018350316422584, 0.002090575579131837, 0.0018518090273573762, 0.0016220617308135843, 0.002126488459907705, 0.0017288898125116248, 0.001627261712201289, 0.0015570889554510359, 0.0017833239799074363, 0.0018865237143472768, 0.001538850121505675, 0.001980782468308462, 0.0016756341574364342, 0.0016232822199526709, 0.001428816265615751, 0.0017517067208245862, 0.0015330903806898277, 0.001496836814112612, 0.0013353730937524233, 0.0016091337929537985, 0.0017048054378392408, 0.0015571122366964119, 0.0017468841451773187, 0.001327190294432512, 0.001200450571559486, 0.0012163965284344158, 0.001318113132583676, 0.0011873501734953607, 0.0011997486708423821, 0.0017164023729492328, 0.0013794987098663114, 0.0013082988862151979], "train_size": 1024, "val_size": 576, "rand_seed": 645, "shuffle": true, "loss_name": "mean_squared_error", "img_dim": [256, 256, 3], "patch_dim": [256, 256, 3], "patches_per_image": 1, "density_map_sigma": 5, "density_map_multiplication_factor": 100.0, "sub_experiment_name": "vgg_cells/n_64_sigma_5_randseed_645_loss_mse_full_img", "architecture": "FCRN_A"}