{"val_loss": [0.08406310072273351, 0.05382382658341627, 0.0442212594233537], "train_mae": [16.222, 13.582, 9.21], "train_rmse": [18.956, 14.533, 10.736], "train_underestimate": [38.033, 2.34, 3.431], "train_overestimate": [0.104, 29.591, 18.22], "train_difference": [38.137, 31.932, 21.652], "val_mae": [17.792, 12.988, 9.035], "val_rmse": [20.407, 13.907, 10.969], "val_underestimate": [39.56, 3.613, 4.719], "val_overestimate": [0.116, 25.351, 15.428], "val_difference": [39.676, 28.964, 20.148], "train_loss": [0.2172252394248628, 0.06243205127358022, 0.043831009397593636], "train_size": 900, "val_size": 89, "rand_seed": 9001, "shuffle": true, "loss_name": "mean_squared_error", "img_dim": [720, 1280, 3], "patch_dim": [720, 1280, 3], "patches_per_image": 1, "density_map_sigma": 10, "density_map_multiplication_factor": 2000.0, "sub_experiment_name": "carpk/sigma_10_loss_mse_full_img_epochs_3", "architecture": "UNet"}