{"val_loss": [0.0368159187355024, 0.014423777582123876, 0.014866374706959022, 0.014745717032757752, 0.011009511585785624, 0.01319108491160852, 0.010251435026636018, 0.008991405354155338, 0.009458352476084494, 0.00833337808794835, 0.007852036975022843, 0.008540852693840861, 0.006774700150879867, 0.006169110427007955, 0.0059473885134245985, 0.007443140639225021, 0.007410240027478293, 0.005931062978240387, 0.006511042747126126, 0.0053909468423465595, 0.005537581347572782, 0.005764030914767371, 0.005141629214288995, 0.005158677452367128, 0.004945396510747206, 0.006802248429534409, 0.005050138486480778, 0.005083847224287798, 0.004929829128634404, 0.005036903853418634, 0.005113917949047926, 0.004759416533702546, 0.004795192098861341, 0.00573662860209451, 0.005335547581232865, 0.004864954711485873, 0.00655336251571391, 0.004631737378932645, 0.0052966190645854705, 0.00501511395765085, 0.004659204815706129, 0.0046413454316172964, 0.004577771979658043, 0.004268797511673149, 0.005368958634790033, 0.004433107665082549, 0.004268910818021087, 0.0044455094304045335, 0.004326628259150311, 0.004595068351858679, 0.004609604277100195, 0.004909332531764556, 0.004034624039537876, 0.004206571127082605, 0.004547822696622461, 0.004073180895134369, 0.00410071704091559, 0.005020823975107358, 0.00450569812742555, 0.00444764453363057, 0.005511513536261833, 0.004152413976365043, 0.004124405583270881, 0.004105636295314659, 0.003996339364675805, 0.004850677762399702, 0.004549153234727462, 0.004442417012315299, 0.003975444279871333, 0.004472487316781874, 0.004651049258160021, 0.00424201021943351, 0.004078564757946879, 0.004009610714788055, 0.003933376622358885, 0.004078120538478662, 0.0038937795787419684, 0.004614847683114931, 0.004426488754688762, 0.003959160118350102, 0.004282570729093791, 0.004077139781336026, 0.003970026040299083, 0.003977912235046353, 0.004063382056569133, 0.003932346364736612, 0.003970754498903475, 0.004242656031719354, 0.003950251769685351, 0.004181845506536774, 0.004612690108307802, 0.004085175355773091, 0.00413426205940435, 0.004297689070774461, 0.005896679185645874, 0.005955582142204922, 0.004117864987860872, 0.004050146944149781, 0.003883558948633864, 0.003997477906523272], "train_mae": [106.341, 18.401, 42.475, 51.842, 11.693, 56.297, 28.604, 5.632, 32.709, 16.136, 17.1, 32.396, 5.346, 5.864, 5.205, 32.793, 30.385, 7.981, 28.212, 9.324, 14.319, 25.307, 5.79, 8.27, 10.83, 34.488, 11.312, 10.722, 6.08, 8.315, 15.195, 7.097, 6.184, 24.086, 24.867, 11.631, 32.479, 6.796, 22.008, 18.344, 12.838, 13.437, 10.018, 4.747, 26.297, 13.743, 8.904, 8.809, 7.158, 16.19, 19.303, 21.651, 3.531, 7.958, 8.098, 4.456, 8.277, 23.372, 7.393, 11.473, 28.596, 4.518, 8.959, 5.662, 3.145, 23.371, 15.804, 19.498, 7.641, 16.112, 17.389, 4.198, 4.834, 8.958, 4.367, 12.282, 8.298, 20.137, 17.458, 4.367, 15.412, 5.463, 12.167, 4.022, 4.502, 9.626, 7.924, 7.841, 7.075, 14.876, 23.609, 12.05, 13.948, 16.063, 38.106, 15.747, 11.003, 5.751, 5.39, 5.926], "train_rmse": [114.186, 22.98, 44.064, 55.813, 12.857, 59.152, 31.34, 7.034, 34.525, 17.877, 18.103, 33.774, 6.598, 7.651, 6.977, 34.353, 32.463, 9.955, 29.587, 11.067, 16.924, 27.207, 7.273, 10.083, 12.786, 35.913, 12.46, 12.575, 7.689, 10.117, 16.944, 8.911, 7.732, 25.811, 26.501, 13.174, 34.0, 7.923, 22.651, 19.737, 14.56, 14.699, 11.461, 5.852, 28.036, 15.002, 10.523, 10.276, 8.354, 17.861, 19.885, 22.767, 4.499, 9.71, 9.059, 5.359, 9.577, 25.179, 8.597, 12.352, 29.785, 5.302, 10.206, 6.411, 4.245, 24.407, 16.326, 20.543, 8.99, 16.583, 20.047, 5.06, 5.982, 10.298, 5.446, 13.191, 9.173, 20.548, 18.238, 5.346, 16.064, 6.58, 13.082, 4.719, 5.63, 11.241, 9.705, 9.199, 8.491, 16.242, 24.566, 13.281, 14.636, 16.793, 40.346, 17.303, 12.69, 6.758, 6.473, 6.883], "train_underestimate": [52.898, 5.693, 0.0, 25.788, 0.824, 28.004, 14.228, 1.766, 16.271, 8.027, 8.506, 16.115, 0.87, 2.479, 1.978, 0.0, 15.114, 3.719, 14.034, 4.5, 6.864, 12.589, 0.904, 0.463, 5.198, 17.156, 0.049, 5.159, 2.57, 0.448, 7.546, 2.923, 2.404, 11.981, 12.37, 0.093, 16.156, 0.235, 0.0, 9.125, 6.359, 0.0, 4.899, 1.189, 13.081, 6.836, 4.202, 4.248, 0.229, 8.054, 0.0, 10.77, 0.993, 3.721, 0.049, 0.368, 4.081, 11.626, 3.639, 0.021, 14.225, 0.371, 4.447, 0.149, 1.008, 11.626, 0.0, 9.699, 3.695, 0.0, 8.601, 1.689, 2.239, 4.409, 1.958, 6.109, 4.128, 0.0, 8.684, 0.633, 7.666, 2.622, 6.052, 0.33, 1.919, 4.69, 3.865, 3.85, 3.436, 7.4, 0.0, 5.994, 6.938, 0.0, 18.955, 0.0, 5.466, 0.133, 2.511, 2.941], "train_overestimate": [0.0, 3.46, 21.129, 0.0, 4.993, 0.0, 0.0, 1.036, 0.0, 0.0, 0.0, 0.0, 1.79, 0.438, 0.611, 16.312, 0.0, 0.251, 0.0, 0.138, 0.259, 0.0, 1.977, 3.651, 0.189, 0.0, 5.578, 0.174, 0.454, 3.689, 0.012, 0.607, 0.672, 0.0, 0.0, 5.693, 0.0, 3.146, 10.947, 0.0, 0.027, 6.684, 0.084, 1.173, 0.0, 0.0, 0.227, 0.134, 3.332, 0.0, 9.602, 0.0, 0.764, 0.238, 3.979, 1.848, 0.036, 0.0, 0.038, 5.686, 0.0, 1.876, 0.01, 2.667, 0.556, 0.0, 7.862, 0.0, 0.107, 8.015, 0.049, 0.4, 0.166, 0.048, 0.214, 0.0, 0.0, 10.017, 0.0, 1.54, 0.0, 0.096, 0.0, 1.671, 0.32, 0.099, 0.076, 0.05, 0.083, 0.0, 11.744, 0.0, 0.0, 7.991, 0.0, 7.833, 0.007, 2.728, 0.17, 0.007], "train_difference": [52.898, 9.153, 21.129, 25.788, 5.816, 28.004, 14.228, 2.802, 16.271, 8.027, 8.506, 16.115, 2.659, 2.917, 2.589, 16.312, 15.114, 3.97, 14.034, 4.638, 7.123, 12.589, 2.88, 4.114, 5.387, 17.156, 5.627, 5.333, 3.024, 4.136, 7.558, 3.53, 3.076, 11.981, 12.37, 5.786, 16.156, 3.38, 10.947, 9.125, 6.386, 6.684, 4.983, 2.361, 13.081, 6.836, 4.429, 4.382, 3.561, 8.054, 9.602, 10.77, 1.757, 3.959, 4.028, 2.217, 4.117, 11.626, 3.678, 5.707, 14.225, 2.247, 4.457, 2.816, 1.564, 11.626, 7.862, 9.699, 3.801, 8.015, 8.65, 2.088, 2.404, 4.456, 2.172, 6.109, 4.128, 10.017, 8.684, 2.172, 7.666, 2.717, 6.052, 2.001, 2.239, 4.788, 3.942, 3.9, 3.519, 7.4, 11.744, 5.994, 6.938, 7.991, 18.955, 7.833, 5.473, 2.861, 2.681, 2.948], "val_mae": [85.143, 15.907, 46.443, 42.032, 12.749, 47.765, 23.143, 4.414, 28.061, 13.79, 16.379, 28.615, 4.871, 6.173, 6.311, 27.74, 25.901, 6.414, 25.271, 8.591, 10.655, 21.804, 5.103, 8.39, 8.562, 30.479, 10.047, 8.428, 5.12, 8.717, 12.962, 5.657, 5.369, 20.573, 21.605, 12.456, 28.171, 5.266, 20.772, 15.877, 10.887, 14.097, 8.811, 4.703, 22.491, 12.291, 7.428, 7.523, 4.758, 13.767, 18.085, 19.189, 3.485, 6.717, 6.812, 4.497, 7.864, 19.59, 7.846, 9.667, 25.165, 4.485, 8.67, 4.905, 3.6, 20.89, 14.754, 17.427, 6.67, 14.954, 13.901, 4.437, 4.941, 7.631, 4.377, 11.472, 8.553, 18.223, 15.913, 5.251, 14.126, 5.46, 10.941, 4.092, 5.267, 8.167, 6.394, 6.913, 6.569, 12.709, 20.124, 10.664, 12.993, 13.473, 32.29, 12.61, 9.916, 6.534, 5.019, 6.196], "val_rmse": [93.323, 19.052, 47.213, 45.651, 13.767, 50.097, 25.243, 6.051, 29.465, 15.218, 17.351, 29.714, 6.546, 7.358, 7.41, 30.228, 27.618, 8.185, 26.496, 10.144, 13.458, 23.729, 6.523, 9.935, 10.72, 32.06, 11.231, 10.526, 6.665, 10.336, 14.849, 7.437, 6.824, 22.66, 23.542, 13.447, 29.902, 6.663, 21.403, 17.434, 12.814, 15.068, 10.518, 5.878, 24.54, 13.728, 9.234, 9.336, 6.356, 15.689, 18.638, 20.59, 4.546, 8.509, 7.856, 5.341, 9.221, 21.658, 8.967, 10.624, 26.657, 5.422, 10.105, 5.954, 4.777, 22.4, 15.351, 18.733, 8.315, 15.614, 16.907, 5.529, 6.435, 9.394, 5.793, 12.748, 9.545, 18.68, 17.049, 6.373, 15.145, 6.836, 12.316, 5.034, 6.268, 10.07, 8.475, 8.53, 8.204, 14.493, 20.764, 12.27, 14.044, 14.306, 34.837, 13.676, 11.935, 7.454, 6.509, 7.35],