{"val_loss": [0.006360601122246913, 0.005764089401863102, 0.005039018167129446, 0.004513033930177496, 0.004619454888395719, 0.004383983362054601, 0.004642542749328034, 0.004257810151102603, 0.004306997979155212, 0.004070128522976625, 0.003945306438153138, 0.0038537296645194553, 0.0043618735504019745, 0.004223498895751416, 0.003925591877810398, 0.004341484255443599, 0.00385815301625472, 0.003703743442909197, 0.003682814200955262, 0.004754252126379773, 0.005261394885868261, 0.004182276763761668, 0.0047865877971465425, 0.004343394641081331, 0.004020329086213476, 0.0038783604037841237, 0.0042615112574316705, 0.004671709161913087, 0.004360929528350728, 0.003793324400349876, 0.004150587239362519, 0.0036590632397645903, 0.003520822320650849, 0.003524602163856293, 0.003377040925645108, 0.004636652589700437, 0.004278665969953484, 0.0036761736208872106, 0.0034019921039442932, 0.003547468026125797, 0.0035913638944799053, 0.0036178907734615174, 0.0036452638341870625, 0.0034337824333003177, 0.0035526359537875075, 0.003399698757271431, 0.0035264597407957707, 0.004257986014737172, 0.0036930828046024544, 0.0035548557903489885], "train_loss": [0.018570516738691367, 0.006067585723940283, 0.005289960776735825, 0.0047328747969004326, 0.004456849424059328, 0.0043949595306003175, 0.0041863771384669235, 0.0040418142825728864, 0.0039466206271754345, 0.004146236378346657, 0.0038198130405362463, 0.0036875237087770074, 0.0037382002979029494, 0.003802410703883652, 0.003658393454770703, 0.003666125157906208, 0.003629885893133178, 0.0035044643454966717, 0.0034138273235839733, 0.0034677433422984905, 0.003263830480591423, 0.003327511917177617, 0.003215478737729427, 0.0031576466890328447, 0.003285464448708808, 0.0031587157941430632, 0.0030748728750040755, 0.003016701881733752, 0.0031364623866920738, 0.0029723306947744277, 0.0029839473168067343, 0.002839096795923979, 0.0028939556370914943, 0.0028188755741211935, 0.00273979580242667, 0.0026375455377092294, 0.0026426949748383777, 0.002659086411313183, 0.0025843600683401746, 0.0025016243193931587, 0.0025979535662372655, 0.002466903281856503, 0.0024411859899373667, 0.002394089135577815, 0.0023374767938548757, 0.0023252503569892724, 0.002279699157952564, 0.002325843110156711, 0.002307468910657917, 0.0022523127336171456], "train_size": 1024, "val_size": 576, "rand_seed": 642, "shuffle": true, "loss_name": "logcosh", "img_dim": [256, 256, 3], "patch_dim": [128, 128, 3], "patches_per_image": 4, "density_map_sigma": 5, "density_map_multiplication_factor": 100.0, "sub_experiment_name": "vgg_cells/n_64_sigma_5_randseed_642_loss_logcosh_patch_4_128x128", "architecture": "FCRN_A"}