{"val_loss": [0.04079165946071347, 0.03673417379872666, 0.023698165262531903, 0.020441384779082403, 0.01445277354731742, 0.013062049919325445, 0.013961353326319821, 0.011566643053407056, 0.009035174172216406, 0.00822370579569704, 0.01277708203997463, 0.007925434477834238, 0.007341869136629005, 0.009919182268074818, 0.008657241886895563, 0.008335334727437131, 0.008456372371357348, 0.008344769251481112, 0.006485213399476682, 0.006483521011735623, 0.006002332792074109, 0.005776251333170674, 0.005650854372005496, 0.005634558927138439, 0.0063337701592697864, 0.006761063925094075, 0.005760130320494581, 0.005636343858592833, 0.005377223501758029, 0.005554118174283455, 0.00530307719277011, 0.005273597654498492, 0.005970005844978409, 0.005611856325736476, 0.0050661294501171345, 0.005929727201065462, 0.0049550823718568105, 0.005406234329307659, 0.004971013773077478, 0.00497994143774526, 0.005309456377290189, 0.0053004246146883816, 0.005132404288613341, 0.005642113000956467, 0.004789928446472105, 0.004989175239138098, 0.005266669397113017, 0.004928461298631091, 0.004739764631570627, 0.004785798004983614, 0.004669972093931089, 0.004713547642394487, 0.004967625194694847, 0.0048880748379613375, 0.005139279845429378, 0.004722712458007866, 0.004671608505304903, 0.0047291606347749215, 0.004492189893628367, 0.004928615380777046, 0.004789873453167577, 0.004784904582063771, 0.006179435265948996, 0.004547195344154413, 0.0046207071993396515, 0.004915394694156324, 0.004667786402731306, 0.004944111931965583, 0.004478004583183469, 0.004592576442519203, 0.00439439688084854, 0.00434380096461003, 0.004472113251621421, 0.004330526487643106, 0.004332783463824954, 0.004346123873902898, 0.004554814639656494, 0.004356052040950292, 0.004860858549363911, 0.005093841844225406, 0.0042150271377371, 0.005122308580515285, 0.004656543101494511, 0.004701814180912657, 0.004191396832336775, 0.004280439768788508, 0.0047640863922424614, 0.0043438151834480875, 0.0042633506188091514, 0.004657570460242116, 0.004917524358865598, 0.004317814435732241, 0.004421895390906785, 0.00439259736190757, 0.004283440604922362, 0.00444345570253467, 0.004985182744955334, 0.004362718748678971, 0.004244186171692693, 0.004150857882147345], "train_mae": [62.82, 58.256, 38.017, 59.686, 15.58, 14.422, 42.202, 31.466, 5.48, 6.533, 50.441, 20.263, 10.655, 41.657, 29.508, 28.863, 29.485, 30.442, 8.249, 18.814, 13.119, 4.576, 4.749, 7.572, 20.877, 27.027, 11.107, 10.974, 8.986, 11.499, 5.785, 7.265, 20.306, 16.233, 3.799, 20.297, 4.679, 13.172, 6.059, 7.416, 15.544, 13.562, 7.911, 15.107, 3.727, 8.943, 15.745, 13.798, 6.579, 5.696, 4.214, 6.419, 10.975, 8.047, 17.339, 9.08, 5.538, 11.254, 4.24, 8.822, 10.93, 11.59, 23.395, 4.468, 3.018, 17.236, 10.189, 9.168, 5.655, 9.413, 3.864, 4.788, 5.593, 5.736, 6.134, 6.024, 8.202, 5.651, 14.762, 16.286, 3.267, 10.775, 3.061, 14.108, 3.262, 3.519, 12.747, 4.808, 3.144, 14.527, 17.477, 4.745, 3.549, 3.715, 7.866, 12.966, 19.662, 6.279, 7.937, 4.3], "train_rmse": [66.32, 62.195, 42.245, 61.495, 18.387, 20.195, 44.905, 32.783, 6.662, 7.916, 52.326, 21.474, 12.541, 43.219, 31.585, 30.288, 31.429, 32.828, 9.761, 20.05, 14.527, 6.298, 6.306, 9.422, 22.261, 28.856, 12.16, 13.051, 10.666, 12.507, 7.152, 9.069, 21.611, 16.949, 5.141, 22.482, 6.012, 13.956, 7.644, 9.3, 17.03, 15.356, 8.911, 16.768, 5.065, 10.869, 17.347, 15.184, 7.76, 6.691, 5.553, 7.74, 11.842, 9.717, 18.514, 11.172, 6.715, 13.244, 5.673, 10.063, 11.813, 13.002, 25.592, 5.651, 4.186, 18.9, 11.444, 10.953, 7.266, 10.333, 5.191, 5.558, 6.937, 7.093, 7.803, 7.395, 9.693, 7.0, 16.113, 17.381, 4.052, 12.833, 3.932, 15.109, 4.363, 4.379, 13.825, 5.541, 4.299, 15.526, 19.096, 5.567, 4.487, 4.612, 8.773, 13.8, 21.64, 7.316, 9.259, 5.317], "train_underestimate": [0.086, 0.213, 0.886, 0.0, 2.894, 7.85, 24.072, 17.948, 1.466, 1.539, 28.772, 11.558, 0.099, 23.761, 0.0, 16.464, 0.0, 17.364, 0.212, 10.731, 7.473, 1.894, 1.539, 3.988, 11.909, 15.416, 0.065, 6.201, 5.075, 0.082, 3.101, 3.991, 11.583, 0.0, 1.448, 11.578, 1.868, 0.02, 3.283, 3.992, 8.867, 7.727, 0.123, 8.617, 1.323, 5.037, 8.981, 7.871, 3.672, 0.222, 2.1, 3.56, 0.016, 0.093, 9.89, 5.124, 2.993, 6.394, 2.051, 0.044, 0.015, 6.605, 13.344, 1.664, 1.089, 9.831, 5.799, 0.052, 3.052, 5.353, 1.526, 0.357, 3.09, 3.196, 3.32, 3.359, 4.644, 3.143, 8.42, 9.289, 0.822, 0.023, 0.365, 8.047, 1.515, 0.98, 0.0, 0.444, 1.256, 8.286, 9.969, 0.17, 0.314, 1.011, 4.47, 7.396, 11.215, 3.556, 4.491, 2.29], "train_overestimate": [35.748, 33.017, 20.799, 34.046, 5.993, 0.376, 0.0, 0.0, 1.661, 2.187, 0.0, 0.0, 5.979, 0.0, 16.832, 0.0, 16.819, 0.0, 4.493, 0.0, 0.01, 0.717, 1.17, 0.332, 0.0, 0.0, 6.27, 0.058, 0.05, 6.477, 0.199, 0.153, 0.0, 9.259, 0.719, 0.0, 0.801, 7.493, 0.173, 0.238, 0.0, 0.008, 4.389, 0.0, 0.803, 0.064, 0.0, 0.0, 0.08, 3.027, 0.304, 0.102, 6.244, 4.497, 0.0, 0.055, 0.166, 0.026, 0.367, 4.988, 6.219, 0.006, 0.0, 0.884, 0.632, 0.0, 0.012, 5.177, 0.173, 0.016, 0.678, 2.374, 0.101, 0.076, 0.179, 0.077, 0.034, 0.081, 0.0, 0.0, 1.041, 6.123, 1.381, 0.0, 0.346, 1.027, 7.271, 2.298, 0.537, 0.0, 0.0, 2.537, 1.71, 1.108, 0.017, 0.0, 0.0, 0.025, 0.036, 0.163], "train_difference": [35.833, 33.23, 21.685, 34.046, 8.887, 8.226, 24.072, 17.948, 3.126, 3.727, 28.772, 11.558, 6.078, 23.761, 16.832, 16.464, 16.819, 17.364, 4.705, 10.731, 7.483, 2.61, 2.709, 4.319, 11.909, 15.416, 6.335, 6.26, 5.126, 6.559, 3.3, 4.144, 11.583, 9.259, 2.167, 11.578, 2.669, 7.513, 3.456, 4.23, 8.867, 7.736, 4.513, 8.617, 2.126, 5.101, 8.981, 7.871, 3.753, 3.249, 2.403, 3.661, 6.26, 4.59, 9.89, 5.179, 3.159, 6.419, 2.419, 5.032, 6.234, 6.611, 13.344, 2.548, 1.721, 9.831, 5.812, 5.229, 3.225, 5.369, 2.204, 2.731, 3.19, 3.272, 3.499, 3.436, 4.678, 3.223, 8.42, 9.289, 1.863, 6.146, 1.746, 8.047, 1.861, 2.007, 7.271, 2.742, 1.794, 8.286, 9.969, 2.707, 2.025, 2.119, 4.487, 7.396, 11.215, 3.582, 4.527, 2.453], "val_mae": [59.833, 54.825, 34.257, 58.106, 14.629, 17.912, 45.333, 32.66, 5.057, 5.915, 52.999, 20.51, 12.023, 43.636, 32.723, 30.101, 32.5, 32.663, 9.059, 19.405, 13.234, 4.837, 5.075, 8.2, 21.668, 28.666, 11.881, 11.878, 9.457, 11.464, 5.361, 7.897, 21.007, 16.82, 4.426, 21.798, 5.074, 13.907, 6.502, 8.633, 16.168, 14.348, 7.992, 16.057, 4.212, 9.849, 16.556, 14.201, 6.252, 5.744, 4.657, 6.743, 11.92, 9.384, 17.942, 10.27, 5.172, 12.28, 4.93, 9.987, 12.001, 12.152, 25.21, 5.028, 3.765, 18.468, 10.538, 10.627, 6.721, 9.208, 4.634, 5.045, 6.174, 6.322, 7.33, 6.715, 9.014, 6.355, 15.741, 17.167, 3.768, 12.171, 4.054, 14.783, 3.94, 4.191, 13.853, 5.103, 4.086, 15.357, 18.935, 4.882, 3.872, 4.435, 8.231, 13.481, 21.446, 6.622, 8.94, 4.764], "val_rmse": [63.297, 58.811, 39.162, 59.991, 18.4, 22.811, 48.362, 34.229, 6.653, 7.892, 55.102, 21.867, 13.553, 45.36, 34.467, 31.665, 34.104, 35.202, 10.242, 20.726, 14.666, 6.038, 6.251, 9.703, 23.11, 30.614, 12.84, 13.805, 10.941, 12.7, 6.458, 9.429, 22.417, 17.568, 5.181, 24.19, 6.295, 14.62, 7.748, 10.006, 17.837, 16.337, 9.095, 17.862, 5.026, 11.627, 18.33, 15.791, 7.634, 6.976, 5.53, 7.935, 12.631, 10.665, 19.395, 12.278, 6.357, 14.421, 5.96, 11.033, 12.735, 13.759, 27.648, 6.447, 4.521, 20.434, 11.972, 11.942, 8.232, 10.265, 6.203, 6.048, 7.485, 7.661, 8.636, 8.051, 10.724, 7.608, 17.436, 18.505, 4.835, 13.639, 4.961, 16.202, 4.704, 5.301, 14.69, 6.275, 5.158, 16.73, 20.987, 6.045, 4.883, 5.919, 9.581, 14.617, 23.856, 7.981, 10.637, 5.73],