{"val_loss": [0.3124127946794033, 0.09639607876953152, 0.04576172845231162, 0.03280085123454531, 0.04242950403648946, 0.03461971912636525, 0.03010078359188305, 0.02827948999280731, 0.02722760711589621, 0.029068859707978036, 0.02337181720779174, 0.021232117329620652, 0.01862123289093789, 0.020506976353418496, 0.018016075844772987, 0.016448107263487246, 0.014267164515331388, 0.014535030065518286, 0.013402637482310334, 0.01332538485682259, 0.012476657607799603, 0.01207877101842314, 0.010985005944449868, 0.010186448311691897, 0.00993494482503997, 0.010206836502119485, 0.009560301182015488, 0.008736259284584472, 0.009002240588112423, 0.008083589284473823, 0.008100168701882163, 0.0075027759885415435, 0.008135810145176947, 0.007592939415998343, 0.006703933875542134, 0.007450253152961118, 0.0089676896459423, 0.0084213707013987, 0.0065366054315947825, 0.00621429364481527, 0.006407175940694287, 0.006229712550217907, 0.006134847043237339, 0.006027541818588765, 0.0056406246019630795, 0.005574274510662589, 0.005486032731520633, 0.005262756991821031, 0.005559185316087678, 0.005320455726986337, 0.005020120236117186, 0.004876492916890938, 0.004934310269567909, 0.006402725741888086, 0.008512758514067778, 0.006381118831793881, 0.0051781105446732706, 0.004990918215804009, 0.005003774231429108, 0.005005723379629974, 0.005063994241128158, 0.005107123006988938, 0.005177661449933011, 0.005221453323934434, 0.004831784747592691, 0.004667176072770316, 0.004452329992394273, 0.00451408796167622, 0.004646603816783884, 0.004360943269501958, 0.004281267827738904, 0.004269202959322784, 0.004181313646970213, 0.0044572289108246975, 0.004132192418587187, 0.004417323423290832, 0.004143518198462617, 0.004656716440674952, 0.004027204782081147, 0.004128079143508027, 0.003975212835939601, 0.003925328269057597, 0.003898986114007938, 0.003940499407084038, 0.0070094146778703565, 0.005424521401033012, 0.006364095157348654, 0.004986191168427467, 0.005049128660983924, 0.006989335175603628, 0.007605137704457674, 0.005884428899864563, 0.004816778605648627, 0.005067845098286246, 0.005186337372934859, 0.004824449534579698, 0.004406356589040822, 0.004216066914119033, 0.004159798987934159, 0.00408162299330191], "train_mae": [537.898, 251.91, 110.797, 30.355, 104.545, 58.22, 26.508, 23.793, 31.079, 68.783, 44.266, 48.913, 41.09, 61.788, 55.873, 39.339, 27.37, 30.328, 28.163, 29.983, 29.38, 27.232, 18.868, 7.069, 10.068, 26.78, 19.691, 7.378, 22.872, 6.538, 17.012, 7.688, 26.834, 22.732, 7.659, 25.579, 45.707, 35.664, 15.744, 4.518, 13.367, 13.224, 12.876, 14.528, 4.962, 8.022, 9.128, 4.204, 17.102, 13.382, 7.729, 4.486, 8.571, 34.149, 54.446, 26.544, 15.75, 7.436, 8.599, 9.263, 11.136, 16.805, 19.699, 19.555, 14.399, 11.398, 4.862, 10.594, 13.243, 6.742, 3.709, 5.332, 3.547, 15.672, 4.646, 15.31, 8.822, 21.247, 3.535, 9.646, 3.505, 3.418, 3.761, 7.175, 45.761, 12.586, 26.505, 6.748, 12.316, 39.537, 45.327, 25.805, 5.211, 16.572, 22.166, 17.724, 9.247, 4.015, 4.316, 4.634], "train_rmse": [541.528, 252.604, 119.116, 37.554, 105.322, 68.356, 31.212, 29.531, 38.494, 70.719, 53.802, 51.553, 49.98, 63.004, 62.16, 40.889, 33.377, 31.853, 33.027, 31.137, 33.385, 28.293, 22.597, 8.546, 11.279, 28.814, 20.717, 8.603, 24.528, 7.834, 18.188, 9.408, 28.301, 24.049, 8.787, 26.502, 46.883, 37.363, 16.75, 6.337, 15.336, 14.135, 14.579, 15.438, 6.753, 9.699, 10.15, 5.737, 18.23, 14.674, 9.102, 5.875, 9.874, 35.316, 55.997, 27.912, 16.877, 8.868, 10.064, 10.185, 13.251, 17.504, 20.884, 20.594, 15.495, 12.28, 6.405, 11.876, 14.277, 8.2, 4.817, 6.469, 4.675, 16.654, 5.644, 16.033, 10.095, 22.162, 4.533, 10.575, 4.479, 4.371, 4.695, 8.021, 47.029, 14.671, 28.877, 8.413, 13.283, 41.344, 46.217, 28.198, 6.678, 17.161, 23.558, 18.475, 10.773, 5.117, 5.521, 5.961], "train_underestimate": [0.0, 0.0, 59.038, 14.143, 0.0, 30.988, 1.949, 8.631, 14.718, 0.0, 23.29, 0.061, 21.787, 0.0, 29.772, 0.0, 14.579, 0.021, 15.006, 0.0, 15.655, 0.0, 10.054, 1.282, 0.302, 14.27, 0.0, 0.348, 12.187, 0.323, 0.0, 3.955, 14.298, 12.113, 0.203, 0.0, 0.0, 19.003, 0.009, 1.841, 7.114, 0.033, 6.849, 0.012, 2.214, 4.131, 0.099, 1.843, 9.112, 7.121, 4.037, 2.014, 0.095, 0.0, 0.0, 14.144, 0.0, 3.916, 4.544, 0.099, 5.872, 0.0, 10.497, 0.0, 7.672, 0.018, 2.268, 5.629, 0.0, 3.515, 1.237, 0.218, 1.274, 8.351, 0.303, 0.0, 4.684, 11.321, 0.573, 0.041, 0.611, 0.694, 0.605, 0.084, 0.0, 6.679, 14.123, 3.5, 0.027, 21.067, 0.0, 13.75, 1.206, 0.0, 11.811, 0.0, 4.914, 1.446, 1.457, 2.192], "train_overestimate": [286.616, 134.229, 0.0, 2.032, 55.707, 0.035, 12.176, 4.047, 1.842, 36.651, 0.297, 26.002, 0.108, 32.924, 0.0, 20.962, 0.005, 16.14, 0.0, 15.976, 0.0, 14.51, 0.0, 2.484, 5.062, 0.0, 10.492, 3.583, 0.0, 3.161, 9.065, 0.141, 0.0, 0.0, 3.878, 13.63, 24.355, 0.0, 8.38, 0.566, 0.009, 7.013, 0.012, 7.729, 0.43, 0.143, 4.765, 0.397, 0.0, 0.009, 0.082, 0.377, 4.472, 18.196, 29.011, 0.0, 8.392, 0.046, 0.037, 4.837, 0.062, 8.954, 0.0, 10.42, 0.0, 6.055, 0.323, 0.016, 7.056, 0.077, 0.74, 2.623, 0.616, 0.0, 2.172, 8.158, 0.017, 0.0, 1.31, 5.098, 1.256, 1.127, 1.399, 3.739, 24.384, 0.027, 0.0, 0.095, 6.536, 0.0, 24.152, 0.0, 1.571, 8.83, 0.0, 9.444, 0.013, 0.693, 0.843, 0.277], "train_difference": [286.616, 134.229, 59.038, 16.175, 55.707, 31.022, 14.125, 12.678, 16.56, 36.651, 23.587, 26.063, 21.895, 32.924, 29.772, 20.962, 14.584, 16.16, 15.006, 15.976, 15.655, 14.51, 10.054, 3.767, 5.365, 14.27, 10.492, 3.931, 12.187, 3.484, 9.065, 4.096, 14.298, 12.113, 4.081, 13.63, 24.355, 19.003, 8.389, 2.408, 7.123, 7.046, 6.861, 7.741, 2.644, 4.275, 4.864, 2.24, 9.112, 7.131, 4.119, 2.39, 4.567, 18.196, 29.011, 14.144, 8.392, 3.962, 4.582, 4.936, 5.934, 8.954, 10.497, 10.42, 7.672, 6.073, 2.591, 5.645, 7.056, 3.592, 1.976, 2.841, 1.89, 8.351, 2.476, 8.158, 4.701, 11.321, 1.884, 5.14, 1.867, 1.821, 2.004, 3.823, 24.384, 6.706, 14.123, 3.596, 6.563, 21.067, 24.152, 13.75, 2.777, 8.83, 11.811, 9.444, 4.927, 2.14, 2.3, 2.469], "val_mae": [517.42, 247.513, 95.098, 24.508, 107.983, 45.396, 34.801, 24.039, 24.604, 74.239, 33.294, 54.949, 31.038, 65.15, 46.304, 42.421, 21.109, 32.993, 22.535, 31.331, 24.31, 28.208, 15.159, 8.099, 11.299, 23.794, 19.103, 8.365, 20.616, 7.39, 15.756, 7.252, 24.438, 20.87, 7.901, 23.822, 42.328, 32.36, 14.573, 5.151, 11.762, 12.46, 11.577, 13.554, 5.309, 7.205, 9.079, 5.268, 15.932, 12.292, 7.718, 5.68, 8.186, 31.37, 49.897, 24.241, 14.082, 7.667, 8.289, 9.391, 9.472, 16.274, 18.107, 17.621, 13.415, 10.895, 4.824, 9.719, 12.102, 6.51, 4.506, 5.957, 4.399, 14.704, 5.45, 14.401, 8.207, 19.945, 4.134, 8.815, 4.018, 4.008, 4.661, 7.296, 41.836, 10.913, 23.164, 6.442, 10.944, 36.022, 42.016, 22.408, 7.082, 16.336, 20.066, 16.131, 8.417, 4.356, 4.79, 4.632], "val_rmse": [521.866, 248.409, 105.784, 33.769, 108.873, 58.989, 38.123, 29.729, 34.174, 76.257, 46.228, 57.219, 42.989, 66.463, 54.418, 43.875, 28.856, 34.271, 28.776, 32.587, 29.39, 29.457, 19.992, 9.7, 12.371, 26.286, 20.61, 9.609, 22.702, 8.767, 17.757, 9.593, 26.231, 22.508, 9.55, 25.464, 44.229, 34.334, 16.482, 7.0, 14.195, 14.304, 13.803, 15.357, 7.384, 9.637, 10.722, 6.952, 17.406, 14.088, 9.511, 7.195, 10.318, 33.337, 52.25, 25.867, 16.07, 9.389, 10.266, 10.743, 12.313, 17.519, 19.635, 19.39, 14.902, 12.457, 6.852, 11.532, 13.89, 8.436, 5.914, 7.194, 5.855, 16.017, 6.478, 15.644, 10.019, 21.104, 5.363, 10.228, 5.249, 5.246, 5.631, 8.32, 43.525, 13.515, 26.165, 8.426, 12.571, 38.283, 43.26, 25.594, 8.063, 17.32, 21.957, 17.31, 10.51, 5.905, 6.445, 6.377],