{"val_loss": [0.0470182411890063, 0.03594193747267127, 0.03073418911339508, 0.02021446234236161, 0.01721421083331936, 0.014368937945821218, 0.013104112993460149, 0.01597135247559183, 0.014450881054573175, 0.010100353308694644, 0.009279068442992866, 0.011314734861823834, 0.00890170780217482, 0.008492249924327351, 0.009702876669406477, 0.011157497369115137, 0.007522583421733644, 0.00891271275597521, 0.006728886678400967, 0.006351304240524769, 0.008140178811219003, 0.008773108931361802, 0.0064207842806354165, 0.006292525769418312, 0.006183964665979147, 0.006059195425930536, 0.008839236184333762, 0.00580237770272005, 0.005836202012788918, 0.005450611558949782, 0.005518315026872895, 0.005379901930508722, 0.0052137662035723524, 0.005305433678182049, 0.00547481089274192, 0.00554342298871941, 0.005372428642456523, 0.005043805599497218, 0.00549040499350263, 0.007019543056634979, 0.005985902551199413, 0.005221828579023067, 0.005319341499772336, 0.005547240088667927, 0.005222558768259155, 0.005085649900138378, 0.004990151740558859, 0.0051658342256107265, 0.004918048339378502, 0.004820241353526298, 0.0051300205329122646, 0.004919057812205412, 0.004752132650335423, 0.005657149313871439, 0.004779080805342851, 0.005207377793138019, 0.004844347952813324, 0.004633084065668906, 0.004638950088216613, 0.004600265325279906, 0.004857725483210136, 0.0049226861964497305, 0.0048967888578772545, 0.0047570344015386784, 0.004801447205762897, 0.0045480507833417505, 0.005128798372526135, 0.005136946688354429, 0.004540664554547725, 0.004729286094920503, 0.0045463710395981455, 0.004880338997787071, 0.004484414077726089, 0.00480062579542088, 0.004713367509086513, 0.004806206445209682, 0.004586099271869494, 0.004515236942097545, 0.004517721739830449, 0.005119771580211818, 0.004565838413933913, 0.004797989515484207, 0.0048411042985713314, 0.004498132520691595, 0.004560332111496892, 0.004490422068758764, 0.004652942262408841, 0.0046042922864823295, 0.004539209579686738, 0.0046717528797065215, 0.004625935320897649, 0.0043233650827056, 0.00526660662338448, 0.004492316602004899, 0.005287618968092526, 0.004454478323977027, 0.0046522404332386535, 0.0046396342772317845, 0.004506858130399551, 0.004594286625635707], "train_mae": [96.348, 31.488, 39.871, 22.587, 21.77, 13.103, 12.399, 44.169, 41.499, 6.438, 5.203, 34.573, 15.81, 10.586, 32.89, 41.0, 4.713, 30.756, 6.045, 6.776, 32.01, 36.335, 11.163, 9.68, 13.411, 14.183, 34.747, 6.851, 7.522, 4.79, 5.337, 4.264, 5.371, 6.303, 14.219, 12.001, 8.361, 4.54, 12.015, 28.005, 21.13, 7.671, 11.668, 16.842, 10.227, 8.983, 9.6, 14.207, 6.269, 5.623, 11.94, 7.642, 6.623, 19.651, 4.264, 13.384, 7.438, 3.473, 4.003, 5.326, 9.097, 6.365, 10.233, 6.758, 10.094, 6.853, 16.034, 15.176, 7.622, 5.362, 3.923, 13.098, 3.445, 9.972, 10.444, 10.681, 6.276, 3.049, 7.739, 15.027, 7.209, 14.914, 13.968, 7.219, 3.145, 9.124, 7.481, 9.3, 7.384, 8.605, 9.242, 4.3, 17.549, 8.481, 19.825, 9.707, 7.701, 13.413, 4.629, 5.025], "train_rmse": [97.533, 36.165, 44.131, 27.69, 28.746, 16.52, 16.841, 48.089, 44.658, 8.494, 6.72, 37.175, 17.006, 12.509, 34.258, 43.291, 6.642, 32.45, 7.749, 8.407, 33.404, 37.73, 12.305, 11.779, 16.084, 15.262, 37.522, 8.018, 8.981, 5.989, 6.53, 5.528, 6.613, 7.866, 16.042, 13.119, 10.349, 5.647, 13.49, 28.749, 22.428, 8.654, 13.59, 18.65, 11.431, 10.842, 11.405, 14.952, 7.655, 6.762, 13.185, 8.963, 7.56, 21.192, 5.514, 15.771, 8.903, 4.507, 4.911, 6.307, 10.54, 7.951, 12.502, 8.214, 11.337, 7.733, 17.898, 16.091, 9.368, 6.628, 5.07, 14.233, 4.381, 11.365, 11.841, 11.737, 7.76, 3.934, 8.824, 16.707, 8.391, 15.555, 14.653, 8.789, 4.139, 10.494, 8.767, 10.312, 8.613, 10.594, 10.423, 5.536, 19.055, 9.245, 20.905, 10.685, 8.433, 14.198, 5.313, 6.372], "train_underestimate": [0.0, 1.481, 0.577, 7.535, 10.706, 4.718, 6.341, 25.605, 24.057, 3.273, 1.722, 0.0, 9.165, 0.111, 19.067, 0.0, 1.223, 17.83, 0.523, 2.654, 18.556, 21.064, 0.122, 5.488, 7.683, 0.036, 20.143, 0.315, 4.269, 0.851, 0.995, 1.456, 0.528, 3.292, 8.243, 0.02, 4.4, 1.023, 6.964, 0.0, 12.249, 0.164, 6.746, 9.763, 0.035, 5.1, 5.49, 0.0, 3.524, 0.399, 6.922, 4.394, 0.168, 11.392, 2.121, 7.742, 4.23, 0.841, 0.779, 0.177, 5.241, 0.129, 5.786, 3.82, 5.841, 0.092, 9.295, 8.798, 4.085, 2.958, 1.698, 7.593, 0.7, 5.772, 6.049, 0.0, 3.488, 0.828, 4.464, 8.711, 4.144, 0.0, 8.097, 4.091, 0.865, 5.269, 0.051, 5.387, 0.068, 4.836, 5.35, 2.188, 10.173, 0.005, 11.492, 5.627, 0.025, 7.775, 0.175, 2.599], "train_overestimate": [55.854, 16.774, 22.537, 5.559, 1.915, 2.878, 0.847, 0.0, 0.0, 0.459, 1.294, 20.043, 0.0, 6.026, 0.0, 23.768, 1.509, 0.0, 2.981, 1.274, 0.0, 0.0, 6.349, 0.124, 0.092, 8.185, 0.0, 3.657, 0.092, 1.926, 2.099, 1.016, 2.585, 0.362, 0.0, 6.937, 0.447, 1.609, 0.001, 16.235, 0.0, 4.283, 0.018, 0.0, 5.894, 0.108, 0.075, 8.236, 0.11, 2.861, 0.0, 0.036, 3.671, 0.0, 0.35, 0.017, 0.081, 1.172, 1.542, 2.911, 0.032, 3.561, 0.146, 0.097, 0.011, 3.881, 0.0, 0.0, 0.334, 0.151, 0.576, 0.0, 1.297, 0.009, 0.006, 6.192, 0.15, 0.939, 0.022, 0.0, 0.035, 8.646, 0.0, 0.094, 0.959, 0.021, 4.286, 0.005, 4.213, 0.152, 0.008, 0.304, 0.0, 4.912, 0.0, 0.001, 4.439, 0.0, 2.508, 0.314], "train_difference": [55.854, 18.254, 23.114, 13.094, 12.62, 7.596, 7.188, 25.605, 24.057, 3.732, 3.016, 20.043, 9.165, 6.137, 19.067, 23.768, 2.732, 17.83, 3.504, 3.928, 18.556, 21.064, 6.472, 5.611, 7.774, 8.222, 20.143, 3.972, 4.361, 2.777, 3.094, 2.472, 3.114, 3.654, 8.243, 6.957, 4.847, 2.632, 6.965, 16.235, 12.249, 4.447, 6.764, 9.763, 5.929, 5.207, 5.565, 8.236, 3.634, 3.26, 6.922, 4.43, 3.84, 11.392, 2.472, 7.759, 4.312, 2.013, 2.32, 3.088, 5.273, 3.69, 5.932, 3.918, 5.852, 3.973, 9.295, 8.798, 4.418, 3.109, 2.274, 7.593, 1.997, 5.781, 6.054, 6.192, 3.638, 1.767, 4.486, 8.711, 4.179, 8.646, 8.097, 4.185, 1.823, 5.289, 4.337, 5.391, 4.28, 4.989, 5.357, 2.492, 10.173, 4.917, 11.492, 5.627, 4.464, 7.775, 2.683, 2.913], "val_mae": [92.611, 28.567, 34.966, 25.937, 28.686, 15.372, 16.186, 51.57, 47.675, 6.581, 4.931, 38.95, 16.467, 11.668, 35.72, 45.775, 4.914, 33.951, 5.996, 6.215, 35.028, 39.863, 10.848, 11.213, 16.183, 13.863, 39.831, 6.38, 7.778, 3.91, 4.314, 3.379, 4.409, 6.713, 16.469, 12.573, 9.656, 3.635, 13.712, 29.556, 23.525, 7.275, 13.674, 19.542, 10.72, 10.559, 11.229, 14.356, 6.662, 5.078, 13.283, 8.373, 6.123, 22.297, 4.09, 16.056, 8.54, 2.792, 3.355, 5.165, 10.654, 6.795, 12.309, 7.927, 11.594, 6.697, 18.826, 16.603, 8.759, 5.607, 3.662, 14.779, 3.2, 11.63, 12.201, 11.495, 7.328, 2.531, 8.835, 17.64, 8.16, 15.459, 15.156, 8.609, 2.357, 10.733, 7.887, 10.476, 7.752, 10.456, 10.734, 4.74, 20.373, 8.796, 22.476, 11.067, 7.635, 15.033, 4.307, 5.946], "val_rmse": [94.296, 32.761, 39.673, 33.093, 36.192, 20.72, 21.731, 55.745, 51.13, 9.833, 6.491, 40.452, 17.717, 12.85, 37.304, 47.165, 6.262, 35.731, 7.305, 8.873, 36.254, 41.159, 11.739, 12.956, 18.356, 14.636, 42.219, 7.312, 8.973, 5.059, 5.59, 4.359, 5.144, 8.078, 17.845, 13.197, 11.867, 4.808, 14.745, 30.033, 24.57, 8.073, 15.247, 21.017, 11.388, 12.272, 12.705, 14.81, 7.737, 5.793, 14.197, 9.346, 6.856, 23.623, 4.967, 18.155, 9.771, 3.773, 4.346, 6.127, 11.948, 7.945, 14.638, 9.262, 12.747, 7.549, 20.528, 17.189, 10.691, 6.479, 5.074, 15.708, 4.211, 12.891, 13.472, 12.173, 9.016, 3.562, 9.743, 19.188, 9.162, 15.95, 15.671, 10.126, 3.158, 11.847, 8.772, 11.23, 8.6, 12.705, 11.674, 6.377, 21.772, 9.458, 23.542, 12.116, 8.359, 15.8, 5.044, 8.081],