{"val_loss": [2.2917762398719788, 0.6547771573943251, 0.22031797107089968, 0.20596039317110004, 0.23728048406979618, 0.26736097388407765, 0.24585292444509618, 0.22898469427052667, 0.20180567857973716, 0.211738209842759, 0.19086599897812395, 0.2104219658409848, 0.18239907514961326, 0.17564582583658836, 0.17909526178503737, 0.16338268820853794, 0.17467157060609145, 0.1638291685239357, 0.1444877986522282, 0.15683409571647644, 0.13616058142746196, 0.14938711594132817, 0.12748919153476462, 0.14205352315569625, 0.1204076294294175, 0.1378643429454635, 0.11673027342733215, 0.1257187433759956, 0.12228445938843138, 0.11093839274390656, 0.1105807694770834, 0.10952771104433957, 0.10685378219932318, 0.10741335569935687, 0.10385456845602568, 0.1015077626113506, 0.10252718780847157, 0.09967893822228208, 0.09520064595648471, 0.09780144603813395, 0.0993595425696934, 0.09085044034701936, 0.0923945766818874, 0.09797989593490082, 0.08873282690696857, 0.08702654966755825, 0.09211880171342808, 0.08767181448638439, 0.0823927368311321, 0.08152142276658732, 0.08465245579752852, 0.09150047315394177, 0.0873623238876462, 0.08065479100846193, 0.0760100344195962, 0.07775435070781146, 0.08199495597578146, 0.08068537454613868, 0.07585420410203583, 0.07246563769876957, 0.07185802707339034, 0.0743937516475425, 0.09249299320885364, 0.10734635306631818, 0.07120146213428062, 0.11261413350482197, 0.07237578917513876, 0.08530986506272764, 0.07862608901718084, 0.07528562022044379, 0.0800855596385458, 0.07098328459131367, 0.08133519084795433, 0.06794800083426868, 0.07769556529819965, 0.06542974513243227, 0.07756731708479278, 0.06473207292968736, 0.06950050173327327, 0.06832934674971244, 0.06344502802719088, 0.06875246346873395, 0.06303890167242464, 0.06267807835384327, 0.06668329474461429, 0.06453742996296462, 0.05874853457926827, 0.060357906006495744, 0.06529269257889074, 0.060843362746869814, 0.05835837301085977, 0.05649174859418588, 0.05685212501489064, 0.06170837246977231, 0.06594063336139216, 0.0757416126811329, 0.06007486083270872, 0.05832050946157645, 0.07096421702162307, 0.05830599370357745], "train_mae": [1560.62, 423.959, 98.036, 43.387, 63.976, 179.465, 80.628, 56.12, 95.47, 126.205, 24.879, 45.468, 26.05, 92.535, 109.53, 47.448, 22.868, 23.983, 58.819, 98.251, 33.602, 24.966, 28.37, 82.875, 30.332, 29.337, 27.35, 64.164, 20.55, 30.679, 38.698, 18.364, 19.285, 45.69, 17.388, 17.846, 46.35, 13.505, 21.129, 44.476, 12.453, 28.918, 39.29, 15.085, 33.499, 30.688, 12.763, 38.021, 13.618, 11.486, 38.703, 18.776, 45.594, 7.727, 19.998, 30.946, 11.183, 39.909, 6.166, 20.952, 19.634, 7.634, 56.897, 46.382, 13.016, 75.211, 5.34, 22.772, 40.459, 35.717, 16.182, 6.827, 46.891, 22.066, 17.143, 11.912, 42.995, 6.25, 10.563, 31.852, 20.826, 12.638, 22.046, 21.577, 14.188, 29.422, 10.412, 5.083, 31.482, 8.868, 19.314, 11.22, 4.557, 27.969, 22.489, 46.64, 5.388, 4.534, 40.778, 6.187], "train_rmse": [1587.351, 426.927, 108.336, 54.642, 66.736, 189.692, 82.381, 59.745, 105.903, 136.363, 31.119, 49.495, 33.013, 103.054, 119.583, 59.51, 28.81, 30.577, 70.398, 108.163, 44.433, 28.787, 38.0, 92.499, 40.904, 32.448, 37.406, 73.636, 26.201, 41.283, 47.922, 25.203, 27.216, 52.669, 24.763, 25.794, 52.229, 19.269, 28.104, 49.595, 14.864, 34.568, 44.396, 16.838, 38.713, 35.883, 14.629, 42.528, 19.654, 16.915, 42.849, 20.23, 49.281, 10.24, 23.619, 33.941, 12.536, 42.749, 8.596, 23.831, 22.322, 9.003, 59.751, 47.222, 16.75, 78.464, 7.44, 24.055, 42.841, 38.316, 17.331, 9.742, 50.269, 25.605, 18.184, 15.005, 45.427, 8.688, 11.73, 34.05, 23.208, 13.697, 24.094, 23.443, 15.277, 31.304, 12.546, 6.523, 33.022, 10.333, 21.067, 13.469, 5.749, 29.543, 23.555, 48.794, 6.744, 5.842, 42.482, 7.815], "train_underestimate": [827.092, 0.0, 51.957, 22.219, 0.0, 95.112, 0.0, 0.076, 50.597, 66.886, 7.636, 0.455, 9.538, 49.042, 58.049, 24.984, 6.831, 8.379, 31.173, 52.071, 16.745, 3.259, 13.336, 43.922, 15.118, 1.498, 13.493, 34.006, 5.724, 15.876, 20.509, 7.872, 9.309, 24.215, 8.348, 9.069, 24.565, 5.829, 11.198, 23.571, 2.018, 15.326, 20.823, 1.145, 17.754, 16.264, 1.332, 20.15, 7.075, 5.595, 20.512, 0.305, 24.164, 1.616, 10.598, 16.401, 0.419, 21.151, 1.597, 11.104, 10.406, 0.416, 30.154, 0.0, 6.827, 39.86, 1.349, 0.0, 21.443, 18.929, 0.14, 2.407, 24.851, 11.695, 0.09, 6.258, 22.786, 2.98, 0.128, 16.881, 11.037, 0.069, 11.684, 11.435, 0.0, 15.593, 5.489, 0.404, 16.685, 0.024, 10.236, 5.929, 1.142, 14.823, 0.0, 24.718, 0.423, 0.63, 21.611, 0.107], "train_overestimate": [0.0, 224.688, 0.0, 0.775, 33.906, 0.0, 42.731, 29.666, 0.0, 0.0, 5.549, 23.642, 4.268, 0.0, 0.0, 0.162, 5.289, 4.331, 0.0, 0.0, 1.063, 9.972, 1.699, 0.0, 0.957, 14.05, 1.002, 0.0, 5.167, 0.383, 0.0, 1.86, 0.912, 0.0, 0.867, 0.389, 0.0, 1.329, 0.0, 0.0, 4.582, 0.0, 0.0, 6.85, 0.0, 0.0, 5.432, 0.0, 0.143, 0.492, 0.0, 9.645, 0.0, 2.479, 0.0, 0.0, 5.508, 0.0, 1.671, 0.0, 0.0, 3.629, 0.0, 24.581, 0.071, 0.0, 1.481, 12.069, 0.0, 0.0, 8.436, 1.211, 0.0, 0.0, 8.995, 0.055, 0.0, 0.332, 5.47, 0.0, 0.0, 6.629, 0.0, 0.0, 7.519, 0.0, 0.029, 2.289, 0.0, 4.676, 0.0, 0.017, 1.273, 0.0, 11.919, 0.0, 2.432, 1.773, 0.0, 3.172], "train_difference": [827.092, 224.688, 51.957, 22.994, 33.906, 95.112, 42.731, 29.742, 50.597, 66.886, 13.185, 24.097, 13.806, 49.042, 58.049, 25.146, 12.119, 12.711, 31.173, 52.071, 17.809, 13.231, 15.035, 43.922, 16.075, 15.548, 14.495, 34.006, 10.891, 16.259, 20.509, 9.732, 10.22, 24.215, 9.215, 9.458, 24.565, 7.157, 11.198, 23.571, 6.6, 15.326, 20.823, 7.995, 17.754, 16.264, 6.764, 20.15, 7.217, 6.087, 20.512, 9.951, 24.164, 4.095, 10.598, 16.401, 5.927, 21.151, 3.268, 11.104, 10.406, 4.046, 30.154, 24.581, 6.898, 39.86, 2.83, 12.069, 21.443, 18.929, 8.576, 3.618, 24.851, 11.695, 9.085, 6.313, 22.786, 3.312, 5.598, 16.881, 11.037, 6.698, 11.684, 11.435, 7.519, 15.593, 5.518, 2.694, 16.685, 4.7, 10.236, 5.947, 2.415, 14.823, 11.919, 24.718, 2.856, 2.403, 21.611, 3.279], "val_mae": [1501.931, 411.999, 89.263, 36.69, 66.166, 167.462, 82.271, 58.937, 86.694, 116.1, 21.586, 47.815, 22.04, 83.863, 100.284, 40.738, 19.888, 20.324, 51.644, 89.587, 28.301, 23.658, 23.658, 75.052, 25.536, 29.226, 22.999, 57.42, 17.995, 25.872, 33.808, 14.924, 16.071, 41.355, 14.455, 15.457, 42.63, 10.851, 18.824, 41.311, 11.094, 26.358, 36.26, 13.979, 30.711, 28.082, 11.606, 35.296, 12.333, 10.023, 36.12, 18.307, 42.994, 7.074, 18.935, 29.55, 10.183, 38.163, 5.784, 20.076, 18.872, 7.134, 54.433, 44.195, 12.385, 71.876, 5.103, 21.066, 38.928, 34.173, 15.185, 6.189, 44.202, 20.578, 16.253, 11.517, 41.279, 6.569, 9.455, 30.911, 20.336, 11.455, 21.696, 21.381, 12.628, 28.928, 11.019, 4.842, 31.321, 7.823, 19.572, 11.845, 4.557, 27.946, 19.761, 45.446, 5.145, 4.389, 40.023, 5.587], "val_rmse": [1525.684, 414.858, 98.112, 46.495, 67.938, 176.213, 83.377, 61.445, 95.612, 124.782, 26.363, 50.989, 27.204, 92.838, 108.842, 51.157, 24.363, 25.193, 61.554, 97.972, 36.921, 27.259, 31.083, 83.103, 33.725, 32.498, 30.638, 65.233, 21.991, 34.315, 41.334, 20.118, 22.088, 46.859, 20.094, 21.256, 47.172, 15.449, 24.164, 45.213, 12.812, 30.657, 40.152, 15.747, 34.68, 32.03, 13.326, 38.713, 16.58, 14.038, 39.305, 19.844, 45.846, 8.817, 21.686, 31.822, 11.738, 40.355, 7.622, 22.305, 20.967, 8.499, 56.698, 45.182, 15.216, 74.478, 6.828, 22.554, 40.709, 36.121, 16.612, 8.337, 46.84, 23.349, 17.566, 13.929, 43.199, 8.589, 10.886, 32.701, 22.317, 12.805, 23.431, 22.984, 14.002, 30.527, 12.851, 6.191, 32.66, 9.098, 21.143, 13.753, 6.036, 29.348, 21.036, 47.304, 6.265, 5.732, 41.515, 7.091],