{"val_loss": [0.03434458421020026, 0.023722611200273705, 0.018922331156941613, 0.01853032900397195, 0.016002497405567195, 0.014105630988841144, 0.01304904648280713], "train_mae": [10.807, 6.866, 9.1, 8.912, 8.498, 4.198, 3.617], "train_rmse": [13.731, 9.267, 11.854, 11.839, 10.585, 5.909, 4.732], "train_underestimate": [8.027, 10.212, 21.296, 20.736, 19.849, 7.818, 3.987], "train_overestimate": [17.381, 5.93, 0.097, 0.216, 0.128, 2.051, 4.517], "train_difference": [25.408, 16.142, 21.394, 20.952, 19.978, 9.869, 8.504], "val_mae": [11.843, 7.587, 11.474, 11.45, 9.508, 5.022, 4.001], "val_rmse": [14.897, 10.378, 14.121, 14.083, 11.521, 7.213, 5.425], "val_underestimate": [8.851, 12.911, 25.508, 25.219, 21.134, 9.611, 5.363], "val_overestimate": [17.558, 4.008, 0.078, 0.316, 0.07, 1.587, 3.558], "val_difference": [26.41, 16.919, 25.587, 25.535, 21.204, 11.198, 8.922], "train_loss": [0.04651146773552884, 0.027704380344237306, 0.021102554333758437, 0.016676462422280262, 0.014573138017310864, 0.013367427007890204, 0.012012742389827812], "train_size": 900, "val_size": 89, "rand_seed": 9001, "shuffle": true, "loss_name": "logcosh", "img_dim": [720, 1280, 3], "patch_dim": [128, 128, 3], "patches_per_image": 32, "density_map_sigma": 10, "density_map_multiplication_factor": 2000.0, "sub_experiment_name": "carpk/sigma_10_loss_logcosh_patch_32_128x128_epochs_7", "architecture": "UNet"}