{"val_loss": [1.8990739356069004, 0.41438298935399337, 0.3230304687338717, 0.2224921308019582, 0.2650566291721428, 0.2658066447166836, 0.22665117987815073, 0.21430175039259827, 0.25292190755991373, 0.19830489498289192, 0.20714053840321653, 0.2070192812996752, 0.19633193730431445, 0.1930426656104186, 0.19791512224165833, 0.18905678380499868, 0.17784026451408863, 0.17608147793832948, 0.16227962887462447, 0.16484530576888254, 0.14359367792220676, 0.14145933190251098, 0.13765869826516686, 0.12463854571037433, 0.12240323654430754, 0.13124197436606183, 0.13047849901897066, 0.11638143384719596, 0.11822209408616319, 0.11814918259487432, 0.10757716147996046, 0.11855894140899181, 0.11206505409277537, 0.1084030957563835, 0.11010872474049821, 0.10028223123620539, 0.10592468258212595, 0.09635173403384055, 0.10076262193786747, 0.0974957812577486, 0.09378209814210148, 0.10018929017379004, 0.09328363413977273, 0.09085289668291807, 0.09436750905040432, 0.08925446188625168, 0.08933260450687479, 0.09038082565016606, 0.0865968900239643, 0.08591005699161221, 0.08701074676697745, 0.0861581875668729, 0.08257885655278668, 0.08228153992882546, 0.08638016671380576, 0.09060777948402307, 0.0924837669795927, 0.08029239422039074, 0.07966968176119468, 0.0879170782316257, 0.08156094053650603, 0.0771879078272511, 0.08195523457492099, 0.08023946014616419, 0.07721904084524688, 0.07438638077720124, 0.07422974974136143, 0.07861843770917724, 0.08073442785398048, 0.08427073149120107, 0.07727510865558596, 0.07239583622225944, 0.07298916594727951, 0.07556647752576015, 0.07920492429505377, 0.073276628027944, 0.06929412108900793, 0.06851483547293089, 0.07136145595680266, 0.09028725112404894, 0.10774199998773196, 0.07638263779089731, 0.1147300478290109, 0.07184389085673235, 0.10341612824841458, 0.0758757263641147, 0.10829746279427234, 0.08106718782116384, 0.0900126365287339, 0.09014278902288746, 0.0741286676048356, 0.09337962232530117, 0.07438184293534826, 0.08118878661052269, 0.07937567034626708, 0.07186416761182687, 0.08231614480781205, 0.06945705435731832, 0.0743416755405419, 0.06956109919530504], "train_mae": [1211.289, 258.667, 150.801, 78.825, 154.931, 98.036, 42.379, 101.424, 154.365, 57.217, 20.472, 22.215, 25.921, 63.737, 92.73, 81.934, 34.211, 21.439, 35.527, 85.533, 29.239, 18.236, 60.869, 19.938, 18.02, 53.67, 25.555, 30.158, 45.033, 15.117, 24.325, 58.761, 12.284, 12.942, 52.366, 31.088, 9.693, 25.213, 43.904, 8.533, 10.704, 44.522, 7.289, 9.656, 40.913, 8.927, 6.674, 37.127, 9.301, 9.708, 34.534, 5.562, 19.795, 25.049, 5.511, 46.788, 14.768, 27.516, 27.661, 11.203, 33.763, 15.824, 5.085, 35.17, 5.037, 13.313, 24.054, 6.273, 40.952, 16.264, 36.43, 6.626, 4.346, 34.62, 13.199, 32.253, 5.753, 6.189, 31.279, 31.021, 66.182, 29.179, 46.344, 6.182, 63.273, 33.673, 42.341, 11.241, 49.967, 50.849, 5.457, 25.478, 5.416, 41.613, 40.069, 6.366, 16.275, 6.859, 35.831, 27.449], "train_rmse": [1222.815, 267.426, 151.084, 87.706, 163.118, 98.721, 45.255, 109.455, 162.172, 66.598, 25.71, 26.961, 34.454, 73.001, 101.129, 90.57, 44.705, 27.176, 45.902, 93.563, 39.184, 23.127, 68.986, 26.779, 23.854, 61.038, 27.978, 38.219, 51.722, 18.37, 31.893, 64.364, 16.554, 17.812, 57.207, 36.029, 12.325, 29.783, 48.129, 11.809, 15.241, 48.055, 10.357, 13.649, 44.202, 12.224, 9.493, 39.591, 12.119, 12.411, 36.784, 7.847, 21.562, 26.733, 7.059, 49.059, 16.272, 29.318, 29.255, 12.887, 35.249, 17.301, 6.527, 37.08, 6.704, 14.749, 25.401, 7.905, 42.68, 18.032, 37.939, 7.708, 5.955, 35.809, 14.804, 33.837, 7.041, 7.295, 32.391, 33.062, 69.345, 31.762, 47.528, 8.075, 65.78, 35.018, 44.725, 12.66, 52.551, 53.51, 7.646, 26.637, 7.681, 44.02, 42.574, 9.109, 17.289, 9.303, 37.884, 29.109], "train_underestimate": [0.0, 148.579, 0.0, 45.277, 88.993, 0.0, 0.449, 58.258, 88.668, 32.865, 3.332, 2.614, 13.021, 36.611, 53.264, 47.063, 19.221, 8.236, 20.16, 49.13, 16.259, 5.214, 34.963, 9.21, 7.623, 30.828, 0.644, 17.323, 25.867, 1.738, 13.943, 33.752, 4.454, 5.875, 30.079, 17.857, 1.645, 14.483, 25.219, 3.159, 5.781, 25.574, 2.898, 5.249, 23.501, 4.935, 3.393, 21.326, 5.236, 5.511, 19.837, 2.728, 11.37, 14.388, 0.68, 26.875, 0.007, 15.805, 15.889, 0.087, 19.393, 9.089, 0.597, 20.202, 2.481, 7.647, 13.817, 0.281, 23.523, 0.012, 20.926, 3.526, 1.944, 19.886, 0.045, 18.526, 3.014, 3.252, 17.967, 0.0, 38.015, 16.761, 0.0, 3.334, 36.344, 19.342, 0.0, 0.074, 28.701, 29.208, 2.787, 0.0, 2.749, 23.903, 23.016, 3.413, 0.0, 3.811, 20.581, 15.767], "train_overestimate": [695.768, 0.0, 86.62, 0.0, 0.0, 56.312, 23.894, 0.0, 0.0, 0.0, 8.428, 10.146, 1.869, 0.0, 0.0, 0.0, 0.43, 4.078, 0.246, 0.0, 0.536, 5.261, 0.0, 2.243, 2.728, 0.0, 14.035, 0.0, 0.0, 6.946, 0.029, 0.0, 2.602, 1.559, 0.0, 0.0, 3.922, 0.0, 0.0, 1.743, 0.367, 0.0, 1.288, 0.298, 0.0, 0.193, 0.441, 0.0, 0.107, 0.065, 0.0, 0.467, 0.0, 0.0, 2.485, 0.0, 8.476, 0.0, 0.0, 6.349, 0.0, 0.0, 2.323, 0.0, 0.412, 0.0, 0.0, 3.322, 0.0, 9.33, 0.0, 0.28, 0.552, 0.0, 7.536, 0.0, 0.291, 0.303, 0.0, 17.819, 0.0, 0.0, 26.62, 0.216, 0.0, 0.0, 24.321, 6.383, 0.0, 0.0, 0.347, 14.635, 0.362, 0.0, 0.0, 0.244, 9.348, 0.129, 0.0, 0.0], "train_difference": [695.768, 148.579, 86.62, 45.277, 88.993, 56.312, 24.343, 58.258, 88.668, 32.865, 11.759, 12.76, 14.889, 36.611, 53.264, 47.063, 19.651, 12.315, 20.407, 49.13, 16.795, 10.475, 34.963, 11.452, 10.351, 30.828, 14.679, 17.323, 25.867, 8.684, 13.972, 33.752, 7.056, 7.434, 30.079, 17.857, 5.567, 14.483, 25.219, 4.902, 6.148, 25.574, 4.187, 5.547, 23.501, 5.128, 3.834, 21.326, 5.343, 5.576, 19.837, 3.195, 11.37, 14.388, 3.165, 26.875, 8.483, 15.805, 15.889, 6.435, 19.393, 9.089, 2.921, 20.202, 2.893, 7.647, 13.817, 3.603, 23.523, 9.342, 20.926, 3.806, 2.496, 19.886, 7.582, 18.526, 3.305, 3.555, 17.967, 17.819, 38.015, 16.761, 26.62, 3.551, 36.344, 19.342, 24.321, 6.457, 28.701, 29.208, 3.134, 14.635, 3.111, 23.903, 23.016, 3.657, 9.348, 3.94, 20.581, 15.767], "val_mae": [1241.82, 270.663, 151.258, 85.394, 163.83, 97.307, 39.983, 108.314, 162.9, 62.731, 23.489, 24.259, 31.657, 69.488, 99.393, 88.228, 40.102, 25.041, 40.914, 91.609, 34.8, 21.232, 65.79, 23.684, 21.249, 57.811, 25.581, 33.39, 48.48, 17.684, 27.221, 62.434, 14.85, 15.436, 55.34, 33.022, 12.558, 26.569, 46.057, 10.684, 12.375, 46.22, 9.36, 11.022, 42.33, 9.658, 7.852, 37.765, 9.531, 9.821, 34.842, 6.784, 19.02, 24.466, 7.972, 47.457, 17.562, 27.059, 27.053, 14.145, 33.348, 14.698, 7.504, 35.2, 5.397, 12.153, 23.177, 8.916, 41.073, 19.58, 36.214, 5.551, 5.182, 34.053, 16.319, 32.035, 5.048, 5.188, 30.737, 35.097, 68.449, 29.507, 50.282, 6.064, 64.96, 33.408, 47.172, 13.942, 51.299, 52.253, 5.898, 28.53, 5.926, 42.471, 40.947, 6.962, 18.562, 7.086, 36.295, 27.253], "val_rmse": [1255.405, 280.998, 151.684, 95.691, 173.434, 98.331, 44.399, 117.716, 172.086, 73.541, 28.129, 28.681, 40.075, 80.179, 109.177, 98.25, 50.732, 31.683, 51.826, 100.953, 44.631, 26.519, 75.181, 31.101, 27.777, 66.39, 28.587, 42.553, 56.375, 20.237, 35.781, 69.16, 19.624, 20.985, 61.269, 39.205, 14.724, 32.46, 51.379, 14.461, 17.615, 50.809, 12.873, 15.78, 46.678, 13.965, 11.377, 41.212, 13.435, 13.556, 38.058, 9.492, 21.929, 27.111, 9.897, 50.518, 19.556, 29.748, 29.484, 16.311, 35.556, 17.103, 9.293, 37.87, 7.671, 14.395, 25.257, 10.713, 43.414, 21.572, 38.297, 7.537, 6.856, 35.734, 18.221, 34.194, 7.052, 6.99, 32.286, 37.312, 72.304, 32.795, 51.738, 8.393, 68.091, 35.28, 49.932, 15.811, 54.552, 55.576, 8.442, 30.087, 8.488, 45.493, 44.082, 9.792, 19.956, 9.693, 38.904, 29.434],