{"val_loss": [0.006385888535482486, 0.0049229323427021476, 0.004929468257008314, 0.005416854373834212, 0.004431331451390482, 0.004142599589613383, 0.003966778381456809, 0.003959786076645994, 0.00408356260161074, 0.0038566106728063054, 0.003792425232354112, 0.003826674397714669, 0.003730449382904529, 0.004125622953930967, 0.0036917619052271927, 0.003996440955941378, 0.003870153166846851, 0.0037293467658956717, 0.0036078134526178474, 0.0036615292397578336, 0.0035972974556999463, 0.003620830850195489, 0.0038475555082994914, 0.0036819602704175245, 0.0036950886009839857, 0.0035689007709152065, 0.0036419385968555515, 0.0036355206633137036, 0.0034051133996197474, 0.0035862949679439124], "train_loss": [0.020421429946509306, 0.005903891015805129, 0.0048128083321898885, 0.004678683189467847, 0.004405107682941889, 0.004073406615589192, 0.004221344847792352, 0.003973039142692869, 0.003925339670786343, 0.0038269456476882624, 0.0037471351060958114, 0.00380938942589637, 0.003713111032539018, 0.0036800133425458625, 0.0034736276252260723, 0.0034679526315812836, 0.003569090496512217, 0.0033982022500822495, 0.0032693835619284073, 0.003272800266586273, 0.0032049200776782527, 0.00319147630898442, 0.003056247164749948, 0.0030134255362099793, 0.0030109913805063115, 0.0029264268146107497, 0.0028988217427468044, 0.002864942707674345, 0.0028687480871667503, 0.0028795406369681587], "train_size": 1024, "val_size": 576, "rand_seed": 643, "shuffle": true, "loss_name": "logcosh", "img_dim": [256, 256, 3], "patch_dim": [128, 128, 3], "patches_per_image": 4, "density_map_sigma": 5, "density_map_multiplication_factor": 100.0, "sub_experiment_name": "vgg_cells/n_64_sigma_5_randseed_643_loss_logcosh_patch_4_128x128", "architecture": "UNet"}