{"val_loss": [0.09056494834230226, 0.04879953808096402, 0.036181032890453935, 0.03440879479817608, 0.028696019627044305, 0.025919954826617065, 0.018989897737115184, 0.01666001249652575, 0.015219938907060115, 0.014116297612952836, 0.013897053794661426, 0.011506076148875496, 0.010785239286419442, 0.010602922668434022, 0.009327562625163837, 0.00886183770661078, 0.012191922629854697, 0.009706806264790323, 0.008520686423734707, 0.008132629449177971, 0.007695249418782837, 0.00771533721126616, 0.009146317890982199, 0.007356771363821977, 0.011181497761486647, 0.008300257394747698, 0.006922197983572807, 0.006836541774271823, 0.00655415587757221, 0.006356823052663137, 0.007437567288220367, 0.00755353071315981, 0.006800534946652239, 0.006722874521716114, 0.006388320680022897, 0.008885159537278335, 0.006587794410092209, 0.006262038065709502, 0.0059876127599957675, 0.005720574242706575, 0.005999235415776425, 0.00544187834191903, 0.006118648004142896, 0.005639845549868529, 0.005506595601807074, 0.005507716486189405, 0.005264918669126928, 0.005324160086114288, 0.006283643212073538, 0.005322042455458466, 0.005277768804636949, 0.005341720801559003, 0.005192579732358675, 0.005277821953367332, 0.005275917193263441, 0.005319890001213507, 0.004956703799133024, 0.004885314912398291, 0.005151958261301522, 0.004746389999876127, 0.004845806926502572, 0.004935238684993237, 0.004863426578915952, 0.004985676035764353, 0.004633885955520193, 0.0049940362634301625, 0.005082515051232322, 0.004759712577865952, 0.00577554529573878, 0.004701643468305359, 0.004789638240575133, 0.00471654420492568, 0.004900932522586492, 0.004480137344216928, 0.0049971571544815295, 0.0047281577734632745, 0.0050775971612893045, 0.005691318474846947, 0.005280863658031996, 0.0048615670033648395, 0.0045545988079324804, 0.004981590529068318, 0.005035567251444959, 0.00481623100965996, 0.005429852550150827, 0.005165166819043567, 0.004864506041699582, 0.004428834089434103, 0.004857954380842035, 0.005671914269709412, 0.005364325255333611, 0.0053030311554560765, 0.004938436831306557, 0.004705114952658358, 0.00528355097904911, 0.005692386465585407, 0.006262484992689946, 0.004930713001693434, 0.004317528314833694, 0.0041828712051296055], "train_mae": [233.655, 104.174, 48.464, 53.153, 25.999, 45.995, 25.236, 36.639, 41.403, 41.829, 47.837, 20.871, 19.354, 26.051, 5.786, 12.361, 50.764, 33.826, 22.86, 16.111, 11.167, 14.814, 35.544, 7.455, 56.288, 31.968, 8.87, 9.739, 7.057, 6.385, 23.987, 32.102, 23.255, 21.529, 20.072, 44.231, 22.776, 18.3, 8.702, 7.947, 11.477, 5.526, 21.749, 13.308, 11.166, 11.159, 8.037, 8.369, 28.433, 9.486, 5.962, 12.302, 14.409, 15.285, 13.415, 18.359, 8.823, 6.516, 16.105, 5.646, 5.696, 10.358, 6.672, 13.911, 5.376, 16.898, 19.277, 4.495, 30.142, 5.816, 12.992, 7.868, 13.887, 5.512, 17.62, 15.892, 18.857, 29.705, 23.127, 19.571, 10.041, 18.242, 22.136, 16.303, 27.561, 19.787, 21.252, 8.879, 20.419, 29.104, 25.551, 28.1, 21.055, 17.61, 25.744, 31.775, 33.469, 21.147, 7.835, 5.38], "train_rmse": [241.744, 105.39, 59.59, 58.241, 31.505, 51.229, 31.146, 47.34, 50.871, 48.785, 53.051, 26.591, 24.568, 29.88, 6.767, 14.373, 53.479, 35.691, 24.356, 17.644, 12.779, 16.887, 36.494, 9.061, 58.816, 34.169, 11.27, 11.586, 8.635, 8.076, 27.003, 34.625, 25.039, 23.159, 21.282, 46.407, 25.506, 20.618, 10.304, 9.606, 13.152, 7.441, 23.885, 15.563, 13.06, 12.793, 9.823, 10.388, 30.38, 11.827, 7.721, 14.297, 16.293, 17.551, 15.307, 20.027, 10.571, 8.027, 17.347, 6.823, 7.326, 11.992, 8.08, 15.7, 6.499, 18.555, 21.47, 5.697, 30.947, 7.046, 14.099, 9.149, 14.936, 6.704, 19.01, 17.757, 21.406, 30.517, 24.175, 21.553, 11.92, 19.557, 23.876, 17.94, 28.606, 21.076, 22.917, 10.84, 21.775, 30.538, 27.047, 29.386, 22.932, 18.945, 27.42, 32.933, 35.071, 22.892, 9.464, 6.533], "train_underestimate": [116.228, 0.0, 23.707, 0.05, 7.266, 0.201, 7.82, 17.603, 20.499, 20.807, 23.796, 10.294, 9.531, 12.959, 0.725, 6.103, 25.252, 16.826, 11.371, 7.994, 5.45, 7.309, 0.0, 0.635, 28.0, 15.902, 4.138, 4.69, 0.44, 0.796, 11.932, 15.969, 11.568, 10.709, 9.984, 22.002, 11.33, 9.103, 0.385, 0.392, 0.178, 2.154, 10.819, 6.478, 5.441, 5.468, 3.821, 3.827, 14.144, 4.159, 2.228, 6.001, 7.14, 7.542, 6.631, 9.132, 3.924, 2.77, 0.018, 0.792, 1.775, 4.954, 0.574, 6.893, 0.647, 8.406, 9.574, 1.399, 0.0, 0.692, 0.061, 0.233, 0.05, 0.435, 8.765, 7.905, 9.371, 14.776, 11.504, 9.735, 4.821, 9.074, 11.011, 8.11, 13.71, 9.843, 10.571, 4.118, 10.157, 14.478, 12.71, 13.978, 10.473, 8.76, 12.806, 15.806, 16.649, 10.519, 3.789, 0.228], "train_overestimate": [0.0, 51.82, 0.4, 26.39, 5.667, 22.678, 4.733, 0.623, 0.097, 0.0, 0.0, 0.088, 0.096, 0.0, 2.153, 0.046, 0.0, 0.0, 0.0, 0.02, 0.105, 0.06, 17.681, 3.073, 0.0, 0.0, 0.274, 0.154, 3.071, 2.381, 0.0, 0.0, 0.0, 0.0, 0.0, 0.0, 0.0, 0.0, 3.944, 3.561, 5.531, 0.595, 0.0, 0.142, 0.114, 0.083, 0.177, 0.336, 0.0, 0.56, 0.738, 0.118, 0.028, 0.061, 0.042, 0.0, 0.465, 0.472, 7.993, 2.016, 1.058, 0.199, 2.745, 0.027, 2.027, 0.0, 0.015, 0.837, 14.994, 2.201, 6.401, 3.68, 6.858, 2.306, 0.0, 0.0, 0.009, 0.0, 0.0, 0.0, 0.174, 0.0, 0.0, 0.0, 0.0, 0.0, 0.0, 0.299, 0.0, 0.0, 0.0, 0.0, 0.0, 0.0, 0.0, 0.0, 0.0, 0.0, 0.108, 2.448], "train_difference": [116.228, 51.82, 24.107, 26.44, 12.933, 22.88, 12.553, 18.225, 20.595, 20.807, 23.796, 10.382, 9.627, 12.959, 2.878, 6.149, 25.252, 16.826, 11.371, 8.014, 5.555, 7.369, 17.681, 3.708, 28.0, 15.902, 4.412, 4.844, 3.511, 3.176, 11.932, 15.969, 11.568, 10.709, 9.984, 22.002, 11.33, 9.103, 4.329, 3.953, 5.709, 2.749, 10.819, 6.62, 5.554, 5.551, 3.998, 4.163, 14.144, 4.719, 2.966, 6.119, 7.167, 7.603, 6.673, 9.132, 4.389, 3.242, 8.011, 2.809, 2.833, 5.152, 3.319, 6.92, 2.674, 8.406, 9.589, 2.236, 14.994, 2.893, 6.463, 3.914, 6.908, 2.742, 8.765, 7.905, 9.38, 14.776, 11.504, 9.735, 4.995, 9.074, 11.011, 8.11, 13.71, 9.843, 10.571, 4.417, 10.157, 14.478, 12.71, 13.978, 10.473, 8.76, 12.806, 15.806, 16.649, 10.519, 3.897, 2.676], "val_mae": [201.195, 109.596, 33.521, 63.737, 23.01, 56.102, 21.268, 25.882, 28.202, 30.287, 37.311, 14.077, 13.149, 19.682, 6.073, 9.798, 42.453, 28.846, 19.943, 14.042, 9.627, 11.888, 32.639, 7.321, 48.256, 27.085, 7.138, 8.652, 6.744, 5.841, 18.951, 26.697, 20.302, 19.163, 19.117, 38.106, 18.532, 15.355, 8.041, 6.683, 9.406, 5.666, 18.577, 10.965, 9.633, 10.234, 8.016, 7.204, 24.583, 7.027, 5.116, 10.41, 12.798, 12.648, 11.566, 16.228, 7.228, 5.831, 15.049, 4.766, 5.074, 8.615, 6.308, 11.836, 4.692, 14.447, 15.678, 4.041, 28.194, 5.701, 11.912, 6.229, 13.285, 5.072, 15.223, 13.24, 14.795, 27.203, 20.652, 16.222, 8.072, 15.878, 18.674, 13.777, 24.719, 17.292, 18.02, 6.92, 17.578, 25.225, 21.99, 24.739, 17.441, 15.302, 21.865, 28.231, 28.853, 17.991, 6.797, 4.549], "val_rmse": [210.033, 110.136, 42.777, 66.054, 27.975, 58.44, 25.79, 32.863, 36.6, 36.717, 41.936, 18.742, 17.497, 23.098, 7.421, 11.913, 44.939, 30.354, 21.125, 15.427, 11.247, 13.678, 34.567, 9.041, 50.293, 28.596, 8.882, 10.164, 8.636, 7.728, 21.398, 28.783, 21.644, 20.357, 20.099, 40.126, 20.924, 17.346, 9.821, 8.682, 11.709, 6.96, 20.454, 13.095, 11.462, 11.817, 9.392, 8.93, 26.468, 9.215, 6.667, 12.298, 14.483, 14.875, 13.41, 17.94, 9.002, 7.276, 16.107, 6.218, 6.465, 10.379, 7.902, 13.712, 5.992, 16.301, 18.211, 5.04, 28.765, 6.95, 12.839, 7.53, 14.191, 6.309, 16.777, 15.237, 17.528, 28.172, 21.824, 18.365, 9.996, 17.364, 20.629, 15.545, 25.975, 18.787, 19.92, 8.903, 19.217, 26.884, 23.723, 26.278, 19.651, 16.92, 23.807, 29.567, 30.638, 19.878, 8.504, 5.706],