{"val_loss": [0.17779101827181876, 0.16810086396872065, 0.1433951366925612, 0.13966959394165315, 0.13531732292613013, 0.175670978135895, 0.12370015681954101, 0.11507676902110689, 0.12904675885802136, 0.11267974895890802, 0.11638044308056124, 0.10944920941255987, 0.10836953608668409, 0.10559249954530969, 0.09742077214759774, 0.09693315374897793, 0.0952511869778391, 0.09543378545204177, 0.10976281359326094, 0.09381886279443279, 0.09216846911003813, 0.09249955993145705, 0.09188529623788781, 0.09087504761992023, 0.09733435624511913, 0.09334290064871312, 0.09159087724983692, 0.09035756516968832, 0.09232376893633046, 0.08981091232271865, 0.0944837475894019, 0.0919834895292297, 0.10349490628577769, 0.0920835537777748, 0.09170335730304942, 0.09181040710536763, 0.09123931842623278, 0.09131093657342718, 0.09014468068489805, 0.09685521299252287, 0.09571963216876611, 0.09624098394415341, 0.09150937984813937, 0.09781587002216838, 0.0919535944587551, 0.09677425234112888, 0.0918411873979494, 0.09228357441024855, 0.09179922380135394, 0.09114624292124063], "train_loss": [0.20527547346661598, 0.18514840481043748, 0.17216429544312056, 0.15975653504672516, 0.15115172547276562, 0.1435450660356767, 0.13647698870127245, 0.1320103870479968, 0.1268922149716091, 0.12582528359566153, 0.11699953425214349, 0.11578976972682582, 0.10949015661309178, 0.10471548723293392, 0.10179628210607916, 0.09893339253972258, 0.0945317684778605, 0.09138771222479536, 0.08737132672751818, 0.08302039220209488, 0.08063247102476236, 0.07798277104578527, 0.0744207446269259, 0.06957333829132753, 0.0698785781301996, 0.06485726527116469, 0.06309017193427771, 0.0596763907612789, 0.0599251142896414, 0.056630695286881305, 0.055108070799418166, 0.05225285448368966, 0.051233777611773335, 0.0516919728586024, 0.04734335076224444, 0.04708950536370826, 0.04555536257022799, 0.04745513129086003, 0.04289296971777086, 0.041833135118010255, 0.04124679165705455, 0.040509370222781144, 0.0383898385020913, 0.03656050365135004, 0.03965773014497701, 0.03646810039137797, 0.034247661940023585, 0.03591048708703766, 0.033638367792124334, 0.03363541682100443], "train_size": 1276, "val_size": 320, "rand_seed": 3201, "shuffle": true, "loss_name": "logcosh", "img_dim": [768, 1024, 3], "patch_dim": [768, 1024, 3], "patches_per_image": 1, "density_map_sigma": 10, "density_map_multiplication_factor": 2000.0, "sub_experiment_name": "shanghai_tech/part_b/sigma_10_loss_logcosh_full_img_epochs_50_lr_1e-4", "architecture": "UNet"}