{"val_loss": [0.03348010082551268, 0.021012719997905948, 0.01590882722037227, 0.013117955003477883, 0.011375934450646465, 0.01150762530179757, 0.009420089145044514, 0.009304482432270653, 0.0091869930051309, 0.008284455001762326, 0.007958329468442316, 0.007390700695314183, 0.0077292228371344425, 0.007613330942139113, 0.007391581043674286], "train_mae": [8.296, 10.18, 4.209, 4.612, 3.609, 6.129, 3.219, 2.978, 4.834, 2.322, 1.797, 1.913, 3.429, 3.052, 1.87], "train_rmse": [12.093, 13.354, 6.577, 6.16, 5.056, 7.681, 4.491, 4.084, 5.96, 3.585, 2.64, 2.611, 4.291, 3.783, 2.799], "train_underestimate": [8.117, 23.817, 7.545, 3.215, 4.551, 14.305, 4.514, 5.038, 11.138, 4.155, 3.159, 2.827, 6.819, 0.236, 3.177], "train_overestimate": [11.388, 0.115, 2.349, 7.627, 3.934, 0.104, 3.054, 1.964, 0.228, 1.305, 1.067, 1.67, 1.241, 6.94, 1.22], "train_difference": [19.505, 23.932, 9.895, 10.842, 8.486, 14.409, 7.568, 7.002, 11.366, 5.46, 4.225, 4.497, 8.06, 7.176, 4.397], "val_mae": [9.206, 13.044, 5.009, 5.144, 3.976, 7.655, 3.851, 3.658, 5.799, 3.124, 2.314, 2.56, 4.131, 3.276, 2.628], "val_rmse": [13.324, 15.908, 7.708, 6.992, 5.532, 9.337, 5.295, 4.895, 6.956, 4.329, 3.114, 3.238, 5.357, 4.102, 3.519], "val_underestimate": [9.722, 29.043, 9.602, 4.619, 5.387, 17.028, 5.816, 6.418, 12.84, 5.792, 4.169, 4.3, 8.446, 0.322, 4.583], "val_overestimate": [10.808, 0.045, 1.568, 6.853, 3.479, 0.043, 2.771, 1.739, 0.091, 1.175, 0.992, 1.408, 0.767, 6.982, 1.279], "val_difference": [20.53, 29.088, 11.17, 11.472, 8.866, 17.07, 8.587, 8.157, 12.932, 6.967, 5.16, 5.708, 9.213, 7.304, 5.861], "train_loss": [0.04258577281117646, 0.02343698843408169, 0.015774987419717945, 0.012660631067766291, 0.010822564374991796, 0.009573187325861201, 0.008499667313687193, 0.0076976642123190685, 0.00698249938179894, 0.0064010745782353395, 0.0058999630664604615, 0.0055028142295648445, 0.005220146842087464, 0.0049186511827994965, 0.004420701507446615], "train_size": 900, "val_size": 89, "rand_seed": 9001, "shuffle": true, "loss_name": "logcosh", "img_dim": [720, 1280, 3], "patch_dim": [720, 1280, 3], "patches_per_image": 1, "density_map_sigma": 10, "density_map_multiplication_factor": 2000.0, "sub_experiment_name": "carpk/sigma_10_loss_logcosh_full_img_epochs_15", "architecture": "UNet"}