{"val_loss": [2.9163738594335666, 0.40493878678363915, 0.497156510458273, 0.3467562303823583, 0.21431021885398557, 0.21213886229430928, 0.24293886694838018, 0.24390727851320715, 0.21970713138580322, 0.20077968060093768, 0.19608785825617173, 0.19834034911849918, 0.19708001230131178, 0.19344253761365132, 0.18855155796250878, 0.18463491768959692, 0.18586948524941416, 0.18743076547980309, 0.17786073903827107, 0.16155575906090877, 0.15044070331051068, 0.13830524956917062, 0.13029153557384715, 0.11894457699621425, 0.12413121294230223, 0.15936902669422767, 0.11049558830392711, 0.11989989953444284, 0.107848394114305, 0.1246462688945672, 0.10800345116021003, 0.10064949834828868, 0.10002268281053095, 0.10193557812667944, 0.10381646974779227, 0.09443109520875356, 0.09495286051841344, 0.09189668193678646, 0.09721242718617706, 0.08931701718007817, 0.09020052527022712, 0.0877078048994436, 0.09087197049794828, 0.0857949187321698, 0.08533639406018398, 0.08700085354640204, 0.08366201434503584, 0.08387473669341382, 0.08196812687332139, 0.08258125673541251, 0.08068673186661567, 0.07884403433212463, 0.08069697652450379, 0.0783812026219333, 0.07634968474945601, 0.07704848078463007, 0.07654884106972638, 0.07576036727165475, 0.07268302202882136, 0.07207024765803534, 0.07372553180903196, 0.07575710753307623, 0.07887724282986977, 0.07500305607476655, 0.06885499425013275, 0.06869590578272063, 0.07176638608250548, 0.07002399872769327, 0.06598721291212474, 0.06516892419141881, 0.06800818610388566, 0.07158427680020824, 0.06906258665463504, 0.06357557468992822, 0.06169290895409444, 0.06381445679375354, 0.06691904261927395, 0.06625866407857221, 0.06413808295174557, 0.06050853825667325, 0.05848449690486578, 0.05895916030139608, 0.061998162172077334, 0.06761175418710884, 0.06596560902236139, 0.06267762521062703, 0.05678952959201792, 0.05705660230973188, 0.06071103164268767, 0.05945610737099367, 0.055918154717587376, 0.054388487136320156, 0.0559137327980031, 0.05865402979885831, 0.05905609290279886, 0.057813827331890076, 0.05468256752390195, 0.05251075812231969, 0.05200425521744525, 0.05256538769668516], "train_mae": [2057.227, 237.384, 369.304, 261.978, 126.553, 27.307, 60.296, 64.294, 30.049, 38.373, 85.098, 109.285, 111.935, 101.442, 83.318, 55.574, 29.765, 25.935, 25.79, 41.239, 75.17, 71.544, 29.309, 27.077, 71.734, 61.325, 25.663, 78.702, 34.986, 26.127, 21.309, 47.812, 44.553, 17.419, 16.221, 31.612, 48.717, 22.298, 14.972, 24.487, 45.853, 17.828, 12.084, 31.253, 33.682, 10.91, 15.889, 36.714, 15.239, 10.216, 33.45, 20.006, 9.053, 33.0, 17.239, 9.894, 34.962, 8.04, 21.57, 23.836, 6.292, 40.829, 15.638, 41.835, 8.856, 7.284, 38.384, 6.662, 22.493, 20.714, 7.435, 41.805, 10.998, 25.741, 16.989, 6.065, 37.197, 13.129, 33.335, 5.414, 12.533, 22.348, 9.788, 41.788, 18.998, 35.197, 6.149, 5.148, 32.576, 9.736, 20.38, 11.826, 5.934, 30.829, 12.013, 30.398, 5.955, 14.871, 10.493, 4.913], "train_rmse": [2074.089, 237.676, 378.301, 270.333, 135.031, 34.659, 64.151, 67.812, 34.547, 49.159, 94.921, 118.387, 121.009, 110.838, 93.442, 66.906, 38.234, 30.321, 31.775, 52.442, 85.412, 81.71, 38.519, 35.519, 81.406, 63.596, 33.612, 88.245, 45.581, 29.759, 26.302, 56.899, 52.987, 22.062, 18.82, 39.308, 55.674, 29.502, 17.637, 31.84, 52.32, 23.786, 14.355, 36.701, 38.832, 13.726, 21.091, 41.587, 20.008, 13.505, 37.56, 24.054, 11.594, 36.891, 21.111, 13.28, 38.668, 10.466, 24.83, 26.807, 8.049, 43.782, 17.15, 44.651, 11.338, 9.79, 40.902, 8.114, 24.916, 23.162, 8.844, 44.415, 12.464, 28.074, 19.221, 7.333, 39.353, 14.674, 35.472, 7.151, 14.72, 24.378, 11.311, 43.929, 20.545, 37.251, 8.252, 6.908, 34.59, 11.252, 22.261, 13.838, 6.966, 32.786, 13.634, 32.322, 7.004, 16.763, 12.408, 6.201], "train_underestimate": [0.0, 0.0, 183.705, 130.317, 62.952, 10.297, 0.0, 0.0, 2.25, 18.126, 42.331, 54.362, 55.681, 50.461, 41.445, 27.455, 12.092, 5.638, 7.851, 19.867, 37.392, 35.589, 12.959, 11.587, 35.683, 0.0, 10.68, 39.149, 16.572, 2.124, 6.587, 23.762, 22.148, 6.014, 3.579, 15.633, 24.233, 10.557, 3.66, 11.928, 22.809, 8.273, 3.175, 15.546, 16.754, 3.669, 7.628, 18.263, 7.327, 4.083, 16.639, 9.872, 3.204, 16.415, 8.406, 4.203, 17.391, 2.989, 10.73, 11.857, 1.653, 20.31, 0.0, 20.81, 4.133, 3.253, 19.094, 0.57, 11.189, 10.304, 0.424, 20.795, 0.154, 12.805, 8.423, 0.783, 18.503, 0.057, 16.582, 1.663, 6.148, 11.117, 0.176, 20.787, 0.0, 17.508, 2.625, 1.643, 16.204, 0.157, 10.138, 5.825, 0.826, 15.336, 0.036, 15.121, 0.751, 7.398, 5.163, 1.35], "train_overestimate": [1023.337, 118.083, 0.0, 0.0, 0.0, 3.287, 29.993, 31.982, 12.697, 0.963, 0.0, 0.0, 0.0, 0.0, 0.0, 0.189, 2.714, 7.263, 4.978, 0.647, 0.0, 0.0, 1.62, 1.882, 0.0, 30.505, 2.085, 0.0, 0.832, 10.872, 4.013, 0.021, 0.014, 2.651, 4.489, 0.092, 0.0, 0.535, 3.787, 0.252, 0.0, 0.595, 2.836, 0.0, 0.0, 1.759, 0.276, 0.0, 0.254, 0.999, 0.0, 0.08, 1.299, 0.0, 0.169, 0.719, 0.0, 1.01, 0.0, 0.0, 1.477, 0.0, 7.779, 0.0, 0.273, 0.37, 0.0, 2.743, 0.0, 0.0, 3.274, 0.0, 5.317, 0.0, 0.028, 2.234, 0.0, 6.474, 0.0, 1.03, 0.087, 0.0, 4.693, 0.0, 9.45, 0.0, 0.434, 0.918, 0.0, 4.686, 0.0, 0.058, 2.126, 0.0, 5.939, 0.0, 2.212, 0.0, 0.057, 1.094], "train_difference": [1023.337, 118.083, 183.705, 130.317, 62.952, 13.583, 29.993, 31.982, 14.947, 19.088, 42.331, 54.362, 55.681, 50.461, 41.445, 27.644, 14.806, 12.901, 12.829, 20.514, 37.392, 35.589, 14.579, 13.469, 35.683, 30.505, 12.766, 39.149, 17.403, 12.996, 10.6, 23.783, 22.162, 8.665, 8.069, 15.725, 24.233, 11.092, 7.448, 12.18, 22.809, 8.868, 6.011, 15.546, 16.754, 5.427, 7.904, 18.263, 7.581, 5.082, 16.639, 9.952, 4.503, 16.415, 8.575, 4.922, 17.391, 3.999, 10.73, 11.857, 3.13, 20.31, 7.779, 20.81, 4.405, 3.623, 19.094, 3.314, 11.189, 10.304, 3.699, 20.795, 5.471, 12.805, 8.451, 3.017, 18.503, 6.531, 16.582, 2.693, 6.235, 11.117, 4.869, 20.787, 9.45, 17.508, 3.059, 2.561, 16.204, 4.843, 10.138, 5.883, 2.952, 15.336, 5.976, 15.121, 2.962, 7.398, 5.22, 2.444], "val_mae": [1910.138, 233.797, 325.771, 226.989, 102.458, 22.21, 69.705, 73.449, 35.588, 27.823, 63.94, 86.158, 88.556, 78.814, 62.038, 38.387, 23.208, 24.897, 22.034, 29.014, 55.052, 52.054, 21.205, 19.581, 53.1, 66.958, 18.634, 59.244, 24.457, 29.389, 16.851, 33.228, 31.105, 12.494, 13.946, 21.106, 36.086, 14.48, 12.305, 16.019, 34.055, 11.128, 9.174, 22.721, 25.029, 7.294, 10.251, 27.781, 9.932, 6.4, 25.874, 14.252, 5.94, 25.744, 11.851, 6.505, 27.543, 5.571, 16.715, 18.952, 5.318, 33.661, 15.004, 34.746, 7.016, 6.041, 32.137, 6.38, 18.458, 16.906, 7.106, 34.962, 10.423, 21.326, 13.899, 5.106, 31.534, 11.64, 28.131, 4.539, 10.026, 18.767, 8.652, 35.635, 16.391, 29.928, 5.269, 4.497, 27.689, 8.555, 17.342, 9.944, 4.576, 26.288, 10.726, 25.997, 4.573, 12.918, 9.137, 4.242], "val_rmse": [1934.099, 234.445, 336.053, 236.221, 111.366, 26.525, 71.533, 75.09, 40.034, 34.47, 74.164, 95.594, 97.959, 88.547, 72.584, 48.854, 27.756, 29.814, 26.799, 36.62, 65.367, 62.184, 26.162, 24.039, 62.32, 67.889, 22.824, 68.431, 31.082, 32.874, 20.568, 41.702, 38.816, 15.581, 16.329, 27.693, 42.254, 19.565, 14.593, 21.556, 39.662, 15.453, 11.211, 27.119, 29.203, 9.671, 14.197, 31.894, 13.645, 9.213, 29.191, 17.646, 8.392, 28.92, 15.273, 9.31, 30.739, 7.932, 19.447, 21.449, 7.291, 36.34, 16.812, 37.325, 9.169, 8.065, 34.402, 8.103, 20.574, 19.078, 8.675, 37.483, 11.98, 23.398, 15.908, 6.908, 33.601, 13.355, 30.156, 6.11, 12.093, 20.597, 10.286, 37.788, 18.187, 31.922, 6.903, 5.921, 29.627, 10.13, 19.077, 11.786, 6.169, 28.183, 12.201, 27.841, 6.127, 14.531, 10.857, 5.443],