{"val_loss": [0.1191048455528087, 0.1131483879354265, 0.1209529714865817, 0.07891236483636829, 0.08467451193266445, 0.08196688888387547, 0.0633261115807626, 0.06117902406387859, 0.05562356481742528, 0.04626397703153392, 0.045407181760917105, 0.043227980482495494, 0.052135298752950296, 0.038438211790182523, 0.037915959385120206, 0.034842504705819816, 0.035223104525357485, 0.03157982020638883, 0.030492150302355487, 0.028768288941743474, 0.028813443120775953, 0.026186002599489357, 0.02556453857363926, 0.02427841962263402, 0.02406490477733314, 0.02236720217236628, 0.021598311361028917, 0.020624757175230317, 0.01975796000462853, 0.018822223413735628, 0.01979217110460417, 0.018422541273240414, 0.018875462843829557, 0.016962166448744636, 0.016459693459586963, 0.018133168975408707, 0.01547520536567188, 0.018130473792552948, 0.01573214628216293, 0.014522576420050528, 0.01786427092479749, 0.019337405864563253, 0.01620038359477702, 0.013879478184713257, 0.013846793431892164, 0.013674076607761284, 0.013502422041104486, 0.013352076671758873, 0.013390502200410184, 0.013617623914291875, 0.014871234488156106, 0.01314251095108274, 0.012307227369294398, 0.012265378919740519, 0.012438476299090931, 0.011989066610112786, 0.011562058954344442, 0.01155374070448387, 0.011579123655489335, 0.011642073876120977, 0.011058147026536366, 0.011357625299650762, 0.011903163660058958, 0.0119248875675516, 0.012360283522866666, 0.011243148486957781, 0.011203127563931048, 0.01065838519975336, 0.011109115070818612, 0.01112386359859051, 0.010484268099793958, 0.010238482060635256, 0.010810622725532286, 0.011144620392264592, 0.010231981409661885, 0.011732666306973746, 0.011260347945305208, 0.010336737523579763, 0.01192372231485529, 0.011871862018273937, 0.009886246032288505, 0.011047510566034665, 0.012809206757487522, 0.010693862355158975, 0.009895836190682732, 0.011479787631995149, 0.011205635350456255, 0.011645572680410825, 0.009896505132524503, 0.009506344575331442, 0.009781518368981779, 0.009705327024372915, 0.009630103576152274, 0.009250224276911467, 0.009744565144905614, 0.010941144525228689, 0.009123929970276853, 0.015575796003556915, 0.017534017342970602, 0.013620974146761], "train_mae": [139.196, 104.198, 137.499, 31.29, 62.664, 88.052, 20.913, 27.951, 47.698, 20.371, 49.081, 38.6, 83.02, 40.004, 45.813, 31.531, 45.63, 27.927, 33.092, 24.11, 34.072, 19.257, 24.622, 16.174, 25.279, 13.109, 16.944, 11.248, 12.217, 7.901, 20.068, 15.337, 24.295, 8.305, 7.911, 27.282, 4.549, 30.19, 18.058, 7.883, 32.871, 43.734, 25.507, 4.632, 7.327, 5.94, 6.595, 8.864, 11.949, 17.653, 28.205, 14.055, 7.722, 8.143, 15.238, 8.612, 5.214, 8.841, 8.452, 10.474, 4.483, 13.38, 19.609, 17.641, 21.67, 13.51, 10.557, 4.5, 16.489, 13.874, 6.948, 5.388, 10.169, 16.37, 10.636, 25.552, 17.216, 9.103, 26.716, 22.563, 8.093, 21.797, 29.652, 18.039, 9.073, 21.367, 24.14, 21.268, 11.114, 3.405, 7.125, 13.845, 8.165, 3.716, 15.349, 19.849, 5.15, 43.906, 52.115, 36.776], "train_rmse": [145.91, 113.168, 138.213, 39.274, 72.365, 89.485, 26.552, 35.546, 51.039, 25.961, 52.14, 47.64, 83.957, 48.304, 47.989, 39.318, 47.581, 34.934, 35.008, 30.374, 35.582, 24.827, 26.129, 21.189, 26.502, 17.563, 18.237, 15.101, 13.308, 8.874, 22.436, 17.465, 25.44, 10.321, 9.745, 28.802, 6.014, 31.684, 19.616, 9.611, 34.28, 45.355, 26.948, 6.516, 8.886, 7.685, 8.158, 10.452, 13.722, 18.969, 29.775, 15.572, 9.327, 9.843, 16.334, 10.361, 6.768, 10.192, 10.112, 12.348, 6.066, 14.52, 20.6, 19.41, 23.36, 14.65, 12.385, 5.881, 17.516, 15.474, 8.369, 6.585, 11.825, 17.738, 11.88, 26.535, 18.854, 10.639, 27.721, 24.062, 9.131, 22.764, 31.029, 19.236, 10.388, 22.622, 25.141, 22.527, 12.209, 4.898, 8.413, 14.966, 9.462, 4.972, 16.291, 20.974, 6.354, 45.38, 53.926, 38.038], "train_underestimate": [75.159, 56.261, 0.0, 14.912, 33.829, 0.0, 4.93, 13.088, 0.158, 5.52, 0.14, 20.37, 0.0, 21.492, 0.066, 16.504, 0.023, 14.77, 0.085, 12.788, 0.02, 10.141, 0.059, 8.532, 0.017, 6.845, 0.096, 5.961, 0.2, 0.528, 10.836, 8.281, 0.0, 4.402, 4.161, 0.0, 1.398, 16.301, 0.0, 0.189, 17.749, 0.0, 13.773, 1.863, 0.269, 2.868, 0.361, 4.67, 0.05, 9.532, 0.0, 7.577, 0.27, 0.284, 8.228, 0.268, 2.287, 4.618, 0.267, 0.125, 1.031, 7.216, 10.588, 0.0, 0.0, 7.292, 0.105, 1.696, 8.903, 0.005, 0.248, 2.53, 0.069, 0.0, 5.675, 13.797, 0.0, 0.092, 14.425, 0.0, 4.241, 11.77, 0.0, 9.74, 4.817, 0.0, 13.034, 0.0, 5.969, 0.853, 0.142, 7.473, 0.093, 1.453, 8.288, 0.0, 2.521, 23.707, 0.0, 19.857], "train_overestimate": [0.0, 0.0, 74.242, 1.983, 0.007, 47.543, 6.362, 2.004, 25.596, 5.48, 26.361, 0.472, 44.826, 0.108, 24.671, 0.521, 24.615, 0.31, 17.783, 0.23, 18.377, 0.257, 13.235, 0.201, 13.632, 0.233, 9.053, 0.113, 6.396, 3.738, 0.0, 0.0, 13.118, 0.083, 0.111, 14.731, 1.058, 0.0, 9.751, 4.068, 0.0, 23.614, 0.0, 0.638, 3.688, 0.339, 3.2, 0.116, 6.401, 0.0, 15.229, 0.012, 3.899, 4.113, 0.0, 4.382, 0.528, 0.155, 4.297, 5.53, 1.389, 0.009, 0.0, 9.525, 11.701, 0.002, 5.595, 0.734, 0.0, 7.486, 3.503, 0.379, 5.422, 8.839, 0.068, 0.0, 9.296, 4.823, 0.0, 12.183, 0.129, 0.0, 16.011, 0.0, 0.081, 11.537, 0.0, 11.483, 0.032, 0.985, 3.705, 0.003, 4.316, 0.554, 0.0, 10.717, 0.259, 0.0, 28.139, 0.0], "train_difference": [75.159, 56.261, 74.242, 16.895, 33.836, 47.543, 11.292, 15.092, 25.754, 10.999, 26.501, 20.842, 44.826, 21.6, 24.736, 17.025, 24.638, 15.079, 17.868, 13.018, 18.397, 10.398, 13.294, 8.733, 13.649, 7.078, 9.149, 6.073, 6.597, 4.266, 10.836, 8.281, 13.118, 4.484, 4.271, 14.731, 2.456, 16.301, 9.751, 4.257, 17.749, 23.614, 13.773, 2.501, 3.956, 3.208, 3.561, 4.786, 6.452, 9.532, 15.229, 7.589, 4.169, 4.397, 8.228, 4.65, 2.815, 4.774, 4.564, 5.655, 2.421, 7.224, 10.588, 9.525, 11.701, 7.295, 5.7, 2.43, 8.903, 7.491, 3.751, 2.909, 5.491, 8.839, 5.743, 13.797, 9.296, 4.915, 14.425, 12.183, 4.37, 11.77, 16.011, 9.74, 4.899, 11.537, 13.034, 11.483, 6.001, 1.838, 3.847, 7.475, 4.409, 2.007, 8.288, 10.717, 2.781, 23.707, 28.139, 19.857], "val_mae": [129.253, 93.77, 138.455, 30.86, 54.239, 90.347, 27.947, 28.516, 52.338, 26.978, 53.509, 33.576, 84.151, 33.798, 48.805, 27.89, 48.351, 24.522, 35.744, 21.287, 36.006, 17.471, 26.4, 14.714, 26.596, 12.211, 18.453, 10.149, 13.398, 9.299, 17.453, 13.209, 23.862, 7.447, 7.246, 26.29, 4.664, 27.509, 17.696, 8.29, 30.099, 41.891, 23.142, 4.623, 7.836, 5.37, 7.118, 8.005, 11.801, 15.864, 27.337, 12.312, 8.067, 8.091, 13.696, 8.514, 4.616, 7.629, 8.521, 10.586, 4.812, 11.716, 17.476, 17.655, 21.469, 11.702, 10.76, 4.53, 14.4, 14.347, 7.497, 4.211, 10.706, 17.0, 8.488, 22.742, 17.607, 9.773, 23.846, 22.746, 6.415, 19.177, 29.55, 15.406, 6.956, 21.737, 21.334, 21.741, 8.88, 3.971, 8.152, 11.418, 9.236, 3.583, 12.822, 20.676, 3.749, 39.885, 50.653, 33.221], "val_rmse": [138.992, 107.011, 139.515, 40.534, 68.941, 92.383, 32.48, 37.233, 55.983, 31.637, 57.015, 47.093, 85.576, 47.186, 51.606, 39.242, 50.86, 34.906, 37.939, 30.502, 37.828, 25.281, 28.075, 21.668, 27.933, 18.203, 19.843, 15.509, 14.854, 10.643, 21.331, 16.709, 25.277, 10.164, 9.619, 28.168, 6.731, 29.773, 19.541, 10.143, 32.192, 43.94, 25.23, 6.785, 9.436, 7.653, 8.768, 9.978, 13.957, 17.684, 29.271, 14.359, 9.859, 10.312, 14.983, 10.798, 6.395, 9.124, 10.671, 12.866, 6.362, 12.97, 18.645, 19.759, 23.546, 13.014, 13.021, 5.791, 15.588, 16.142, 9.22, 5.682, 12.757, 18.529, 10.074, 23.939, 19.646, 11.693, 25.095, 24.647, 7.665, 20.36, 31.375, 16.915, 8.653, 23.312, 22.597, 23.371, 10.306, 5.333, 9.722, 12.822, 10.802, 4.848, 13.975, 22.172, 5.244, 41.892, 53.215, 34.923],