{"val_loss": [0.09739631776594454, 0.11383269209828642, 0.12370811464885871, 0.07844144240435627, 0.07168455608189106, 0.0760139695679148, 0.06440010532322857, 0.05555101096009215, 0.054039546081589326, 0.050305870516846575, 0.04665781034984522, 0.04232361522089276, 0.035337237615345254, 0.033395325040651694, 0.031191086422445044, 0.030204718984249566, 0.030468308910106618, 0.028243442635155387, 0.026771398028358817, 0.027729970066704683, 0.02502192955257164, 0.0239291289407346, 0.023157533426355157, 0.02175213527193086, 0.021801013926354546, 0.020637471694499254, 0.018955095826337736, 0.01833116360163937, 0.03500420336301128, 0.02388841718331807, 0.0200043686458634, 0.02339569833647046, 0.030155390966683626, 0.02628190611075196, 0.01938057558921476, 0.02307728346851137, 0.022353092725906108, 0.01864156011854195, 0.020469992706138227, 0.019693432362853654, 0.01730724165423049, 0.017981324590639107, 0.01744996982678357, 0.0158379321736801, 0.015397765906527638, 0.014995735009304352, 0.014459590556927852, 0.01444811312507631, 0.014759574111344086, 0.013728902474718375, 0.013306239555175934, 0.01303104767187809, 0.013806371574497057, 0.013529523922544386, 0.012782561088291308, 0.012339636056114815, 0.01273685040521539, 0.012448965934001736, 0.012044633169555001, 0.012024681116195602, 0.011740888365440898, 0.011735317872888926, 0.011266917798719887, 0.011187713489764266, 0.012666325343565809, 0.01173796747914619, 0.012263461132533848, 0.013438127676231993, 0.011001520085200254, 0.011462333068872491, 0.012713265876906613, 0.012894168353846503, 0.013287315675471392, 0.012008922232780606, 0.012585848071871119], "train_loss": [15.896426372230053, 0.17593396827578545, 0.10804301127791405, 0.10863471031188965, 0.0925070121884346, 0.07955380529165268, 0.0742361843585968, 0.07018715515732765, 0.0604067575186491, 0.05355791002511978, 0.051142649725079536, 0.04461524076759815, 0.044117171317338943, 0.036932334303855896, 0.034854551777243614, 0.0327906534075737, 0.03311390243470669, 0.03103621955960989, 0.03001921810209751, 0.02873903512954712, 0.028689414262771606, 0.026625657454133034, 0.024869583547115326, 0.023951126262545586, 0.0228585097938776, 0.02254631370306015, 0.020967626944184303, 0.01951778121292591, 0.020064309239387512, 0.05629647895693779, 0.035724880173802376, 0.0309454333037138, 0.025696635246276855, 0.026804590597748756, 0.027023829519748688, 0.022295590490102768, 0.02192593552172184, 0.02317874412983656, 0.02084483578801155, 0.01992326881736517, 0.019960567355155945, 0.018191385082900524, 0.0177158759906888, 0.017388947308063507, 0.016447571106255054, 0.01585575472563505, 0.015156888868659735, 0.014883647207170725, 0.014405472669750452, 0.014542958699166775, 0.014484873041510582, 0.013604938983917236, 0.013598690740764141, 0.013467385433614254, 0.012995371595025063, 0.013068459462374449, 0.012524765450507402, 0.012200012803077698, 0.012055107858031988, 0.012079567182809114, 0.011520655825734138, 0.011626979801803827, 0.011414985172450542, 0.010879306122660637, 0.010909633245319128, 0.014001212548464537, 0.011313559487462044, 0.01123727671802044, 0.012912801001220942, 0.012008222751319408, 0.011621685698628426, 0.011425246018916368, 0.011576300021260977, 0.011161808390170336, 0.010775841772556305], "train_mae": [1768.1206188201904, 167.0971450805664, 86.40283203125, 109.37815856933594, 62.77410888671875, 51.945987701416016, 53.45727825164795, 39.25969123840332, 35.96351146697998, 33.31545448303223, 41.8333854675293, 37.21298789978027, 44.695783615112305, 17.53285503387451, 17.432350158691406, 16.040742874145508, 29.07271957397461, 22.935401916503906, 22.429737091064453, 19.92365837097168, 25.298748016357422, 18.247087478637695, 14.036998748779297, 12.246164798736572, 12.669757843017578, 21.03266429901123, 13.99987506866455, 6.904280185699463, 20.778451442718506, 114.74641418457031, 70.75757026672363, 54.569589614868164, 37.50559425354004, 32.94085454940796, 54.58119010925293, 22.694356441497803, 22.31851100921631, 36.59031867980957, 20.10137128829956, 17.68409252166748, 27.50812339782715, 12.1455237865448, 12.554811477661133, 20.243974685668945, 10.712404012680054, 9.80905818939209, 7.882704734802246, 11.347908735275269, 8.444726705551147, 13.33818531036377, 16.794116020202637, 8.803603172302246, 12.307271957397461, 14.402199268341064, 11.610210418701172, 14.535670280456543, 10.925467491149902, 9.189127445220947, 10.668850660324097, 12.370879173278809, 8.57310962677002, 11.727736473083496, 11.933916091918945, 5.071721076965332, 9.22475552558899, 31.932022094726562, 18.05032253265381, 12.146456718444824, 28.707951545715332, 20.16421413421631, 18.4567289352417, 20.712056159973145, 18.328487396240234, 15.715868473052979, 14.781623840332031], "val_mae": [96.16622013515897, 96.68902269999187, 147.07150395711264, 36.54587745666504, 31.03509012858073, 78.22813733418782, 31.786145316229927, 27.216242684258354, 55.020236333211265, 43.84766133626302, 61.520514806111656, 37.70619519551595, 22.006249321831596, 24.256785286797417, 17.868683920966255, 16.72450743781196, 26.674298180474175, 23.274426142374676, 15.511865191989475, 26.4482233259413, 16.87379985385471, 15.458673689100477, 11.168964174058702, 12.221168094211155, 22.7479190826416, 19.074148178100586, 7.140208562215169, 8.76498794555664, 78.65452406141493, 44.03517606523302, 17.969664255777996, 38.82009421454536, 53.00417518615723, 53.9810004764133, 10.010369618733725, 36.205251375834145, 34.85015741984049, 7.810201009114583, 28.541346232096355, 26.87314881218804, 7.620820787217882, 18.429041544596355, 21.94746462504069, 5.832306120130751, 6.000591701931423, 6.178671518961589, 5.264382892184788, 10.6305783589681, 14.019298977322048, 6.837942123413086, 5.488389756944445, 6.094660229153103, 19.793099615308975, 16.29706319173177, 9.717777146233452, 5.306367874145508, 11.323731104532877, 13.172043906317818, 9.002520243326822, 11.297713809543186, 10.238887045118544, 12.388750500149197, 4.935437520345052, 5.466657214694553, 20.902814229329426, 16.653375413682724, 18.626256942749023, 24.538878970676, 8.106586562262642, 14.029808044433594, 25.29594718085395, 27.043099403381348, 25.757648044162327, 22.13271755642361, 24.547875722249348], "train_rmse": [1792.9315185546875, 174.36630249023438, 92.73541259765625, 110.815673828125, 71.32584190368652, 57.499263763427734, 56.67924690246582, 48.05099105834961, 40.322564125061035, 37.176177978515625, 48.43235969543457, 40.359527587890625, 50.680965423583984, 21.829848289489746, 21.147798538208008, 19.32648754119873, 32.96463108062744, 25.082690238952637, 24.883560180664062, 20.88602113723755, 27.696724891662598, 20.215601921081543, 15.296527862548828, 14.961148738861084, 14.65155029296875, 22.63867473602295, 15.729768753051758, 8.322557210922241, 22.382938861846924, 116.50298690795898, 72.41388130187988, 55.75100040435791, 39.16400146484375, 36.39442014694214, 55.19836616516113, 25.039718627929688, 24.941885471343994, 37.40108299255371, 21.937246322631836, 19.9602153301239, 28.501964569091797, 14.242393016815186, 14.478871583938599, 21.491555213928223, 12.678598403930664, 11.880574226379395, 9.53149151802063, 12.902403593063354, 10.23340916633606, 14.689310073852539, 18.531486988067627, 10.04170846939087, 13.964406251907349, 15.680929183959961, 13.352390766143799, 16.36958408355713, 12.2531259059906, 10.938557624816895, 12.062594413757324, 13.894381523132324, 10.301382780075073, 13.281947612762451, 13.292354106903076, 6.7840893268585205, 10.696499824523926, 33.31627368927002, 19.450658798217773, 13.442998886108398, 29.588887214660645, 21.725480556488037, 19.564198970794678, 22.07783603668213, 19.137840032577515, 17.190269708633423, 15.812334060668945],