{"val_loss": [0.06360166700970796, 0.03307331451732251, 0.021599988647115726, 0.019452993266491428, 0.01791830686852336, 0.01661779684945941, 0.015027145829258693, 0.013230557411184741, 0.011427221476979967, 0.013080756775000028, 0.01018157773392482, 0.010609617741364572, 0.008821585163888004, 0.008873335874846412, 0.007939543730268875, 0.0077968070044233985, 0.007422352119141983, 0.006942761195306148, 0.006390378761958952, 0.005855548803487586, 0.005378290415844983, 0.005898724132243337, 0.008199457014496956, 0.006060914414572633, 0.0063232724884680165, 0.005640529894865015, 0.0053524415383839775, 0.004867661217253448, 0.004842417576583102, 0.00482106292879002, 0.0049684089737840826, 0.004610912486289938, 0.0043710122958550025, 0.004300737866692038, 0.004211373643354616, 0.004250456566094524, 0.004269541797435118, 0.0047034079745774055, 0.004596752256879376, 0.003979547469902577, 0.003945160957907016, 0.003930494819845383, 0.003844982501403946, 0.005447283089678321, 0.004213265631632466, 0.003985367864111645, 0.003747595357708633, 0.00380285340684673, 0.0038649550082886387, 0.003787531954003498, 0.003714412208258485, 0.0035922540021905056, 0.003750250700654255, 0.0036191969346772465, 0.003659296738785795, 0.004252947482099343, 0.003910654098338758, 0.0036477423079001405, 0.003757666864354784, 0.0037420475580600193, 0.003500219198435338, 0.003733006690809917, 0.003638633555965498, 0.0035504864257139466, 0.0036187920308697764, 0.005451577262849444, 0.004079512475679318, 0.0038570841522111246, 0.0035371245564116784, 0.003566120062411452, 0.003547028724117101, 0.003524963579062993, 0.0034677993826335296, 0.0035075428103381353, 0.0033859730287480894, 0.0035781541761631766, 0.0035786065111298943, 0.004884051718464535, 0.004238816961232159, 0.0036600388282547807, 0.0037399721913971007, 0.003574311042838316, 0.004689536325814616, 0.0040997304119324935, 0.0038979318568534735, 0.0036354049467869722, 0.003816360913333483, 0.003713841275182656, 0.003628078610442268, 0.0034135929244156512, 0.0034192398387757647, 0.003419244589167647, 0.003856075594537995, 0.00342532501640057, 0.003544972087385961, 0.0034529410509599578, 0.0034062162675480875, 0.004533308347971696, 0.004459556163055822, 0.004511151902584566], "train_mae": [169.309, 110.847, 29.59, 52.299, 18.2, 39.428, 25.819, 19.894, 11.303, 44.823, 14.629, 34.258, 5.71, 20.847, 4.929, 11.248, 14.371, 11.154, 13.56, 4.418, 4.316, 13.754, 40.187, 7.662, 20.287, 17.014, 7.416, 4.566, 9.362, 8.052, 14.747, 9.157, 3.619, 4.302, 7.145, 9.654, 8.245, 15.517, 15.391, 3.955, 3.51, 6.914, 4.426, 27.251, 9.497, 3.339, 3.413, 4.777, 12.32, 3.8, 3.223, 5.79, 7.203, 4.53, 10.764, 18.875, 10.195, 4.022, 9.245, 12.626, 3.259, 6.33, 7.324, 5.29, 3.112, 29.406, 9.085, 10.582, 3.597, 3.613, 2.561, 3.393, 2.301, 8.362, 3.286, 3.543, 8.097, 27.631, 3.753, 7.447, 12.571, 9.974, 25.511, 8.544, 4.784, 12.608, 14.436, 10.843, 14.354, 5.932, 6.052, 1.939, 11.701, 2.28, 2.781, 7.11, 3.243, 19.973, 21.654, 19.427], "train_rmse": [176.499, 111.274, 36.492, 53.64, 23.39, 41.557, 28.945, 22.381, 14.047, 48.241, 17.598, 34.992, 7.225, 22.747, 6.52, 12.912, 15.723, 12.994, 14.57, 6.026, 5.928, 14.617, 41.077, 9.14, 21.485, 17.874, 8.518, 6.184, 10.762, 9.903, 16.178, 10.562, 4.905, 5.665, 8.451, 10.803, 9.431, 16.673, 16.658, 5.049, 4.768, 8.052, 5.484, 28.171, 11.023, 4.402, 4.38, 5.763, 13.206, 4.636, 4.201, 6.889, 8.055, 5.391, 11.518, 19.576, 11.575, 4.779, 9.97, 13.456, 4.244, 7.184, 8.339, 5.968, 3.783, 29.947, 10.129, 11.321, 4.403, 4.685, 3.264, 3.985, 3.068, 9.197, 4.403, 4.218, 8.719, 28.452, 4.632, 8.421, 13.122, 10.436, 25.845, 10.177, 6.107, 13.094, 15.148, 11.674, 15.003, 6.698, 6.683, 2.689, 12.306, 2.743, 3.498, 7.922, 3.911, 20.854, 22.364, 20.731], "train_underestimate": [91.418, 0.0, 14.925, 0.0, 7.542, 0.0, 0.601, 0.748, 2.345, 24.202, 7.888, 0.0, 1.111, 11.256, 1.98, 0.077, 0.012, 0.07, 7.322, 0.794, 1.363, 7.426, 21.699, 0.126, 0.0, 9.187, 3.87, 1.175, 0.099, 0.185, 0.0, 0.073, 1.07, 0.452, 3.771, 5.205, 0.071, 0.0, 0.0, 1.743, 0.514, 3.682, 0.259, 0.0, 0.012, 0.481, 1.353, 0.187, 6.652, 0.261, 0.456, 3.048, 0.03, 2.323, 5.812, 0.0, 5.472, 1.951, 0.01, 6.817, 1.566, 0.036, 0.016, 0.08, 0.433, 0.0, 4.837, 5.713, 0.451, 1.776, 0.936, 0.246, 0.812, 4.514, 1.594, 0.184, 0.003, 0.0, 0.184, 0.034, 6.787, 5.385, 0.0, 0.038, 0.185, 6.808, 7.794, 5.855, 7.75, 3.174, 3.257, 0.749, 0.0, 0.264, 0.233, 3.83, 1.702, 0.0, 0.0, 0.0], "train_overestimate": [0.0, 59.851, 1.052, 28.239, 2.285, 21.289, 13.34, 9.994, 3.758, 0.0, 0.011, 18.498, 1.972, 0.0, 0.682, 5.996, 7.747, 5.953, 0.0, 1.592, 0.967, 0.0, 0.0, 4.011, 10.954, 0.0, 0.134, 1.29, 4.956, 4.162, 7.963, 4.872, 0.884, 1.871, 0.087, 0.007, 4.38, 8.378, 8.311, 0.393, 1.381, 0.051, 2.131, 14.714, 5.116, 1.322, 0.49, 2.392, 0.0, 1.79, 1.284, 0.078, 3.859, 0.123, 0.0, 10.192, 0.033, 0.221, 4.982, 0.0, 0.194, 3.382, 3.939, 2.777, 1.248, 15.878, 0.068, 0.0, 1.491, 0.175, 0.447, 1.586, 0.43, 0.001, 0.18, 1.73, 4.369, 14.919, 1.843, 3.987, 0.0, 0.0, 13.775, 4.575, 2.398, 0.0, 0.0, 0.0, 0.0, 0.029, 0.011, 0.298, 6.318, 0.967, 1.269, 0.009, 0.049, 10.785, 11.692, 10.49], "train_difference": [91.418, 59.851, 15.977, 28.239, 9.827, 21.289, 13.941, 10.742, 6.103, 24.202, 7.899, 18.498, 3.083, 11.256, 2.661, 6.073, 7.759, 6.022, 7.322, 2.386, 2.331, 7.426, 21.699, 4.137, 10.954, 9.187, 4.004, 2.465, 5.055, 4.348, 7.963, 4.944, 1.954, 2.323, 3.858, 5.212, 4.452, 8.378, 8.311, 2.136, 1.895, 3.733, 2.39, 14.714, 5.128, 1.803, 1.843, 2.579, 6.652, 2.052, 1.74, 3.126, 3.889, 2.446, 5.812, 10.192, 5.505, 2.172, 4.992, 6.817, 1.76, 3.418, 3.954, 2.856, 1.68, 15.878, 4.906, 5.713, 1.942, 1.951, 1.383, 1.832, 1.242, 4.515, 1.774, 1.913, 4.372, 14.919, 2.026, 4.021, 6.787, 5.385, 13.775, 4.613, 2.583, 6.808, 7.794, 5.855, 7.75, 3.203, 3.268, 1.047, 6.318, 1.231, 1.501, 3.839, 1.751, 10.785, 11.692, 10.49], "val_mae": [157.215, 111.23, 27.459, 54.093, 20.791, 41.595, 29.639, 23.206, 14.769, 40.93, 12.944, 33.346, 6.793, 19.331, 4.505, 10.482, 14.147, 10.598, 12.725, 4.407, 4.289, 12.438, 38.072, 7.58, 20.111, 16.437, 6.229, 4.375, 9.721, 8.177, 15.101, 9.668, 3.808, 4.801, 5.301, 7.672, 9.088, 16.13, 15.937, 3.405, 4.043, 5.031, 4.957, 27.467, 10.05, 4.026, 3.243, 5.486, 10.308, 4.478, 3.813, 4.389, 8.153, 3.729, 8.837, 19.324, 7.975, 3.442, 10.147, 10.579, 3.229, 7.121, 7.897, 6.195, 4.144, 29.654, 8.66, 8.623, 4.465, 3.259, 2.939, 4.257, 2.959, 6.611, 3.602, 4.411, 8.638, 27.216, 4.313, 7.972, 10.885, 8.644, 25.841, 8.415, 5.349, 11.286, 12.585, 8.976, 12.552, 4.748, 5.004, 2.88, 12.116, 3.552, 3.397, 6.096, 3.247, 19.62, 21.363, 18.948], "val_rmse": [167.542, 111.78, 36.224, 55.767, 25.225, 44.216, 33.258, 25.943, 16.993, 46.029, 17.302, 34.09, 8.29, 22.09, 6.633, 12.303, 15.482, 12.607, 13.636, 5.967, 5.425, 13.295, 39.293, 9.247, 21.41, 17.222, 7.432, 5.527, 11.08, 10.355, 16.596, 11.023, 4.648, 6.007, 6.709, 8.907, 10.24, 17.429, 17.366, 4.11, 5.113, 6.355, 6.187, 28.673, 11.813, 5.255, 3.863, 6.687, 11.409, 5.709, 4.963, 5.609, 9.169, 4.712, 9.93, 20.165, 10.095, 4.33, 11.025, 11.797, 4.052, 8.291, 9.23, 7.262, 4.854, 30.396, 9.83, 9.653, 5.332, 4.079, 3.605, 5.251, 3.654, 8.027, 4.636, 5.525, 9.56, 28.241, 5.39, 9.203, 11.761, 9.526, 26.271, 10.742, 7.241, 12.078, 13.764, 10.36, 13.657, 5.997, 6.123, 3.535, 12.993, 4.245, 4.578, 7.656, 4.228, 20.873, 22.386, 20.766],