{"val_loss": [0.11711715304237955, 0.10839701723307371, 0.07981778503231265, 0.0712858990437406, 0.07294936494573075, 0.05622774603612283, 0.050502192845348924, 0.044861430466613346, 0.038748816477463525, 0.03485769018366495, 0.03202963910777779, 0.034145824707058424, 0.03628941528115641, 0.02766601896077833, 0.028076837346067324, 0.025294664507622227, 0.025481254889575, 0.024783996721346152, 0.023750810685348425, 0.0288898860624827, 0.022564149180920246, 0.021077703075099957, 0.025203625945483938, 0.02082295628154979, 0.022995012634269455, 0.018886235474115786, 0.015961761558976245, 0.015739265391055274, 0.015919489909292144, 0.014467144220629159, 0.014872030526235262, 0.015047046205248027, 0.015649966607965967, 0.01434175596873769, 0.013140470621532159, 0.013987688998253468, 0.012881581171634881, 0.013620315482566023, 0.013911645044572651, 0.013967697296346374, 0.017425427233855074, 0.023119617000167424, 0.013292000409873092, 0.012504221987910569, 0.0141634034431156, 0.012861419489661999, 0.011852571004590787, 0.012161636660012472, 0.012317553628236055, 0.01167853140299592, 0.011375845382537912, 0.011901114050381105, 0.011321854565347381, 0.011048128972213496, 0.01106505049050183, 0.012692916826755904, 0.011092920869807987, 0.011359427833025727, 0.010607651510166334, 0.010856403698733844, 0.0108708912431372, 0.011538863404626575, 0.01592189893948243, 0.015701726982917857, 0.014449425062219448, 0.01221540373722639, 0.011014281946700066, 0.011461997041752672, 0.011639156389077577, 0.010260801207657684, 0.010649910747922738, 0.010274722103906028, 0.011237072782344459, 0.012279527504955801, 0.010735888510038528, 0.010319429699687617, 0.010137197547866142, 0.009803953155984773, 0.010214678980820976, 0.011919894714511055, 0.010951005494194654, 0.010067381837870926, 0.01049115470788606, 0.009918238971081069, 0.009861499054001315, 0.009751686158672194, 0.010256003763061017, 0.009466466103570865, 0.010086755583281903, 0.010440527519676834, 0.009463689509121812, 0.009438667658661656, 0.011801410716383116, 0.01965886153116384, 0.017797936582663917, 0.010864687412429382, 0.01162412841735846, 0.010455200886901687, 0.012449735963908845, 0.011260324058479028], "train_mae": [102.465, 114.03, 31.718, 24.666, 77.132, 24.723, 27.195, 31.695, 37.967, 27.192, 15.778, 40.576, 56.069, 11.142, 26.27, 9.446, 22.339, 26.448, 25.93, 53.33, 28.891, 25.64, 47.215, 30.676, 44.913, 27.748, 4.246, 14.347, 14.731, 5.865, 19.285, 22.31, 28.653, 16.458, 4.411, 12.473, 6.162, 15.543, 16.95, 20.836, 29.603, 53.226, 9.326, 7.952, 19.028, 10.764, 6.226, 9.452, 12.102, 5.179, 8.227, 9.724, 9.324, 6.182, 8.741, 22.642, 8.111, 11.007, 7.209, 4.746, 7.742, 14.657, 39.039, 34.365, 30.692, 18.044, 6.629, 19.54, 18.354, 4.211, 7.378, 4.317, 15.175, 24.942, 9.369, 7.488, 6.811, 4.764, 7.446, 23.358, 14.09, 9.922, 11.655, 7.134, 4.237, 10.169, 7.771, 4.905, 9.919, 16.173, 4.546, 7.176, 17.792, 50.318, 45.485, 5.428, 21.091, 7.419, 25.69, 16.928], "train_rmse": [113.004, 115.075, 40.717, 30.913, 79.312, 29.273, 35.198, 41.295, 40.749, 29.43, 21.505, 45.214, 59.851, 12.798, 27.604, 11.566, 26.183, 29.884, 28.733, 55.676, 31.006, 27.763, 49.575, 32.375, 46.271, 28.69, 5.461, 15.524, 16.093, 7.807, 20.391, 23.338, 29.441, 18.554, 5.502, 14.528, 7.309, 17.88, 19.05, 21.683, 32.184, 55.625, 10.869, 9.972, 22.304, 12.396, 7.332, 11.107, 14.105, 6.324, 9.818, 11.476, 11.021, 7.957, 10.14, 24.034, 9.917, 12.143, 8.636, 5.832, 9.059, 16.136, 40.668, 35.531, 32.203, 20.789, 7.994, 20.257, 19.034, 5.037, 8.634, 5.168, 16.9, 26.755, 11.052, 8.888, 8.331, 5.945, 8.799, 24.478, 16.166, 11.753, 13.42, 8.446, 5.457, 11.849, 9.11, 6.158, 11.477, 17.231, 5.666, 8.55, 20.677, 52.31, 47.468, 6.751, 21.627, 9.415, 28.123, 18.975], "train_underestimate": [54.304, 0.0, 14.126, 7.604, 0.0, 4.059, 11.718, 15.832, 0.239, 0.64, 7.262, 21.505, 29.715, 1.285, 0.053, 1.793, 11.839, 14.017, 13.742, 28.264, 15.312, 13.588, 25.023, 16.258, 23.803, 14.706, 1.536, 0.0, 0.0, 0.204, 0.0, 0.0, 0.0, 0.0, 0.868, 6.554, 2.225, 8.139, 8.983, 0.0, 15.689, 28.208, 0.0, 0.631, 9.624, 4.379, 1.16, 4.87, 6.254, 1.442, 4.018, 4.14, 4.822, 0.056, 4.589, 12.0, 3.895, 0.0, 0.131, 1.664, 4.042, 7.768, 20.69, 18.213, 16.266, 9.536, 2.375, 0.0, 0.0, 0.742, 3.849, 1.044, 8.042, 13.218, 4.728, 3.825, 3.045, 1.956, 3.808, 12.379, 7.461, 4.994, 6.168, 3.571, 1.467, 5.312, 3.818, 1.783, 5.188, 8.571, 1.058, 0.02, 9.369, 26.667, 24.106, 1.758, 0.0, 3.308, 13.615, 8.972], "train_overestimate": [0.0, 60.433, 2.684, 5.468, 40.878, 9.044, 2.694, 0.966, 19.883, 13.771, 1.1, 0.0, 0.0, 4.62, 13.87, 3.213, 0.0, 0.0, 0.0, 0.0, 0.0, 0.0, 0.0, 0.0, 0.0, 0.0, 0.715, 7.604, 7.807, 2.905, 10.221, 11.824, 15.185, 8.723, 1.47, 0.057, 1.041, 0.098, 0.0, 11.043, 0.0, 0.0, 4.942, 3.583, 0.46, 1.325, 2.14, 0.14, 0.159, 1.302, 0.342, 1.014, 0.119, 3.221, 0.043, 0.0, 0.404, 5.833, 3.69, 0.851, 0.061, 0.0, 0.0, 0.0, 0.0, 0.027, 1.138, 10.356, 9.727, 1.49, 0.062, 1.244, 0.0, 0.0, 0.238, 0.143, 0.564, 0.569, 0.138, 0.0, 0.007, 0.264, 0.009, 0.21, 0.778, 0.077, 0.3, 0.817, 0.069, 0.0, 1.351, 3.783, 0.06, 0.0, 0.0, 1.119, 11.178, 0.624, 0.0, 0.0], "train_difference": [54.304, 60.433, 16.81, 13.072, 40.878, 13.103, 14.412, 16.797, 20.122, 14.411, 8.362, 21.505, 29.715, 5.905, 13.923, 5.006, 11.839, 14.017, 13.742, 28.264, 15.312, 13.588, 25.023, 16.258, 23.803, 14.706, 2.25, 7.604, 7.807, 3.109, 10.221, 11.824, 15.185, 8.723, 2.338, 6.611, 3.266, 8.237, 8.983, 11.043, 15.689, 28.208, 4.942, 4.214, 10.084, 5.704, 3.3, 5.009, 6.414, 2.745, 4.36, 5.154, 4.942, 3.276, 4.633, 12.0, 4.299, 5.833, 3.821, 2.515, 4.103, 7.768, 20.69, 18.213, 16.266, 9.563, 3.513, 10.356, 9.727, 2.232, 3.91, 2.288, 8.042, 13.218, 4.965, 3.968, 3.61, 2.525, 3.946, 12.379, 7.467, 5.258, 6.177, 3.781, 2.245, 5.389, 4.118, 2.6, 5.257, 8.571, 2.409, 3.803, 9.43, 26.667, 24.106, 2.877, 11.178, 3.932, 13.615, 8.972], "val_mae": [93.232, 115.455, 26.523, 21.58, 79.697, 23.374, 22.654, 26.614, 39.671, 27.451, 13.433, 37.668, 53.026, 10.301, 25.739, 8.553, 21.179, 25.122, 25.077, 51.558, 28.254, 25.183, 45.737, 30.558, 44.635, 28.681, 5.107, 11.972, 12.023, 4.997, 16.11, 20.448, 25.756, 12.704, 4.303, 13.536, 6.301, 16.14, 18.065, 18.334, 29.161, 51.845, 8.363, 7.959, 17.991, 10.161, 5.856, 10.361, 12.452, 5.083, 8.663, 9.167, 9.84, 5.326, 9.774, 22.83, 7.965, 9.708, 6.628, 4.603, 8.863, 15.115, 38.378, 34.649, 30.719, 17.485, 6.492, 18.085, 17.236, 3.805, 8.363, 4.044, 15.41, 24.492, 9.146, 7.902, 6.908, 4.937, 7.885, 23.61, 14.164, 9.652, 11.874, 7.255, 4.656, 10.305, 7.656, 5.335, 10.105, 16.581, 4.91, 6.053, 16.724, 48.751, 44.125, 5.46, 19.986, 6.755, 24.372, 16.363], "val_rmse": [102.338, 116.132, 33.483, 26.301, 81.099, 27.558, 28.744, 34.362, 41.754, 29.77, 17.943, 41.531, 56.167, 11.563, 26.866, 9.934, 24.181, 27.779, 27.227, 53.442, 29.899, 26.801, 47.559, 31.826, 45.712, 29.451, 6.43, 13.348, 13.606, 6.434, 17.367, 21.478, 26.59, 14.936, 5.673, 15.41, 7.957, 18.46, 20.012, 19.329, 31.635, 54.067, 9.597, 9.82, 21.204, 12.043, 7.223, 12.116, 14.656, 6.524, 10.497, 11.173, 11.551, 6.288, 10.96, 24.155, 9.882, 10.614, 7.716, 5.914, 9.986, 16.522, 39.95, 35.829, 32.264, 20.305, 7.889, 18.703, 17.871, 4.772, 9.51, 5.117, 17.06, 26.22, 11.076, 9.411, 8.534, 6.366, 9.438, 24.76, 16.267, 11.771, 13.585, 8.894, 5.851, 12.17, 9.465, 6.511, 11.823, 17.657, 5.862, 6.903, 19.801, 50.589, 46.009, 6.7, 20.544, 8.779, 26.596, 18.346],