{"val_loss": [0.0061707162902975045, 0.004905942348058388, 0.004731694729343872, 0.0043951243692895835, 0.004127183547502177, 0.004720443405151147, 0.004057040272325846, 0.003985378609488382, 0.004078714590125148, 0.0038443877567462753, 0.004368986202583376, 0.003748627623483319, 0.003520286904960004, 0.003802725616979943, 0.003620248116021685, 0.0035624335659021097, 0.0036517621300744293, 0.0034459575477335923, 0.003648122124913142, 0.0037566589264517664, 0.0034376289089171528, 0.003408399564755705, 0.0035280640391243245, 0.0035798712430429682, 0.003393407953303217, 0.0033243085314704026, 0.003481116279241784, 0.004100527733397839, 0.0033340092069112062, 0.0033497073531584143], "train_loss": [0.014766677382795024, 0.0058003413450933294, 0.005518843000572815, 0.004729491008674813, 0.004573424801492365, 0.004262773759819538, 0.004258943883542088, 0.0040086761623570055, 0.004079291696143628, 0.003759021916266647, 0.0037770231156173395, 0.0037298108459253854, 0.003587025499655283, 0.00349615226377864, 0.0035592470271694765, 0.0034885522954937187, 0.0033654493422545784, 0.003275444688370044, 0.0032452130558340286, 0.003149433986891381, 0.0032146403254955658, 0.0030203582905414805, 0.002954392531137273, 0.0029905001915722096, 0.002807117671636661, 0.002754812663397388, 0.002765117470516998, 0.0027335475265317655, 0.002652687532645359, 0.0026120692427866743], "train_size": 1024, "val_size": 576, "rand_seed": 644, "shuffle": true, "loss_name": "logcosh", "img_dim": [256, 256, 3], "patch_dim": [128, 128, 3], "patches_per_image": 4, "density_map_sigma": 5, "density_map_multiplication_factor": 100.0, "sub_experiment_name": "vgg_cells/n_64_sigma_5_randseed_644_loss_logcosh_patch_4_128x128", "architecture": "UNet"}