{"val_loss": [1.4288399207405746, 1.424784230068326, 1.4607563607394696, 1.127423585485667, 1.0839494490996002, 1.1534447578713298, 1.2772751538082958, 0.9326480767689646, 0.8289457979612053, 0.9395791104994714, 0.9741202609613537, 0.9207745395600796, 1.0380063334479928, 0.8852618811652064, 1.420178397372365, 1.4243521062657236, 1.4238597895950078, 1.2734284915030003, 1.0992804002016783, 1.1744327815249562, 1.362929258402437, 0.84015985224396, 0.9386040875688195, 0.9269663744606078, 0.7448607044294476, 0.7169154584407806, 0.7566199537366629, 0.7043298752978444, 0.9513074101880192, 0.6639771286398173, 0.6583758004009723, 0.6184068148955703, 1.0499256873503326, 0.6505078480578959, 0.5801184477284551, 0.593782931752503, 0.5605200636200607, 0.6476442605257035, 0.5672420059330762, 0.5341778866946697, 0.5595720760524273, 0.5942576937377453, 0.511970036290586, 0.5173831447027624, 0.5206003561615944, 0.5049615946598351, 0.4989133776165545, 0.5193729784339667, 0.5162752183154226, 0.5084664411842823], "train_mae": [81.794, 83.945, 90.594, 61.54, 85.417, 55.105, 62.438, 45.391, 38.37, 55.503, 48.463, 42.4, 49.303, 38.916, 75.97, 72.992, 72.798, 104.787, 57.622, 67.699, 73.335, 33.895, 119.284, 37.47, 27.996, 28.774, 33.421, 67.288, 55.249, 30.946, 40.371, 36.924, 99.752, 64.15, 25.79, 19.635, 29.307, 32.393, 16.066, 15.718, 41.805, 26.571, 12.726, 24.887, 16.588, 15.433, 16.817, 41.634, 49.887, 9.153], "train_rmse": [120.376, 123.099, 130.069, 95.394, 95.732, 86.878, 78.062, 72.511, 59.74, 65.481, 72.794, 67.147, 77.94, 64.047, 96.752, 96.014, 96.024, 116.713, 73.213, 85.287, 111.309, 55.01, 126.312, 52.9, 43.238, 48.093, 49.218, 77.677, 69.324, 37.903, 45.337, 48.269, 108.338, 68.268, 31.77, 29.156, 33.003, 36.581, 21.574, 21.746, 49.185, 30.644, 17.069, 27.685, 20.431, 18.216, 21.123, 43.957, 51.254, 13.616], "train_underestimate": [63.037, 65.325, 72.143, 46.416, 3.162, 38.243, 17.47, 32.271, 22.177, 4.925, 26.14, 22.792, 33.479, 26.99, 26.105, 29.627, 29.919, 7.265, 16.342, 20.195, 56.026, 20.005, 1.348, 12.981, 14.081, 19.588, 15.357, 54.359, 17.225, 4.32, 3.137, 29.657, 0.0, 1.085, 5.774, 13.049, 1.241, 4.117, 10.621, 7.054, 33.761, 3.766, 5.702, 0.31, 3.134, 1.989, 13.321, 0.412, 0.046, 4.597], "train_overestimate": [3.041, 2.491, 1.044, 3.3, 65.842, 6.274, 32.971, 4.398, 8.821, 39.913, 13.012, 11.461, 6.351, 4.449, 35.268, 29.34, 28.891, 77.387, 30.208, 34.496, 3.218, 7.378, 95.016, 17.289, 8.536, 3.658, 11.642, 0.0, 27.408, 20.68, 29.476, 0.172, 80.585, 50.74, 15.06, 2.814, 22.435, 22.052, 2.358, 5.643, 0.012, 17.7, 4.58, 19.795, 10.267, 10.479, 0.265, 33.222, 40.255, 2.797], "train_difference": [66.078, 67.815, 73.187, 49.715, 69.005, 44.517, 50.441, 36.67, 30.997, 44.838, 39.151, 34.253, 39.83, 31.439, 61.373, 58.967, 58.811, 84.653, 46.55, 54.691, 59.245, 27.383, 96.364, 30.271, 22.617, 23.246, 27.0, 54.359, 44.633, 25.0, 32.614, 29.829, 80.585, 51.824, 20.835, 15.862, 23.676, 26.169, 12.979, 12.698, 33.773, 21.466, 10.281, 20.105, 13.401, 12.467, 13.586, 33.634, 40.302, 7.394], "val_mae": [74.707, 76.52, 84.664, 55.41, 86.195, 45.997, 57.474, 39.268, 33.363, 51.672, 42.705, 36.689, 38.795, 34.084, 68.251, 65.198, 64.971, 104.633, 53.531, 61.412, 63.968, 31.627, 118.1, 33.681, 25.608, 26.057, 30.61, 66.862, 52.119, 31.052, 41.671, 38.1, 94.917, 64.378, 28.372, 21.943, 32.555, 31.663, 19.667, 20.987, 43.041, 31.682, 18.249, 27.668, 22.622, 22.762, 22.27, 41.692, 49.951, 15.805], "val_rmse": [108.283, 110.073, 117.713, 85.035, 92.881, 73.385, 68.987, 62.658, 51.198, 59.049, 62.898, 56.671, 64.112, 56.273, 85.473, 83.982, 83.939, 113.62, 63.741, 74.864, 97.047, 47.934, 123.766, 44.964, 38.238, 42.994, 44.2, 77.975, 63.973, 36.069, 45.074, 51.249, 101.081, 69.082, 33.926, 33.865, 35.577, 37.006, 29.633, 31.96, 53.677, 36.239, 27.75, 30.846, 28.543, 27.929, 32.253, 45.542, 53.533, 25.868], "val_underestimate": [60.523, 62.671, 70.524, 44.251, 3.333, 33.13, 15.205, 29.646, 20.031, 4.301, 22.976, 19.936, 27.423, 25.394, 21.801, 25.474, 25.767, 5.541, 13.687, 17.007, 51.761, 18.86, 0.706, 11.299, 13.131, 18.891, 14.2, 56.317, 15.853, 5.403, 3.78, 31.989, 0.0, 0.935, 6.932, 14.951, 3.593, 5.425, 13.092, 11.156, 36.217, 6.991, 9.436, 3.03, 6.468, 6.872, 17.878, 1.571, 0.998, 10.51], "val_overestimate": [2.402, 1.781, 0.787, 2.419, 69.268, 5.613, 33.205, 3.429, 8.07, 39.221, 12.993, 10.966, 5.253, 3.314, 35.686, 29.441, 28.957, 82.59, 31.401, 34.72, 2.118, 7.779, 98.767, 17.069, 8.438, 3.056, 11.582, 0.0, 28.046, 20.752, 31.319, 0.102, 79.947, 53.289, 16.965, 3.531, 23.828, 21.245, 3.473, 6.521, 0.036, 19.695, 5.934, 20.275, 12.586, 12.3, 0.88, 33.545, 41.075, 2.802], "val_difference": [62.925, 64.451, 71.311, 46.671, 72.601, 38.743, 48.409, 33.075, 28.101, 43.523, 35.97, 30.902, 32.676, 28.708, 57.486, 54.915, 54.724, 88.131, 45.088, 51.727, 53.879, 26.639, 99.474, 28.369, 21.569, 21.947, 25.782, 56.317, 43.899, 26.155, 35.099, 32.091, 79.947, 54.224, 23.897, 18.482, 27.421, 26.669, 16.565, 17.677, 36.253, 26.685, 15.371, 23.305, 19.054, 19.172, 18.758, 35.116, 42.072, 13.312], "train_loss": [1.8402657768102275, 1.731752798428356, 1.7536699898237345, 1.6485080569281847, 1.4788205270833543, 1.722268857061863, 1.4963804994677674, 1.4201350678751088, 1.2717002601972942, 1.384114438486884, 1.2677673569597234, 1.2444696644770687, 1.2550427762552114, 1.2409409060373575, 1.476165276779837, 1.8655684973846034, 1.8749853965817573, 1.8521225999421833, 1.4747638110316659, 1.356004289768893, 1.4934933533816128, 1.3775334638721517, 1.13813474304904, 1.1890391539957457, 1.1054523209442726, 1.0895121222286015, 1.017187461817526, 0.8879610475468037, 0.8729332162061455, 0.9515385802916972, 0.8167295833249638, 0.6761760020447563, 0.6980513875550798, 0.855241769533546, 0.664680204327951, 0.5937609419250003, 0.5288774696613741, 0.5308670018650709, 0.465757425138756, 0.4124477055846337, 0.4147656954778212, 0.45916035646415054, 0.39667708050681505, 0.32422266532681576, 0.38817839391039083, 0.31172488710980245, 0.2684440648761289, 0.3063729108430936, 0.2309578909687581, 0.2258982028765458], "train_size": 319, "val_size": 80, "rand_seed": 3201, "shuffle": true, "loss_name": "mean_squared_error", "img_dim": [768, 1024, 3], "patch_dim": [768, 1024, 3], "patches_per_image": 1, "density_map_sigma": 10, "density_map_multiplication_factor": 2000.0, "sub_experiment_name": "shanghai_tech/part_b/sigma_10_loss_mse_full_img_epochs_50", "architecture": "UNet"}