{"val_loss": [0.005896482039032789, 0.005664782856709078, 0.005329073030831448, 0.005197357017702113, 0.005811254880023221, 0.005123107072399257, 0.005193086247547601, 0.005400224952710333, 0.005012118505368967, 0.00580389924268982, 0.005097612722036299, 0.005087289260296125, 0.005193555642512769, 0.004909181071424327, 0.004821161818755273, 0.004960223619188279, 0.004992202331878717, 0.005581822484802817, 0.004879536979084757, 0.0047522047063668854, 0.004857851967042532, 0.004817970633868956, 0.0047703610646042055, 0.005045556668846984, 0.004855648453081408], "val_activation_2_loss": [0.07283344044764009, 0.07283344044764009, 0.07283344044764009, 0.07283344044764009, 0.07283344044764009, 0.07283344044764009, 0.07283344044764009, 0.07283344044764009, 0.07283344044764009, 0.07283344044764009, 0.07283344044764009, 0.07283344044764009, 0.07283344044764009, 0.07283344044764009, 0.07283344044764009, 0.07283344044764009, 0.07283344044764009, 0.07283344044764009, 0.07283344044764009, 0.07283344044764009, 0.07283344044764009, 0.07283344044764009, 0.07283344044764009, 0.07283344044764009, 0.07283344044764009], "val_conv2d_24_loss": [0.005896482039032789, 0.005664782856709078, 0.005329073030831448, 0.005197357017702113, 0.005811254880023221, 0.005123107072399257, 0.005193086247547601, 0.005400224952710333, 0.005012118505368967, 0.00580389924268982, 0.005097612722036299, 0.005087289260296125, 0.005193555642512769, 0.004909181071424327, 0.004821161818755273, 0.004960223619188279, 0.004992202331878717, 0.005581822484802817, 0.004879536979084757, 0.0047522047063668854, 0.004857851967042532, 0.004817970633868956, 0.0047703610646042055, 0.005045556668846984, 0.004855648453081408], "activation_2_loss": [0.0796252240834292, 0.0796580301830545, 0.07947943612816744, 0.07925000783870928, 0.0794259975082241, 0.07941181302885525, 0.07944504752231296, 0.07940247442456894, 0.07959252377622761, 0.07929437072016299, 0.07941030160873197, 0.07914129023265559, 0.0795178929110989, 0.0795160276175011, 0.07961561379488558, 0.07949695608112961, 0.07968516138498671, 0.07917070289840922, 0.07936995886848308, 0.07958439132198691, 0.07945637281227391, 0.07951294264057651, 0.07929931484977715, 0.0797826704219915, 0.07941880020371173], "conv2d_24_loss": [0.007854079924982216, 0.00531066083431142, 0.005064138085344894, 0.004595280047396955, 0.004557098064651655, 0.004572580589865538, 0.004688418580371945, 0.00440881525628356, 0.004511066110353568, 0.0043732515350711765, 0.00446939393214052, 0.004256843363691587, 0.004318967370181781, 0.0042563060342217796, 0.004183913606993883, 0.004100891888356273, 0.004168034703070589, 0.004213478875499277, 0.004197412520170474, 0.00417808739348402, 0.004110584574391396, 0.00410520495597666, 0.0040451762495195, 0.003983334027907404, 0.004047359389915073], "train_loss": [0.007854079924982216, 0.00531066083431142, 0.005064138085344894, 0.004595280047396955, 0.004557098064651655, 0.004572580589865538, 0.004688418580371945, 0.00440881525628356, 0.004511066110353568, 0.0043732515350711765, 0.00446939393214052, 0.004256843363691587, 0.004318967370181781, 0.0042563060342217796, 0.004183913606993883, 0.004100891888356273, 0.004168034703070589, 0.004213478875499277, 0.004197412520170474, 0.00417808739348402, 0.004110584574391396, 0.00410520495597666, 0.0040451762495195, 0.003983334027907404, 0.004047359389915073], "train_size": 1024, "val_size": 576, "rand_seed": 645, "shuffle": true, "seg_loss_name": "binary_crossentropy", "reg_loss_name": "logcosh", "img_dim": [256, 256, 3], "patch_dim": [128, 128, 3], "patches_per_image": 4, "density_map_sigma": 5, "density_map_multiplication_factor": 100.0, "sub_experiment_name": "vgg_cells/n_64_sigma_5_randseed_645_loss_logcosh_patch_4_128x128", "architecture": "SegRegNet"}