{"val_loss": [0.08621041164345418, 0.08254686024479775, 0.08606338317945807, 0.08182873982392873, 0.0760896031731843, 0.0818852804821088, 0.07778470793790701, 0.07283344044764009, 0.07353977725789365, 0.07587079349387851], "val_activation_1_loss": [0.08621041164345418, 0.08254686024479775, 0.08606338317945807, 0.08182873982392873, 0.0760896031731843, 0.0818852804821088, 0.07778470793790701, 0.07283344044764009, 0.07353977725789365, 0.07587079349387851], "val_conv2d_12_loss": [0.04094918068504841, 0.042453907006549545, 0.04295300866619477, 0.043987784010823816, 0.04627207791781984, 0.04469682048268927, 0.04578272745129652, 0.04471116797746314, 0.045245535749321185, 0.04671089769948998], "activation_1_loss": [0.18783755745971575, 0.09912323532626033, 0.09111420100089163, 0.08754242258146405, 0.08632753908750601, 0.08332863144460134, 0.0815615929022897, 0.0815593121224083, 0.08071941425441764, 0.08088833920191973], "conv2d_12_loss": [0.04229385493090376, 0.04111726247356273, 0.04173884724150412, 0.042914493882562965, 0.0443994997694972, 0.046225186524679884, 0.04595718167547602, 0.04630127127165906, 0.045756698011246044, 0.04618716552067781], "train_loss": [0.18783755745971575, 0.09912323532626033, 0.09111420100089163, 0.08754242258146405, 0.08632753908750601, 0.08332863144460134, 0.0815615929022897, 0.0815593121224083, 0.08071941425441764, 0.08088833920191973], "train_size": 1024, "val_size": 576, "rand_seed": 645, "shuffle": true, "seg_loss_name": "binary_crossentropy", "reg_loss_name": "logcosh", "img_dim": [256, 256, 3], "patch_dim": [128, 128, 3], "patches_per_image": 4, "density_map_sigma": 5, "density_map_multiplication_factor": 100.0, "sub_experiment_name": "vgg_cells/n_64_sigma_5_randseed_645_loss_logcosh_patch_4_128x128", "architecture": "SegRegNet"}