{"val_loss": [0.6454429021653008, 0.2248453608549693, 0.2088147454402026, 0.20903299179147272, 0.19325273056678913, 0.16412274572340882, 0.15268480525735548, 0.11137817893177271, 0.11828783877632197, 0.0965393750983126, 0.115865742404233, 0.09154147424680345, 0.0952273722847595, 0.0864555480725625, 0.08881281283410157, 0.08233590040575056, 0.07766337424297542, 0.08027232268496472, 0.07898428762222037, 0.07171568225192673, 0.07052034216330332, 0.07156424690037966, 0.07082699639174868, 0.0636817067861557, 0.06320126110906987, 0.06802808077019804, 0.09155082702636719, 0.09321184757658664, 0.07136206085081487, 0.0701269321691464, 0.06306020893594798, 0.07662400488248643, 0.07905106794308214, 0.061049593941253776, 0.06064652761115747, 0.06112553669578012, 0.05767618007410098, 0.056213009609457326, 0.057696299791774326, 0.06084660054458415, 0.057255638078512514, 0.06750682379831285, 0.061716751962461895, 0.0636153673643575, 0.06684548898106989, 0.06809427471393172, 0.06494404419380076, 0.058558846276034325, 0.05564739812603768, 0.05734397144988179, 0.054443637621315086, 0.05326789414838833, 0.053040056516799855, 0.05366241222466616, 0.052209320368573946, 0.051725623608731175, 0.05576816817526432, 0.054149890071986354, 0.05091895869768718, 0.05093974291401751, 0.051913527689655035, 0.0512283594785806, 0.05059204765540712, 0.04985378641525612, 0.050805311074809116, 0.058971549576038826, 0.05675485064549481, 0.05725421712679021, 0.059510332450051516, 0.05520379148861941, 0.05916084119063966, 0.05433267949368147, 0.05197301394689609, 0.05490621305344736, 0.051555631408358324, 0.05639127329649294, 0.053585573263904625, 0.049935514079954696, 0.05095392106758321, 0.057610221618019486, 0.0545491373495144, 0.050987918450332737, 0.05076696134775, 0.048478877473184294, 0.04815732501447201, 0.047392064568531865, 0.050069177139769584, 0.04832761093754979, 0.049394754802479464, 0.051593277165118384, 0.04708193784908337, 0.04669146020622814, 0.047406675431000835, 0.0477482979733716, 0.046884833698106164, 0.05264127577709801, 0.05027791293447509, 0.04685343265095178, 0.04815983501098612, 0.046007322832284606], "train_mae": [421.786, 110.409, 35.778, 22.83, 71.489, 54.228, 47.742, 15.353, 27.56, 16.728, 62.981, 17.014, 13.46, 9.154, 37.239, 28.383, 8.393, 33.016, 34.433, 22.794, 24.019, 28.83, 30.244, 11.653, 5.982, 29.429, 54.085, 56.159, 28.558, 15.25, 12.732, 41.135, 41.624, 16.971, 4.818, 5.188, 11.16, 8.507, 5.951, 25.448, 17.108, 35.433, 27.406, 30.625, 34.012, 35.691, 30.973, 23.319, 4.569, 5.355, 4.806, 5.644, 9.468, 15.146, 11.161, 7.919, 23.421, 19.059, 10.415, 7.557, 4.283, 14.347, 13.461, 4.19, 15.115, 28.354, 25.79, 26.591, 29.816, 24.141, 29.432, 22.71, 18.322, 20.794, 15.936, 26.045, 19.249, 13.538, 16.268, 28.124, 23.133, 17.597, 16.841, 9.214, 9.906, 11.674, 17.996, 4.203, 17.142, 22.31, 8.859, 6.061, 6.324, 14.448, 4.214, 22.856, 20.189, 10.807, 4.275, 3.892], "train_rmse": [430.988, 118.729, 44.909, 26.409, 79.697, 62.949, 49.66, 17.369, 29.434, 21.852, 67.36, 21.659, 14.471, 12.072, 39.173, 29.69, 9.645, 33.737, 35.259, 23.644, 24.748, 29.702, 31.182, 12.965, 8.274, 30.44, 56.266, 58.166, 30.315, 16.499, 14.697, 42.861, 43.527, 18.111, 6.895, 7.002, 12.706, 10.085, 7.809, 26.641, 18.515, 36.934, 29.058, 32.018, 35.897, 37.11, 32.202, 24.605, 6.376, 7.019, 6.367, 7.338, 11.386, 17.043, 12.647, 9.469, 25.193, 20.638, 11.837, 8.976, 5.779, 16.125, 15.128, 5.714, 17.132, 29.679, 27.478, 28.296, 31.816, 26.471, 30.883, 24.213, 20.126, 22.543, 18.334, 27.923, 20.33, 14.867, 18.016, 29.484, 24.564, 18.976, 18.673, 10.579, 11.338, 13.355, 19.795, 5.411, 18.537, 23.985, 10.397, 7.204, 7.563, 15.931, 5.362, 24.513, 21.886, 12.29, 5.414, 5.184], "train_underestimate": [235.347, 61.606, 18.943, 6.295, 39.889, 30.211, 0.0, 3.138, 0.0, 8.99, 35.142, 9.402, 0.223, 4.836, 20.778, 15.837, 4.47, 18.422, 19.213, 12.718, 13.402, 16.087, 16.875, 6.466, 0.613, 16.421, 30.178, 31.336, 15.935, 0.069, 7.097, 22.952, 23.225, 9.469, 0.451, 0.469, 6.215, 4.616, 2.912, 14.2, 9.546, 19.771, 15.292, 17.088, 18.978, 19.915, 17.282, 13.012, 0.497, 0.374, 2.058, 2.792, 4.966, 8.445, 6.193, 4.204, 13.068, 10.634, 5.783, 4.052, 0.714, 8.006, 7.507, 1.375, 8.434, 15.821, 14.39, 14.837, 16.636, 13.47, 16.423, 12.671, 10.223, 11.603, 8.891, 14.533, 10.74, 7.554, 9.077, 15.693, 12.908, 9.819, 9.397, 5.109, 5.502, 6.494, 10.042, 0.339, 9.565, 12.449, 4.795, 3.169, 3.427, 8.062, 1.629, 12.753, 11.265, 6.018, 0.386, 1.711], "train_overestimate": [0.0, 0.0, 1.02, 6.444, 0.0, 0.047, 26.639, 5.429, 15.378, 0.344, 0.0, 0.091, 7.287, 0.271, 0.0, 0.0, 0.213, 0.0, 0.0, 0.0, 0.0, 0.0, 0.0, 0.036, 2.725, 0.0, 0.0, 0.0, 0.0, 8.44, 0.008, 0.0, 0.0, 0.0, 2.237, 2.426, 0.012, 0.131, 0.409, 0.0, 0.0, 0.0, 0.0, 0.0, 0.0, 0.0, 0.0, 0.0, 2.053, 2.614, 0.623, 0.358, 0.317, 0.006, 0.035, 0.215, 0.0, 0.0, 0.028, 0.165, 1.675, 0.0, 0.004, 0.963, 0.0, 0.0, 0.0, 0.0, 0.0, 0.0, 0.0, 0.0, 0.0, 0.0, 0.001, 0.0, 0.0, 0.0, 0.0, 0.0, 0.0, 0.0, 0.0, 0.032, 0.026, 0.02, 0.0, 2.006, 0.0, 0.0, 0.148, 0.213, 0.101, 0.0, 0.722, 0.0, 0.0, 0.012, 2.0, 0.461], "train_difference": [235.347, 61.606, 19.963, 12.739, 39.889, 30.258, 26.639, 8.567, 15.378, 9.334, 35.142, 9.493, 7.51, 5.108, 20.778, 15.837, 4.683, 18.422, 19.213, 12.718, 13.402, 16.087, 16.875, 6.502, 3.338, 16.421, 30.178, 31.336, 15.935, 8.509, 7.104, 22.952, 23.225, 9.469, 2.689, 2.895, 6.227, 4.747, 3.321, 14.2, 9.546, 19.771, 15.292, 17.088, 18.978, 19.915, 17.282, 13.012, 2.55, 2.988, 2.681, 3.149, 5.283, 8.451, 6.228, 4.419, 13.068, 10.634, 5.812, 4.217, 2.39, 8.006, 7.511, 2.338, 8.434, 15.821, 14.39, 14.837, 16.636, 13.47, 16.423, 12.671, 10.223, 11.603, 8.892, 14.533, 10.74, 7.554, 9.077, 15.693, 12.908, 9.819, 9.397, 5.141, 5.528, 6.514, 10.042, 2.345, 9.565, 12.449, 4.943, 3.382, 3.529, 8.062, 2.351, 12.753, 11.265, 6.03, 2.386, 2.172], "val_mae": [422.021, 112.907, 40.675, 25.464, 74.124, 56.842, 44.525, 16.323, 25.258, 20.013, 65.778, 20.241, 11.593, 11.884, 40.086, 31.17, 10.668, 35.586, 37.075, 25.554, 26.788, 31.605, 33.085, 14.608, 5.065, 32.135, 56.728, 58.681, 31.489, 11.753, 15.91, 44.015, 44.557, 19.999, 4.019, 4.344, 14.237, 11.314, 8.276, 28.603, 20.13, 38.316, 30.342, 33.526, 36.86, 38.459, 33.726, 26.245, 3.816, 4.038, 6.046, 7.471, 11.85, 18.096, 13.944, 10.193, 26.273, 21.939, 13.08, 9.884, 4.384, 17.187, 16.253, 5.272, 17.901, 30.901, 28.456, 29.26, 32.459, 26.92, 32.04, 25.376, 21.079, 23.43, 18.834, 28.881, 21.863, 16.329, 18.988, 30.814, 25.74, 20.343, 19.534, 11.809, 12.554, 14.406, 20.722, 3.838, 19.822, 24.937, 11.135, 8.212, 8.7, 17.121, 5.605, 25.444, 22.86, 13.344, 3.683, 5.38], "val_rmse": [435.301, 124.405, 51.366, 31.829, 85.322, 68.713, 47.245, 20.806, 27.248, 26.833, 71.989, 26.315, 12.924, 16.117, 42.948, 33.135, 12.001, 36.656, 38.346, 26.654, 27.662, 32.807, 34.39, 15.739, 6.353, 33.406, 59.836, 61.589, 33.959, 13.261, 18.229, 46.497, 47.295, 21.174, 5.293, 5.619, 15.371, 12.569, 10.243, 29.981, 21.471, 40.261, 32.382, 35.293, 39.372, 40.314, 35.264, 27.737, 4.967, 5.071, 7.356, 8.921, 14.343, 20.065, 15.114, 11.729, 28.336, 23.687, 14.238, 11.205, 5.384, 19.074, 17.952, 6.816, 20.048, 32.491, 30.546, 31.351, 34.953, 29.789, 33.826, 27.148, 23.16, 25.47, 21.669, 31.255, 23.024, 17.646, 20.931, 32.52, 27.454, 21.935, 21.678, 13.088, 13.9, 16.192, 22.809, 4.533, 21.406, 26.965, 13.051, 9.613, 9.848, 18.8, 7.159, 27.523, 24.944, 14.828, 4.421, 6.751],