{"val_loss": [1.0250370296882465, 0.9887407335918397, 1.010473542427644, 0.845359587809071, 1.2880707651842385], "train_loss": [1.5645549749535126, 1.4208981877916893, 1.3072055798391797, 1.2797981632236963, 1.2404231120946125], "train_size": 1276, "val_size": 320, "rand_seed": 3201, "shuffle": true, "loss_name": "mean_squared_error", "img_dim": [768, 1024, 3], "patch_dim": [768, 1024, 3], "patches_per_image": 1, "density_map_sigma": 10, "density_map_multiplication_factor": 2000.0, "sub_experiment_name": "shanghai_tech/part_b/sigma_10_loss_mse_full_img_epochs_5_lr_1e-4", "architecture": "FCRN_A"}