{"val_loss": [0.015181767843494206, 0.010268614546743372, 0.016925890023926245, 0.007697685324862558, 0.005465309246253181, 0.005006036334474201, 0.004787290326288819, 0.004387833972620736, 0.004437844474790943, 0.005285641323579886, 0.005094334190717371, 0.004026227086208511, 0.004435273749229108, 0.0038123611145826596, 0.0037489605017660375, 0.0037760100670258157, 0.0038835794818142485, 0.003710092658687191, 0.0036136385457104874, 0.0035846894933295997, 0.004042949974331457, 0.003606685441595533, 0.0035847448906518847, 0.0035680545608877713, 0.004051046879152744, 0.003693098970389281, 0.0034842444734642735, 0.0034802675898604587, 0.0036790270368167993, 0.003595711017410127], "train_loss": [0.0676349175919313, 0.013235240505309775, 0.013159921581973322, 0.01003182069689501, 0.006770045540179126, 0.005555726966122165, 0.0051935727169620804, 0.0052168719412293285, 0.004455724483705126, 0.004755136345920619, 0.004764820201671682, 0.004407929518492892, 0.0039644160569878295, 0.004057750949868932, 0.003785291002714075, 0.0037906229408690706, 0.0038612470161751844, 0.0036857971717836335, 0.003538084463798441, 0.0033714225428411737, 0.0033028877660399303, 0.0033635853906162083, 0.0033390895696356893, 0.00318295576289529, 0.0033844738209154457, 0.0032153681095223874, 0.003009733554790728, 0.0028259866885491647, 0.003039508424990345, 0.002720388351008296], "train_size": 512, "val_size": 1088, "rand_seed": 325, "shuffle": true, "loss_name": "logcosh", "img_dim": [256, 256, 3], "patch_dim": [256, 256, 3], "patches_per_image": 1, "density_map_sigma": 5, "density_map_multiplication_factor": 100.0, "sub_experiment_name": "vgg_cells/n_32_sigma_5_randseed_325_loss_logcosh_full_img", "architecture": "UNet"}