{"val_loss": [0.7604879092644242, 2.0661729206057156, 0.20921677745440426, 1.4484008191262974, 1.071677037021693, 0.6021401281742489, 0.262293162262615, 0.18671368204933755, 0.20506341273293777, 0.20204029955408154, 0.19165506816523917, 0.18765239965389757, 0.18784896843135357, 0.18563007420915015, 0.18053535996552775, 0.17529789741863222, 0.16896916180849075, 0.15771685891291676, 0.14904101302518563, 0.1354146998594789, 0.12402703843134291, 0.13711973701548927, 0.18689011848148177, 0.12016881925656515, 0.1642214045585955, 0.12828437266323497, 0.12309766297831255, 0.1390602431972237, 0.11953757232164636, 0.11271956464385285, 0.12272325963439311, 0.12077311744146488, 0.10961632540120798, 0.10913598816841841, 0.11501218356630381, 0.10808407263282467, 0.09865699976901798, 0.10424964009400677, 0.10134486229542423, 0.09631133178139434, 0.09946809385848396, 0.09666429712053608, 0.09283268851611544, 0.09518334696836331, 0.09178984203540227, 0.09037853328182417, 0.09098174510633245, 0.08693051436806426, 0.08861429030623506, 0.08510665058651391, 0.0853115198585917, 0.08352554222459302, 0.0831332050044747, 0.08138190319432932, 0.08040767321910929, 0.0784428242374869, 0.07910172301618491, 0.07586212209699784, 0.07617822755128145, 0.07529058175928452, 0.07264561403323622, 0.07284500307458289, 0.07341967539533097, 0.0717967573334189, 0.06879795589210357, 0.06754056649173007, 0.06833502696827054, 0.07203893319648855, 0.07689431446659215, 0.07392811150673557, 0.0645410253885476, 0.06657788628602729, 0.07030334696173668, 0.0637363003950347, 0.06387373607824831, 0.0671276440296103, 0.06286485104219001, 0.0611317379071432, 0.0637949929189156, 0.06305820300408146, 0.059513908372644114, 0.05775821140474256, 0.05891314231078414, 0.06081011499661733, 0.0627623766879825, 0.06328769255539074, 0.05926365698413814, 0.05510002339039655, 0.055029939832713676, 0.058196721598505974, 0.059819373247378016, 0.05837772304520888, 0.054244060480200196, 0.05274832251426928, 0.05363825418274192, 0.05541160686270279, 0.059463379575925714, 0.060635647681706095, 0.055668894064557904, 0.05127850213252446], "train_mae": [523.28, 1423.825, 82.047, 1008.406, 747.39, 422.058, 185.743, 36.858, 30.6, 26.08, 26.104, 52.122, 72.245, 74.418, 59.824, 39.719, 27.483, 39.14, 63.647, 35.98, 24.242, 76.783, 89.358, 16.822, 109.259, 73.134, 20.861, 36.138, 16.497, 46.242, 72.448, 70.652, 46.661, 18.137, 17.083, 14.446, 27.176, 52.083, 46.66, 17.492, 13.574, 12.547, 23.379, 39.198, 30.607, 12.589, 9.982, 18.902, 38.304, 27.711, 9.027, 10.75, 31.604, 28.465, 8.804, 12.758, 31.544, 16.404, 6.708, 27.608, 14.686, 6.985, 31.23, 5.143, 20.432, 17.122, 5.11, 36.323, 21.145, 40.945, 7.593, 5.938, 36.777, 5.796, 5.312, 33.127, 5.401, 6.794, 29.553, 7.966, 20.922, 12.293, 5.035, 28.77, 13.546, 33.884, 8.191, 14.57, 16.342, 7.97, 30.745, 9.337, 18.762, 8.54, 4.757, 24.597, 14.807, 34.318, 7.945, 9.22], "train_rmse": [531.86, 1435.148, 83.068, 1022.08, 758.268, 429.81, 191.944, 44.941, 34.151, 29.173, 34.207, 61.011, 80.4, 82.482, 68.41, 48.155, 35.661, 47.425, 71.618, 43.963, 31.846, 83.005, 90.055, 19.728, 115.088, 79.313, 23.196, 39.359, 20.162, 53.473, 78.655, 76.786, 53.405, 24.127, 19.185, 17.264, 33.732, 57.622, 52.464, 23.601, 16.186, 16.036, 29.429, 44.102, 35.553, 17.219, 13.138, 23.704, 41.808, 31.178, 12.408, 13.971, 34.073, 30.805, 11.281, 15.07, 33.564, 18.707, 8.712, 29.475, 16.898, 8.996, 33.043, 7.156, 21.936, 18.58, 6.802, 37.531, 23.054, 42.17, 8.769, 8.235, 37.964, 7.019, 6.688, 34.514, 6.703, 8.104, 30.783, 10.199, 22.167, 13.816, 6.54, 29.895, 15.464, 35.092, 10.279, 15.855, 17.535, 9.988, 31.927, 11.208, 20.066, 10.164, 5.98, 25.771, 16.318, 35.64, 9.758, 10.678], "train_underestimate": [274.103, 0.0, 0.0, 528.221, 391.496, 221.081, 97.295, 18.726, 1.167, 2.249, 11.886, 27.188, 37.843, 38.981, 31.296, 20.209, 13.1, 20.014, 33.339, 18.336, 11.61, 40.22, 0.0, 3.249, 57.232, 38.309, 1.897, 0.021, 3.995, 24.222, 37.95, 37.009, 24.442, 8.107, 2.055, 3.183, 14.092, 27.282, 24.441, 8.288, 2.865, 3.791, 12.144, 20.533, 16.033, 5.795, 3.316, 9.877, 20.064, 14.515, 4.057, 5.29, 16.555, 14.91, 4.186, 6.522, 16.523, 8.585, 2.779, 14.462, 7.649, 2.995, 16.359, 1.244, 10.703, 8.969, 1.387, 19.027, 0.0, 21.448, 3.518, 0.497, 19.264, 2.113, 1.467, 17.353, 1.557, 3.006, 15.48, 0.156, 10.959, 6.404, 1.103, 15.07, 0.0, 17.749, 0.126, 7.632, 8.56, 0.137, 16.105, 0.056, 9.828, 4.372, 1.185, 12.884, 0.0, 17.976, 0.093, 4.777], "train_overestimate": [0.0, 745.824, 42.978, 0.0, 0.0, 0.0, 0.0, 0.581, 14.862, 11.412, 1.788, 0.114, 0.0, 0.0, 0.041, 0.597, 1.296, 0.488, 0.0, 0.511, 1.089, 0.0, 46.808, 5.562, 0.0, 0.0, 9.03, 18.908, 4.647, 0.0, 0.0, 0.0, 0.0, 1.394, 6.893, 4.384, 0.143, 0.0, 0.0, 0.875, 4.245, 2.782, 0.102, 0.0, 0.0, 0.799, 1.913, 0.025, 0.0, 0.0, 0.672, 0.341, 0.0, 0.0, 0.425, 0.16, 0.0, 0.008, 0.734, 0.0, 0.043, 0.664, 0.0, 1.45, 0.0, 0.0, 1.29, 0.0, 11.076, 0.0, 0.459, 2.613, 0.0, 0.923, 1.316, 0.0, 1.271, 0.553, 0.0, 4.016, 0.0, 0.036, 1.535, 0.0, 7.095, 0.0, 4.165, 0.0, 0.0, 4.038, 0.0, 4.835, 0.0, 0.102, 1.307, 0.0, 7.756, 0.0, 4.069, 0.053], "train_difference": [274.103, 745.824, 42.978, 528.221, 391.496, 221.081, 97.295, 19.307, 16.029, 13.661, 13.674, 27.302, 37.843, 38.981, 31.337, 20.806, 14.396, 20.502, 33.339, 18.847, 12.699, 40.22, 46.808, 8.812, 57.232, 38.309, 10.927, 18.93, 8.641, 24.222, 37.95, 37.009, 24.442, 9.501, 8.948, 7.567, 14.235, 27.282, 24.441, 9.163, 7.11, 6.572, 12.246, 20.533, 16.033, 6.595, 5.229, 9.901, 20.064, 14.515, 4.728, 5.631, 16.555, 14.91, 4.611, 6.683, 16.523, 8.593, 3.514, 14.462, 7.693, 3.659, 16.359, 2.694, 10.703, 8.969, 2.677, 19.027, 11.076, 21.448, 3.977, 3.11, 19.264, 3.036, 2.783, 17.353, 2.829, 3.559, 15.48, 4.173, 10.959, 6.439, 2.637, 15.07, 7.095, 17.749, 4.291, 7.632, 8.56, 4.175, 16.105, 4.891, 9.828, 4.474, 2.492, 12.884, 7.756, 17.976, 4.162, 4.83], "val_mae": [490.927, 1352.891, 82.006, 949.147, 702.285, 394.573, 170.834, 33.749, 34.877, 30.303, 29.081, 45.156, 62.97, 64.985, 51.474, 36.242, 29.184, 35.426, 55.318, 32.868, 25.533, 69.018, 87.666, 19.675, 99.794, 65.731, 23.503, 38.759, 19.741, 40.454, 65.022, 63.428, 41.044, 19.91, 19.265, 16.79, 24.707, 46.839, 41.732, 18.961, 15.825, 14.884, 21.842, 35.383, 27.727, 13.557, 11.487, 17.794, 35.221, 25.568, 9.396, 10.353, 29.651, 26.832, 8.449, 12.058, 29.689, 15.721, 6.443, 26.002, 13.91, 6.622, 28.978, 5.251, 19.205, 16.252, 4.401, 33.826, 19.225, 38.048, 6.58, 5.263, 34.193, 4.642, 4.407, 30.62, 4.573, 5.801, 27.466, 7.566, 19.459, 11.477, 4.116, 26.633, 12.752, 31.165, 7.836, 13.513, 15.105, 7.718, 28.159, 9.306, 16.934, 7.571, 4.07, 22.334, 14.246, 31.231, 8.02, 8.24], "val_rmse": [504.898, 1371.18, 83.282, 971.23, 719.887, 407.111, 180.844, 44.316, 39.624, 35.303, 36.403, 58.677, 76.185, 78.059, 65.21, 47.343, 36.974, 46.562, 68.143, 43.419, 33.063, 78.855, 88.446, 23.662, 109.073, 75.522, 27.213, 41.34, 24.153, 51.709, 74.883, 73.167, 51.627, 26.038, 22.525, 20.53, 33.832, 55.616, 50.925, 25.401, 19.385, 18.935, 29.982, 43.152, 35.293, 18.947, 15.307, 24.356, 40.828, 30.982, 13.83, 15.11, 33.564, 30.494, 12.277, 15.739, 32.918, 18.993, 9.337, 28.937, 17.109, 9.592, 32.004, 7.05, 21.435, 18.201, 6.014, 35.944, 20.747, 40.231, 8.301, 6.785, 36.27, 6.479, 6.136, 32.997, 6.329, 7.847, 29.455, 8.87, 21.221, 13.219, 5.594, 28.343, 14.069, 33.119, 9.157, 15.001, 16.589, 9.026, 30.053, 10.425, 18.824, 9.461, 5.401, 24.141, 15.394, 33.414, 9.111, 9.958],