{"val_loss": [0.14954501291846528, 0.109730719753048, 0.10711576088386424, 0.10033920779824257, 0.09185376905781381, 0.08874563357847579, 0.08708748982890564, 0.07503534475451007, 0.07137284531970234, 0.08241444092024774, 0.06530656775130946, 0.06084001064300537, 0.06136113720233826, 0.06468977592885494, 0.05391494414823897, 0.06374296239193748, 0.05378497389199979, 0.05778203718364239, 0.05400697103537181, 0.05448496670407407, 0.06012208485866294, 0.05125971343916129, 0.05010219090892112, 0.05032465672668289, 0.05206531543722924, 0.05050523551728796, 0.048191231921972597, 0.0494572473142077, 0.04727090054246433, 0.05512003740295768, 0.0473655230803963, 0.0465588026734836, 0.04983383699265473, 0.044627854189671134, 0.05301899150671328, 0.0459644899922697, 0.047478240010712075, 0.0448639648144736, 0.04827328757656848, 0.04522921153179863, 0.04386531575309003, 0.0434061140369843, 0.04503412013325621, 0.044311490183805716, 0.04476851564558113, 0.042743761941571444, 0.04430242808645263, 0.04330997631939895, 0.041527511524584365, 0.04159262108013911, 0.04227263663950212, 0.04226906499003663, 0.04201767856583876, 0.04314766251755988, 0.04310709506492404, 0.04086462126168258, 0.04132597058025353, 0.04054511028944569, 0.040151711334200466, 0.04113012763178524, 0.04803768950788414, 0.04035169647677856, 0.041796811555019193, 0.04168759286403656, 0.040079483241938496, 0.04100931967225145, 0.03983031161239042, 0.04199727526044145, 0.0406036092351903, 0.04015640788437689, 0.04063925599021947, 0.043205211158184445, 0.039894264136605406, 0.03924159256412702, 0.04045409355860423, 0.04101508464116384, 0.03989076986908913, 0.04034940764198408, 0.03990303127862075, 0.03933382078128703, 0.03909517663037952, 0.04027877049520612, 0.04097042473800042, 0.04018176459323834, 0.040951765087597514, 0.0406324261909022, 0.040576856446397656, 0.03892133708166726, 0.04186696052441702, 0.040512561935054904, 0.039246721549288315, 0.039966522715985775, 0.04051675255793859, 0.03968344584983938, 0.0401083928094629, 0.04230360371772857, 0.03912086814970655, 0.04161550074487048, 0.039946745505885166, 0.04077224140329396], "train_mae": [32.231, 18.727, 15.105, 43.268, 43.378, 9.03, 41.489, 15.223, 30.081, 52.671, 7.632, 9.693, 29.958, 38.737, 15.293, 37.635, 14.746, 13.369, 4.954, 26.58, 36.515, 23.286, 8.144, 5.111, 27.148, 23.734, 11.54, 5.662, 18.093, 32.234, 4.753, 9.859, 8.272, 10.241, 33.315, 3.995, 5.902, 12.902, 26.309, 4.165, 8.895, 10.689, 3.942, 20.152, 20.865, 17.196, 4.803, 5.586, 6.651, 12.267, 14.623, 18.126, 13.514, 18.305, 20.124, 10.658, 4.698, 4.934, 8.312, 2.972, 8.949, 4.623, 11.403, 15.187, 5.231, 12.315, 6.73, 4.236, 3.33, 9.91, 2.887, 5.334, 9.341, 8.14, 15.864, 16.142, 9.208, 15.176, 10.398, 5.113, 3.952, 9.731, 3.644, 14.355, 13.807, 2.74, 3.417, 9.243, 18.179, 13.82, 9.404, 4.178, 14.628, 10.921, 2.417, 21.802, 12.724, 17.135, 9.789, 11.719], "train_rmse": [41.283, 24.76, 20.147, 46.186, 46.188, 10.512, 42.986, 16.995, 32.051, 54.456, 9.441, 11.503, 31.986, 40.105, 17.862, 39.019, 17.242, 14.661, 6.33, 29.727, 37.766, 25.507, 9.811, 6.503, 29.204, 24.909, 13.48, 6.783, 19.868, 33.49, 5.942, 11.686, 9.379, 11.66, 34.858, 4.902, 7.032, 14.032, 27.732, 4.957, 10.45, 12.171, 4.808, 21.906, 21.92, 18.997, 5.655, 6.927, 7.773, 13.42, 16.177, 19.789, 15.318, 19.91, 21.295, 12.005, 5.802, 5.95, 9.542, 3.759, 9.832, 5.623, 12.227, 16.662, 6.39, 13.284, 7.694, 5.195, 4.34, 11.665, 3.89, 6.104, 10.089, 9.51, 17.71, 17.992, 10.125, 16.627, 11.783, 6.076, 4.932, 10.586, 4.612, 15.233, 15.909, 3.657, 4.168, 10.274, 19.017, 15.323, 10.29, 5.067, 15.48, 12.723, 3.538, 23.053, 13.872, 17.615, 11.216, 13.14], "train_underestimate": [15.343, 8.166, 6.094, 21.523, 21.578, 0.379, 20.638, 7.539, 14.963, 26.2, 3.607, 4.673, 14.902, 19.269, 7.433, 18.721, 7.284, 0.02, 1.776, 13.222, 18.164, 11.583, 3.956, 2.006, 13.504, 11.806, 5.652, 0.288, 9.0, 16.034, 0.419, 4.684, 0.054, 5.081, 16.572, 1.014, 0.103, 6.418, 13.087, 0.938, 4.298, 5.299, 1.023, 10.024, 10.379, 8.554, 0.426, 2.116, 3.276, 6.102, 7.274, 9.016, 6.694, 9.106, 10.01, 5.268, 2.199, 2.33, 4.091, 0.529, 0.0, 2.091, 5.672, 7.555, 2.458, 6.126, 3.337, 0.262, 1.226, 4.891, 0.599, 0.152, 4.647, 3.977, 7.891, 8.03, 4.58, 7.549, 5.172, 2.415, 1.663, 4.841, 1.703, 7.141, 6.837, 0.989, 0.184, 4.598, 9.043, 6.874, 4.678, 1.869, 7.276, 5.402, 0.509, 10.845, 6.329, 8.523, 4.869, 5.83], "train_overestimate": [0.69, 1.149, 1.42, 0.0, 0.0, 4.112, 0.0, 0.033, 0.0, 0.0, 0.189, 0.148, 0.0, 0.0, 0.175, 0.0, 0.051, 6.63, 0.688, 0.0, 0.0, 0.0, 0.095, 0.536, 0.0, 0.0, 0.088, 2.528, 0.0, 0.0, 1.945, 0.22, 4.061, 0.013, 0.0, 0.973, 2.833, 0.0, 0.0, 1.134, 0.127, 0.018, 0.938, 0.0, 0.0, 0.0, 1.963, 0.662, 0.032, 0.0, 0.0, 0.0, 0.028, 0.0, 0.0, 0.034, 0.138, 0.125, 0.043, 0.949, 4.452, 0.209, 0.0, 0.0, 0.144, 0.0, 0.011, 1.845, 0.43, 0.038, 0.837, 2.502, 0.0, 0.072, 0.0, 0.0, 0.0, 0.0, 0.0, 0.129, 0.303, 0.0, 0.11, 0.0, 0.031, 0.374, 1.515, 0.0, 0.0, 0.0, 0.0, 0.209, 0.0, 0.03, 0.694, 0.0, 0.0, 0.0, 0.0, 0.0], "train_difference": [16.033, 9.316, 7.514, 21.523, 21.578, 4.492, 20.638, 7.572, 14.963, 26.2, 3.796, 4.821, 14.902, 19.269, 7.607, 18.721, 7.335, 6.65, 2.464, 13.222, 18.164, 11.583, 4.051, 2.542, 13.504, 11.806, 5.741, 2.816, 9.0, 16.034, 2.364, 4.904, 4.115, 5.094, 16.572, 1.987, 2.936, 6.418, 13.087, 2.072, 4.425, 5.317, 1.961, 10.024, 10.379, 8.554, 2.389, 2.779, 3.308, 6.102, 7.274, 9.016, 6.722, 9.106, 10.01, 5.302, 2.337, 2.454, 4.135, 1.478, 4.452, 2.3, 5.672, 7.555, 2.602, 6.126, 3.348, 2.107, 1.656, 4.929, 1.436, 2.653, 4.647, 4.049, 7.891, 8.03, 4.58, 7.549, 5.172, 2.544, 1.966, 4.841, 1.812, 7.141, 6.868, 1.363, 1.7, 4.598, 9.043, 6.874, 4.678, 2.078, 7.276, 5.432, 1.202, 10.845, 6.329, 8.523, 4.869, 5.83], "val_mae": [23.283, 13.353, 10.662, 36.261, 36.688, 9.533, 37.199, 13.339, 25.853, 46.555, 7.25, 8.433, 25.526, 34.779, 11.851, 33.7, 11.475, 11.447, 4.704, 21.32, 32.849, 19.554, 7.115, 4.401, 23.02, 21.177, 9.219, 4.188, 15.421, 28.825, 3.684, 8.168, 7.627, 9.08, 28.881, 3.683, 5.946, 11.48, 22.735, 4.078, 7.555, 9.087, 3.654, 17.037, 18.659, 14.239, 5.04, 4.676, 6.542, 10.942, 12.518, 15.124, 11.069, 15.327, 17.605, 9.387, 4.639, 4.538, 7.263, 3.092, 9.39, 4.983, 11.248, 12.735, 4.983, 11.142, 6.898, 3.802, 3.621, 8.278, 3.315, 5.697, 8.904, 7.057, 13.184, 13.15, 8.734, 13.054, 8.88, 4.904, 4.159, 9.068, 4.139, 13.027, 11.062, 3.388, 3.454, 8.768, 16.588, 12.071, 9.28, 4.463, 13.554, 9.233, 3.193, 18.86, 11.311, 16.616, 8.855, 10.254], "val_rmse": [29.099, 16.956, 13.651, 38.315, 38.509, 10.998, 38.157, 14.816, 27.227, 47.951, 8.795, 10.148, 27.313, 36.135, 14.614, 34.879, 13.929, 12.635, 5.861, 24.743, 34.261, 21.576, 8.753, 5.668, 25.337, 22.386, 11.3, 5.325, 17.23, 30.186, 4.678, 10.121, 8.572, 10.585, 30.638, 4.737, 6.868, 12.778, 24.328, 5.138, 9.372, 10.786, 4.685, 19.152, 20.009, 16.351, 5.95, 6.255, 7.863, 12.415, 14.357, 17.344, 13.334, 17.255, 19.18, 11.152, 6.059, 5.879, 8.832, 3.944, 10.084, 6.099, 12.313, 14.737, 6.515, 12.468, 7.998, 4.543, 4.727, 10.421, 4.301, 6.465, 10.098, 8.802, 15.55, 15.31, 10.073, 14.929, 10.73, 6.302, 5.48, 10.346, 5.574, 14.392, 13.691, 4.428, 4.274, 10.235, 17.889, 14.091, 10.671, 5.75, 14.937, 11.371, 4.179, 20.484, 13.06, 17.534, 10.501, 12.258], "val_underestimate": [11.373, 5.305, 3.562, 21.234, 21.485, 0.325, 21.784, 7.792, 15.139, 27.262, 3.978, 4.859, 14.948, 20.367, 6.8, 19.735, 6.701, 0.0, 2.259, 12.485, 19.236, 11.451, 4.116, 1.987, 13.481, 12.401, 5.269, 0.251, 9.03, 16.88, 0.483, 4.474, 0.076, 5.289, 16.913, 0.934, 0.2, 6.723, 13.314, 1.004, 4.216, 5.288, 1.107, 9.977, 10.927, 8.339, 0.459, 1.85, 3.794, 6.398, 7.317, 8.857, 6.423, 8.975, 10.31, 5.423, 2.522, 2.501, 4.162, 0.792, 0.107, 2.839, 6.587, 7.448, 2.64, 6.525, 3.991, 0.498, 1.751, 4.753, 0.916, 0.306, 5.212, 3.952, 7.687, 7.693, 5.101, 7.644, 5.181, 2.706, 1.991, 5.305, 2.241, 7.629, 6.347, 1.629, 0.503, 5.113, 9.714, 7.059, 5.424, 2.347, 7.937, 5.243, 1.052, 11.044, 6.617, 9.73, 5.15, 5.962],