{"val_loss": [0.013869969809699493, 0.008786190119685166, 0.005837085912288684, 0.0052252172428982, 0.0048892964063674705, 0.005079553379093543, 0.004426973670686291, 0.004335960702923735, 0.004243184268691241, 0.004224321302495405, 0.004319273693909054, 0.004102046555696385, 0.0040366208984576385, 0.004169224133875105, 0.0039671265436077695, 0.004057118945032319, 0.003917679176487986, 0.0047143958584759576, 0.003909451960377434, 0.003966584409580618, 0.004186474163765929, 0.003979740861217983, 0.004258641069403287, 0.003834813709343305, 0.004029382910428265, 0.004030496542327455, 0.00411435812616724, 0.003959749973445368, 0.003980068972244529, 0.004000671578372324, 0.003947843847021836, 0.0050892239384362865, 0.004052387207593711, 0.004249230185551924, 0.004025044549254946, 0.00399163146367856, 0.004011024224786929, 0.004150230846284507, 0.003989302387809503, 0.004052900277606063, 0.004210752305779251, 0.0041282049941300004, 0.004077446325734652, 0.0045440394766653, 0.004043284866080891, 0.0042876196710292585, 0.004232060348234275, 0.004303922881263134, 0.004121265992782557, 0.004054784720917976], "train_loss": [0.09378514045965858, 0.00907154582819203, 0.005600502496236004, 0.004688112167059444, 0.004274110135156661, 0.0038751178253733087, 0.004023162378871348, 0.003432511515711667, 0.0033829145613708533, 0.0033751991650206037, 0.003329204257170204, 0.0032099739946716, 0.0031051625701365992, 0.002966183234093478, 0.002840308032318717, 0.002907001911808038, 0.0027596265626925742, 0.0028876214564661495, 0.0027006433556380216, 0.0025909878768288763, 0.0026810881809069542, 0.0025749658543645637, 0.002473458172971732, 0.0024618643383291783, 0.002248330720249214, 0.0022092534054536372, 0.002288649337060633, 0.002090548186970409, 0.002125767785400967, 0.001885661778942449, 0.002031342581176432, 0.002129128863089136, 0.0020137606661592145, 0.0016935634066612693, 0.0016387678224418778, 0.0015433108055731282, 0.0015420840700244298, 0.0016207127773668617, 0.0015261519965861226, 0.0013131636405887548, 0.0013036649925197707, 0.0014599663718399825, 0.0012831604526581941, 0.0011648734398477245, 0.0013312867076820112, 0.0011715311957232188, 0.0012472724747567554, 0.0011160034600834479, 0.001105630370147992, 0.0009858911034825724], "train_size": 1024, "val_size": 576, "rand_seed": 641, "shuffle": true, "loss_name": "logcosh", "img_dim": [256, 256, 3], "patch_dim": [256, 256, 3], "patches_per_image": 1, "density_map_sigma": 5, "density_map_multiplication_factor": 100.0, "sub_experiment_name": "vgg_cells/n_64_sigma_5_randseed_641_loss_logcosh_full_img", "architecture": "FCRN_A"}