{"val_loss": [0.011789811778726289, 0.005494530443684198, 0.004461260188893195, 0.0038442657569248695, 0.003669351341664474, 0.0035330505528084664, 0.0035480458344762963, 0.0033980938233071356, 0.003322564130940009, 0.003415633448942875, 0.0032151458593337643, 0.003193641413721101, 0.0032096593833759674, 0.0031664561311117723, 0.003151459561902609, 0.0033230774965381394, 0.0030960257862615334, 0.003075805340510366, 0.003199267419101185, 0.0032459713740738355, 0.0033239910395018845, 0.0031917082249290412, 0.003158276645687389, 0.0031397843464825805, 0.0031094838935435596, 0.003273294270406445, 0.003075761252552588, 0.003272683911644789, 0.0032932259405242803, 0.0031629269408060484], "train_loss": [0.062385007811826654, 0.009463879745453596, 0.0057267797528766096, 0.004703589427663246, 0.004594409023411572, 0.004215122506138869, 0.00404743062244961, 0.0038478650531033054, 0.0037958306493237615, 0.0037195048498688266, 0.0035757289915636647, 0.0034020527891698293, 0.0033683661386021413, 0.0031824093748582527, 0.0031424017615790945, 0.0032485383926541544, 0.0029396861245913897, 0.0030328970060509164, 0.0029424569074762985, 0.0028512890166894067, 0.002687509637326002, 0.002580571974249324, 0.0025701063223095844, 0.002596353690023534, 0.0024632336826471146, 0.002238598564872518, 0.002164461131542339, 0.0020362219784146873, 0.00193425884572207, 0.0019944698324252386], "train_size": 1024, "val_size": 576, "rand_seed": 642, "shuffle": true, "loss_name": "logcosh", "img_dim": [256, 256, 3], "patch_dim": [256, 256, 3], "patches_per_image": 1, "density_map_sigma": 5, "density_map_multiplication_factor": 100.0, "sub_experiment_name": "vgg_cells/n_64_sigma_5_randseed_642_loss_logcosh_full_img", "architecture": "UNet"}