{"val_loss": [0.05886504799127579, 0.06336702274925568, 0.04690569532377755, 0.037096773329026556, 0.032186718164559674, 0.027950434890740058, 0.025034567217945176, 0.023834797108600682, 0.02181196298368056, 0.0240977341446149, 0.02130933734588325, 0.01871134000419475, 0.01787585727459587, 0.016691094202756444, 0.01699800350401989, 0.015401750830385615, 0.016646768260911545, 0.01748404141707236, 0.01338342749102808, 0.01378072559258298, 0.012860309195649974, 0.012122304541716242, 0.012341247885214054, 0.012390655588687342, 0.012794406906537274, 0.011643012756180456, 0.01195586028317099, 0.011444507495445363, 0.011219186691211207, 0.011754102943300763, 0.011142967077081694, 0.011343240518780315, 0.010692937261945404, 0.010726533491191837, 0.010748373659546761, 0.0116612960529678, 0.013117866809753811, 0.01131824217394323, 0.01132698224254829, 0.010524508786415133, 0.010094729669885161, 0.010811701225226416, 0.010056660750278217, 0.010070235629374272, 0.01074669643318938, 0.01164723641704768, 0.010002537175109062, 0.009755707212367697, 0.009675799530026886, 0.009871631730621791, 0.01037779267233632, 0.010274384311153828, 0.013136856162044056, 0.010483959970502731, 0.009713006572222667, 0.009506735033081734, 0.009407136883750996, 0.010235703933764906, 0.009977209970683736, 0.0100788921734099, 0.00985940667006242, 0.009184150364222553, 0.009515004383180948, 0.011272183205138016, 0.009600420622839867, 0.009267664805520326, 0.01128102552063544, 0.012085611647789311, 0.009086147707421333, 0.009017013550927752, 0.008991398215156925, 0.00967006666777546, 0.009371699344175047, 0.00871880172738148, 0.008859546800308368, 0.009178195093922755, 0.009205583366565406, 0.01052228219615405, 0.011719886021798147, 0.009968967361868742, 0.009519983993788414, 0.009703316951773185, 0.011260010024724418, 0.009009841360453078, 0.009191684804938953, 0.010375495394007029, 0.008550687200006317, 0.009337748359779225, 0.008920106896445812, 0.008992186185958631, 0.008666949903058326, 0.008622575126697911, 0.009882691932623, 0.009419157310142456, 0.00975082884885042, 0.008987083216197789, 0.008771912235876216, 0.00902870056726148, 0.009046583318302189, 0.009389757593025398], "train_mae": [28.534, 97.192, 18.138, 22.867, 15.549, 18.875, 12.585, 18.218, 5.611, 41.247, 27.993, 8.527, 6.568, 6.655, 25.154, 10.971, 26.292, 37.175, 4.598, 16.97, 8.775, 6.157, 8.291, 15.033, 20.143, 5.864, 15.935, 12.268, 4.887, 18.418, 5.495, 13.269, 5.125, 13.258, 4.662, 17.608, 26.954, 13.262, 10.618, 6.171, 7.079, 18.192, 4.221, 6.534, 19.101, 17.01, 6.574, 4.784, 6.046, 5.586, 16.678, 16.066, 31.96, 17.968, 4.646, 4.416, 4.26, 14.35, 8.751, 14.943, 12.363, 3.622, 7.381, 21.993, 11.637, 6.025, 26.965, 29.39, 4.074, 4.494, 10.438, 12.922, 12.116, 4.325, 4.136, 12.48, 10.383, 20.544, 31.496, 10.193, 5.991, 11.124, 23.344, 7.867, 3.665, 22.965, 4.191, 8.386, 9.642, 7.42, 7.06, 9.107, 12.848, 18.899, 12.194, 10.129, 3.153, 11.589, 12.647, 15.169], "train_rmse": [35.806, 97.849, 23.78, 25.67, 20.784, 23.716, 16.198, 19.686, 7.152, 42.36, 29.082, 9.841, 8.823, 7.727, 25.924, 13.215, 26.949, 38.259, 5.887, 18.757, 10.634, 7.338, 9.617, 17.051, 21.094, 6.929, 17.872, 13.519, 5.731, 20.006, 7.264, 14.898, 6.466, 14.796, 6.237, 18.31, 27.735, 14.096, 12.253, 7.112, 8.289, 18.768, 5.242, 7.83, 20.111, 17.967, 7.534, 5.664, 7.274, 7.104, 17.97, 16.605, 33.085, 18.427, 5.429, 5.235, 5.2, 16.146, 10.072, 15.639, 13.054, 4.233, 8.772, 22.631, 12.708, 7.6, 27.489, 29.867, 4.853, 5.542, 11.13, 13.46, 12.666, 5.138, 5.008, 13.415, 11.17, 20.976, 32.221, 11.358, 7.517, 12.007, 24.468, 9.321, 4.297, 24.087, 5.084, 9.178, 10.495, 8.76, 7.853, 10.315, 13.397, 19.806, 13.113, 10.856, 3.749, 12.199, 13.759, 15.543], "train_underestimate": [13.979, 0.0, 7.14, 0.853, 6.473, 9.569, 6.453, 0.0, 1.134, 21.606, 14.663, 4.181, 0.368, 2.482, 13.176, 0.07, 13.772, 19.473, 1.232, 8.889, 0.185, 2.237, 4.125, 7.767, 10.551, 2.506, 8.297, 6.409, 1.342, 9.648, 0.288, 6.877, 0.858, 6.892, 0.318, 0.0, 14.119, 0.0, 0.0, 2.622, 3.61, 9.529, 0.409, 2.75, 10.005, 0.0, 3.292, 0.986, 0.037, 0.888, 8.736, 0.0, 16.741, 9.412, 1.627, 1.997, 1.739, 7.422, 0.0, 0.0, 0.0, 1.316, 0.031, 11.521, 6.095, 0.245, 14.125, 0.0, 1.254, 2.008, 5.468, 0.0, 6.347, 1.387, 1.941, 6.537, 0.0, 10.761, 16.498, 0.0, 0.654, 5.827, 12.228, 3.703, 1.118, 12.03, 1.819, 0.0, 5.05, 3.42, 3.68, 4.763, 0.0, 9.9, 0.0, 5.306, 0.634, 0.0, 6.625, 7.946], "train_overestimate": [0.968, 50.911, 2.361, 11.126, 1.672, 0.318, 0.14, 9.543, 1.805, 0.0, 0.0, 0.285, 3.073, 1.004, 0.0, 5.677, 0.0, 0.0, 1.176, 0.0, 4.411, 0.989, 0.219, 0.107, 0.0, 0.566, 0.051, 0.017, 1.218, 0.0, 2.591, 0.074, 1.826, 0.053, 2.125, 9.223, 0.0, 6.947, 5.562, 0.61, 0.098, 0.0, 1.802, 0.672, 0.0, 8.91, 0.151, 1.52, 3.13, 2.039, 0.0, 8.416, 0.0, 0.0, 0.807, 0.317, 0.493, 0.094, 4.584, 7.827, 6.476, 0.582, 3.836, 0.0, 0.0, 2.911, 0.0, 15.395, 0.88, 0.346, 0.0, 6.769, 0.0, 0.878, 0.226, 0.0, 5.439, 0.0, 0.0, 5.339, 2.484, 0.0, 0.0, 0.418, 0.802, 0.0, 0.377, 4.393, 0.0, 0.467, 0.018, 0.007, 6.73, 0.0, 6.387, 0.0, 1.018, 6.071, 0.0, 0.0], "train_difference": [14.947, 50.911, 9.501, 11.978, 8.145, 9.887, 6.592, 9.543, 2.939, 21.606, 14.663, 4.467, 3.441, 3.486, 13.176, 5.747, 13.772, 19.473, 2.408, 8.889, 4.597, 3.225, 4.343, 7.875, 10.551, 3.072, 8.347, 6.426, 2.56, 9.648, 2.879, 6.95, 2.684, 6.945, 2.442, 9.223, 14.119, 6.947, 5.562, 3.232, 3.708, 9.529, 2.211, 3.423, 10.005, 8.91, 3.443, 2.506, 3.167, 2.926, 8.736, 8.416, 16.741, 9.412, 2.434, 2.313, 2.231, 7.517, 4.584, 7.827, 6.476, 1.897, 3.866, 11.521, 6.095, 3.156, 14.125, 15.395, 2.134, 2.354, 5.468, 6.769, 6.347, 2.266, 2.166, 6.537, 5.439, 10.761, 16.498, 5.339, 3.138, 5.827, 12.228, 4.121, 1.92, 12.03, 2.196, 4.393, 5.05, 3.887, 3.698, 4.77, 6.73, 9.9, 6.387, 5.306, 1.652, 6.071, 6.625, 7.946], "val_mae": [28.198, 96.948, 21.557, 26.58, 18.024, 17.193, 11.377, 18.448, 6.13, 39.553, 26.972, 8.512, 6.285, 6.84, 25.248, 9.717, 25.255, 35.468, 4.332, 14.717, 10.845, 6.572, 7.153, 13.254, 17.727, 4.908, 13.775, 10.386, 4.889, 15.632, 7.142, 11.511, 6.961, 11.257, 5.017, 18.695, 24.07, 13.857, 13.019, 5.89, 5.613, 16.621, 5.21, 6.658, 16.55, 16.24, 5.322, 5.981, 6.953, 7.594, 13.929, 16.942, 28.68, 17.098, 4.645, 3.723, 4.526, 12.1, 8.509, 16.649, 13.433, 3.174, 9.537, 19.819, 9.439, 8.447, 24.881, 29.096, 4.736, 3.85, 8.844, 13.983, 10.763, 5.005, 3.416, 10.322, 12.047, 18.723, 28.478, 10.899, 8.129, 9.053, 19.818, 7.425, 3.822, 19.808, 4.051, 9.245, 8.031, 7.358, 5.96, 7.266, 13.937, 16.153, 12.127, 8.496, 3.806, 12.668, 10.6, 14.348], "val_rmse": [36.092, 97.708, 26.431, 29.873, 22.585, 23.584, 16.236, 19.88, 7.658, 41.151, 28.454, 10.337, 7.709, 8.077, 25.978, 11.602, 26.106, 37.181, 5.605, 17.367, 12.632, 8.266, 8.661, 15.836, 19.259, 6.139, 16.374, 12.063, 6.08, 18.24, 8.482, 13.684, 8.501, 13.285, 6.238, 19.375, 25.454, 14.762, 14.787, 7.153, 7.246, 17.347, 6.026, 8.032, 18.119, 17.382, 6.78, 7.159, 7.779, 9.209, 16.022, 17.451, 30.511, 17.63, 5.702, 4.792, 5.718, 14.671, 9.953, 17.365, 14.078, 4.124, 10.693, 20.827, 11.151, 9.995, 25.657, 29.637, 5.763, 5.086, 9.843, 14.569, 11.637, 6.051, 4.582, 11.739, 12.888, 19.425, 29.691, 12.222, 9.618, 10.499, 21.927, 8.818, 4.938, 21.659, 5.261, 10.039, 9.267, 8.711, 7.02, 8.861, 14.606, 17.622, 13.448, 9.609, 4.787, 13.272, 12.111, 14.898],