{"val_loss": [0.020181792956362996, 0.015559431980364025, 0.013662351411767304, 0.009922736201487068, 0.012396387005638745, 0.009218270728726767, 0.007783798940686716, 0.0068219106308081085, 0.007079185122468819, 0.005859571379712886, 0.007111124642607238, 0.008376445065045523, 0.005199462479342603, 0.006710055458825082, 0.006212926185172465, 0.004917191564648722, 0.00494551515698226, 0.004892855885878412, 0.0048499919487059945, 0.005210828695756693, 0.004761920006583548, 0.006600503072453042, 0.00451954775942593, 0.004280094225477014, 0.005441956959354381, 0.005327004286098397, 0.0042625360236141, 0.004401036838923271, 0.0046114688965543695, 0.0041743246224036235, 0.0041025847151306355, 0.0058987278931049835, 0.003944003805776851, 0.00399912293748154, 0.004591480292017675, 0.0045827110297977924, 0.003883989466380121, 0.003961370452695216, 0.0037772228986593997, 0.00453999489157771, 0.004049656492295778, 0.004197704091590519, 0.0037642061587474826, 0.004892124690943294, 0.004701862350985821, 0.003870804603340932, 0.003712597930441714, 0.00376668722795633, 0.0038489514489709917, 0.0036570798224096913, 0.003764812200744119, 0.0037527100713406173, 0.0037409992235350525, 0.004222729883622378, 0.0037005074264016002, 0.0038199234857327407, 0.0035064056056499896, 0.0037492046685656533, 0.004063966958912917, 0.003814218177770575, 0.0036779907806905815, 0.003865324911506226, 0.0037046143293587696, 0.004118285804805864, 0.003807976654368556, 0.003972195847179844, 0.003960123626812775, 0.004541637346846983, 0.0036966468275447064, 0.00396953749037089, 0.0038134345555186477, 0.003643645432829443, 0.003554349849259274, 0.0036421514329655715, 0.0038874046133262003, 0.0035870717579705846, 0.0038321259619098985, 0.0037964775951372254, 0.003676756527662898, 0.003884158051934921, 0.003963584827336793, 0.0035522940646236143, 0.0036384450229686787, 0.004190561927518704, 0.0036953894903288325, 0.003579577945250397, 0.004032606299410367, 0.004094625797329677, 0.003553223113865695, 0.0037977886968292296, 0.0036791355879459945, 0.0039750486450632, 0.0036439583313444424, 0.003601091360906139, 0.0035321419030272714, 0.004142180727083339, 0.004193340143602755, 0.003538937435627708, 0.003711755665588296, 0.0036193946871208027], "train_mae": [30.989, 35.716, 34.775, 6.709, 47.97, 24.252, 11.384, 10.635, 18.609, 8.369, 34.306, 49.946, 4.708, 35.106, 24.778, 10.475, 7.801, 3.92, 7.642, 10.489, 6.374, 35.106, 7.602, 6.307, 22.23, 30.158, 5.336, 12.574, 17.383, 5.028, 6.439, 29.792, 3.712, 11.408, 20.054, 16.972, 5.988, 7.1, 4.641, 6.169, 6.618, 12.833, 2.958, 22.71, 21.283, 6.862, 4.305, 6.216, 10.954, 3.965, 9.598, 5.565, 8.501, 15.699, 3.135, 4.934, 3.586, 7.81, 11.99, 6.188, 7.992, 10.781, 2.921, 16.58, 3.334, 14.419, 4.309, 15.932, 3.507, 13.509, 6.085, 7.636, 3.227, 8.07, 13.036, 4.422, 6.789, 6.125, 3.247, 13.314, 18.368, 3.685, 4.17, 9.993, 5.745, 4.483, 4.826, 18.253, 3.7, 3.117, 5.167, 15.015, 4.566, 4.21, 3.831, 14.846, 14.046, 2.302, 7.353, 5.92], "train_rmse": [40.169, 42.858, 39.836, 8.137, 49.723, 25.364, 13.669, 12.114, 20.206, 9.703, 35.574, 51.757, 5.877, 35.58, 27.079, 12.144, 9.107, 4.948, 9.216, 11.698, 7.701, 36.886, 9.124, 7.697, 23.393, 30.601, 6.552, 14.778, 18.281, 5.905, 7.571, 31.123, 4.752, 12.586, 20.722, 17.637, 7.256, 7.852, 5.676, 7.306, 7.618, 13.764, 3.758, 24.005, 21.686, 7.646, 5.333, 7.22, 11.52, 4.793, 10.152, 6.694, 10.094, 17.02, 4.097, 5.743, 4.565, 8.935, 13.201, 7.23, 8.934, 11.478, 3.791, 18.34, 4.158, 15.473, 5.355, 16.587, 4.327, 14.615, 7.372, 9.262, 4.017, 9.026, 14.403, 5.388, 7.692, 7.399, 4.036, 15.588, 19.471, 4.561, 4.833, 11.414, 6.901, 5.328, 6.423, 19.013, 4.541, 4.026, 6.318, 16.308, 5.591, 5.607, 4.358, 16.376, 14.556, 2.962, 9.316, 6.997], "train_underestimate": [15.898, 19.459, 18.951, 1.028, 26.142, 13.216, 0.118, 5.696, 10.141, 4.442, 18.695, 27.219, 1.334, 0.0, 13.503, 5.413, 4.17, 1.09, 3.0, 5.71, 0.116, 19.131, 3.965, 0.722, 12.115, 16.435, 0.557, 6.814, 9.473, 2.588, 3.363, 16.235, 1.039, 6.215, 10.929, 9.249, 3.0, 0.029, 2.273, 1.882, 3.519, 6.994, 0.721, 12.376, 11.599, 0.041, 1.319, 3.258, 5.97, 0.438, 0.007, 2.384, 4.569, 8.555, 0.415, 0.072, 0.998, 4.222, 6.534, 0.068, 4.346, 5.875, 0.345, 9.036, 1.37, 7.858, 1.482, 8.683, 1.713, 7.362, 3.124, 3.654, 0.79, 4.393, 7.104, 0.382, 0.045, 3.186, 0.23, 7.241, 10.01, 0.333, 0.369, 0.013, 3.02, 0.136, 0.376, 9.947, 1.904, 0.376, 2.262, 8.182, 1.929, 1.822, 0.167, 8.091, 0.0, 0.486, 0.07, 3.088], "train_overestimate": [0.99, 0.004, 0.0, 2.628, 0.0, 0.0, 6.085, 0.1, 0.0, 0.119, 0.0, 0.0, 1.232, 19.131, 0.0, 0.296, 0.081, 1.046, 1.164, 0.006, 3.357, 0.0, 0.178, 2.715, 0.0, 0.0, 2.35, 0.039, 0.0, 0.152, 0.146, 0.0, 0.984, 0.002, 0.0, 0.0, 0.263, 3.84, 0.256, 1.48, 0.088, 0.0, 0.891, 0.0, 0.0, 3.699, 1.028, 0.129, 0.0, 1.723, 5.223, 0.649, 0.064, 0.0, 1.294, 2.616, 0.956, 0.034, 0.0, 3.305, 0.009, 0.0, 1.247, 0.0, 0.447, 0.0, 0.866, 0.0, 0.198, 0.0, 0.192, 0.507, 0.969, 0.004, 0.0, 2.027, 3.654, 0.152, 1.539, 0.015, 0.0, 1.675, 1.904, 5.433, 0.111, 2.307, 2.254, 0.0, 0.112, 1.323, 0.554, 0.0, 0.56, 0.472, 1.921, 0.0, 7.655, 0.768, 3.937, 0.138], "train_difference": [16.888, 19.464, 18.951, 3.656, 26.142, 13.216, 6.204, 5.796, 10.141, 4.561, 18.695, 27.219, 2.566, 19.131, 13.503, 5.708, 4.251, 2.136, 4.165, 5.716, 3.474, 19.131, 4.143, 3.437, 12.115, 16.435, 2.908, 6.853, 9.473, 2.74, 3.509, 16.235, 2.023, 6.217, 10.929, 9.249, 3.263, 3.869, 2.529, 3.362, 3.607, 6.994, 1.612, 12.376, 11.599, 3.739, 2.346, 3.388, 5.97, 2.161, 5.23, 3.033, 4.633, 8.555, 1.708, 2.689, 1.954, 4.256, 6.534, 3.372, 4.355, 5.875, 1.592, 9.036, 1.817, 7.858, 2.348, 8.683, 1.911, 7.362, 3.316, 4.161, 1.759, 4.398, 7.104, 2.41, 3.7, 3.338, 1.769, 7.256, 10.01, 2.008, 2.272, 5.446, 3.131, 2.443, 2.63, 9.947, 2.016, 1.699, 2.816, 8.182, 2.488, 2.294, 2.088, 8.091, 7.655, 1.254, 4.007, 3.226], "val_mae": [28.982, 33.265, 32.724, 6.29, 46.743, 24.117, 11.223, 10.053, 17.727, 8.528, 32.911, 47.821, 5.388, 34.926, 23.265, 9.422, 7.245, 4.708, 6.557, 9.922, 7.059, 33.536, 6.701, 6.375, 21.179, 29.411, 5.935, 11.511, 16.59, 5.026, 5.655, 28.414, 4.295, 10.696, 19.344, 16.313, 5.077, 7.238, 4.518, 6.614, 5.897, 12.384, 3.755, 21.672, 20.988, 6.952, 4.376, 5.772, 10.726, 4.519, 9.519, 5.192, 7.934, 14.896, 3.868, 5.544, 3.978, 7.532, 11.422, 6.177, 7.928, 10.6, 3.842, 15.554, 4.359, 13.746, 4.895, 15.537, 4.264, 13.007, 5.771, 7.096, 3.774, 7.819, 12.586, 5.178, 7.001, 5.904, 3.913, 12.667, 17.831, 4.44, 4.271, 9.515, 6.223, 4.734, 4.735, 17.953, 4.17, 3.763, 5.109, 14.865, 4.621, 4.244, 4.391, 14.324, 13.222, 3.176, 6.429, 6.069], "val_rmse": [35.648, 39.25, 36.818, 7.112, 48.015, 24.95, 13.887, 12.041, 19.537, 10.34, 34.335, 49.639, 6.662, 35.605, 25.439, 11.502, 9.12, 6.21, 8.142, 11.531, 8.35, 35.132, 8.541, 7.417, 22.275, 29.928, 6.872, 13.445, 17.531, 6.295, 7.209, 29.615, 5.361, 11.949, 20.098, 17.107, 6.808, 8.509, 6.008, 8.432, 7.572, 13.331, 5.045, 22.856, 21.636, 7.944, 5.681, 7.228, 11.679, 5.335, 10.545, 6.696, 9.677, 16.44, 5.423, 6.371, 5.202, 9.098, 12.844, 7.836, 9.339, 11.729, 5.108, 17.397, 5.653, 14.94, 6.481, 16.495, 5.717, 14.338, 7.518, 8.814, 4.927, 9.332, 14.151, 6.073, 7.868, 7.52, 4.95, 14.978, 19.053, 5.359, 4.988, 11.46, 7.616, 5.756, 6.574, 18.933, 5.568, 4.639, 6.905, 16.368, 6.283, 5.952, 5.059, 16.093, 14.074, 4.309, 8.725, 7.791],