{"val_loss": [0.033652022742572126, 0.028199186046304326, 0.019017350770993514, 0.017415842784338453, 0.014943478273206882, 0.016707419899156254, 0.01332855714338549, 0.014514811425940709, 0.012161896488200246, 0.012984215410091402], "train_mae": [7.948, 14.795, 5.943, 6.485, 5.18, 5.701, 4.025, 9.136, 3.272, 5.04], "train_rmse": [11.227, 17.562, 8.722, 9.194, 7.217, 7.611, 5.534, 10.917, 4.619, 5.992], "train_underestimate": [8.825, 34.745, 11.316, 14.593, 10.954, 7.394, 4.763, 21.114, 5.25, 2.534], "train_overestimate": [9.86, 0.037, 2.655, 0.653, 1.224, 6.01, 4.699, 0.364, 2.442, 9.315], "train_difference": [18.685, 34.782, 13.971, 15.246, 12.178, 13.404, 9.462, 21.478, 7.692, 11.849], "val_mae": [8.735, 17.8, 7.627, 8.31, 6.255, 6.163, 4.405, 10.713, 3.705, 4.75], "val_rmse": [12.634, 20.339, 10.576, 10.819, 8.553, 8.431, 6.341, 12.67, 5.276, 5.638], "val_underestimate": [10.117, 39.695, 15.428, 18.167, 13.347, 9.695, 6.24, 23.761, 6.32, 3.135], "val_overestimate": [9.362, 0.0, 1.581, 0.365, 0.602, 4.048, 3.584, 0.13, 1.943, 7.458], "val_difference": [19.479, 39.695, 17.009, 18.533, 13.949, 13.743, 9.824, 23.891, 8.262, 10.592], "train_loss": [0.04983307006937038, 0.029268107055007323, 0.022033603230245516, 0.01857789727997442, 0.016139761322669477, 0.013908255972774997, 0.013541664123177826, 0.01184085870120422, 0.011426808291224815, 0.010811965448471407], "train_size": 900, "val_size": 89, "rand_seed": 9001, "shuffle": true, "loss_name": "logcosh", "img_dim": [720, 1280, 3], "patch_dim": [128, 128, 3], "patches_per_image": 32, "density_map_sigma": 10, "density_map_multiplication_factor": 2000.0, "sub_experiment_name": "carpk/sigma_10_loss_logcosh_patch_32_128x128_epochs_10", "architecture": "UNet"}