{"val_loss": [0.020231666218677766, 0.013482937370845525, 0.01151453526010423, 0.010527173425574536, 0.010188202055503373], "train_loss": [0.027283632610189873, 0.012837697520090185, 0.00978761766965527, 0.008320382845051502, 0.007461829272910008], "train_size": 14400, "val_size": 1424, "rand_seed": 9001, "shuffle": true, "loss_name": "logcosh", "img_dim": [720, 1280, 3], "patch_dim": [256, 256, 3], "patches_per_image": 16, "density_map_sigma": 10, "density_map_multiplication_factor": 2000.0, "sub_experiment_name": "carpk/sigma_10_loss_logcosh_patch_16_256x256_epochs_5_lr_1e-4", "architecture": "FCRN_A"}