{"val_loss": [0.10088033477465312, 0.06912391301658419, 0.05175646094398366, 0.043367024769799575, 0.03733797873266869, 0.036376824447264276, 0.030792947289430432, 0.028516495341642037, 0.026855074748810794, 0.025440132711082697, 0.023367493400453694, 0.021760119332207575, 0.021154790767468512, 0.02364587706203262, 0.02003302461364203, 0.020631218122111425, 0.01866650349822723, 0.017174056291373238, 0.016145263513964083, 0.01544888642254389, 0.014219920927037796, 0.013934113732021716, 0.012991362723470148, 0.012017053325608786, 0.013096970460739814, 0.013891819230694737, 0.011729175858716998, 0.011324816435161564, 0.011080289395370832, 0.01094149194088661, 0.013632031687949266, 0.010340801944645742, 0.010420092950678535, 0.010211535153858777, 0.010086176988099597, 0.01097979152109474, 0.010154152586538758, 0.009536479140580114, 0.00957626758220916, 0.009304653206426237, 0.0093773723153087, 0.009223606224016597, 0.009470594361320965, 0.009128518732419858, 0.011116854956425313, 0.011216804863781564, 0.010141185678852102, 0.009123405092395842, 0.008778884230802456, 0.009099117920009626, 0.009263425819679268, 0.008633320497918047, 0.008801702985591773, 0.009301625761306949, 0.009262569681999998, 0.008605453625528349, 0.008486898182632608, 0.008398438157099817, 0.008728198603623442, 0.008216871702138128, 0.008294109998840012, 0.010791709957023462, 0.008278579076027704, 0.008129180803532816, 0.008391912079079904, 0.00817027423504947, 0.009816694429092523, 0.008136959151468344, 0.01294899408498572, 0.009506173729379144, 0.009075928052576879, 0.00897040828001789, 0.008962680178228766, 0.00808853936743819, 0.008354154790544676, 0.008486853964212868, 0.008383586782858603, 0.008592967862366803, 0.008358298205874033, 0.008609746411416886, 0.00798283759245856, 0.008926307669349222, 0.009240467017257793, 0.007954376672084132, 0.00823606812627986, 0.007977766250001473, 0.007999289570660848, 0.008100355241266597, 0.007919492206484493, 0.007839565210613526, 0.007884668115164258, 0.009133363485388044, 0.009228773046440134, 0.01109920282356648, 0.00990413594344217, 0.009171412798524316, 0.008472973991754569, 0.008021246703315733, 0.00863292805216689, 0.00838804693840858], "train_mae": [145.01, 40.292, 21.621, 51.154, 20.903, 18.571, 13.189, 11.624, 11.549, 13.637, 12.4, 9.825, 4.733, 30.195, 11.355, 19.891, 14.294, 9.226, 6.949, 8.172, 5.012, 11.398, 9.263, 5.209, 20.327, 24.628, 11.449, 8.485, 10.214, 9.502, 26.638, 3.981, 4.388, 4.657, 6.347, 14.547, 11.177, 3.993, 4.605, 3.706, 6.341, 5.126, 9.98, 5.315, 20.556, 20.952, 13.069, 6.699, 3.4, 8.676, 12.004, 4.885, 6.221, 10.469, 11.386, 7.028, 6.384, 3.565, 9.3, 3.988, 3.367, 22.459, 5.531, 2.866, 4.802, 5.158, 16.699, 2.992, 30.232, 13.207, 10.607, 8.91, 12.382, 3.089, 7.174, 8.48, 9.316, 7.621, 8.083, 11.285, 4.039, 13.969, 11.548, 3.033, 4.253, 3.778, 5.013, 5.623, 2.469, 3.408, 2.562, 14.026, 10.575, 22.776, 15.96, 13.836, 9.026, 3.175, 3.74, 10.253], "train_rmse": [145.346, 50.234, 27.424, 52.972, 24.515, 23.959, 15.908, 14.171, 15.534, 18.108, 16.048, 12.094, 5.992, 31.631, 12.938, 21.382, 15.637, 10.624, 8.831, 10.166, 6.708, 13.293, 10.674, 6.482, 21.554, 26.342, 12.987, 10.048, 11.835, 11.286, 27.895, 5.148, 5.593, 6.001, 7.867, 16.276, 12.52, 5.062, 5.596, 4.755, 7.86, 6.284, 11.069, 6.872, 21.789, 22.274, 14.606, 8.166, 4.392, 9.753, 13.069, 6.208, 7.659, 11.787, 13.075, 8.315, 7.339, 4.431, 10.554, 4.892, 4.241, 23.904, 6.47, 3.733, 5.703, 6.373, 18.109, 3.927, 31.74, 15.071, 11.789, 10.181, 13.746, 3.995, 7.933, 9.298, 10.124, 8.693, 9.506, 12.341, 5.2, 15.013, 12.287, 3.736, 5.096, 4.859, 5.956, 6.678, 3.273, 4.333, 3.349, 15.235, 11.276, 24.264, 16.902, 15.559, 9.672, 3.81, 4.661, 11.156], "train_underestimate": [0.0, 23.059, 9.573, 0.0, 1.317, 9.128, 3.68, 3.529, 5.84, 7.834, 7.17, 5.656, 0.907, 0.0, 0.029, 11.531, 8.286, 5.241, 0.32, 0.22, 2.344, 6.595, 0.158, 1.954, 11.784, 0.0, 6.627, 4.884, 5.897, 5.469, 0.0, 1.463, 2.065, 2.373, 3.559, 8.433, 6.48, 1.489, 0.57, 0.88, 3.561, 0.281, 0.023, 2.802, 11.917, 12.146, 7.577, 3.822, 0.937, 0.033, 0.0, 2.667, 3.533, 6.069, 6.6, 4.043, 0.095, 0.604, 5.391, 0.292, 0.561, 13.019, 0.101, 0.707, 0.143, 2.894, 9.681, 1.096, 0.0, 0.0, 6.149, 5.165, 7.178, 1.284, 0.025, 0.003, 0.0, 0.009, 4.678, 6.542, 2.175, 0.0, 0.0, 0.617, 2.178, 1.893, 2.829, 3.234, 1.017, 1.776, 1.17, 8.131, 0.0, 13.204, 9.252, 8.021, 5.232, 0.334, 0.053, 0.0], "train_overestimate": [84.064, 0.299, 2.961, 29.654, 10.801, 1.637, 3.965, 3.21, 0.855, 0.072, 0.019, 0.039, 1.837, 17.504, 6.554, 0.0, 0.0, 0.108, 3.708, 4.517, 0.562, 0.012, 5.211, 1.066, 0.0, 14.277, 0.01, 0.034, 0.024, 0.04, 15.442, 0.845, 0.479, 0.327, 0.12, 0.0, 0.0, 0.826, 2.099, 1.269, 0.115, 2.691, 5.763, 0.279, 0.0, 0.0, 0.0, 0.061, 1.034, 4.996, 6.959, 0.165, 0.073, 0.0, 0.0, 0.032, 3.606, 1.463, 0.0, 2.019, 1.391, 0.0, 3.105, 0.955, 2.641, 0.096, 0.0, 0.638, 17.526, 7.656, 0.0, 0.0, 0.0, 0.507, 4.134, 4.913, 5.401, 4.409, 0.008, 0.0, 0.167, 8.098, 6.695, 1.141, 0.287, 0.297, 0.077, 0.026, 0.414, 0.2, 0.316, 0.0, 6.13, 0.0, 0.0, 0.0, 0.0, 1.507, 2.115, 5.944], "train_difference": [84.064, 23.358, 12.534, 29.654, 12.118, 10.766, 7.646, 6.738, 6.695, 7.906, 7.188, 5.696, 2.744, 17.504, 6.582, 11.531, 8.286, 5.348, 4.028, 4.738, 2.905, 6.607, 5.37, 3.02, 11.784, 14.277, 6.637, 4.919, 5.921, 5.509, 15.442, 2.308, 2.544, 2.7, 3.679, 8.433, 6.48, 2.315, 2.669, 2.149, 3.676, 2.972, 5.785, 3.081, 11.917, 12.146, 7.577, 3.884, 1.971, 5.03, 6.959, 2.832, 3.607, 6.069, 6.6, 4.074, 3.701, 2.067, 5.391, 2.312, 1.952, 13.019, 3.206, 1.661, 2.784, 2.99, 9.681, 1.734, 17.526, 7.656, 6.149, 5.165, 7.178, 1.791, 4.159, 4.916, 5.401, 4.418, 4.686, 6.542, 2.342, 8.098, 6.695, 1.758, 2.466, 2.19, 2.906, 3.26, 1.431, 1.975, 1.485, 8.131, 6.13, 13.204, 9.252, 8.021, 5.232, 1.841, 2.168, 5.944], "val_mae": [145.409, 51.869, 27.936, 46.19, 20.097, 24.618, 14.644, 13.256, 15.363, 17.954, 15.949, 11.818, 4.799, 32.73, 11.961, 22.316, 15.547, 9.199, 7.301, 9.18, 4.46, 12.489, 9.923, 4.496, 21.842, 27.915, 12.336, 8.804, 11.001, 10.459, 29.486, 3.833, 4.202, 4.623, 6.677, 16.552, 12.382, 3.619, 3.95, 3.358, 6.925, 4.62, 10.601, 5.928, 23.11, 23.534, 15.036, 7.593, 2.993, 9.01, 12.957, 5.223, 7.186, 12.114, 13.573, 8.138, 6.068, 3.411, 10.861, 3.784, 3.365, 25.789, 5.33, 3.07, 4.723, 6.208, 19.575, 3.484, 33.343, 15.012, 12.169, 10.538, 14.573, 3.494, 7.177, 8.779, 9.605, 7.87, 10.151, 13.422, 5.208, 15.015, 11.868, 3.566, 4.305, 4.708, 6.276, 7.141, 3.372, 4.61, 3.561, 17.005, 10.568, 26.772, 18.472, 17.003, 10.11, 3.605, 3.934, 10.699], "val_rmse": [145.748, 61.21, 34.536, 49.156, 23.011, 30.961, 19.559, 17.899, 20.404, 22.96, 20.089, 14.459, 5.941, 33.55, 13.079, 23.992, 16.885, 10.653, 8.794, 10.607, 5.893, 14.064, 11.063, 5.737, 22.733, 29.162, 13.541, 10.014, 12.28, 11.919, 30.485, 4.556, 5.017, 5.619, 8.076, 18.01, 13.422, 4.311, 4.891, 4.133, 8.325, 5.978, 11.356, 7.651, 24.263, 24.71, 16.424, 8.922, 3.763, 9.762, 13.603, 6.296, 8.618, 13.347, 15.181, 9.297, 6.938, 4.146, 12.064, 4.586, 4.202, 27.259, 6.219, 3.926, 5.454, 7.63, 21.107, 4.79, 34.418, 16.201, 13.27, 11.795, 15.969, 4.729, 8.073, 9.623, 10.335, 8.748, 11.824, 14.748, 6.97, 15.822, 12.512, 4.757, 5.134, 6.326, 7.606, 8.571, 4.646, 6.204, 4.916, 18.554, 11.302, 28.498, 19.735, 19.119, 10.826, 4.397, 4.904, 11.607],