{"val_loss": [0.08817483325872351, 0.09247991963125327, 0.08728009955409695, 0.07805939977440764, 0.06842798046658144, 0.05897967572159627, 0.06084445984486271, 0.03975133660852032, 0.03595716919859543, 0.03382596468059894, 0.030187307692625943, 0.02860148957766154, 0.02971071906059104, 0.03216088413918281, 0.027420159223872947, 0.03768078265163828, 0.024815317928133643, 0.026144089916830555, 0.027252973057329655, 0.027555362492635408, 0.02237235795131282, 0.021969320752438817, 0.033590085503152185, 0.022115774671821034, 0.021392790915663627, 0.02238696481457309, 0.01932889356633977, 0.02029558497152346, 0.018783401485587305, 0.017182516399770975, 0.01658784972010728, 0.017746157533324817, 0.01961246451280792, 0.01655502587228137, 0.015275292564183474, 0.015432876315625274, 0.015382460599272129, 0.014590614139759803, 0.015407177314901835, 0.013794379651217777, 0.01436040797681712, 0.013394785291679642, 0.013867728795637102, 0.013814008815268822, 0.013226798132938497, 0.013153539114522146, 0.012035801688291351, 0.012708803587456179, 0.0121302479015225, 0.013103597708429922, 0.012501141443328164, 0.012654625077951042, 0.012688963567865464, 0.012929588005028884, 0.014466910465510891, 0.01481325484757476, 0.012372929633677225, 0.013039590150583535, 0.015157565399182631, 0.013534194471396725, 0.014112793059800477, 0.013846722537624267, 0.016098462271175402, 0.014853339056785712, 0.013318548215251854, 0.012820812017547296, 0.012803262558437008, 0.011733434094554362, 0.012262442138949958, 0.011785752431023866, 0.011588342460420202, 0.011852514163097915, 0.015342291564379325, 0.013752001909511712, 0.013288779940921813, 0.01147561617579092, 0.01352818910826874, 0.011548543222221163, 0.012057576640098192, 0.010997529583298327, 0.010964479478870463, 0.011224519403185695, 0.010873273333452423, 0.01059498987503021, 0.01056770937558373, 0.011259640402653637, 0.010587333163986093, 0.010503175079493839, 0.010515245122780256, 0.010798516388818184, 0.01032211331595831, 0.010872582651619963, 0.011145351797013599, 0.010390095816760817, 0.010655750253456919, 0.010785325057119788, 0.01060387967085904, 0.010410869452992784, 0.009963313305942231, 0.010543365490294117], "train_mae": [51.75, 49.892, 77.017, 27.81, 39.407, 26.616, 42.192, 23.726, 30.138, 31.623, 16.412, 13.06, 27.326, 43.069, 26.804, 59.845, 10.468, 26.702, 36.112, 39.733, 12.549, 10.961, 56.183, 18.781, 17.358, 28.845, 5.718, 22.998, 18.582, 4.172, 6.361, 20.374, 25.913, 10.857, 6.087, 13.524, 18.557, 11.907, 22.119, 9.075, 19.39, 6.64, 8.742, 12.679, 12.315, 11.759, 4.183, 9.643, 10.049, 13.605, 6.278, 10.432, 7.419, 11.921, 22.118, 25.087, 4.391, 14.238, 30.013, 20.726, 23.764, 9.096, 21.039, 28.902, 8.986, 4.551, 15.098, 6.835, 16.048, 8.033, 6.33, 6.131, 34.036, 24.688, 19.857, 3.829, 22.22, 10.082, 10.775, 4.534, 7.811, 15.522, 4.056, 4.958, 7.111, 12.594, 7.361, 8.988, 5.048, 10.791, 6.407, 4.731, 7.766, 5.642, 6.577, 8.207, 10.219, 4.811, 5.632, 9.375], "train_rmse": [54.03, 60.099, 78.423, 36.877, 42.637, 31.128, 53.339, 27.604, 32.909, 33.722, 18.954, 14.94, 28.074, 43.652, 29.775, 63.186, 13.835, 27.51, 38.244, 41.784, 13.817, 12.368, 58.389, 20.047, 18.44, 29.952, 7.286, 23.702, 19.39, 5.65, 7.299, 22.133, 27.886, 12.537, 7.546, 15.564, 20.038, 13.754, 24.177, 10.392, 20.577, 8.507, 10.514, 14.363, 14.08, 13.551, 5.839, 10.788, 11.676, 15.307, 8.184, 11.68, 9.272, 13.561, 23.177, 26.19, 6.149, 16.368, 31.522, 22.229, 24.683, 12.527, 24.115, 30.435, 10.641, 5.678, 16.443, 8.391, 17.372, 9.526, 7.922, 7.472, 35.598, 26.044, 20.658, 5.486, 23.52, 11.212, 11.945, 5.8, 9.333, 16.544, 5.303, 6.132, 8.507, 13.942, 8.779, 10.153, 6.19, 11.826, 7.92, 6.326, 9.592, 6.704, 8.119, 9.137, 11.206, 6.165, 6.835, 10.329], "train_underestimate": [0.155, 28.639, 0.0, 14.373, 0.575, 1.612, 24.063, 1.399, 0.536, 0.402, 0.923, 0.699, 0.0, 0.0, 15.396, 34.375, 5.91, 0.0, 20.743, 22.823, 0.012, 0.048, 32.272, 0.0, 9.97, 16.569, 0.476, 13.21, 10.674, 1.768, 3.323, 0.0, 0.0, 0.088, 2.65, 7.526, 10.642, 6.565, 12.676, 4.949, 11.138, 0.455, 0.161, 0.038, 6.916, 6.59, 0.857, 5.403, 5.599, 7.756, 0.188, 0.097, 0.209, 0.055, 0.0, 0.0, 0.555, 8.081, 17.239, 11.905, 0.0, 0.284, 12.085, 16.602, 0.095, 2.221, 8.672, 3.72, 9.218, 0.147, 0.217, 2.153, 19.55, 14.181, 0.0, 0.471, 12.763, 5.72, 0.062, 1.749, 4.286, 8.916, 1.806, 2.468, 3.865, 7.191, 4.004, 5.07, 2.538, 6.138, 3.371, 0.323, 0.198, 2.172, 3.499, 4.573, 5.824, 2.291, 3.0, 5.325], "train_overestimate": [29.57, 0.02, 44.239, 1.601, 22.061, 13.676, 0.172, 12.229, 16.775, 17.762, 8.504, 6.803, 15.696, 24.739, 0.0, 0.0, 0.103, 15.338, 0.0, 0.0, 7.196, 6.248, 0.0, 10.788, 0.0, 0.0, 2.808, 0.0, 0.0, 0.628, 0.331, 11.703, 14.885, 6.148, 0.846, 0.242, 0.017, 0.275, 0.029, 0.264, 0.0, 3.359, 4.86, 7.245, 0.157, 0.164, 1.545, 0.136, 0.174, 0.059, 3.419, 5.895, 4.053, 6.793, 12.705, 14.41, 1.968, 0.097, 0.0, 0.0, 13.65, 4.941, 0.0, 0.0, 5.067, 0.393, 0.0, 0.206, 0.0, 4.467, 3.419, 1.368, 0.0, 0.0, 11.406, 1.728, 0.0, 0.071, 6.127, 0.855, 0.201, 0.0, 0.524, 0.38, 0.22, 0.043, 0.224, 0.092, 0.362, 0.06, 0.309, 2.394, 4.263, 1.068, 0.279, 0.141, 0.045, 0.473, 0.235, 0.06], "train_difference": [29.726, 28.658, 44.239, 15.974, 22.636, 15.288, 24.235, 13.629, 17.311, 18.164, 9.427, 7.502, 15.696, 24.739, 15.396, 34.375, 6.013, 15.338, 20.743, 22.823, 7.208, 6.296, 32.272, 10.788, 9.97, 16.569, 3.284, 13.21, 10.674, 2.396, 3.654, 11.703, 14.885, 6.236, 3.497, 7.768, 10.659, 6.84, 12.705, 5.213, 11.138, 3.814, 5.022, 7.283, 7.074, 6.754, 2.402, 5.539, 5.772, 7.815, 3.606, 5.992, 4.262, 6.848, 12.705, 14.41, 2.522, 8.178, 17.239, 11.905, 13.65, 5.225, 12.085, 16.602, 5.162, 2.614, 8.672, 3.926, 9.218, 4.614, 3.636, 3.521, 19.55, 14.181, 11.406, 2.199, 12.763, 5.791, 6.189, 2.604, 4.487, 8.916, 2.33, 2.848, 4.084, 7.234, 4.228, 5.162, 2.899, 6.198, 3.68, 2.717, 4.461, 3.241, 3.778, 4.714, 5.87, 2.764, 3.235, 5.385], "val_mae": [49.417, 55.473, 75.56, 33.899, 37.288, 27.536, 48.048, 24.673, 29.164, 30.46, 17.792, 14.541, 27.796, 44.553, 28.097, 62.609, 11.404, 28.327, 37.213, 40.837, 14.312, 12.804, 57.781, 21.104, 16.628, 28.571, 7.78, 21.964, 17.341, 5.063, 5.279, 24.228, 30.405, 14.272, 6.409, 13.02, 16.803, 11.144, 20.819, 7.406, 17.789, 8.764, 11.821, 16.035, 11.237, 10.784, 5.731, 7.686, 9.116, 12.522, 8.55, 12.963, 10.203, 14.987, 25.286, 28.369, 6.369, 13.739, 29.699, 20.035, 26.714, 12.245, 21.3, 28.681, 11.867, 4.431, 14.163, 6.155, 15.317, 10.233, 8.41, 6.675, 34.197, 24.311, 22.265, 5.634, 21.588, 8.645, 12.844, 4.929, 7.311, 14.749, 4.22, 4.658, 6.748, 11.926, 7.137, 8.151, 4.767, 9.887, 6.519, 6.439, 9.891, 6.086, 6.615, 6.924, 9.198, 4.979, 5.373, 8.508], "val_rmse": [53.048, 67.01, 77.565, 42.677, 41.952, 31.669, 60.003, 28.189, 32.814, 33.668, 20.117, 16.355, 29.057, 45.371, 32.207, 66.906, 15.924, 29.474, 40.248, 43.754, 15.995, 14.637, 60.774, 22.689, 18.655, 30.4, 9.656, 23.279, 18.864, 6.529, 6.903, 25.982, 32.321, 15.863, 8.272, 15.382, 19.017, 13.23, 23.69, 9.4, 19.428, 10.4, 13.46, 17.608, 13.445, 13.004, 7.002, 9.653, 11.145, 14.852, 9.921, 14.126, 11.833, 16.601, 26.352, 29.487, 7.765, 16.436, 31.652, 22.003, 27.71, 15.925, 25.129, 30.715, 13.649, 5.732, 16.004, 8.128, 17.082, 11.788, 9.886, 8.093, 36.231, 26.158, 23.15, 7.139, 23.311, 10.49, 14.146, 6.16, 9.359, 16.154, 5.498, 6.098, 8.588, 14.007, 8.998, 10.004, 6.223, 11.605, 8.302, 7.963, 11.89, 7.409, 8.367, 8.311, 10.632, 6.55, 6.966, 10.171],