{"val_loss": [0.03745883149612281, 0.02976280487039023, 0.01963366441325181, 0.014237927324655984, 0.014217926448004113, 0.02343547245901492, 0.01852651085290644, 0.015454183332622051, 0.013496823725290596, 0.012658593542356458, 0.011872035451233387, 0.01100517345023238, 0.010157833509664569, 0.009467224280039469, 0.008962380893838903, 0.008151668059225712, 0.008278037725378655, 0.008756115780367205, 0.00739105212657402, 0.006600547174457461, 0.006171130614044766, 0.006065909395046119, 0.007661686809216108, 0.005116774073232793, 0.0048294467819182, 0.0047881554734582705, 0.004586388321412314, 0.004573262655564274, 0.004305609264217007, 0.00429521755884505, 0.004496481704538585, 0.004873577033221308, 0.0066030104321220685, 0.005777831616190572, 0.004740353434398357, 0.005140422487683181, 0.0042543846421823316, 0.004177606874792319, 0.004509169740938685, 0.0042686466751749525, 0.004031602458174651, 0.0038086488897938076, 0.0037172257887303, 0.0037684571127303773, 0.0036464128158210465, 0.004388742436680736, 0.004400830075610429, 0.003932762545041947, 0.0036710475655531306, 0.003576176124624908, 0.0036425364152010945, 0.003614849674502491, 0.003509994146750412, 0.0036449965878596734, 0.0038501919496209463, 0.003519221968922971, 0.003362336370628327, 0.0034541070215507513, 0.003387103740048284, 0.0033592736015432617, 0.0034379660145431343, 0.00343129590813381, 0.0033389901315482953, 0.003809570200650746, 0.003879651991559917, 0.003459356288658455, 0.003424902582385888, 0.003313393254453937, 0.0034903832678941805, 0.0032249969275047383, 0.003228075459547755, 0.003348426165757701, 0.003503241353125001, 0.0036477469596623755, 0.003364320902619511, 0.003367893611236165, 0.0034275091570129413, 0.0035487132295707446, 0.003283272823965591, 0.0037904096340450146, 0.004072106698812503, 0.003648039441840309, 0.0033579916764412904, 0.003393926399035586, 0.003312662816218411, 0.0032677473144657495, 0.0036841305457831672, 0.0037321522734904042, 0.003539145639580157, 0.003436109872483131, 0.0033193363568797293, 0.003264379978645593, 0.003186390104625995, 0.0032579267830846626, 0.003285797073557559, 0.0038142190541192475, 0.004066373127797205, 0.004666586571450655, 0.0040350194386620485, 0.0037311861572864777], "train_mae": [33.184, 70.966, 26.663, 19.879, 29.373, 99.227, 48.209, 40.304, 19.588, 18.724, 11.991, 11.134, 11.501, 12.345, 16.923, 5.174, 21.665, 33.447, 19.302, 6.355, 7.062, 16.136, 37.811, 6.799, 4.014, 8.603, 3.984, 9.213, 3.77, 7.963, 13.906, 20.436, 36.678, 31.413, 11.432, 24.075, 7.862, 5.114, 18.094, 11.367, 12.942, 4.071, 5.15, 7.753, 5.174, 23.351, 18.093, 13.979, 3.327, 3.55, 8.693, 11.866, 7.602, 7.13, 13.426, 11.272, 4.249, 6.977, 8.056, 6.76, 10.039, 10.664, 2.757, 14.895, 16.91, 5.775, 3.33, 3.418, 9.915, 3.086, 5.629, 9.401, 10.161, 14.375, 9.615, 5.19, 11.154, 13.883, 6.828, 16.057, 15.719, 11.825, 6.292, 10.8, 9.044, 7.151, 11.381, 17.188, 11.785, 9.824, 5.93, 5.351, 2.888, 6.387, 7.469, 8.435, 20.335, 20.769, 19.492, 6.639], "train_rmse": [38.121, 72.999, 30.658, 23.34, 32.459, 99.643, 55.899, 42.794, 22.213, 21.061, 15.11, 12.645, 12.774, 13.73, 19.29, 7.035, 22.837, 35.17, 21.098, 7.97, 8.302, 17.205, 39.531, 8.063, 5.27, 9.878, 5.384, 10.836, 4.87, 9.187, 15.177, 21.156, 38.639, 31.845, 12.649, 24.642, 9.034, 6.114, 20.0, 12.624, 13.948, 5.297, 6.625, 8.655, 6.443, 23.866, 18.681, 14.604, 4.34, 4.468, 10.489, 13.241, 8.388, 8.191, 14.822, 12.646, 5.221, 7.913, 9.308, 7.976, 10.691, 11.993, 3.788, 16.187, 18.046, 6.957, 4.156, 4.25, 10.53, 3.863, 6.47, 10.023, 11.12, 15.68, 10.439, 6.242, 11.612, 14.454, 8.7, 17.098, 17.024, 12.28, 7.296, 11.281, 9.57, 8.043, 12.386, 18.442, 12.765, 10.512, 7.177, 6.084, 3.712, 7.098, 7.963, 10.437, 21.517, 21.426, 21.781, 7.548], "train_underestimate": [1.129, 0.0, 1.742, 3.526, 0.391, 0.0, 26.272, 0.052, 1.655, 1.147, 3.534, 1.401, 0.753, 0.344, 9.209, 0.768, 0.0, 18.227, 10.519, 3.137, 0.276, 0.0, 20.605, 0.239, 0.749, 4.587, 0.636, 4.919, 1.166, 0.054, 7.577, 0.0, 19.988, 17.119, 0.0, 0.0, 0.025, 2.484, 9.861, 6.195, 7.053, 1.375, 2.431, 4.174, 2.522, 0.0, 0.0, 0.0, 0.425, 0.386, 4.694, 6.466, 0.005, 0.007, 7.317, 6.143, 0.114, 0.001, 4.371, 3.636, 0.0, 5.807, 0.344, 8.117, 9.215, 0.024, 1.326, 0.311, 0.0, 1.396, 3.007, 0.0, 0.0, 7.834, 5.24, 0.006, 0.0, 7.566, 3.622, 0.0, 0.0, 0.0, 0.009, 5.885, 0.003, 3.891, 0.0, 9.366, 6.422, 5.354, 3.192, 0.011, 1.362, 3.478, 0.0, 4.559, 11.082, 11.318, 10.622, 3.605], "train_overestimate": [16.955, 38.673, 12.788, 7.307, 15.617, 54.074, 0.0, 21.912, 9.02, 9.057, 3.0, 4.667, 5.514, 6.383, 0.013, 2.052, 11.806, 0.0, 0.0, 0.326, 3.573, 8.794, 0.0, 3.467, 1.438, 0.101, 1.535, 0.101, 0.888, 4.286, 0.001, 11.137, 0.0, 0.0, 6.23, 13.12, 4.259, 0.303, 0.0, 0.0, 0.0, 0.844, 0.376, 0.051, 0.297, 12.725, 9.86, 7.618, 1.388, 1.549, 0.043, 0.0, 4.138, 3.879, 0.0, 0.0, 2.201, 3.801, 0.019, 0.047, 5.471, 0.004, 1.158, 0.0, 0.0, 3.123, 0.489, 1.552, 5.403, 0.285, 0.06, 5.123, 5.537, 0.0, 0.0, 2.823, 6.079, 0.0, 0.099, 8.751, 8.566, 6.444, 3.419, 0.0, 4.925, 0.006, 6.202, 0.0, 0.0, 0.0, 0.04, 2.905, 0.212, 0.003, 4.07, 0.038, 0.0, 0.0, 0.0, 0.013], "train_difference": [18.084, 38.673, 14.53, 10.833, 16.007, 54.074, 26.272, 21.964, 10.675, 10.204, 6.534, 6.068, 6.268, 6.727, 9.223, 2.82, 11.806, 18.227, 10.519, 3.463, 3.849, 8.794, 20.605, 3.705, 2.187, 4.688, 2.171, 5.021, 2.054, 4.339, 7.578, 11.137, 19.988, 17.119, 6.23, 13.12, 4.285, 2.787, 9.861, 6.195, 7.053, 2.219, 2.807, 4.225, 2.82, 12.725, 9.86, 7.618, 1.813, 1.935, 4.737, 6.466, 4.143, 3.885, 7.317, 6.143, 2.316, 3.802, 4.39, 3.684, 5.471, 5.811, 1.502, 8.117, 9.215, 3.147, 1.815, 1.863, 5.403, 1.682, 3.068, 5.123, 5.537, 7.834, 5.24, 2.829, 6.079, 7.566, 3.721, 8.751, 8.566, 6.444, 3.429, 5.885, 4.929, 3.897, 6.202, 9.366, 6.422, 5.354, 3.232, 2.916, 1.574, 3.481, 4.07, 4.597, 11.082, 11.318, 10.622, 3.618], "val_mae": [34.394, 71.818, 26.399, 17.231, 29.77, 98.233, 44.885, 40.841, 18.575, 18.005, 9.631, 9.75, 10.631, 11.788, 16.115, 5.841, 21.197, 32.035, 18.309, 5.889, 8.006, 15.793, 36.457, 7.487, 5.123, 8.205, 5.099, 8.458, 4.55, 8.451, 13.326, 20.247, 35.009, 30.932, 11.428, 23.784, 8.544, 5.506, 17.025, 10.781, 12.415, 4.583, 4.961, 7.2, 4.942, 23.154, 17.854, 13.811, 4.507, 4.727, 8.241, 11.222, 8.01, 7.305, 12.646, 10.644, 5.435, 7.211, 7.693, 6.412, 9.925, 10.112, 4.003, 14.269, 16.305, 6.234, 4.072, 4.526, 9.49, 3.916, 5.608, 9.248, 9.653, 13.794, 9.612, 5.653, 10.749, 13.746, 6.851, 15.215, 14.401, 11.477, 6.109, 11.063, 9.154, 7.258, 10.421, 16.665, 11.792, 10.019, 6.499, 5.573, 3.717, 6.824, 7.091, 8.151, 19.846, 20.591, 18.837, 6.866], "val_rmse": [37.819, 73.069, 29.709, 21.181, 31.973, 98.564, 51.701, 42.578, 20.912, 19.832, 12.435, 10.995, 11.676, 13.153, 17.879, 7.28, 23.009, 33.559, 20.055, 8.262, 9.227, 17.559, 38.085, 8.88, 6.398, 10.162, 6.806, 10.785, 5.94, 9.863, 14.947, 21.429, 36.936, 31.552, 12.918, 24.673, 9.747, 7.344, 19.12, 12.489, 13.819, 5.925, 6.762, 8.977, 6.862, 24.025, 18.801, 14.95, 5.587, 5.636, 10.178, 12.792, 9.195, 8.808, 14.286, 12.27, 6.152, 8.552, 9.357, 8.008, 11.114, 11.806, 5.024, 15.913, 17.792, 7.534, 5.508, 5.305, 10.728, 5.139, 7.099, 10.488, 11.202, 15.357, 10.908, 6.873, 11.717, 14.68, 8.66, 16.799, 16.148, 12.525, 7.607, 12.039, 10.136, 8.791, 12.059, 18.186, 13.31, 11.265, 8.275, 6.6, 5.284, 8.257, 8.171, 10.058, 21.15, 21.624, 21.077, 8.48],