{"val_loss": [0.04442631686106324, 0.03822565538918271, 0.03315627109259367, 0.026641796411508146, 0.024620682220248616, 0.019472861539243776, 0.019408277016790473, 0.015913488233790678, 0.014492892872487359, 0.01402415061259971, 0.01404445236959659, 0.013402976444922388, 0.01390036875519025, 0.013487576116698192, 0.01338636818999315, 0.01201363158179447, 0.011605041731587228, 0.010987902227926123, 0.010639324366553304, 0.01034164136303041, 0.009919168526881976, 0.009993918839266853, 0.009285058713216773, 0.00940546829951927, 0.009302568341167095, 0.008639258948866935, 0.008507745727376245, 0.008450439059422077, 0.007994657625471625, 0.007433508447480991, 0.007388072988867541, 0.006855187264805222, 0.008618976253167014, 0.008598078918807647, 0.00988248802433886, 0.008572820283006877, 0.007956286519081058, 0.007095519350567723, 0.006619107664686025, 0.006479854734874714, 0.006531385239213705, 0.006480196790482082, 0.006279612009701154, 0.006138505727422479, 0.006156964804497822, 0.005961300526156693, 0.005471555100110195, 0.005298803137574235, 0.005078423456699752, 0.004978817528086331, 0.006134460065582329, 0.005766683912096436, 0.004987368478289093, 0.004780537519015043, 0.004854712852701435, 0.004843918634030749, 0.004713883258826921, 0.004684744873563485, 0.004583065531572656, 0.00457914306967081, 0.00451585156706107, 0.004534526808557156, 0.004513186993255445, 0.004583893056191942, 0.004527379181715386, 0.004282982586814529, 0.004262717532315839, 0.004436517101781005, 0.004351601095335996, 0.004536263963125427, 0.005301145745975459, 0.004285067262518329, 0.004148972595644677, 0.004148047282155056, 0.004218120501130162, 0.004265870667843367, 0.004312095327323358, 0.004614633710041423, 0.004198861909304362, 0.003976346899221158, 0.004001279034555945, 0.003949535909615567, 0.003915361654328401, 0.00389308574171189, 0.004050349203787525, 0.003855883556431817, 0.004103477196836406, 0.00384339049924165, 0.004486366176827098, 0.003800734077231027, 0.003999949179534965, 0.004237001025638378, 0.0038745697272722333, 0.0038215625562075086, 0.0047703111580203236, 0.0039242297335637406, 0.003922285642200971, 0.003950772368732621, 0.0042147138994871915, 0.0038780167935114794], "train_mae": [129.211, 64.574, 64.614, 27.587, 38.196, 21.349, 60.637, 35.19, 20.387, 17.709, 21.173, 16.221, 29.353, 29.498, 31.706, 16.994, 15.233, 10.87, 11.428, 13.623, 10.223, 17.652, 10.082, 22.266, 20.126, 11.639, 18.753, 19.585, 15.283, 9.05, 16.696, 7.196, 39.75, 44.019, 45.117, 37.619, 34.103, 18.933, 6.77, 8.776, 14.34, 22.665, 20.851, 17.79, 20.754, 23.526, 14.555, 8.407, 6.375, 5.882, 29.2, 27.898, 12.362, 6.446, 9.021, 9.011, 7.169, 7.193, 5.249, 7.005, 7.641, 10.503, 10.371, 14.127, 12.114, 6.997, 7.395, 11.365, 13.551, 16.811, 28.021, 11.436, 6.39, 4.814, 9.665, 13.038, 14.893, 17.006, 12.56, 6.062, 4.829, 4.375, 5.068, 4.738, 13.133, 4.756, 12.47, 5.595, 21.395, 4.318, 8.1, 18.515, 9.476, 5.123, 28.072, 12.985, 5.269, 11.812, 18.434, 11.005], "train_rmse": [129.68, 75.03, 67.205, 35.933, 42.814, 27.307, 62.26, 39.142, 26.825, 19.601, 23.928, 21.343, 32.418, 35.887, 33.745, 22.644, 16.789, 13.968, 12.82, 18.566, 12.16, 19.774, 13.862, 26.086, 21.542, 13.483, 22.004, 20.901, 16.799, 12.068, 19.137, 8.62, 40.678, 44.826, 46.904, 38.634, 35.513, 19.878, 8.059, 11.896, 15.865, 24.476, 21.938, 19.426, 21.978, 25.005, 16.108, 10.63, 7.693, 7.134, 30.64, 29.034, 14.029, 8.235, 10.591, 11.176, 8.662, 9.175, 6.343, 9.021, 9.219, 12.39, 12.029, 15.726, 13.595, 8.877, 9.43, 12.876, 15.162, 17.942, 29.29, 12.66, 7.915, 5.448, 11.231, 14.398, 16.224, 18.105, 13.992, 7.351, 5.518, 5.292, 5.95, 6.022, 14.411, 5.506, 13.498, 7.281, 22.706, 4.94, 9.489, 19.688, 10.574, 6.161, 29.03, 14.015, 6.283, 13.148, 19.374, 12.134], "train_underestimate": [0.0, 32.121, 0.0, 12.032, 0.075, 7.82, 0.0, 0.0, 8.579, 2.873, 0.873, 6.131, 0.0, 14.595, 0.0, 7.964, 0.935, 3.512, 2.16, 6.309, 2.554, 0.067, 4.31, 11.076, 0.0, 0.205, 9.328, 0.0, 0.011, 4.325, 8.284, 0.436, 0.0, 0.0, 22.443, 0.0, 16.964, 0.0, 1.444, 3.981, 0.045, 11.274, 0.0, 8.85, 0.0, 11.703, 0.0, 4.019, 0.812, 1.545, 14.525, 0.0, 6.133, 2.843, 0.12, 4.4, 0.258, 3.42, 1.231, 3.245, 0.205, 5.188, 0.007, 7.027, 0.0, 3.357, 3.573, 0.008, 6.741, 8.363, 0.0, 5.689, 0.181, 1.125, 4.79, 0.0, 7.408, 0.0, 6.248, 0.216, 0.728, 1.38, 0.472, 1.941, 6.533, 0.566, 0.0, 2.581, 10.643, 0.671, 0.0, 9.21, 0.0, 0.263, 13.964, 0.0, 0.237, 5.876, 0.0, 5.474], "train_overestimate": [64.274, 0.0, 32.141, 1.691, 18.925, 2.799, 30.163, 17.505, 1.562, 5.936, 9.659, 1.938, 14.601, 0.078, 15.772, 0.489, 6.642, 1.895, 3.525, 0.467, 2.531, 8.714, 0.705, 0.0, 10.011, 5.585, 0.0, 9.742, 7.591, 0.177, 0.021, 3.143, 19.773, 21.897, 0.0, 18.713, 0.0, 9.418, 1.924, 0.384, 7.088, 0.0, 10.372, 0.0, 10.324, 0.0, 7.24, 0.163, 2.359, 1.381, 0.0, 13.877, 0.017, 0.364, 4.367, 0.082, 3.309, 0.158, 1.38, 0.239, 3.596, 0.037, 5.152, 0.0, 6.026, 0.124, 0.106, 5.646, 0.0, 0.0, 13.939, 0.0, 2.998, 1.269, 0.018, 6.486, 0.0, 8.459, 0.0, 2.799, 1.674, 0.797, 2.05, 0.416, 0.0, 1.8, 6.203, 0.202, 0.0, 1.477, 4.029, 0.0, 4.713, 2.285, 0.0, 6.459, 2.384, 0.0, 9.17, 0.0], "train_difference": [64.274, 32.121, 32.141, 13.723, 19.0, 10.62, 30.163, 17.505, 10.141, 8.809, 10.532, 8.069, 14.601, 14.673, 15.772, 8.453, 7.577, 5.407, 5.685, 6.776, 5.085, 8.781, 5.015, 11.076, 10.011, 5.79, 9.328, 9.742, 7.602, 4.502, 8.305, 3.579, 19.773, 21.897, 22.443, 18.713, 16.964, 9.418, 3.368, 4.366, 7.133, 11.274, 10.372, 8.85, 10.324, 11.703, 7.24, 4.182, 3.171, 2.926, 14.525, 13.877, 6.149, 3.206, 4.488, 4.482, 3.566, 3.578, 2.611, 3.485, 3.801, 5.225, 5.159, 7.027, 6.026, 3.481, 3.679, 5.653, 6.741, 8.363, 13.939, 5.689, 3.179, 2.394, 4.808, 6.486, 7.408, 8.459, 6.248, 3.015, 2.402, 2.176, 2.521, 2.357, 6.533, 2.366, 6.203, 2.783, 10.643, 2.148, 4.029, 9.21, 4.713, 2.548, 13.964, 6.459, 2.621, 5.876, 9.17, 5.474], "val_mae": [131.688, 46.011, 72.324, 21.083, 46.901, 17.496, 65.83, 42.384, 15.501, 17.614, 25.153, 12.88, 34.742, 20.528, 35.733, 11.569, 17.215, 8.68, 10.475, 8.579, 8.309, 20.472, 5.921, 16.577, 21.399, 12.976, 14.286, 20.316, 15.888, 6.543, 13.2, 7.344, 36.376, 40.43, 39.195, 33.245, 30.317, 18.201, 5.608, 5.711, 14.613, 19.741, 19.258, 15.495, 19.154, 21.19, 13.4, 6.96, 5.411, 4.575, 25.674, 25.204, 11.018, 5.558, 8.958, 7.55, 6.546, 6.605, 4.266, 5.909, 7.441, 9.069, 9.961, 12.308, 11.383, 6.238, 6.28, 11.412, 11.663, 14.977, 24.503, 10.65, 5.616, 3.662, 8.682, 11.435, 13.123, 15.529, 10.905, 5.92, 3.974, 3.665, 4.411, 4.234, 11.628, 4.185, 11.693, 4.784, 18.372, 3.683, 7.71, 16.173, 9.397, 5.059, 25.167, 11.428, 5.492, 10.172, 16.206, 9.875], "val_rmse": [131.979, 56.755, 73.543, 25.658, 48.969, 21.043, 66.577, 44.131, 19.125, 20.502, 27.329, 15.797, 36.078, 26.045, 36.724, 15.323, 18.548, 10.485, 11.977, 12.08, 9.844, 21.372, 8.785, 19.224, 22.48, 14.245, 16.456, 21.538, 17.316, 8.782, 15.011, 8.905, 38.051, 41.954, 40.57, 35.334, 31.206, 19.599, 7.021, 8.262, 15.895, 21.028, 20.646, 16.855, 20.549, 22.366, 14.939, 8.899, 7.051, 6.234, 26.964, 26.547, 12.492, 7.22, 10.196, 9.487, 8.073, 8.237, 5.844, 7.829, 8.717, 10.831, 11.237, 13.8, 12.7, 7.884, 8.125, 12.481, 13.201, 16.116, 25.884, 11.836, 6.984, 5.163, 10.264, 12.812, 14.511, 16.605, 12.392, 6.99, 5.276, 4.985, 5.655, 5.725, 13.061, 5.414, 12.684, 6.509, 19.886, 4.914, 8.673, 17.566, 10.192, 6.072, 26.322, 12.441, 6.402, 11.751, 17.195, 11.303],