{"val_loss": [0.7959113980040831, 0.20292075811063542, 0.19049696164096103, 0.17391286001485937, 0.16904222724192283, 0.15830980131731315, 0.14564154702512658, 0.13123182579874992, 0.13358900082461975, 0.12209854877608664, 0.11512276420698446, 0.10769805060151745, 0.10473005725618671, 0.10086432937532663, 0.09614388354341774, 0.09255511264371521, 0.0894075279836269, 0.08773029551786535, 0.08844293095171452, 0.08327728718080941, 0.08163004368543625, 0.09148652731057476, 0.08703327507657163, 0.08206890227601808, 0.07898931659977226, 0.07992835436016321, 0.07908922932384645, 0.07881582336609855, 0.07637904255705721, 0.07366593214957153, 0.07110455977346967, 0.06997426097993464, 0.0690849602003308, 0.06702818381874, 0.06458756379673586, 0.06529646451749346, 0.0816828406361096, 0.08225111967390951, 0.07428519603084116, 0.0754440713345128, 0.06754145897267495, 0.06869517650236101, 0.06373060935669962, 0.06294161177185528, 0.057786793968475914, 0.05578245323918322, 0.05762487302041229, 0.05363820306956768, 0.05273570733911851, 0.057099627385682916, 0.07582177829873912, 0.07740818643394638, 0.07041178013691131, 0.06423890941283282, 0.05833593545043293, 0.06412245672853555, 0.06878568462150939, 0.059294498087290454, 0.05633512607720845, 0.05377987837966751, 0.05394992771941949, 0.053676330621409064, 0.05128133368185338, 0.052230286658467615, 0.049779406693928385, 0.049364831189022344, 0.04960301156867953, 0.04846008048009347, 0.04805548552095013, 0.05070037553634714, 0.051127217025222146, 0.05049936621285537, 0.04770756619708503, 0.04919326080776313, 0.050586904837366414, 0.04865690649432294, 0.04898580095237669, 0.04667531192193136, 0.04642314693945296, 0.04752344964072108, 0.04607739428277401, 0.04546641287229517, 0.04554992275969947, 0.04530223973971956, 0.04521649339071968, 0.04654512307880556, 0.04613089709378341, 0.04507622643209556, 0.044997218393665904, 0.046343589256353235, 0.05057657233384602, 0.044568301808527284, 0.04885017603416653, 0.0467225127196049, 0.044517361202879864, 0.05053907243863625, 0.05578246104585774, 0.04504255914841505, 0.04471781233544735, 0.04528205282986164], "train_mae": [505.934, 84.925, 33.228, 22.295, 42.103, 18.884, 39.111, 17.99, 55.717, 30.634, 35.788, 15.014, 22.764, 10.896, 16.545, 16.203, 13.808, 25.384, 6.005, 22.944, 19.152, 12.108, 40.29, 4.569, 28.526, 4.854, 32.135, 5.409, 28.585, 6.218, 19.387, 10.653, 7.329, 21.906, 17.936, 26.115, 48.316, 22.722, 39.961, 18.479, 31.61, 12.618, 28.689, 6.303, 18.429, 10.763, 4.284, 9.481, 10.692, 26.152, 45.825, 29.57, 39.608, 9.411, 5.504, 31.713, 21.679, 28.353, 3.985, 8.297, 9.853, 6.805, 6.774, 9.658, 7.147, 8.152, 7.877, 5.03, 7.376, 19.562, 21.719, 4.641, 12.061, 17.728, 5.119, 16.857, 3.777, 8.749, 11.306, 3.704, 3.874, 9.156, 12.01, 11.794, 3.661, 3.377, 3.263, 2.76, 2.818, 3.997, 11.073, 3.737, 21.494, 3.52, 4.061, 24.664, 18.141, 13.666, 9.518, 5.888], "train_rmse": [509.614, 93.12, 36.357, 29.101, 51.296, 22.983, 47.597, 21.215, 61.882, 32.359, 42.175, 17.699, 29.601, 14.155, 22.186, 20.851, 17.792, 28.482, 8.629, 26.299, 22.531, 13.188, 42.899, 6.589, 30.455, 7.047, 34.072, 6.737, 30.778, 8.777, 21.201, 11.98, 8.444, 23.096, 19.264, 27.281, 49.629, 25.74, 40.94, 20.274, 33.056, 13.849, 30.007, 8.021, 19.162, 11.583, 6.074, 10.554, 11.65, 27.167, 47.504, 31.807, 40.784, 10.92, 6.427, 33.058, 23.245, 29.566, 5.148, 9.198, 10.709, 7.824, 7.618, 10.525, 8.375, 9.425, 8.91, 6.205, 8.573, 20.551, 22.917, 5.734, 13.265, 19.153, 6.152, 17.773, 4.944, 9.669, 12.384, 4.639, 4.885, 10.203, 13.283, 12.898, 4.468, 4.227, 4.073, 3.578, 3.505, 4.871, 11.579, 4.623, 22.622, 4.391, 5.016, 25.933, 18.728, 14.656, 10.436, 6.715], "train_underestimate": [0.0, 48.781, 0.604, 10.345, 24.129, 2.337, 22.427, 1.727, 32.004, 0.157, 20.557, 1.393, 12.935, 2.545, 9.378, 9.262, 7.872, 14.581, 1.678, 13.179, 11.001, 0.255, 23.143, 1.819, 16.386, 2.218, 18.458, 0.802, 16.419, 3.05, 11.136, 6.08, 4.016, 12.583, 10.302, 15.001, 27.753, 0.0, 22.954, 0.0, 18.157, 0.0, 16.479, 0.168, 10.586, 6.108, 0.313, 5.329, 6.063, 15.022, 26.322, 0.0, 22.751, 0.06, 2.909, 18.216, 0.0, 16.286, 1.689, 4.623, 5.554, 3.72, 3.665, 5.434, 3.939, 4.569, 4.403, 2.568, 4.108, 11.237, 12.475, 0.127, 6.904, 10.183, 0.1, 9.683, 0.311, 4.988, 6.475, 0.367, 1.847, 5.214, 6.896, 6.774, 1.868, 0.247, 0.333, 1.154, 1.079, 0.095, 0.0, 1.92, 12.346, 0.229, 2.107, 14.167, 0.0, 7.85, 5.457, 3.296], "train_overestimate": [290.61, 0.0, 18.483, 2.461, 0.055, 8.51, 0.038, 8.607, 0.0, 17.439, 0.0, 7.231, 0.14, 3.714, 0.125, 0.045, 0.059, 0.0, 1.771, 0.0, 0.0, 6.7, 0.0, 0.805, 0.0, 0.571, 0.0, 2.305, 0.0, 0.522, 0.0, 0.039, 0.194, 0.0, 0.0, 0.0, 0.0, 13.051, 0.0, 10.614, 0.0, 7.248, 0.0, 3.453, 0.0, 0.074, 2.148, 0.117, 0.078, 0.0, 0.0, 16.985, 0.0, 5.346, 0.252, 0.0, 12.453, 0.0, 0.6, 0.143, 0.106, 0.189, 0.226, 0.113, 0.166, 0.114, 0.122, 0.321, 0.129, 0.0, 0.0, 2.539, 0.024, 0.0, 2.84, 0.0, 1.858, 0.038, 0.019, 1.76, 0.378, 0.045, 0.002, 0.0, 0.235, 1.693, 1.541, 0.431, 0.54, 2.201, 6.361, 0.227, 0.0, 1.793, 0.225, 0.0, 10.42, 0.0, 0.01, 0.086], "train_difference": [290.61, 48.781, 19.086, 12.807, 24.184, 10.847, 22.466, 10.333, 32.004, 17.596, 20.557, 8.624, 13.076, 6.259, 9.503, 9.307, 7.931, 14.581, 3.449, 13.179, 11.001, 6.955, 23.143, 2.624, 16.386, 2.788, 18.458, 3.107, 16.419, 3.571, 11.136, 6.119, 4.21, 12.583, 10.302, 15.001, 27.753, 13.051, 22.954, 10.614, 18.157, 7.248, 16.479, 3.62, 10.586, 6.183, 2.461, 5.446, 6.142, 15.022, 26.322, 16.985, 22.751, 5.406, 3.162, 18.216, 12.453, 16.286, 2.289, 4.766, 5.66, 3.909, 3.891, 5.548, 4.105, 4.683, 4.525, 2.889, 4.237, 11.237, 12.475, 2.666, 6.928, 10.183, 2.94, 9.683, 2.17, 5.026, 6.494, 2.128, 2.225, 5.259, 6.898, 6.774, 2.103, 1.94, 1.875, 1.585, 1.619, 2.296, 6.361, 2.147, 12.346, 2.022, 2.332, 14.167, 10.42, 7.85, 5.467, 3.382], "val_mae": [517.037, 91.426, 31.314, 27.388, 47.447, 20.761, 44.12, 19.172, 60.451, 29.123, 39.413, 16.328, 26.009, 13.355, 18.679, 17.508, 14.609, 26.23, 8.258, 23.384, 19.25, 13.701, 41.002, 6.072, 28.505, 6.105, 32.3, 7.31, 28.643, 7.125, 18.778, 9.44, 6.217, 20.916, 16.8, 25.305, 48.509, 26.856, 39.714, 21.756, 31.545, 15.194, 28.404, 8.881, 16.939, 8.741, 6.51, 7.787, 9.053, 25.637, 46.514, 33.659, 39.824, 12.025, 4.709, 31.888, 24.731, 28.147, 4.265, 6.761, 8.282, 5.477, 5.443, 8.097, 6.05, 7.136, 6.732, 4.494, 6.456, 19.177, 21.543, 6.367, 11.402, 17.549, 6.903, 16.189, 5.453, 7.64, 10.576, 4.89, 4.079, 8.545, 11.741, 11.418, 3.936, 4.731, 4.487, 3.626, 3.673, 5.439, 12.376, 4.031, 21.48, 5.085, 4.327, 24.882, 19.962, 13.34, 8.792, 5.233], "val_rmse": [521.346, 101.032, 35.697, 34.319, 57.673, 24.566, 53.563, 22.331, 67.734, 31.747, 46.855, 18.769, 33.542, 16.338, 25.154, 23.322, 19.769, 30.222, 10.569, 27.7, 23.647, 15.646, 44.319, 8.127, 31.151, 8.316, 34.907, 8.818, 31.547, 9.76, 21.387, 11.54, 8.096, 22.66, 18.72, 26.888, 50.212, 30.05, 41.053, 23.753, 33.419, 16.453, 30.111, 10.528, 17.998, 10.346, 7.868, 9.622, 10.625, 26.861, 48.525, 36.261, 41.325, 13.724, 6.347, 33.574, 26.627, 29.677, 5.633, 8.49, 9.88, 7.311, 7.018, 9.712, 7.853, 8.957, 8.32, 6.042, 8.273, 20.385, 23.0, 7.548, 13.092, 19.308, 8.093, 17.439, 7.121, 9.257, 12.158, 5.987, 5.368, 10.196, 13.425, 12.964, 5.073, 5.815, 5.574, 4.703, 4.699, 6.548, 13.354, 5.271, 22.937, 6.25, 5.592, 26.492, 20.978, 14.764, 10.347, 6.727],