{"val_loss": [0.0047933327494118, 0.004604996733582488, 0.005394319547930435, 0.004640774770248552, 0.0047612164073345615, 0.004440465955263385, 0.0043421554060437805, 0.004506591360849497, 0.004382896642507856, 0.004906840682552784, 0.004410975350563401, 0.004317859759693319, 0.00427511113310983, 0.004642933401454583, 0.004211654398406811, 0.005060850369570997, 0.004176270513097633, 0.004275572416797028, 0.004207090712750667, 0.004219761363957433, 0.004129082748982505, 0.004303690298103093, 0.0041356101104004965, 0.004167992927654672, 0.004361271675609007], "val_activation_2_loss": [0.0718034909805283, 0.0718034909805283, 0.0718034909805283, 0.0718034909805283, 0.0718034909805283, 0.0718034909805283, 0.0718034909805283, 0.0718034909805283, 0.0718034909805283, 0.0718034909805283, 0.0718034909805283, 0.0718034909805283, 0.0718034909805283, 0.0718034909805283, 0.0718034909805283, 0.0718034909805283, 0.0718034909805283, 0.0718034909805283, 0.0718034909805283, 0.0718034909805283, 0.0718034909805283, 0.0718034909805283, 0.0718034909805283, 0.0718034909805283, 0.0718034909805283], "val_conv2d_24_loss": [0.0047933327494118, 0.004604996733582488, 0.005394319547930435, 0.004640774770248552, 0.0047612164073345615, 0.004440465955263385, 0.0043421554060437805, 0.004506591360849497, 0.004382896642507856, 0.004906840682552784, 0.004410975350563401, 0.004317859759693319, 0.00427511113310983, 0.004642933401454583, 0.004211654398406811, 0.005060850369570997, 0.004176270513097633, 0.004275572416797028, 0.004207090712750667, 0.004219761363957433, 0.004129082748982505, 0.004303690298103093, 0.0041356101104004965, 0.004167992927654672, 0.004361271675609007], "activation_2_loss": [0.0777996886317851, 0.07750929186295252, 0.07754421942809131, 0.07744737314351369, 0.07752078003250062, 0.07781910120684188, 0.0775270387675846, 0.07783506717532873, 0.07746452176070306, 0.07747021435352508, 0.07717694407620002, 0.07762137541431002, 0.07761812576791272, 0.0775451542576775, 0.07766571530373767, 0.07758300995919853, 0.07761365280020982, 0.07741473538044374, 0.07733768632169813, 0.07773127131804358, 0.07774084813718218, 0.07757588666572701, 0.0774648515653098, 0.07740780357562471, 0.0775499643641524], "conv2d_24_loss": [0.007552883319931425, 0.005557667417633638, 0.00495478233187896, 0.004763419681239611, 0.004840991939545347, 0.004744779702377855, 0.004811716318727122, 0.0045239280407258775, 0.004538635671906377, 0.004513737674642471, 0.004468067396373954, 0.004403229765557626, 0.00439921787210551, 0.00443221280374928, 0.004392753667161742, 0.0043660195783559175, 0.004476655775761174, 0.004404955449899717, 0.00431992546600668, 0.004315328285883879, 0.004287909900995146, 0.004296227781196649, 0.004330110406499443, 0.0042057176142407116, 0.004410983558955195], "train_loss": [0.007552883319931425, 0.005557667417633638, 0.00495478233187896, 0.004763419681239611, 0.004840991939545347, 0.004744779702377855, 0.004811716318727122, 0.0045239280407258775, 0.004538635671906377, 0.004513737674642471, 0.004468067396373954, 0.004403229765557626, 0.00439921787210551, 0.00443221280374928, 0.004392753667161742, 0.0043660195783559175, 0.004476655775761174, 0.004404955449899717, 0.00431992546600668, 0.004315328285883879, 0.004287909900995146, 0.004296227781196649, 0.004330110406499443, 0.0042057176142407116, 0.004410983558955195], "train_size": 1024, "val_size": 576, "rand_seed": 643, "shuffle": true, "seg_loss_name": "binary_crossentropy", "reg_loss_name": "logcosh", "img_dim": [256, 256, 3], "patch_dim": [128, 128, 3], "patches_per_image": 4, "density_map_sigma": 5, "density_map_multiplication_factor": 100.0, "sub_experiment_name": "vgg_cells/n_64_sigma_5_randseed_643_loss_logcosh_patch_4_128x128", "architecture": "SegRegNet"}