{"val_loss": [0.08671990413373958, 0.09261218556720349, 0.08152993195431514, 0.07553135172282863, 0.07641366137734924, 0.07273581398961444, 0.07386736379056755, 0.07285695559241706, 0.07413467749332388, 0.0718034909805283], "val_activation_1_loss": [0.08671990413373958, 0.09261218556720349, 0.08152993195431514, 0.07553135172282863, 0.07641366137734924, 0.07273581398961444, 0.07386736379056755, 0.07285695559241706, 0.07413467749332388, 0.0718034909805283], "val_conv2d_12_loss": [0.11081111375501172, 0.1017919436045405, 0.09381419575462739, 0.0915043754891182, 0.08994811952450416, 0.08803244929812434, 0.08464693637991634, 0.08614784013803324, 0.08663841617009085, 0.08522336130974711], "activation_1_loss": [0.20091144935577177, 0.09628692697151564, 0.08993352920515463, 0.08524729721830226, 0.08372996917751152, 0.08308833430055529, 0.0813152726914268, 0.08019976643845439, 0.07865910846157931, 0.0790763606200926], "conv2d_12_loss": [0.13704777759267017, 0.11702358711045235, 0.10657570254988968, 0.10173006732657086, 0.09999647074437235, 0.0986207024398027, 0.0989827295707073, 0.0979069403547328, 0.09703471630928107, 0.09607746975962073], "train_loss": [0.20091144935577177, 0.09628692697151564, 0.08993352920515463, 0.08524729721830226, 0.08372996917751152, 0.08308833430055529, 0.0813152726914268, 0.08019976643845439, 0.07865910846157931, 0.0790763606200926], "train_size": 1024, "val_size": 576, "rand_seed": 643, "shuffle": true, "seg_loss_name": "binary_crossentropy", "reg_loss_name": "logcosh", "img_dim": [256, 256, 3], "patch_dim": [128, 128, 3], "patches_per_image": 4, "density_map_sigma": 5, "density_map_multiplication_factor": 100.0, "sub_experiment_name": "vgg_cells/n_64_sigma_5_randseed_643_loss_logcosh_patch_4_128x128", "architecture": "SegRegNet"}