{"val_loss": [0.013550330980958987, 0.008226167122201231, 0.005819476309221095, 0.0054828903721499955, 0.005014881027616664, 0.004631534763979693, 0.004716570543678245, 0.004360577225371445, 0.004319530444465474, 0.004273440028959562, 0.004246322400730505, 0.004270243443493705, 0.0040899252593994285, 0.004274103843373369, 0.004193331438626855, 0.004139915770994978, 0.004072116998840001, 0.004080581937260932, 0.004412941409605587, 0.004424714451993673, 0.0056055142118162215, 0.004533168773478893, 0.00419114767515162, 0.004044092720606487, 0.004011589185109996, 0.004148273417639656, 0.004220485179757816, 0.004057861848195898, 0.0044950534905486466, 0.004089236444896314, 0.004187372552728953, 0.004100503014039229, 0.004148436601200147, 0.004106296110573264, 0.004446818309083432, 0.00418280262723177, 0.004246540762324003, 0.0042155187364995884, 0.004413883183689096, 0.004276330150484379, 0.0041814989267044845, 0.004185688623591786, 0.004257207517892109, 0.004357901768647328, 0.00419034323335331, 0.004348342550454415, 0.004854231083299965, 0.004252369965797698, 0.004252176819439531, 0.004216652722789149], "train_loss": [0.0638007740926696, 0.008201918921258766, 0.00564778715124703, 0.0047638585783715826, 0.00428353838287876, 0.0041172722485498525, 0.003902709202520782, 0.003676397565868683, 0.0034298285681870766, 0.003299741161754355, 0.0033728832058841363, 0.003099724661296932, 0.0030978642935224343, 0.0029298343615664635, 0.0030535487239831127, 0.002827202079060953, 0.0027782483848568518, 0.0026314357201044913, 0.0027363849276298424, 0.002528654405978159, 0.002532762619011919, 0.0028779469212167896, 0.002479930068147951, 0.002199219907197403, 0.0023138987344282214, 0.002090153413519147, 0.002050515611699666, 0.001995982413063757, 0.002154985304514412, 0.0020387928507261677, 0.0018028477752523031, 0.0016604135471425252, 0.0015939097647788003, 0.0015242454173858277, 0.001926214485138189, 0.0015317836023314158, 0.0014844444613117957, 0.0013551075226132525, 0.0015351904894487234, 0.0013651255358126946, 0.0014324598932944355, 0.0012516030365077313, 0.0011630713916019886, 0.0012080476872142754, 0.0012143605736127938, 0.0010593575607344974, 0.001066281412022363, 0.0012165564776296378, 0.0010453101158418576, 0.0009432698752789292], "train_size": 1024, "val_size": 576, "rand_seed": 645, "shuffle": true, "loss_name": "logcosh", "img_dim": [256, 256, 3], "patch_dim": [256, 256, 3], "patches_per_image": 1, "density_map_sigma": 5, "density_map_multiplication_factor": 100.0, "sub_experiment_name": "vgg_cells/n_64_sigma_5_randseed_645_loss_logcosh_full_img", "architecture": "FCRN_A"}