{"val_loss": [0.5918622190753619, 0.7578978985548019, 0.26310739831791985, 0.23456063328517807, 0.21680882862872547, 0.2296161080400149, 0.22103534494009283, 0.2049956905345122, 0.1918566951321231, 0.17959691832462946, 0.15571220446791914, 0.13955221532119644, 0.1288665154327949, 0.1460304417543941, 0.13584757989479435, 0.12077421239680713, 0.12045702120910089, 0.10998199476550023, 0.10874305810365412, 0.10619031813823515, 0.10528469416830274, 0.10031096409592363, 0.09814509739064509, 0.09439142038010889, 0.09204401251756483, 0.0911436632482542, 0.08728159353550938, 0.08638033974501821, 0.09295489680435923, 0.08053178278108437, 0.0821828544139862, 0.07793916865355438, 0.07469326940675576, 0.07257091347128153, 0.07094004719207685, 0.16108397249546316, 0.15911300294101238, 0.11641592273695602, 0.11353552693294154, 0.12105009559955862, 0.08685570479267174, 0.10003227616349857, 0.09364265938185984, 0.07980613689869642, 0.09136748717476924, 0.07867005684723456, 0.07701301274614201, 0.07974004083209568, 0.07370382024803096, 0.06974641487209333, 0.06981458147573802, 0.07058841160809, 0.06747545529570845, 0.06702438938534921, 0.06340060776306523, 0.06325224021242724, 0.060846167564806014, 0.05908528549803628, 0.059807256071103945, 0.058136244718399316, 0.05710801383894351, 0.05745526382492648, 0.05853621935885814, 0.05529000056493613, 0.05527616307760278, 0.057035212198065385, 0.05598684245099624, 0.056002999707642526, 0.053220292191124625, 0.05393090192228556, 0.05718964778093828, 0.054103192097196974, 0.055304555843273796, 0.05179007589403126, 0.0542282221528391, 0.051898672038482294, 0.05139584047719836, 0.056503457845085196, 0.05145747928569714, 0.05264340920580758, 0.05053834348089165, 0.04982169443327519, 0.05022888925547401, 0.05173536234845718, 0.056799296393162675, 0.04916992804242505, 0.05473952957739433, 0.04891326526800791, 0.05248311462087764, 0.04870687538964881, 0.051419089548289776, 0.04799492165653242, 0.04994233904613389, 0.05132496025827196, 0.04730168357491493, 0.049728096618006624, 0.049900526025642954, 0.047474331170734435, 0.04675106849107477, 0.04641431042303642], "train_mae": [356.556, 455.007, 89.27, 48.772, 66.596, 105.984, 96.114, 62.273, 30.697, 60.288, 33.188, 43.962, 20.495, 41.782, 53.158, 18.982, 43.967, 14.693, 33.794, 14.229, 36.855, 10.745, 27.988, 15.339, 13.445, 29.852, 23.922, 6.646, 13.357, 16.016, 31.567, 25.147, 16.195, 14.421, 20.184, 92.417, 78.397, 62.471, 63.04, 44.21, 36.057, 50.587, 19.353, 10.994, 43.152, 6.652, 6.04, 34.582, 4.987, 11.295, 22.946, 5.903, 24.089, 5.343, 19.072, 4.602, 16.829, 9.579, 4.323, 14.863, 12.829, 4.241, 5.535, 6.461, 13.622, 19.561, 18.033, 18.66, 9.717, 4.146, 8.401, 4.285, 19.542, 8.332, 5.639, 4.039, 12.863, 23.449, 14.056, 5.115, 3.933, 10.383, 13.376, 17.568, 25.022, 4.679, 10.79, 7.768, 19.701, 3.848, 6.327, 4.658, 16.163, 18.952, 5.431, 5.637, 6.007, 3.426, 7.453, 7.321], "train_rmse": [358.536, 467.083, 90.977, 52.816, 78.066, 115.744, 105.966, 73.3, 39.974, 70.848, 43.431, 54.849, 25.676, 44.392, 63.673, 22.809, 52.342, 19.457, 40.556, 19.585, 42.4, 15.13, 32.596, 20.119, 17.357, 32.625, 26.377, 8.821, 15.434, 18.241, 33.616, 26.94, 17.951, 16.26, 21.794, 97.441, 81.85, 66.675, 66.928, 45.672, 39.765, 55.144, 20.732, 15.329, 47.275, 9.077, 8.195, 37.241, 6.778, 13.276, 24.723, 7.596, 25.788, 7.04, 20.822, 6.215, 18.534, 11.401, 5.783, 16.481, 14.559, 5.594, 6.695, 8.263, 15.326, 21.275, 19.665, 20.261, 11.606, 5.288, 9.509, 5.471, 21.087, 10.03, 6.878, 5.251, 14.478, 25.246, 15.618, 6.303, 5.096, 11.921, 15.015, 19.124, 26.673, 6.104, 12.099, 9.547, 21.183, 4.994, 7.29, 6.063, 17.659, 20.535, 6.958, 6.609, 7.011, 4.468, 9.168, 9.024], "train_underestimate": [0.0, 263.772, 0.0, 0.438, 38.606, 61.44, 55.718, 36.1, 16.034, 34.95, 18.362, 25.465, 7.364, 0.321, 30.816, 4.849, 25.488, 6.086, 19.591, 7.113, 21.365, 5.268, 16.225, 8.837, 7.71, 17.306, 13.868, 3.106, 0.047, 9.284, 18.3, 14.578, 9.389, 8.349, 11.701, 53.575, 0.0, 36.215, 36.545, 0.0, 20.903, 29.326, 0.129, 5.985, 25.016, 2.556, 2.382, 20.048, 1.728, 6.513, 13.302, 0.541, 13.965, 0.649, 11.056, 1.225, 9.756, 5.495, 1.291, 8.616, 7.437, 1.326, 0.478, 3.57, 7.897, 11.339, 10.454, 10.817, 5.613, 1.092, 0.135, 0.651, 11.329, 4.804, 0.333, 1.455, 7.457, 13.594, 8.149, 0.327, 1.556, 6.019, 7.754, 10.184, 14.506, 2.448, 0.01, 4.455, 11.421, 1.577, 0.187, 2.437, 9.37, 10.987, 2.985, 0.22, 0.168, 1.169, 4.287, 4.202], "train_overestimate": [206.699, 0.0, 51.751, 27.836, 0.0, 0.0, 0.0, 0.0, 1.761, 0.0, 0.877, 0.02, 4.517, 23.9, 0.0, 6.155, 0.0, 2.432, 0.0, 1.136, 0.0, 0.961, 0.0, 0.055, 0.085, 0.0, 0.0, 0.747, 7.696, 0.0, 0.0, 0.0, 0.0, 0.011, 0.0, 0.0, 45.448, 0.0, 0.0, 25.629, 0.0, 0.0, 11.09, 0.389, 0.0, 1.3, 1.119, 0.0, 1.163, 0.035, 0.0, 2.881, 0.0, 2.448, 0.0, 1.443, 0.0, 0.058, 1.215, 0.0, 0.0, 1.133, 2.731, 0.175, 0.0, 0.0, 0.0, 0.0, 0.02, 1.312, 4.736, 1.833, 0.0, 0.026, 2.936, 0.886, 0.0, 0.0, 0.0, 2.638, 0.724, 0.0, 0.0, 0.0, 0.0, 0.264, 6.245, 0.048, 0.0, 0.654, 3.481, 0.263, 0.0, 0.0, 0.163, 3.048, 3.314, 0.817, 0.034, 0.042], "train_difference": [206.699, 263.772, 51.751, 28.274, 38.606, 61.44, 55.718, 36.1, 17.795, 34.95, 19.239, 25.485, 11.881, 24.222, 30.816, 11.004, 25.488, 8.518, 19.591, 8.249, 21.365, 6.229, 16.225, 8.892, 7.794, 17.306, 13.868, 3.853, 7.743, 9.284, 18.3, 14.578, 9.389, 8.36, 11.701, 53.575, 45.448, 36.215, 36.545, 25.629, 20.903, 29.326, 11.219, 6.374, 25.016, 3.856, 3.501, 20.048, 2.891, 6.548, 13.302, 3.422, 13.965, 3.097, 11.056, 2.668, 9.756, 5.553, 2.506, 8.616, 7.437, 2.458, 3.209, 3.746, 7.897, 11.339, 10.454, 10.817, 5.633, 2.403, 4.87, 2.484, 11.329, 4.83, 3.269, 2.341, 7.457, 13.594, 8.149, 2.965, 2.28, 6.019, 7.754, 10.184, 14.506, 2.712, 6.255, 4.503, 11.421, 2.23, 3.668, 2.7, 9.37, 10.987, 3.149, 3.268, 3.482, 1.986, 4.321, 4.244], "val_mae": [369.612, 496.182, 84.315, 42.172, 81.911, 123.676, 113.047, 76.803, 40.072, 74.172, 43.454, 56.02, 24.238, 37.109, 66.245, 19.821, 54.525, 18.375, 41.966, 18.586, 44.499, 13.484, 33.799, 19.557, 16.64, 34.262, 27.304, 6.429, 14.761, 17.896, 35.065, 27.617, 17.35, 15.38, 21.759, 104.063, 87.467, 71.034, 71.216, 47.664, 41.684, 58.463, 19.278, 13.805, 49.981, 7.215, 6.302, 39.073, 4.75, 12.124, 25.28, 6.083, 26.463, 5.226, 21.101, 4.105, 18.656, 10.412, 3.666, 16.592, 14.475, 3.529, 4.842, 6.965, 15.546, 22.247, 20.477, 21.138, 11.266, 3.314, 8.341, 3.362, 22.038, 9.338, 5.113, 3.263, 14.669, 26.677, 16.022, 4.651, 3.263, 11.737, 15.349, 19.997, 28.279, 4.888, 11.989, 8.924, 22.19, 3.385, 6.162, 4.797, 18.377, 21.554, 5.847, 5.416, 5.884, 2.9, 8.582, 8.436], "val_rmse": [370.828, 506.506, 86.734, 47.355, 92.235, 132.554, 122.023, 86.79, 49.517, 83.856, 53.433, 66.043, 31.212, 40.935, 76.235, 26.508, 62.754, 24.605, 48.803, 24.926, 50.233, 19.244, 38.765, 24.762, 21.169, 37.413, 30.125, 9.903, 15.877, 20.331, 37.307, 29.556, 19.12, 17.199, 23.331, 108.736, 89.828, 75.182, 75.131, 48.516, 45.639, 63.114, 20.618, 18.956, 54.232, 10.801, 9.444, 41.886, 6.748, 14.185, 27.064, 7.211, 28.094, 6.358, 22.663, 5.384, 20.128, 11.991, 4.848, 17.947, 15.881, 4.68, 5.774, 8.592, 16.948, 23.743, 21.876, 22.519, 12.813, 4.332, 9.129, 4.289, 23.335, 10.518, 6.084, 4.266, 15.925, 28.259, 17.313, 5.586, 4.232, 12.886, 16.701, 21.356, 29.802, 6.172, 12.692, 10.524, 23.504, 4.439, 6.874, 6.023, 19.715, 23.006, 7.305, 6.106, 6.696, 3.911, 10.155, 10.021],