{"val_loss": [0.10755163795325194, 0.07269188554518008, 0.055558374256230475], "train_mae": [18.304, 8.163, 7.159], "train_rmse": [24.301, 10.773, 9.365], "train_underestimate": [2.366, 10.349, 7.523], "train_overestimate": [40.666, 8.843, 9.309], "train_difference": [43.033, 19.192, 16.832], "val_mae": [20.676, 8.297, 7.26], "val_rmse": [27.151, 11.345, 10.402], "val_underestimate": [2.03, 11.213, 9.849], "val_overestimate": [44.079, 7.289, 6.34], "val_difference": [46.108, 18.502, 16.189], "train_loss": [0.1927677868397182, 0.08671310477721919, 0.0633198576965434], "train_size": 900, "val_size": 89, "rand_seed": 9001, "shuffle": true, "loss_name": "mean_squared_error", "img_dim": [720, 1280, 3], "patch_dim": [128, 128, 3], "patches_per_image": 32, "density_map_sigma": 10, "density_map_multiplication_factor": 2000.0, "sub_experiment_name": "carpk/sigma_10_loss_mse_patch_32_128x128_epochs_3"}