{"val_loss": [0.3023430181667209, 0.30236691194586457, 0.3019588356371969, 0.30204696077853443, 0.3020511332899332, 0.30219674804247915, 0.3020019961055368, 0.3019754512701184, 0.3021486503537744, 0.30210538203828036, 0.30195868350565436, 0.30225218571722506, 0.30209196475334466, 0.3021287907846272, 0.30200502001680435, 0.3019553023390472, 0.302081733988598, 0.3020720798522234, 0.30199400526471437, 0.30205042171292007, 0.30193984662182627, 0.30198267940431833, 0.3019711466040462, 0.302118258504197, 0.3020314681343734, 0.3020142226945609, 0.30202028499916195, 0.3020209335256368, 0.3020630892831832, 0.3019870188552886, 0.30199089874513446, 0.30196111323311925, 0.30208168611861763, 0.3021880353335291, 0.3019481281749904, 0.3020576526876539, 0.3020112929865718, 0.3019405047874898, 0.3020380580797791, 0.30195946735329926, 0.30207386282272636, 0.30207886593416333, 0.3020280618686229, 0.3021077498793602, 0.30198847376741467, 0.3019926349632442, 0.3020274299196899, 0.3021444549318403, 0.30211324789561333, 0.30200861059129236, 0.30193424723111095, 0.30196253415197133, 0.30215576402843, 0.3019943432416767, 0.3020252173766494, 0.3020114881917834, 0.30196617702022194, 0.3019380850251764, 0.3019594262819737, 0.3019442173652351, 0.3019553945399821, 0.3021643197629601, 0.3019434554502368, 0.30196665399707856, 0.3019745112862438, 0.3019617420621216, 0.30215094410814347, 0.3020425881724805, 0.30208410723134876, 0.302019208855927, 0.30194382593035696, 0.3020558927208185, 0.3020953065250069, 0.3019503952935338, 0.30207004491239786, 0.30194948371499775, 0.30194364502094684, 0.3021566475275904, 0.30206919834017754, 0.3020158892031759, 0.3021961631719023, 0.3020757092628628, 0.30194715964607893, 0.3021164570469409, 0.30198049317114056, 0.302050699153915, 0.3021271320991218, 0.30206252429634334, 0.3021731164306402, 0.3019436601549387, 0.30207632794044914, 0.301938392361626, 0.3019839319400489, 0.30217021545395256, 0.3021241068840027, 0.30193978557363155, 0.3022063585463911, 0.30198738775216044, 0.30203661900013684, 0.3020040349569172], "train_mae": [123.264, 123.403, 123.765, 123.829, 123.831, 123.888, 123.811, 123.745, 123.589, 123.852, 123.76, 123.91, 123.639, 123.861, 123.717, 123.793, 123.648, 123.657, 123.727, 123.676, 123.778, 123.804, 123.799, 123.616, 123.693, 123.816, 123.703, 123.703, 123.665, 123.734, 123.73, 123.758, 123.648, 123.555, 123.77, 123.67, 123.815, 123.787, 123.687, 123.795, 123.655, 123.651, 123.696, 123.625, 123.732, 123.808, 123.697, 123.593, 123.62, 123.714, 123.785, 123.756, 123.583, 123.808, 123.821, 123.711, 123.753, 123.78, 123.795, 123.774, 123.763, 123.575, 123.774, 123.797, 123.745, 123.757, 123.587, 123.683, 123.646, 123.704, 123.774, 123.671, 123.848, 123.791, 123.838, 123.769, 123.774, 123.582, 123.838, 123.817, 123.548, 123.654, 123.771, 123.856, 123.803, 123.676, 123.608, 123.835, 123.568, 123.774, 123.841, 123.779, 123.737, 123.878, 123.611, 123.787, 123.539, 123.733, 123.688, 123.718], "train_rmse": [156.215, 156.35, 156.635, 156.686, 156.687, 156.733, 156.672, 156.619, 156.497, 156.704, 156.632, 156.75, 156.536, 156.712, 156.598, 156.658, 156.543, 156.55, 156.606, 156.565, 156.646, 156.666, 156.663, 156.518, 156.579, 156.676, 156.587, 156.586, 156.556, 156.611, 156.608, 156.63, 156.543, 156.47, 156.639, 156.56, 156.675, 156.653, 156.574, 156.659, 156.549, 156.545, 156.581, 156.525, 156.61, 156.669, 156.582, 156.5, 156.521, 156.595, 156.651, 156.629, 156.492, 156.67, 156.679, 156.593, 156.626, 156.647, 156.659, 156.642, 156.634, 156.486, 156.643, 156.661, 156.62, 156.629, 156.495, 156.571, 156.542, 156.587, 156.643, 156.561, 156.701, 156.656, 156.693, 156.638, 156.643, 156.491, 156.693, 156.676, 156.464, 156.547, 156.64, 156.708, 156.665, 156.565, 156.511, 156.691, 156.48, 156.643, 156.695, 156.647, 156.613, 156.724, 156.514, 156.653, 156.457, 156.61, 156.575, 156.598], "train_underestimate": [99.579, 99.692, 99.984, 100.036, 100.037, 100.084, 100.022, 99.968, 99.842, 100.055, 99.98, 100.101, 99.883, 100.062, 99.946, 100.007, 99.89, 99.897, 99.954, 99.913, 99.995, 100.016, 100.012, 99.864, 99.926, 100.026, 99.934, 99.934, 99.903, 99.959, 99.956, 99.978, 99.89, 99.815, 99.988, 99.907, 100.025, 100.002, 99.922, 100.008, 99.896, 99.892, 99.929, 99.871, 99.958, 100.019, 99.929, 99.845, 99.867, 99.943, 100.0, 99.977, 99.837, 100.019, 100.029, 99.941, 99.975, 99.996, 100.008, 99.991, 99.983, 99.831, 99.992, 100.011, 99.968, 99.978, 99.841, 99.918, 99.888, 99.935, 99.992, 99.909, 100.051, 100.005, 100.043, 99.987, 99.992, 99.837, 100.043, 100.026, 99.809, 99.894, 99.989, 100.058, 100.015, 99.912, 99.858, 100.041, 99.825, 99.992, 100.045, 99.996, 99.961, 100.075, 99.86, 100.002, 99.802, 99.959, 99.923, 99.946], "train_overestimate": [0.0, 0.0, 0.0, 0.0, 0.0, 0.0, 0.0, 0.0, 0.0, 0.0, 0.0, 0.0, 0.0, 0.0, 0.0, 0.0, 0.0, 0.0, 0.0, 0.0, 0.0, 0.0, 0.0, 0.0, 0.0, 0.0, 0.0, 0.0, 0.0, 0.0, 0.0, 0.0, 0.0, 0.0, 0.0, 0.0, 0.0, 0.0, 0.0, 0.0, 0.0, 0.0, 0.0, 0.0, 0.0, 0.0, 0.0, 0.0, 0.0, 0.0, 0.0, 0.0, 0.0, 0.0, 0.0, 0.0, 0.0, 0.0, 0.0, 0.0, 0.0, 0.0, 0.0, 0.0, 0.0, 0.0, 0.0, 0.0, 0.0, 0.0, 0.0, 0.0, 0.0, 0.0, 0.0, 0.0, 0.0, 0.0, 0.0, 0.0, 0.0, 0.0, 0.0, 0.0, 0.0, 0.0, 0.0, 0.0, 0.0, 0.0, 0.0, 0.0, 0.0, 0.0, 0.0, 0.0, 0.0, 0.0, 0.0, 0.0], "train_difference": [99.579, 99.692, 99.984, 100.036, 100.037, 100.084, 100.022, 99.968, 99.842, 100.055, 99.98, 100.101, 99.883, 100.062, 99.946, 100.007, 99.89, 99.897, 99.954, 99.913, 99.995, 100.016, 100.012, 99.864, 99.926, 100.026, 99.934, 99.934, 99.903, 99.959, 99.956, 99.978, 99.89, 99.815, 99.988, 99.907, 100.025, 100.002, 99.922, 100.008, 99.896, 99.892, 99.929, 99.871, 99.958, 100.019, 99.929, 99.845, 99.867, 99.943, 100.0, 99.977, 99.837, 100.019, 100.029, 99.941, 99.975, 99.996, 100.008, 99.991, 99.983, 99.831, 99.992, 100.011, 99.968, 99.978, 99.841, 99.918, 99.888, 99.935, 99.992, 99.909, 100.051, 100.005, 100.043, 99.987, 99.992, 99.837, 100.043, 100.026, 99.809, 99.894, 99.989, 100.058, 100.015, 99.912, 99.858, 100.041, 99.825, 99.992, 100.045, 99.996, 99.961, 100.075, 99.86, 100.002, 99.802, 99.959, 99.923, 99.946], "val_mae": [118.223, 118.344, 118.705, 118.77, 118.771, 118.829, 118.752, 118.685, 118.53, 118.793, 118.701, 118.85, 118.58, 118.802, 118.658, 118.734, 118.589, 118.597, 118.668, 118.617, 118.719, 118.744, 118.74, 118.556, 118.634, 118.757, 118.644, 118.643, 118.605, 118.674, 118.671, 118.698, 118.589, 118.496, 118.711, 118.61, 118.756, 118.728, 118.628, 118.735, 118.596, 118.591, 118.637, 118.566, 118.673, 118.748, 118.637, 118.533, 118.561, 118.654, 118.725, 118.697, 118.524, 118.749, 118.761, 118.652, 118.694, 118.72, 118.735, 118.714, 118.704, 118.516, 118.715, 118.738, 118.686, 118.698, 118.528, 118.624, 118.587, 118.645, 118.715, 118.612, 118.789, 118.732, 118.779, 118.709, 118.715, 118.523, 118.778, 118.757, 118.488, 118.594, 118.712, 118.797, 118.744, 118.616, 118.549, 118.776, 118.508, 118.715, 118.781, 118.72, 118.677, 118.818, 118.551, 118.728, 118.48, 118.674, 118.629, 118.659], "val_rmse": [144.905, 145.041, 145.337, 145.389, 145.391, 145.437, 145.375, 145.32, 145.193, 145.408, 145.333, 145.455, 145.234, 145.416, 145.298, 145.36, 145.242, 145.248, 145.306, 145.264, 145.348, 145.369, 145.365, 145.215, 145.278, 145.379, 145.287, 145.286, 145.255, 145.311, 145.308, 145.331, 145.242, 145.165, 145.341, 145.259, 145.378, 145.355, 145.273, 145.361, 145.247, 145.244, 145.281, 145.223, 145.31, 145.372, 145.281, 145.196, 145.219, 145.295, 145.353, 145.33, 145.188, 145.372, 145.382, 145.293, 145.327, 145.349, 145.361, 145.344, 145.335, 145.182, 145.345, 145.363, 145.321, 145.331, 145.192, 145.27, 145.24, 145.287, 145.344, 145.26, 145.405, 145.358, 145.397, 145.34, 145.345, 145.188, 145.396, 145.379, 145.16, 145.246, 145.342, 145.412, 145.368, 145.264, 145.209, 145.394, 145.176, 145.345, 145.399, 145.349, 145.314, 145.429, 145.211, 145.355, 145.152, 145.311, 145.274, 145.299],