{"val_loss": [0.020996924116522733, 0.01292106368846897, 0.012123149821384098, 0.01276272977103123, 0.011306727195701301, 0.009827388480891172, 0.009587968335836194, 0.009741167973783483, 0.009588099865140975, 0.009079643997585448, 0.009814054021155564, 0.009243622233471423, 0.010740203610433074, 0.008553693506281193, 0.00959841711590022, 0.009287351817393381, 0.008719056088760708, 0.00832083110264434, 0.008307085580300362, 0.008563645454320494, 0.009321043795781032, 0.00822239451821695, 0.008419670523033026, 0.008687728942223819, 0.008095016580816317, 0.008531032406501575, 0.008185779493086395, 0.008661732062618659, 0.008918147032732925, 0.00815396568599253, 0.008180364182194085, 0.00803157594482935, 0.007927811782043563, 0.008062060237267254, 0.00875541796171199, 0.008090855371526285, 0.008221569117428289, 0.007907873748776825, 0.00789540070175409, 0.008004087919021807, 0.007988178915933104, 0.008154119533869294, 0.007807459856421166, 0.007957647568165319, 0.007915996253038482, 0.007849273871483198, 0.007791976536335663, 0.007845474010002148, 0.007673407710278886, 0.008032071524854367], "train_loss": [0.07482305180747062, 0.020877338596619666, 0.014101963584835175, 0.013063235870504286, 0.01192253694171086, 0.011690160652506165, 0.010768006370199146, 0.01048272126718075, 0.010983617998135742, 0.010576375356322387, 0.009512517550319899, 0.010549547707341844, 0.009455524661461823, 0.009177414380246773, 0.009141835746049765, 0.009020694360515336, 0.00887036373023875, 0.008830046448565554, 0.008838061803544406, 0.008629938740341458, 0.008536627981811762, 0.00841623508495104, 0.00801130176478182, 0.0077645108231081394, 0.007956571567774517, 0.007767861623506178, 0.0077176834383863024, 0.007659633180082892, 0.008193376161216293, 0.00746290135612071, 0.007196632188424701, 0.0074281719425925985, 0.00708807713999704, 0.007345674661337398, 0.007216351934403065, 0.006824090942245675, 0.00687239516810223, 0.007017288708084379, 0.006685540027319803, 0.006465793605457293, 0.006309697886536014, 0.006246679919058806, 0.00643179270082328, 0.006298271975538228, 0.006508350566946319, 0.006018165307978052, 0.006389688673152705, 0.005995840694595245, 0.005923913713559159, 0.005670047770763631], "train_size": 512, "val_size": 1088, "rand_seed": 324, "shuffle": true, "loss_name": "mean_squared_error", "img_dim": [256, 256, 3], "patch_dim": [128, 128, 3], "patches_per_image": 4, "density_map_sigma": 5, "density_map_multiplication_factor": 100.0, "sub_experiment_name": "vgg_cells/n_32_sigma_5_randseed_324_loss_mse_patch_4_128x128", "architecture": "FCRN_A"}