{"val_loss": [0.17633361307283243, 0.10752273081905311, 0.08859544609569842, 0.0767007725727227, 0.06876664153403705, 0.0720455086686545, 0.06277018697518441, 0.061551051317817636, 0.05755517678335309, 0.05656233326428466, 0.0566388130084508, 0.0516315640674697, 0.049929737837778196, 0.060319226442111865, 0.04629386532016926, 0.04650641460385588, 0.04595194379281667, 0.0500654889167183, 0.04645499944066008, 0.043976984400716096, 0.04841580811060137, 0.04525371899621354, 0.04709885760934816, 0.044414479854620166, 0.044269419016523495, 0.05251173933760987, 0.04785499219886131, 0.042795155559562974, 0.04579121133105622, 0.04425327945500612, 0.042301499750465155, 0.04252626741718915, 0.040982616496168904, 0.04391482048150566, 0.041347383676717676, 0.0501352654149135, 0.04087879006854362, 0.04259284337361654, 0.042053807268126145, 0.04185977831689848, 0.04099345481437114, 0.04207382884083523, 0.040659553112669125, 0.04133608187031415, 0.03977851693828901, 0.03953582188114524, 0.03978341326324476, 0.038833494737951293, 0.040079311881628304, 0.040310402400791645, 0.04053327011772328, 0.04152112247215377, 0.038574746965120234, 0.0384395313449204, 0.03813385539170769, 0.039167698498608336, 0.03991260705515742, 0.040096248189608254, 0.0390160261756844, 0.03950680807853738, 0.03947759238589141, 0.041545171187155776, 0.04362486064847973, 0.039220294915139675, 0.039503850870662265, 0.03904318354196019, 0.03774857334792614, 0.03883090405724943, 0.04313766345795658, 0.03875100819600953, 0.03798412932600412, 0.03929189364943239, 0.041344351368024945, 0.04307734505790803, 0.03891278554995855, 0.03845433479485413, 0.038864922451062336, 0.04875823503567113, 0.03832112653698358, 0.04165730801307493, 0.03939860360696912, 0.037586488786877856, 0.03994220205479198, 0.03827198791421122, 0.03793918421595461, 0.03908419764290253, 0.038319763313564986, 0.03900814040874442, 0.03866055033480128, 0.03786102402955294, 0.038532060829715595, 0.03847863297495577, 0.03845356285779013, 0.04314951076068812, 0.042488643847819835, 0.03783494197866983, 0.0402598566789594, 0.03943576586122314, 0.03937279727930824, 0.03838921545280351], "train_mae": [84.046, 16.471, 5.928, 6.885, 23.671, 37.278, 29.765, 11.092, 5.804, 26.674, 24.695, 5.093, 19.25, 16.689, 5.752, 7.127, 4.921, 4.999, 19.022, 11.99, 7.597, 4.511, 8.078, 14.13, 3.743, 27.913, 23.929, 12.231, 19.964, 3.579, 14.766, 15.049, 5.077, 20.661, 14.815, 28.35, 9.23, 9.511, 3.054, 4.875, 10.149, 4.384, 3.861, 3.875, 3.848, 11.553, 13.414, 8.5, 7.323, 3.537, 2.835, 4.152, 5.36, 8.757, 8.149, 11.179, 8.1, 2.851, 8.191, 14.575, 3.149, 2.969, 22.345, 5.066, 14.496, 7.222, 6.945, 8.598, 5.181, 7.603, 4.079, 16.537, 18.797, 7.473, 6.362, 4.223, 13.722, 27.459, 6.761, 19.275, 5.983, 8.08, 3.049, 11.888, 4.577, 2.607, 5.467, 4.825, 12.82, 8.16, 4.802, 3.062, 12.745, 23.243, 6.569, 7.752, 3.861, 3.379, 5.073, 11.399], "train_rmse": [93.459, 22.495, 8.077, 8.81, 24.791, 38.572, 31.637, 13.76, 7.459, 27.732, 26.354, 6.503, 21.069, 17.439, 6.807, 8.727, 5.742, 6.151, 20.586, 13.646, 8.465, 5.796, 10.29, 16.097, 4.754, 28.689, 25.846, 13.386, 21.693, 4.36, 16.136, 16.651, 6.184, 22.667, 16.084, 29.878, 11.274, 10.379, 3.961, 6.024, 12.135, 5.357, 4.934, 4.575, 4.695, 13.048, 14.675, 9.92, 9.208, 4.343, 3.532, 5.119, 6.77, 9.983, 9.109, 12.377, 9.28, 3.595, 9.215, 15.955, 3.944, 3.576, 23.738, 6.796, 16.442, 8.518, 8.086, 9.352, 5.884, 8.317, 4.986, 18.506, 20.397, 8.004, 7.973, 5.134, 15.146, 28.386, 7.556, 20.166, 7.108, 9.12, 3.953, 13.51, 5.696, 3.277, 6.291, 5.733, 13.846, 9.192, 5.825, 3.656, 13.439, 24.891, 7.178, 9.156, 4.522, 4.278, 6.33, 12.973], "train_underestimate": [45.802, 8.29, 2.027, 3.342, 12.9, 20.315, 16.221, 0.048, 0.54, 14.536, 13.458, 2.36, 10.491, 0.0, 2.968, 3.684, 2.448, 0.154, 10.366, 6.517, 0.032, 2.162, 3.741, 7.687, 1.515, 15.211, 13.04, 6.666, 10.88, 0.295, 8.047, 8.201, 2.532, 11.259, 8.073, 15.45, 4.949, 5.183, 1.357, 1.079, 5.502, 0.609, 1.487, 0.179, 1.991, 6.296, 7.31, 4.61, 3.894, 1.095, 0.864, 2.121, 2.699, 4.761, 4.433, 6.092, 4.385, 1.074, 4.448, 7.943, 1.236, 0.796, 12.177, 2.357, 7.9, 3.852, 3.759, 4.685, 0.059, 4.143, 2.112, 9.012, 10.243, 0.015, 3.041, 2.237, 7.478, 14.964, 3.68, 10.504, 3.195, 4.385, 0.36, 6.471, 2.361, 0.364, 2.955, 2.602, 6.986, 4.442, 2.521, 1.25, 6.945, 12.667, 0.04, 4.179, 0.1, 0.851, 2.461, 6.207], "train_overestimate": [0.0, 0.686, 1.203, 0.41, 0.0, 0.0, 0.0, 5.996, 2.622, 0.0, 0.0, 0.416, 0.0, 9.095, 0.166, 0.2, 0.234, 2.57, 0.0, 0.017, 4.108, 0.296, 0.662, 0.013, 0.525, 0.0, 0.0, 0.0, 0.0, 1.656, 0.0, 0.0, 0.235, 0.0, 0.0, 0.0, 0.081, 0.0, 0.308, 1.577, 0.029, 1.78, 0.617, 1.933, 0.106, 0.0, 0.0, 0.023, 0.097, 0.832, 0.681, 0.142, 0.221, 0.012, 0.007, 0.0, 0.029, 0.48, 0.015, 0.0, 0.479, 0.822, 0.0, 0.404, 0.0, 0.084, 0.026, 0.0, 2.765, 0.0, 0.111, 0.0, 0.0, 4.057, 0.425, 0.065, 0.0, 0.0, 0.004, 0.0, 0.066, 0.018, 1.301, 0.008, 0.133, 1.057, 0.024, 0.027, 0.0, 0.005, 0.096, 0.418, 0.0, 0.0, 3.54, 0.045, 2.005, 0.991, 0.304, 0.005], "train_difference": [45.802, 8.976, 3.23, 3.752, 12.9, 20.315, 16.221, 6.045, 3.163, 14.536, 13.458, 2.775, 10.491, 9.095, 3.135, 3.884, 2.682, 2.724, 10.366, 6.534, 4.14, 2.458, 4.402, 7.7, 2.04, 15.211, 13.04, 6.666, 10.88, 1.951, 8.047, 8.201, 2.767, 11.259, 8.073, 15.45, 5.03, 5.183, 1.665, 2.657, 5.531, 2.389, 2.104, 2.112, 2.097, 6.296, 7.31, 4.632, 3.99, 1.928, 1.545, 2.263, 2.921, 4.772, 4.441, 6.092, 4.414, 1.554, 4.464, 7.943, 1.716, 1.618, 12.177, 2.761, 7.9, 3.936, 3.785, 4.685, 2.823, 4.143, 2.223, 9.012, 10.243, 4.072, 3.467, 2.302, 7.478, 14.964, 3.685, 10.504, 3.26, 4.403, 1.661, 6.479, 2.494, 1.421, 2.979, 2.629, 6.986, 4.447, 2.617, 1.669, 6.945, 12.667, 3.58, 4.224, 2.104, 1.842, 2.764, 6.212], "val_mae": [78.816, 15.14, 5.005, 6.296, 23.086, 36.027, 28.277, 11.214, 6.453, 25.516, 23.226, 4.541, 18.02, 17.228, 5.454, 6.107, 4.874, 5.874, 17.958, 10.942, 7.993, 3.898, 6.77, 13.237, 3.705, 26.915, 22.576, 11.401, 18.628, 4.311, 13.959, 14.226, 4.657, 19.427, 13.92, 27.22, 8.461, 9.198, 3.532, 4.387, 9.409, 4.627, 3.482, 4.544, 4.255, 11.03, 12.886, 8.191, 6.803, 3.5, 3.685, 4.14, 5.007, 8.291, 7.908, 10.714, 7.843, 3.27, 8.022, 13.989, 3.536, 3.524, 21.628, 4.484, 13.889, 6.87, 6.845, 8.47, 5.406, 8.079, 4.237, 15.869, 18.117, 7.012, 6.149, 4.464, 13.398, 26.941, 6.972, 18.888, 5.976, 8.053, 3.536, 11.594, 4.74, 3.323, 5.537, 6.09, 12.926, 8.255, 5.25, 4.098, 12.777, 22.665, 6.567, 7.749, 4.191, 3.368, 5.102, 11.333], "val_rmse": [87.428, 19.575, 6.831, 8.402, 24.141, 37.229, 30.085, 14.29, 8.493, 26.619, 24.772, 6.37, 19.7, 18.025, 6.942, 7.759, 6.105, 6.712, 19.271, 12.605, 9.042, 5.433, 8.662, 15.17, 4.869, 27.705, 24.195, 12.566, 20.225, 5.032, 15.383, 15.621, 6.187, 21.17, 15.094, 28.582, 10.239, 10.238, 4.636, 5.662, 11.084, 5.444, 4.792, 5.411, 5.526, 12.404, 14.14, 9.679, 8.425, 4.567, 4.994, 5.599, 6.627, 9.679, 9.173, 12.044, 9.407, 4.366, 9.362, 15.334, 4.713, 4.419, 23.027, 6.08, 15.728, 8.367, 8.231, 9.533, 6.092, 9.114, 5.624, 17.791, 19.662, 8.054, 7.698, 5.839, 14.918, 27.904, 8.153, 19.878, 7.493, 9.469, 5.007, 13.372, 6.322, 4.304, 6.781, 7.334, 14.262, 9.396, 6.681, 5.122, 13.691, 24.396, 7.42, 9.374, 5.152, 4.558, 6.644, 13.072], "val_underestimate": [45.031, 7.891, 1.861, 3.325, 13.19, 20.583, 16.156, 0.221, 0.827, 14.578, 13.27, 2.128, 10.296, 0.0, 2.865, 3.313, 2.413, 0.304, 10.26, 6.221, 0.058, 1.899, 3.21, 7.563, 1.456, 15.378, 12.898, 6.514, 10.643, 0.472, 7.975, 8.128, 2.385, 11.099, 7.953, 15.552, 4.755, 5.255, 1.517, 0.817, 5.351, 0.651, 1.377, 0.395, 2.208, 6.302, 7.362, 4.664, 3.797, 1.092, 1.146, 2.204, 2.679, 4.736, 4.518, 6.121, 4.467, 1.262, 4.583, 7.993, 1.446, 0.996, 12.357, 2.256, 7.935, 3.835, 3.906, 4.839, 0.266, 4.56, 2.267, 9.066, 10.351, 0.012, 3.041, 2.452, 7.655, 15.392, 3.967, 10.791, 3.358, 4.599, 0.719, 6.618, 2.6, 0.757, 3.146, 3.281, 7.385, 4.716, 2.877, 1.827, 7.3, 12.95, 0.185, 4.371, 0.418, 1.067, 2.633, 6.464],