{"val_loss": [0.17424789781798608, 0.15880903385113926, 0.18273472704458982, 0.13888019649893976, 0.13711472201975994, 0.1290143206831999, 0.13010468837455846, 0.11535422992892563, 0.11395112529280596, 0.10995147830690258, 0.10498763435753063, 0.1045244594104588, 0.10799260427011177, 0.10300584461074322, 0.12040287859854289, 0.10030847188900224, 0.1025024487345945, 0.09614178167539648, 0.12020172182237729, 0.09609953106264583, 0.09337690443499014, 0.09630067701800726, 0.101713893993292, 0.09301484295865521, 0.0922878042096272, 0.09373001117492094, 0.09313459554687142, 0.106545960821677, 0.09615763123729267, 0.09596160980290733, 0.09389593086089007, 0.1059022597502917, 0.0961039808113128, 0.09531302134273574, 0.09628544508013874, 0.10540912662982009, 0.0949972869886551, 0.09265525988885201, 0.09496729976963252, 0.09382156011997722, 0.09273399735684507, 0.09237090430106036, 0.11311083430191501, 0.09319038023240864, 0.09420056918170303, 0.09555096979020164, 0.09577750051394104, 0.09303715520654805, 0.09731578441569581, 0.09367694369866512], "train_loss": [0.20593211536739478, 0.18677842006420126, 0.17107435815520936, 0.16101118510510176, 0.15040437140221763, 0.1424139220914205, 0.1368847273474086, 0.13126464164377918, 0.12741928717098125, 0.12282340260088256, 0.1152785007198134, 0.11121105789177727, 0.10801502714170066, 0.10597593268980987, 0.10027335377973519, 0.09692038450212011, 0.09771060218982001, 0.08866224161657245, 0.08595723823314316, 0.0834516766294983, 0.07790895773982483, 0.07507052619651042, 0.07434440401512662, 0.0699188562597624, 0.06779957992728321, 0.06352947656755689, 0.06115406324837334, 0.058453195852075694, 0.05783138376679622, 0.05507334089454053, 0.053978230567359974, 0.05266870643657436, 0.05009562334667623, 0.04821054732571516, 0.048718040833486166, 0.043929316616196736, 0.04466705519025766, 0.042423155075917166, 0.0450664080174342, 0.04147534037109604, 0.03862309314348504, 0.04134535783249301, 0.03803187720499477, 0.03834161295359925, 0.035945501287254655, 0.03520234943758755, 0.03495182490909069, 0.034490559190266466, 0.033034265559198785, 0.033891397027654986], "train_size": 1276, "val_size": 320, "rand_seed": 3201, "shuffle": true, "loss_name": "logcosh", "img_dim": [768, 1024, 3], "patch_dim": [768, 1024, 3], "patches_per_image": 1, "density_map_sigma": 10, "density_map_multiplication_factor": 2000.0, "sub_experiment_name": "shanghai_tech/part_b/sigma_10_loss_logcosh_full_img_epochs_50_lr_1e-4", "architecture": "FCRN_A"}