{"val_loss": [0.04035324417054653, 0.041498483520829015, 0.03710668896221452, 0.036268873140215874, 0.03218199724021057, 0.02904313782023059, 0.027974869771343138, 0.026760208420455456, 0.02243718530775772, 0.021289466026549537, 0.017762072746538453, 0.01622940949164331, 0.017096878908988502, 0.01496533755885644, 0.01371583949205362, 0.014615364489145577, 0.014191175138370858, 0.01220634455482165, 0.01211487886030227, 0.011701257162106534, 0.011241049415224956, 0.010605915152053867, 0.010160425962466333, 0.010301771153333701, 0.010322382182089819, 0.009172265902937701, 0.010430211304790445, 0.008785211248323321, 0.009213698031898174, 0.007943640411314037, 0.008901616784795705, 0.0077882705437433385, 0.007302405551955517, 0.007604195464712878, 0.010171311661704548, 0.007300445809960365, 0.01055993301431752, 0.008234189490192674, 0.0068349755666632615, 0.007634584481517474, 0.007833147667244904, 0.007652993831369612, 0.007124415420952978, 0.006973223741321514, 0.007834693167953648, 0.0067080748332146965, 0.006440144326511977, 0.006278283024180887, 0.00598082122612848, 0.005827449414128851, 0.006030457805738681, 0.00609015019209538, 0.005636592896836292, 0.0055532536385322195, 0.005537338735949662, 0.00531303604818984, 0.005445556281807108, 0.005200925085874688, 0.00550121995426404, 0.0058711828638075125, 0.005319810107014039, 0.005450717461321296, 0.005467467136137809, 0.005956844750067426, 0.004916028226337706, 0.0076301854310764205, 0.006451816550300767, 0.0049811678311218405, 0.006295195447617314, 0.006900460834407972, 0.006096907060257056, 0.006002561046948863, 0.005495898988253127, 0.005671945526652659, 0.005292449140041653, 0.0051381826568912305, 0.004818300942942087, 0.0046604386718374574, 0.005002039222745225, 0.004808697096046267, 0.005161217892439001, 0.004627137393173244, 0.0045354958274401724, 0.0046151981902463985, 0.00448116184432163, 0.0044596171549831825, 0.0043692479052373934, 0.0044233208334642565, 0.004361411876743659, 0.004277084197383374, 0.004292705380875204, 0.00427319231029186, 0.004298446496250108, 0.004388132601484863, 0.005186106983779205, 0.004451267094635922, 0.006905923354982709, 0.010669174953363836, 0.007806422525188989, 0.0075691217336700195], "train_mae": [96.35, 72.474, 55.056, 57.396, 45.797, 22.807, 26.569, 49.981, 28.062, 47.49, 20.626, 17.558, 39.951, 24.673, 14.006, 34.612, 37.44, 12.178, 16.274, 16.759, 14.099, 8.809, 6.759, 20.625, 25.702, 12.034, 34.732, 16.294, 25.326, 5.228, 29.126, 13.863, 6.44, 16.423, 48.568, 18.955, 51.281, 31.557, 6.883, 23.389, 28.37, 28.108, 19.373, 21.152, 24.844, 11.966, 11.472, 15.6, 5.458, 6.552, 12.065, 13.767, 6.614, 9.281, 9.622, 5.243, 12.354, 4.809, 12.033, 19.135, 11.958, 17.715, 19.352, 23.238, 4.342, 42.34, 31.291, 9.256, 29.628, 34.794, 28.763, 21.013, 21.137, 20.588, 18.468, 11.734, 9.21, 4.103, 9.676, 13.032, 16.388, 8.869, 5.807, 7.589, 4.897, 3.954, 3.715, 9.778, 3.743, 3.73, 8.927, 4.077, 6.35, 7.541, 21.085, 12.581, 40.115, 59.306, 34.049, 40.835], "train_rmse": [103.156, 81.764, 58.267, 67.388, 49.554, 27.501, 33.783, 53.05, 35.726, 50.112, 26.624, 21.283, 42.256, 31.547, 16.569, 36.053, 42.233, 13.703, 17.593, 21.196, 15.248, 12.313, 9.677, 21.692, 26.62, 14.087, 36.387, 17.545, 26.849, 6.805, 30.425, 15.454, 7.972, 18.33, 50.468, 20.504, 52.809, 33.349, 8.675, 24.808, 29.942, 29.344, 21.085, 22.444, 26.785, 13.936, 13.36, 16.828, 7.168, 8.152, 13.511, 16.056, 8.251, 10.632, 11.448, 6.863, 13.806, 6.289, 13.93, 21.024, 13.611, 18.79, 20.346, 24.922, 5.784, 43.826, 32.648, 10.675, 30.963, 36.39, 29.851, 22.972, 22.096, 22.255, 19.523, 13.351, 10.61, 5.478, 11.185, 14.267, 18.033, 10.081, 7.142, 9.07, 6.226, 5.254, 4.981, 10.989, 4.955, 4.918, 10.134, 5.309, 7.612, 8.863, 22.468, 13.547, 41.886, 61.44, 36.618, 42.352], "train_underestimate": [52.024, 39.132, 0.091, 30.899, 0.24, 3.221, 11.839, 0.13, 13.41, 0.118, 8.468, 2.925, 0.111, 12.751, 2.036, 0.0, 20.215, 0.958, 0.32, 9.015, 0.395, 4.174, 3.024, 0.0, 0.0, 6.495, 18.753, 0.0, 0.0, 2.226, 15.727, 7.485, 0.488, 0.024, 0.0, 0.0, 27.689, 0.0, 3.502, 12.629, 0.0, 15.177, 0.0, 11.421, 0.0, 6.401, 0.125, 8.415, 2.016, 0.441, 6.488, 0.109, 0.715, 4.861, 0.207, 2.298, 6.641, 0.863, 0.071, 0.0, 0.058, 9.565, 10.449, 0.0, 1.576, 22.861, 0.0, 4.93, 15.997, 0.0, 15.531, 0.0, 11.413, 0.0, 9.972, 0.054, 4.907, 1.074, 0.1, 7.037, 0.0, 4.735, 2.919, 0.165, 2.328, 0.704, 1.09, 5.266, 0.761, 1.252, 4.792, 0.497, 0.167, 0.117, 0.0, 0.019, 21.66, 0.0, 18.385, 0.0], "train_overestimate": [0.0, 0.0, 29.636, 0.092, 24.487, 9.093, 2.507, 26.857, 1.742, 25.524, 2.669, 6.556, 21.46, 0.571, 5.527, 18.689, 0.0, 5.618, 8.467, 0.034, 7.218, 0.582, 0.626, 11.136, 13.878, 0.002, 0.0, 8.798, 13.675, 0.597, 0.0, 0.0, 2.989, 8.843, 26.224, 10.235, 0.0, 17.039, 0.215, 0.0, 15.319, 0.0, 10.46, 0.0, 13.415, 0.06, 6.069, 0.008, 0.931, 3.097, 0.027, 7.324, 2.857, 0.15, 4.989, 0.533, 0.029, 1.733, 6.426, 10.332, 6.399, 0.0, 0.0, 12.548, 0.769, 0.0, 16.896, 0.067, 0.0, 18.787, 0.0, 11.346, 0.0, 11.116, 0.0, 6.282, 0.066, 1.141, 5.124, 0.0, 8.849, 0.054, 0.216, 3.932, 0.316, 1.431, 0.915, 0.013, 1.259, 0.762, 0.029, 1.704, 3.262, 3.955, 11.385, 6.775, 0.0, 32.022, 0.0, 22.049], "train_difference": [52.024, 39.132, 29.727, 30.991, 24.728, 12.315, 14.346, 26.987, 15.152, 25.642, 11.137, 9.481, 21.572, 13.322, 7.563, 18.689, 20.215, 6.576, 8.787, 9.049, 7.613, 4.756, 3.65, 11.136, 13.878, 6.498, 18.753, 8.798, 13.675, 2.823, 15.727, 7.485, 3.477, 8.868, 26.224, 10.235, 27.689, 17.039, 3.716, 12.629, 15.319, 15.177, 10.46, 11.421, 13.415, 6.461, 6.195, 8.423, 2.947, 3.538, 6.515, 7.433, 3.571, 5.011, 5.195, 2.831, 6.67, 2.597, 6.497, 10.332, 6.457, 9.565, 10.449, 12.548, 2.344, 22.861, 16.896, 4.998, 15.997, 18.787, 15.531, 11.346, 11.413, 11.116, 9.972, 6.336, 4.973, 2.215, 5.225, 7.037, 8.849, 4.789, 3.135, 4.098, 2.644, 2.135, 2.006, 5.28, 2.021, 2.014, 4.82, 2.201, 3.429, 4.072, 11.385, 6.793, 21.66, 32.022, 18.385, 22.049], "val_mae": [88.273, 63.678, 59.237, 48.907, 51.011, 29.726, 28.405, 54.122, 28.152, 50.968, 23.955, 23.368, 43.201, 22.776, 18.575, 36.084, 33.136, 15.11, 18.215, 14.676, 15.997, 9.331, 7.611, 21.188, 25.131, 11.046, 32.215, 16.02, 23.842, 5.198, 27.211, 12.891, 6.016, 15.286, 45.71, 18.111, 47.907, 29.641, 6.214, 21.474, 26.745, 26.241, 18.202, 19.629, 23.419, 10.646, 10.688, 15.15, 5.419, 6.1, 10.781, 12.841, 5.697, 8.453, 9.049, 4.59, 10.899, 4.332, 11.538, 18.503, 11.773, 15.881, 17.44, 22.614, 3.739, 38.899, 30.519, 7.755, 26.797, 33.548, 26.273, 20.103, 19.227, 20.028, 16.458, 11.655, 7.741, 3.923, 9.893, 11.327, 16.324, 7.413, 4.46, 7.824, 4.107, 4.081, 3.711, 8.031, 3.963, 3.645, 7.175, 4.416, 7.012, 8.153, 21.166, 13.396, 36.261, 57.12, 30.084, 39.504], "val_rmse": [98.271, 77.606, 63.128, 64.522, 54.936, 34.227, 36.211, 57.712, 37.394, 54.166, 30.053, 26.939, 45.881, 32.208, 21.112, 37.871, 40.789, 16.857, 19.725, 21.542, 17.397, 13.81, 11.172, 22.39, 26.282, 14.007, 34.736, 17.557, 25.705, 7.298, 29.092, 14.947, 8.033, 17.548, 48.068, 19.79, 50.045, 31.834, 8.287, 23.403, 28.631, 27.902, 20.144, 21.3, 25.743, 13.233, 12.812, 16.255, 6.903, 7.885, 12.24, 15.621, 7.938, 9.529, 11.11, 5.927, 12.372, 5.847, 13.616, 20.53, 13.511, 17.028, 18.494, 24.502, 5.007, 40.923, 32.033, 9.218, 28.56, 35.461, 27.667, 22.456, 20.357, 21.931, 17.682, 13.507, 9.251, 5.133, 11.582, 12.667, 18.137, 8.584, 5.896, 9.457, 5.213, 5.395, 4.697, 9.321, 5.148, 4.558, 8.466, 5.775, 8.331, 9.593, 22.78, 14.292, 38.772, 59.988, 33.898, 41.35],