{"val_loss": [1.6053566099966274, 0.273213753805441, 0.04067051265498295, 0.07007669219199349, 0.03945370251312852, 0.05557355114861446, 0.0369710212929503, 0.04763325663995655, 0.03492211847675636, 0.044049128944821214, 0.03286170989603681, 0.037505434113828576, 0.031209311324774343, 0.036334491745733166, 0.029158283956348896, 0.029672965612810326, 0.027123217224417365, 0.026805723387309733, 0.02633770797675585, 0.022962114492924336, 0.023237903027192634, 0.021028635352302122, 0.021439207512337494, 0.019278797170366433, 0.018756552476107198, 0.019584312651525524, 0.01740757211604539, 0.018318537958240247, 0.018362683490576112, 0.0165472065906643, 0.017456732930012923, 0.017218732049086076, 0.015682932934449875, 0.016469272024765173, 0.015555659767842907, 0.015290362048236764, 0.015329171211787444, 0.014199682401821893, 0.014641127090298516, 0.01405208495527725, 0.013353690676226774, 0.013770931818084243, 0.013290272566818577, 0.012660593205295941, 0.012702535529730512, 0.012715605580631425, 0.012404935208477956, 0.01179583671653424, 0.0116823878728182, 0.011858597096494016, 0.01178060528164839, 0.011600708523902166, 0.011134745649007313, 0.010726110321496996, 0.010478076336713618, 0.010356182951534934, 0.010397038946393877, 0.010806409892050879, 0.011836655109244235, 0.013146525461171918, 0.012445873827399576, 0.010109047617708497, 0.009430731869275299, 0.011409424676779, 0.013390770407996196, 0.009560671703451696, 0.01222118258010596, 0.010523534855832729, 0.01011501596076414, 0.010992922340793645, 0.008918075808597839, 0.010776949813589454, 0.008888798149521737, 0.009557779758538613, 0.009417532443288057, 0.008534016977886067, 0.009308663268765324, 0.008135446511647281, 0.008699811567031942, 0.008387721575084417, 0.007606587759629988, 0.008351164551533978, 0.0077424584614003405, 0.0072689476176438965, 0.007866523663431187, 0.0075788769925780155, 0.00711132783565999, 0.006999261937487651, 0.007213151842520079, 0.007654393752625979, 0.007127477054703324, 0.006846237023744513, 0.006444783634780084, 0.006425957075621495, 0.006799752591177821, 0.006945345232345383, 0.007893891929758383, 0.008023442382075112, 0.008672951282385518, 0.006966172731207574], "train_mae": [1536.23, 474.089, 41.448, 158.761, 32.921, 131.197, 25.297, 96.443, 28.265, 101.532, 30.957, 67.018, 32.469, 86.344, 39.653, 43.662, 32.752, 46.373, 52.493, 26.689, 37.652, 32.816, 44.897, 25.547, 25.917, 42.209, 21.309, 33.527, 38.967, 19.557, 33.688, 34.657, 17.624, 32.694, 23.003, 22.555, 27.729, 12.725, 25.531, 19.782, 11.012, 24.479, 18.584, 10.885, 17.486, 20.329, 19.89, 8.643, 8.96, 21.419, 21.593, 22.341, 15.844, 9.69, 6.411, 8.42, 17.61, 26.044, 42.979, 52.622, 52.129, 23.601, 13.046, 46.609, 55.214, 11.603, 50.509, 28.795, 26.469, 42.311, 8.464, 39.627, 12.851, 28.809, 27.729, 13.346, 32.78, 8.086, 22.717, 25.861, 6.426, 23.615, 19.775, 5.538, 21.22, 22.18, 8.495, 8.336, 21.625, 25.5, 22.962, 13.588, 5.163, 8.519, 17.603, 25.051, 34.891, 41.062, 42.423, 29.817], "train_rmse": [1562.749, 477.746, 45.638, 169.018, 37.311, 131.891, 30.612, 107.242, 32.795, 102.79, 35.231, 78.898, 41.608, 88.387, 43.839, 55.329, 42.371, 50.255, 56.069, 34.159, 48.452, 36.608, 48.408, 33.153, 34.173, 45.285, 24.854, 43.495, 41.68, 22.496, 42.164, 36.819, 19.853, 39.646, 24.877, 24.366, 33.927, 15.007, 27.31, 25.9, 14.088, 26.151, 24.098, 12.752, 18.812, 24.879, 21.383, 11.875, 13.723, 22.734, 25.01, 23.627, 18.996, 10.899, 8.593, 12.122, 18.888, 28.481, 43.857, 54.842, 53.03, 26.125, 16.234, 47.601, 57.686, 12.92, 51.282, 31.501, 29.051, 43.172, 10.028, 41.438, 14.335, 29.872, 29.304, 15.505, 33.653, 10.682, 24.508, 26.74, 7.891, 25.087, 20.827, 6.975, 22.507, 23.176, 10.38, 10.273, 22.575, 26.717, 23.912, 15.039, 6.532, 10.119, 18.604, 26.131, 35.714, 42.141, 43.375, 30.825], "train_underestimate": [814.166, 0.0, 0.661, 84.14, 1.672, 0.0, 5.673, 51.113, 3.082, 0.0, 2.192, 35.518, 14.748, 0.0, 0.97, 22.544, 15.466, 0.362, 0.147, 10.795, 19.061, 1.231, 0.329, 10.8, 11.612, 0.288, 3.023, 17.509, 0.236, 2.291, 17.793, 0.182, 1.714, 17.325, 0.629, 0.582, 14.685, 2.2, 0.191, 10.422, 3.193, 0.173, 9.813, 1.6, 0.438, 10.774, 0.183, 3.01, 4.156, 0.125, 11.444, 0.033, 8.397, 0.677, 1.362, 4.299, 0.105, 13.803, 0.0, 27.888, 0.0, 12.508, 6.895, 0.0, 29.262, 0.633, 0.0, 15.261, 14.028, 0.0, 0.632, 21.001, 0.143, 0.0, 14.696, 7.054, 0.0, 4.126, 12.04, 0.0, 0.535, 12.515, 0.0, 0.546, 11.246, 0.0, 4.396, 4.294, 0.0, 13.514, 0.0, 7.201, 0.518, 0.068, 9.329, 0.0, 18.491, 0.0, 22.483, 0.0], "train_overestimate": [0.0, 251.256, 21.305, 0.0, 15.776, 69.532, 7.734, 0.0, 11.898, 53.809, 14.214, 0.0, 2.46, 45.761, 20.045, 0.596, 1.892, 24.214, 27.674, 3.349, 0.894, 16.161, 23.465, 2.74, 2.123, 22.082, 8.27, 0.26, 20.416, 8.073, 0.06, 18.185, 7.627, 0.002, 11.562, 11.372, 0.011, 4.544, 13.339, 0.062, 2.643, 12.8, 0.036, 4.169, 8.829, 0.0, 10.358, 1.571, 0.593, 11.226, 0.0, 11.807, 0.0, 4.458, 2.036, 0.163, 9.228, 0.0, 22.778, 0.0, 27.627, 0.0, 0.019, 24.702, 0.0, 5.516, 26.769, 0.0, 0.0, 22.424, 3.854, 0.0, 6.668, 15.268, 0.0, 0.019, 17.373, 0.159, 0.0, 13.706, 2.871, 0.0, 10.481, 2.389, 0.0, 11.755, 0.106, 0.123, 11.461, 0.0, 12.169, 0.0, 2.218, 4.447, 0.0, 13.276, 0.0, 21.762, 0.0, 15.802], "train_difference": [814.166, 251.256, 21.966, 84.14, 17.448, 69.532, 13.407, 51.113, 14.98, 53.809, 16.407, 35.518, 17.208, 45.761, 21.015, 23.14, 17.358, 24.577, 27.82, 14.145, 19.955, 17.392, 23.794, 13.54, 13.735, 22.37, 11.293, 17.769, 20.652, 10.365, 17.854, 18.368, 9.341, 17.327, 12.191, 11.954, 14.696, 6.744, 13.531, 10.484, 5.836, 12.973, 9.849, 5.769, 9.267, 10.774, 10.541, 4.58, 4.749, 11.351, 11.444, 11.84, 8.397, 5.135, 3.398, 4.462, 9.333, 13.803, 22.778, 27.888, 27.627, 12.508, 6.914, 24.702, 29.262, 6.149, 26.769, 15.261, 14.028, 22.424, 4.486, 21.001, 6.811, 15.268, 14.696, 7.073, 17.373, 4.285, 12.04, 13.706, 3.406, 12.515, 10.481, 2.935, 11.246, 11.755, 4.502, 4.418, 11.461, 13.514, 12.169, 7.201, 2.736, 4.515, 9.329, 13.276, 18.491, 21.762, 22.483, 15.802], "val_mae": [1478.279, 460.24, 43.466, 147.23, 33.721, 131.805, 22.731, 87.338, 28.043, 103.173, 31.305, 59.08, 27.032, 88.86, 41.332, 36.931, 27.34, 48.947, 55.314, 22.209, 31.542, 33.839, 47.482, 21.14, 21.48, 44.402, 20.333, 28.451, 40.748, 18.882, 29.046, 35.578, 16.818, 29.226, 22.58, 22.043, 25.083, 11.441, 25.32, 17.73, 9.219, 24.13, 16.929, 9.605, 16.342, 19.093, 19.062, 6.965, 7.936, 20.459, 20.892, 21.009, 15.768, 8.088, 5.372, 8.466, 15.956, 25.713, 40.615, 51.314, 49.27, 23.422, 13.31, 43.567, 53.738, 9.85, 48.318, 28.398, 26.304, 39.916, 6.895, 39.496, 10.823, 26.16, 28.453, 14.579, 29.993, 9.376, 23.627, 23.293, 5.417, 24.82, 16.892, 4.822, 22.767, 19.111, 10.484, 10.265, 18.734, 26.868, 19.911, 15.536, 4.812, 6.845, 19.464, 21.699, 36.096, 37.208, 43.148, 26.488], "val_rmse": [1501.847, 463.721, 47.069, 156.067, 38.013, 132.262, 27.48, 96.611, 32.194, 103.97, 35.459, 69.384, 34.206, 90.177, 45.287, 46.993, 34.951, 51.884, 57.779, 27.89, 40.548, 37.558, 50.12, 26.955, 27.781, 46.673, 23.51, 36.709, 42.72, 21.476, 36.341, 37.201, 18.882, 34.952, 24.583, 23.974, 30.121, 13.121, 26.8, 22.709, 11.619, 25.533, 21.319, 11.013, 17.818, 22.469, 20.367, 9.574, 11.422, 21.63, 23.262, 22.116, 17.878, 9.323, 6.987, 11.055, 17.28, 27.38, 41.482, 52.933, 50.218, 25.162, 15.449, 44.659, 55.566, 11.272, 49.037, 30.31, 28.111, 40.763, 8.367, 40.795, 12.403, 27.289, 29.608, 16.159, 30.935, 11.279, 25.028, 24.277, 6.812, 26.038, 18.207, 6.318, 23.897, 20.38, 12.01, 11.843, 19.98, 27.981, 21.183, 16.823, 6.343, 8.524, 20.492, 23.096, 36.893, 38.444, 44.033, 27.743],