{"val_loss": [0.2990927431075012, 0.17881536439937704, 0.12971287034451962, 0.10939968103433356, 0.10296498458175098, 0.08823628866058938, 0.10640600093585603, 0.0800836800104555, 0.07644393032088, 0.0730860095252009, 0.06664486804648358, 0.07755421518402941, 0.0669896880931714, 0.061720281894154405, 0.06121394125854268, 0.05975640050190337, 0.05536317592486739, 0.05434018787106171, 0.05398664404364193, 0.05263235195375541, 0.05079465181402424, 0.04932557920213131, 0.05475351499284015, 0.05318851889494587, 0.0507810310296276, 0.05132995039115057, 0.053418586879749506, 0.053128356798825896, 0.04894281252670814, 0.04811683987431666, 0.04830316544565208, 0.04883900742210886, 0.04668402282849831, 0.04613724501584383, 0.05566918882815277, 0.0639073680538465, 0.04861287734306911, 0.04759447358767776, 0.04512523722780101, 0.04498664569109678, 0.046028226860524976, 0.0474204714410007, 0.04440668458119035, 0.04479213447912651, 0.04884417201666271, 0.0445039502947646, 0.04391446657588377, 0.044718311387388146, 0.048354960868463796, 0.046996577533290666, 0.04549870155203868, 0.04358346072737785, 0.043882349533412385, 0.045184141079730844, 0.05607511026456075, 0.04727035530788057, 0.047644187011482084, 0.047875927843372613, 0.04443453252315521, 0.044204836464760935, 0.04755618264350821, 0.04597152928438257, 0.043353225214078146, 0.04956207564100623, 0.043000990415320677, 0.04751228500048027, 0.04928193145486362, 0.04718289349009009, 0.046695165116997325, 0.0442561152500703, 0.04305338982821388, 0.04174450404175064, 0.044361586655106616, 0.042925378335091996, 0.0448208178174408, 0.04201362933963537, 0.04255976741585661, 0.041402006795739424, 0.04175706465235528, 0.04506029188632965, 0.04416792672675322, 0.04355831504525507, 0.04394166124984622, 0.043521896525121784, 0.045516984071582556, 0.041834843399770116, 0.04408779384239631, 0.04258598987122669, 0.04506926575456472, 0.04484729003161192, 0.04547086796339821, 0.041242752388557964, 0.04102007138049778, 0.04173006993882796, 0.0413974557784112, 0.04111150285119519, 0.0421332915806595, 0.04211553550489685, 0.04221970818060286, 0.04263008095543174], "train_mae": [155.229, 89.007, 30.024, 25.549, 34.07, 8.643, 61.291, 15.403, 29.106, 14.92, 14.248, 42.726, 13.229, 17.964, 8.226, 8.823, 5.432, 5.243, 18.153, 6.362, 14.968, 9.077, 26.065, 24.754, 5.98, 9.274, 23.966, 9.344, 15.615, 12.255, 5.194, 17.116, 14.483, 5.875, 11.538, 38.966, 4.471, 17.492, 11.469, 5.528, 15.344, 4.288, 6.896, 3.794, 21.51, 3.61, 5.566, 3.817, 23.998, 20.19, 8.842, 5.603, 3.285, 4.996, 25.333, 6.118, 10.788, 22.911, 4.062, 9.941, 22.307, 6.473, 6.76, 25.548, 3.243, 5.268, 23.746, 5.147, 11.923, 5.96, 9.26, 3.858, 4.284, 3.017, 6.184, 5.075, 5.842, 4.352, 6.234, 8.021, 3.654, 14.651, 14.82, 3.856, 18.244, 5.735, 11.475, 3.054, 7.723, 19.994, 18.223, 3.843, 4.227, 3.376, 4.109, 5.457, 11.605, 3.148, 3.536, 13.983], "train_rmse": [155.68, 98.363, 38.429, 31.987, 36.042, 11.786, 63.486, 17.832, 32.331, 16.631, 16.549, 43.984, 14.49, 20.34, 9.694, 11.027, 6.199, 6.487, 18.869, 7.965, 16.99, 11.026, 27.535, 26.228, 6.927, 11.093, 25.075, 10.489, 17.574, 13.686, 6.565, 18.079, 16.383, 7.021, 12.344, 40.397, 5.785, 19.581, 13.136, 6.5, 16.246, 5.21, 8.088, 4.832, 22.351, 4.31, 6.581, 4.946, 25.479, 21.361, 10.466, 6.724, 4.481, 5.889, 25.969, 7.263, 11.682, 24.935, 4.939, 10.885, 23.646, 8.359, 7.898, 26.855, 4.127, 6.282, 24.781, 6.396, 12.648, 6.899, 10.308, 4.64, 5.132, 3.511, 7.164, 5.989, 6.956, 5.187, 6.963, 9.339, 4.845, 16.924, 16.078, 4.739, 19.255, 6.847, 12.122, 3.912, 8.73, 21.549, 18.9, 4.628, 5.075, 4.355, 4.826, 6.412, 12.834, 3.922, 4.463, 15.195], "train_underestimate": [0.0, 47.172, 15.191, 13.425, 18.056, 4.179, 32.483, 8.145, 15.425, 7.907, 7.491, 22.644, 7.003, 9.521, 4.254, 2.849, 2.04, 1.254, 9.621, 2.88, 7.932, 4.34, 13.814, 13.119, 2.597, 3.624, 12.701, 0.0, 8.183, 6.495, 1.372, 9.071, 7.674, 3.013, 0.0, 20.651, 0.109, 9.27, 6.056, 2.749, 8.132, 0.525, 3.623, 0.818, 11.4, 1.206, 2.753, 1.113, 12.718, 10.7, 4.396, 2.854, 0.759, 0.167, 13.426, 2.051, 5.65, 12.142, 1.807, 5.268, 11.822, 0.019, 3.325, 13.54, 0.685, 0.055, 12.585, 0.133, 6.319, 3.062, 4.908, 1.707, 0.21, 1.024, 0.0, 2.525, 2.825, 2.168, 3.213, 4.167, 0.388, 7.764, 7.854, 1.546, 9.669, 2.85, 6.081, 0.79, 0.0, 10.596, 9.658, 1.738, 2.016, 0.975, 1.903, 2.864, 6.15, 1.445, 1.501, 7.411], "train_overestimate": [82.268, 0.0, 0.721, 0.115, 0.0, 0.402, 0.0, 0.018, 0.0, 0.0, 0.06, 0.0, 0.008, 0.0, 0.106, 1.827, 0.838, 1.525, 0.0, 0.492, 0.0, 0.471, 0.0, 0.0, 0.573, 1.291, 0.0, 4.952, 0.092, 0.0, 1.381, 0.0, 0.002, 0.1, 6.115, 0.0, 2.261, 0.0, 0.023, 0.181, 0.0, 1.748, 0.032, 1.193, 0.0, 0.707, 0.197, 0.91, 0.0, 0.0, 0.29, 0.115, 0.982, 2.481, 0.0, 1.192, 0.067, 0.0, 0.346, 0.0, 0.0, 3.411, 0.258, 0.0, 1.034, 2.737, 0.0, 2.595, 0.0, 0.097, 0.0, 0.338, 2.061, 0.575, 3.277, 0.164, 0.271, 0.139, 0.091, 0.084, 1.549, 0.0, 0.0, 0.497, 0.0, 0.189, 0.0, 0.829, 4.093, 0.0, 0.0, 0.298, 0.224, 0.814, 0.274, 0.028, 0.0, 0.223, 0.373, 0.0], "train_difference": [82.268, 47.172, 15.912, 13.54, 18.056, 4.581, 32.483, 8.163, 15.425, 7.907, 7.551, 22.644, 7.011, 9.521, 4.36, 4.676, 2.879, 2.778, 9.621, 3.372, 7.932, 4.811, 13.814, 13.119, 3.169, 4.915, 12.701, 4.952, 8.276, 6.495, 2.753, 9.071, 7.676, 3.114, 6.115, 20.651, 2.369, 9.27, 6.078, 2.93, 8.132, 2.273, 3.655, 2.011, 11.4, 1.913, 2.95, 2.023, 12.718, 10.7, 4.686, 2.97, 1.741, 2.648, 13.426, 3.243, 5.717, 12.142, 2.153, 5.268, 11.822, 3.431, 3.583, 13.54, 1.719, 2.792, 12.585, 2.728, 6.319, 3.158, 4.908, 2.045, 2.27, 1.599, 3.277, 2.689, 3.096, 2.306, 3.304, 4.251, 1.937, 7.764, 7.854, 2.043, 9.669, 3.039, 6.081, 1.618, 4.093, 10.596, 9.658, 2.036, 2.24, 1.789, 2.178, 2.892, 6.15, 1.669, 1.874, 7.411], "val_mae": [153.817, 81.429, 25.566, 22.689, 33.84, 8.266, 59.519, 15.623, 28.028, 15.684, 14.458, 42.803, 14.349, 18.133, 9.681, 8.534, 5.27, 4.955, 19.736, 6.674, 15.163, 8.885, 26.166, 24.932, 6.785, 9.124, 24.26, 8.434, 15.607, 12.745, 5.662, 17.727, 15.09, 7.061, 10.059, 38.511, 4.123, 17.297, 11.999, 6.314, 16.103, 4.324, 8.285, 3.875, 22.241, 3.886, 6.435, 4.213, 24.004, 20.52, 8.92, 6.755, 3.598, 4.402, 26.91, 7.215, 12.974, 22.625, 4.56, 11.097, 22.703, 5.028, 7.987, 25.699, 3.376, 4.915, 24.245, 4.832, 13.225, 7.465, 10.327, 4.826, 4.107, 3.649, 4.902, 6.588, 6.952, 5.641, 7.958, 8.964, 3.562, 14.849, 15.867, 4.657, 19.233, 6.729, 12.682, 3.605, 5.792, 20.539, 19.635, 5.266, 5.73, 4.235, 5.653, 7.355, 12.678, 4.65, 4.762, 15.212], "val_rmse": [154.194, 89.375, 32.87, 28.411, 35.374, 10.894, 61.065, 17.431, 30.421, 17.108, 16.42, 43.939, 15.534, 20.021, 11.317, 10.586, 6.664, 6.233, 20.412, 8.414, 16.947, 10.919, 27.676, 26.398, 8.279, 10.98, 25.361, 9.727, 17.982, 14.224, 6.741, 18.756, 17.08, 8.298, 10.87, 39.881, 4.993, 19.414, 13.738, 7.531, 17.019, 5.167, 9.482, 4.81, 23.137, 5.207, 7.744, 5.232, 25.522, 21.71, 10.837, 7.935, 4.733, 5.224, 27.515, 8.432, 13.805, 24.636, 5.834, 12.159, 24.016, 6.226, 9.566, 27.108, 4.422, 5.687, 25.408, 5.915, 14.117, 8.623, 11.485, 6.062, 4.919, 4.804, 5.798, 7.871, 8.56, 6.825, 8.942, 10.723, 4.358, 17.004, 17.35, 5.991, 20.396, 8.254, 13.519, 4.709, 6.72, 22.126, 20.551, 6.536, 7.07, 5.342, 6.859, 8.561, 14.174, 5.837, 5.939, 16.714], "val_underestimate": [0.0, 46.116, 13.758, 12.822, 19.165, 4.513, 33.707, 8.846, 15.873, 8.883, 8.188, 24.241, 8.127, 10.269, 5.465, 3.072, 2.625, 1.566, 11.177, 3.431, 8.587, 4.612, 14.819, 14.12, 3.454, 3.799, 13.739, 0.089, 8.815, 7.218, 1.661, 10.04, 8.531, 3.963, 0.007, 21.81, 0.435, 9.796, 6.772, 3.511, 9.119, 0.939, 4.664, 1.16, 12.596, 1.837, 3.552, 1.518, 13.594, 11.621, 4.807, 3.786, 1.4, 0.402, 15.24, 2.814, 7.348, 12.813, 2.379, 6.285, 12.857, 0.231, 4.332, 14.554, 1.23, 0.298, 13.731, 0.518, 7.49, 4.166, 5.838, 2.526, 0.567, 1.765, 0.186, 3.656, 3.717, 3.117, 4.498, 5.029, 0.997, 8.408, 8.986, 2.238, 10.893, 3.674, 7.182, 1.656, 0.138, 11.632, 11.12, 2.88, 3.112, 1.682, 3.129, 4.121, 7.179, 2.463, 2.574, 8.615],