{"val_loss": [1.669002939673031, 1.4610338237355738, 0.21571850075441248, 0.40472058601239147, 0.20038532115080776, 0.18944282917415395, 0.18804221424986334, 0.16983186431667385, 0.1640886398141875, 0.14369789379484513, 0.1284093714373953, 0.11856921269174885, 0.10785838830120423, 0.1083681073916309, 0.10534037529107403, 0.10068830984699376, 0.09686782205586925, 0.09061332759173478, 0.08624578946653534, 0.08415315239964162, 0.08183990911964108, 0.08188050185494564, 0.0805096186368781, 0.07843976133667371, 0.07838245119680376, 0.0733943360255045, 0.07327740064219516, 0.07638674333472462, 0.0716865616850555, 0.06991507529335864, 0.06710269129561151, 0.07108637339928571, 0.07469454676131992, 0.06570257235537558, 0.06231315984555027, 0.061855041011072254, 0.05933951715226559, 0.05729280371109352, 0.0669323174721178, 0.060917183099424135, 0.05982135597835569, 0.06105481890742393, 0.05605527054628029, 0.05359887230374357, 0.05803397451253498, 0.05626063226886532, 0.054992337848114616, 0.051465440815424215, 0.055470956133349854, 0.05174838839208379, 0.05045265633174602, 0.05111487563151647, 0.052775643464616113, 0.051081997451975066, 0.048983625108923984, 0.05102506255292717, 0.05414049406809842, 0.048562214298940753, 0.048744142630740124, 0.04981548799311414, 0.05696498358841328, 0.05493840794352924, 0.05430191308807801, 0.049555941210950125, 0.048149320050416625, 0.04589312444167102, 0.046145796255372906, 0.05074871495804366, 0.05160129998865373, 0.05037736640695263, 0.047081015675383454, 0.046305982505573946, 0.04604644251658636, 0.04518616960986572, 0.044999920872642714, 0.04523970293538535, 0.044110634391579556, 0.04386339194196112, 0.04470599601593088, 0.04316769852576887, 0.04707745339392739, 0.04376768679631984, 0.05404647316454964, 0.0507962948313969, 0.047364077256882894, 0.04399758286993293, 0.04353526503066806, 0.04559055425445823, 0.045171500402776635, 0.04440569570835899, 0.042790057466310615, 0.043577881666886455, 0.042756215532255525, 0.045808057547273004, 0.046558473724871874, 0.04583722142064396, 0.042987054296057016, 0.042452745577868295, 0.04324042802566991, 0.04210760406054118], "train_mae": [1128.239, 1000.699, 134.432, 249.581, 39.519, 81.723, 91.682, 54.544, 24.66, 21.764, 46.047, 20.964, 25.209, 28.978, 18.11, 34.551, 12.498, 29.164, 13.815, 23.605, 20.31, 9.18, 31.652, 6.98, 31.237, 7.6, 6.574, 34.167, 5.373, 26.014, 20.376, 12.445, 38.665, 4.504, 16.7, 20.726, 4.494, 13.836, 36.894, 28.578, 13.428, 28.668, 3.761, 12.033, 26.995, 8.886, 21.311, 13.223, 14.083, 17.225, 12.448, 3.865, 20.428, 5.94, 11.698, 19.856, 14.228, 14.395, 15.175, 5.575, 29.158, 17.065, 27.225, 8.861, 16.44, 4.962, 2.954, 23.473, 15.069, 23.203, 5.583, 12.506, 12.815, 2.881, 11.764, 3.274, 2.799, 10.021, 13.557, 3.949, 10.755, 3.011, 30.246, 16.308, 19.025, 4.677, 5.819, 16.667, 7.74, 15.174, 5.908, 2.958, 4.056, 18.082, 18.971, 8.663, 8.988, 8.513, 4.075, 6.45], "train_rmse": [1142.077, 1022.161, 143.929, 250.537, 43.589, 92.416, 101.832, 65.909, 28.632, 27.269, 55.743, 23.745, 32.905, 36.476, 19.992, 41.427, 15.213, 35.159, 19.935, 28.722, 25.482, 13.77, 36.404, 10.483, 34.917, 10.788, 9.42, 36.394, 7.245, 28.213, 22.739, 14.016, 40.495, 6.2, 18.124, 22.32, 5.709, 15.272, 38.847, 30.084, 15.929, 30.035, 5.187, 13.511, 28.74, 10.449, 22.398, 14.437, 15.726, 18.517, 13.529, 5.593, 21.598, 7.524, 13.081, 21.16, 15.292, 15.628, 16.267, 6.889, 30.428, 18.142, 28.777, 10.045, 17.738, 5.862, 3.72, 25.015, 15.998, 24.587, 6.723, 13.619, 13.956, 3.959, 13.196, 4.156, 3.482, 11.033, 15.161, 4.68, 11.661, 4.044, 32.06, 17.14, 20.353, 5.482, 6.665, 18.025, 8.869, 16.312, 7.128, 3.835, 4.956, 19.661, 20.323, 10.303, 10.72, 9.757, 5.47, 7.539], "train_underestimate": [0.0, 530.347, 71.246, 0.0, 0.814, 43.311, 48.589, 28.81, 2.844, 6.951, 24.312, 1.873, 12.925, 15.27, 1.131, 18.311, 2.786, 15.456, 7.154, 12.51, 10.764, 3.934, 16.775, 2.582, 16.555, 3.543, 2.771, 18.108, 0.369, 13.787, 10.799, 0.0, 20.492, 0.484, 8.851, 10.984, 1.548, 7.333, 19.553, 15.146, 0.023, 15.193, 0.668, 6.377, 14.307, 0.0, 11.295, 7.008, 0.0, 9.129, 6.597, 0.173, 10.826, 0.018, 6.2, 10.523, 0.0, 7.629, 8.042, 0.019, 15.453, 0.0, 14.429, 0.0, 8.713, 2.482, 0.709, 12.44, 0.0, 12.297, 0.001, 6.628, 6.792, 0.52, 6.235, 0.308, 0.787, 5.311, 7.185, 1.877, 0.0, 0.184, 16.03, 0.0, 10.083, 2.339, 3.041, 8.833, 0.0, 8.042, 2.991, 0.264, 1.896, 9.583, 10.054, 0.002, 4.757, 4.511, 0.226, 3.366], "train_overestimate": [597.941, 0.0, 0.0, 132.272, 20.13, 0.0, 0.0, 0.097, 10.225, 4.583, 0.092, 9.237, 0.435, 0.088, 8.467, 0.0, 3.837, 0.0, 0.168, 0.0, 0.0, 0.931, 0.0, 1.117, 0.0, 0.485, 0.712, 0.0, 2.478, 0.0, 0.0, 6.596, 0.0, 1.904, 0.0, 0.0, 0.834, 0.0, 0.0, 0.0, 7.093, 0.0, 1.325, 0.0, 0.0, 4.709, 0.0, 0.0, 7.464, 0.0, 0.0, 1.876, 0.0, 3.13, 0.0, 0.0, 7.54, 0.0, 0.0, 2.936, 0.0, 9.044, 0.0, 4.696, 0.0, 0.148, 0.856, 0.0, 7.986, 0.0, 2.958, 0.0, 0.0, 1.007, 0.0, 1.427, 0.696, 0.0, 0.0, 0.216, 5.7, 1.412, 0.0, 8.643, 0.0, 0.14, 0.043, 0.0, 4.102, 0.0, 0.14, 1.304, 0.254, 0.0, 0.0, 4.59, 0.006, 0.0, 1.933, 0.052], "train_difference": [597.941, 530.347, 71.246, 132.272, 20.944, 43.311, 48.589, 28.907, 13.069, 11.535, 24.404, 11.11, 13.36, 15.358, 9.598, 18.311, 6.623, 15.456, 7.322, 12.51, 10.764, 4.865, 16.775, 3.699, 16.555, 4.028, 3.484, 18.108, 2.847, 13.787, 10.799, 6.596, 20.492, 2.387, 8.851, 10.984, 2.382, 7.333, 19.553, 15.146, 7.116, 15.193, 1.993, 6.377, 14.307, 4.709, 11.295, 7.008, 7.464, 9.129, 6.597, 2.048, 10.826, 3.148, 6.2, 10.523, 7.54, 7.629, 8.042, 2.955, 15.453, 9.044, 14.429, 4.696, 8.713, 2.63, 1.565, 12.44, 7.986, 12.297, 2.959, 6.628, 6.792, 1.527, 6.235, 1.735, 1.484, 5.311, 7.185, 2.093, 5.7, 1.596, 16.03, 8.643, 10.083, 2.479, 3.084, 8.833, 4.102, 8.042, 3.131, 1.568, 2.15, 9.583, 10.054, 4.591, 4.763, 4.511, 2.159, 3.419], "val_mae": [1089.091, 957.377, 125.009, 244.661, 41.162, 73.707, 83.424, 47.646, 24.112, 18.961, 40.385, 20.604, 21.767, 25.169, 17.747, 30.915, 11.025, 26.389, 12.49, 21.665, 18.676, 7.929, 29.478, 6.503, 29.869, 7.529, 6.548, 33.693, 5.179, 25.998, 20.604, 10.309, 38.382, 4.583, 17.748, 21.349, 5.092, 15.168, 36.513, 28.821, 10.243, 29.028, 4.18, 13.373, 27.154, 7.273, 22.293, 14.458, 11.012, 17.993, 13.756, 4.058, 21.171, 5.166, 12.858, 20.591, 11.596, 15.4, 16.128, 4.838, 29.388, 14.299, 27.422, 7.124, 17.202, 6.33, 4.093, 23.739, 12.554, 23.503, 4.834, 13.569, 13.817, 3.808, 12.774, 4.106, 3.948, 11.388, 14.317, 5.22, 8.343, 3.601, 30.092, 13.525, 19.816, 6.057, 7.599, 17.514, 5.801, 16.2, 7.087, 3.57, 5.158, 18.681, 19.524, 6.431, 10.013, 9.903, 3.616, 8.102], "val_rmse": [1101.74, 976.309, 133.1, 245.628, 44.853, 82.895, 92.093, 57.654, 27.767, 23.176, 49.066, 23.321, 28.305, 31.743, 19.555, 36.588, 13.118, 31.197, 17.073, 25.604, 22.634, 11.539, 33.162, 9.136, 32.732, 10.311, 9.115, 35.545, 6.657, 27.935, 22.713, 11.901, 40.0, 6.019, 19.13, 22.859, 6.695, 16.572, 38.304, 30.247, 12.747, 30.307, 5.513, 14.801, 28.819, 8.608, 23.461, 15.789, 12.819, 19.411, 15.008, 5.351, 22.514, 6.526, 14.4, 22.0, 12.98, 16.78, 17.408, 6.095, 30.747, 15.627, 29.057, 8.401, 18.701, 7.928, 5.195, 25.34, 13.799, 24.976, 5.95, 15.033, 15.271, 4.768, 14.46, 5.028, 4.924, 12.702, 16.164, 6.763, 9.448, 4.448, 31.913, 14.574, 21.293, 7.659, 9.011, 19.129, 6.935, 17.595, 8.912, 4.431, 6.811, 20.413, 21.028, 7.998, 11.892, 11.456, 4.629, 9.792],