{"val_loss": [1.2321897476911545, 1.1353780995123088, 1.01216194126755, 1.26823252402246, 1.4169229441322386, 1.4251567939296366, 1.4243739759549499, 1.424559955112636, 1.4246461175382137, 1.4243682466447354, 1.4245494613423944, 1.4244597261771559, 1.4243496403098106, 1.4244148014113307, 1.4243049148470164, 1.424712748453021, 1.424486580863595, 1.4244267845526337, 1.4241451973095536, 1.4241525592282414, 1.4244678601622582, 1.4246564773842691, 1.4246129006147386, 1.4245804991573094, 1.4246743973344564, 1.4246321950107812, 1.4245976919308305, 1.4247146157547832, 1.4246401101350785, 1.424641946144402, 1.424658714234829, 1.4247530287131667, 1.4245949443429708, 1.424686179868877, 1.424687628634274, 1.424593185260892, 1.4247922226786613, 1.4246590657159686, 1.4245440198108554, 1.424501232802868, 1.4244850726798177, 1.4246999112889172, 1.4246138092130423, 1.4245483435690403, 1.4245985692366958, 1.4246576275676488, 1.424484221637249, 1.4245051514357328, 1.4246535610407591, 1.4245899848639965, 1.4246730184182526, 1.4246850747615099, 1.4247905731201171, 1.4246870145201682, 1.42458127271384, 1.4245793852955102, 1.4246441278606654, 1.4247001463547349, 1.4245501549914479, 1.424926014058292, 1.4247439147904515, 1.4247498350217938, 1.4246016202494503, 1.4246004110202193, 1.4246639560908079, 1.424615516513586, 1.424615497328341, 1.4245218209922315, 1.4245987975969912, 1.424556678161025, 1.4245633702725171, 1.4245404791086913, 1.424559640698135, 1.4246469300240279, 1.4247382067143917, 1.424529125727713, 1.4245141737163067, 1.4245382891967893, 1.4244825880974532, 1.4246112130582333, 1.4245262691751122, 1.4244986085221172, 1.4246877135708929, 1.4245839223265648, 1.4245255831629038, 1.4245960097759962, 1.4247336752712727, 1.4246453408151865, 1.4244368828833103, 1.4245504623278975, 1.4245700910687447, 1.4245201863348484, 1.4245593456551433, 1.424522960372269, 1.4245028890669347, 1.4245215298607945, 1.424772016145289, 1.4247088108211756, 1.4245872532948851, 1.4245256444439292], "train_mae": [61.407, 53.785, 51.531, 97.396, 70.486, 70.543, 72.578, 73.351, 73.62, 72.772, 73.32, 73.087, 72.828, 73.185, 73.052, 73.753, 73.35, 73.434, 72.973, 73.108, 72.455, 73.224, 73.09, 72.98, 73.275, 73.151, 73.04, 73.388, 73.175, 73.181, 73.23, 73.492, 73.031, 73.307, 73.311, 73.025, 73.592, 73.231, 72.842, 72.653, 72.566, 73.346, 73.094, 72.859, 73.043, 73.227, 72.561, 72.673, 73.215, 73.014, 73.271, 73.304, 73.588, 73.31, 72.983, 72.976, 73.188, 73.347, 72.866, 73.897, 73.468, 73.484, 73.053, 73.049, 73.245, 73.099, 73.099, 72.75, 73.044, 72.891, 72.917, 72.828, 72.902, 73.196, 73.453, 72.782, 72.716, 72.82, 72.551, 73.085, 72.77, 72.64, 73.312, 72.992, 72.767, 73.034, 73.441, 73.191, 72.053, 72.867, 72.942, 72.743, 72.901, 72.755, 72.662, 72.749, 73.541, 73.372, 73.004, 72.767], "train_rmse": [85.963, 80.223, 64.855, 110.026, 102.858, 97.443, 96.035, 96.017, 96.038, 96.016, 96.013, 96.006, 96.012, 96.004, 95.999, 96.028, 96.009, 96.008, 95.985, 95.989, 96.048, 96.008, 96.005, 96.005, 96.01, 96.006, 96.005, 96.016, 96.006, 96.006, 96.008, 96.024, 96.005, 96.012, 96.012, 96.005, 96.034, 96.008, 96.01, 96.024, 96.033, 96.014, 96.005, 96.009, 96.005, 96.008, 96.034, 96.022, 96.007, 96.005, 96.01, 96.011, 96.033, 96.012, 96.005, 96.005, 96.007, 96.014, 96.009, 96.074, 96.022, 96.023, 96.005, 96.005, 96.009, 96.005, 96.005, 96.015, 96.005, 96.008, 96.007, 96.011, 96.007, 96.007, 96.021, 96.013, 96.018, 96.011, 96.035, 96.005, 96.014, 96.025, 96.012, 96.005, 96.014, 96.005, 96.02, 96.007, 96.132, 96.009, 96.006, 96.016, 96.007, 96.015, 96.023, 96.016, 96.029, 96.015, 96.005, 96.014], "train_underestimate": [27.021, 27.664, 10.253, 9.379, 43.953, 35.227, 30.244, 29.096, 28.747, 29.938, 29.136, 29.471, 29.851, 29.324, 29.508, 28.513, 29.079, 28.958, 29.588, 29.401, 30.426, 29.267, 29.46, 29.619, 29.193, 29.372, 29.532, 29.04, 29.337, 29.329, 29.258, 28.905, 29.546, 29.147, 29.141, 29.554, 28.775, 29.256, 29.822, 30.116, 30.252, 29.094, 29.455, 29.797, 29.528, 29.262, 30.26, 30.086, 29.279, 29.57, 29.199, 29.151, 28.781, 29.143, 29.615, 29.624, 29.319, 29.093, 29.785, 28.38, 28.936, 28.916, 29.513, 29.519, 29.236, 29.447, 29.447, 29.965, 29.527, 29.748, 29.71, 29.844, 29.731, 29.307, 28.956, 29.917, 30.019, 29.858, 30.275, 29.467, 29.935, 30.137, 29.14, 29.601, 29.94, 29.54, 28.972, 29.314, 31.105, 29.784, 29.673, 29.976, 29.733, 29.958, 30.103, 29.967, 28.841, 29.061, 29.584, 29.939], "train_overestimate": [22.587, 15.787, 31.377, 69.303, 12.99, 21.762, 28.389, 30.161, 30.727, 28.851, 30.096, 29.572, 28.984, 29.799, 29.508, 31.069, 30.177, 30.367, 29.364, 29.66, 28.107, 29.887, 29.587, 29.339, 30.002, 29.724, 29.474, 30.247, 29.778, 29.791, 29.902, 30.466, 29.453, 30.075, 30.084, 29.439, 30.676, 29.904, 29.024, 28.577, 28.371, 30.159, 29.594, 29.063, 29.48, 29.895, 28.359, 28.624, 29.868, 29.414, 29.993, 30.069, 30.668, 30.08, 29.345, 29.33, 29.806, 30.161, 29.08, 31.318, 30.415, 30.448, 29.504, 29.495, 29.936, 29.606, 29.606, 28.806, 29.482, 29.138, 29.196, 28.99, 29.164, 29.825, 30.383, 28.881, 28.725, 28.97, 28.336, 29.575, 28.852, 28.546, 30.085, 29.366, 28.845, 29.461, 30.358, 29.814, 27.103, 29.083, 29.253, 28.79, 29.161, 28.818, 28.597, 28.803, 30.57, 30.213, 29.393, 28.846], "train_difference": [49.608, 43.451, 41.63, 78.682, 56.943, 56.989, 58.633, 59.257, 59.474, 58.79, 59.232, 59.044, 58.834, 59.123, 59.016, 59.582, 59.256, 59.324, 58.952, 59.061, 58.533, 59.154, 59.046, 58.957, 59.196, 59.096, 59.006, 59.287, 59.115, 59.12, 59.16, 59.371, 58.998, 59.222, 59.225, 58.993, 59.452, 59.16, 58.846, 58.693, 58.623, 59.253, 59.049, 58.86, 59.008, 59.157, 58.619, 58.709, 59.147, 58.985, 59.192, 59.219, 59.448, 59.224, 58.96, 58.954, 59.125, 59.254, 58.865, 59.698, 59.352, 59.364, 59.017, 59.013, 59.172, 59.054, 59.053, 58.772, 59.009, 58.885, 58.906, 58.835, 58.895, 59.132, 59.339, 58.797, 58.744, 58.828, 58.611, 59.042, 58.787, 58.683, 59.225, 58.967, 58.785, 59.001, 59.33, 59.128, 58.208, 58.866, 58.927, 58.766, 58.894, 58.776, 58.7, 58.771, 59.411, 59.274, 58.977, 58.785], "val_mae": [56.28, 48.247, 47.157, 96.106, 61.858, 61.861, 64.726, 65.618, 65.901, 64.951, 65.585, 65.318, 65.018, 65.43, 65.283, 66.073, 65.636, 65.727, 65.218, 65.37, 64.606, 65.488, 65.335, 65.209, 65.546, 65.405, 65.278, 65.67, 65.433, 65.439, 65.496, 65.779, 65.267, 65.583, 65.588, 65.26, 65.884, 65.497, 65.049, 64.823, 64.727, 65.626, 65.339, 65.069, 65.281, 65.492, 64.722, 64.844, 65.478, 65.248, 65.542, 65.58, 65.88, 65.586, 65.213, 65.205, 65.447, 65.626, 65.078, 66.205, 65.754, 65.77, 65.293, 65.289, 65.513, 65.345, 65.345, 64.937, 65.282, 65.107, 65.137, 65.032, 65.121, 65.456, 65.738, 64.976, 64.896, 65.021, 64.711, 65.329, 64.961, 64.808, 65.588, 65.223, 64.957, 65.272, 65.725, 65.451, 64.137, 65.079, 65.166, 64.929, 65.119, 64.943, 64.832, 64.936, 65.831, 65.652, 65.237, 64.958], "val_rmse": [75.451, 69.118, 56.941, 105.191, 89.948, 84.654, 83.897, 84.094, 84.186, 83.932, 84.082, 84.009, 83.943, 84.034, 83.997, 84.237, 84.1, 84.122, 83.977, 84.017, 83.884, 84.058, 84.018, 83.988, 84.075, 84.036, 84.004, 84.112, 84.043, 84.045, 84.06, 84.147, 84.001, 84.085, 84.087, 84.0, 84.183, 84.06, 83.955, 83.915, 83.9, 84.098, 84.019, 83.959, 84.005, 84.059, 83.9, 83.919, 84.055, 83.997, 84.073, 84.084, 84.181, 84.086, 83.989, 83.987, 84.047, 84.098, 83.96, 84.306, 84.138, 84.144, 84.008, 84.007, 84.065, 84.02, 84.02, 83.934, 84.005, 83.966, 83.972, 83.951, 83.969, 84.049, 84.133, 83.941, 83.927, 83.949, 83.898, 84.016, 83.938, 83.913, 84.087, 83.991, 83.938, 84.002, 84.129, 84.048, 83.856, 83.961, 83.979, 83.933, 83.969, 83.935, 83.917, 83.934, 84.164, 84.106, 83.994, 83.938],