{"val_loss": [0.11842261110432446, 0.10612323847599328, 0.1047297847981099, 0.10096215343219228, 0.10030036305543036, 0.10043920561438427, 0.09897042780648917, 0.09880722927046008, 0.09820247563766316, 0.09780641855322755, 0.09921417802106589, 0.09678594329743646, 0.09767434199457056, 0.09673339506844059, 0.0967922463605646, 0.1013718164525926, 0.09613770596333779, 0.10187507161172107, 0.09777195387287066, 0.09574637662153691, 0.09567859590169973, 0.097258430859074, 0.09696387004223653, 0.0977240013773553, 0.09464526668307371, 0.09430401584249921, 0.0968366272689309, 0.09649521273677238, 0.09509969864157028, 0.09455390031216666, 0.09584881660412066, 0.09477411733823829, 0.09654118923936039, 0.09552780608646572, 0.10207585074240341, 0.09415580122731626, 0.09429647002834826, 0.09930079506593756, 0.09531554646673612, 0.09556237867218442, 0.0970192521053832, 0.0951579378976021, 0.09556249787565321, 0.09607414771453478, 0.09543019534903578, 0.09547075357404537, 0.09630629322491586, 0.09679555205511861, 0.09426499534165486, 0.09517133514164015], "val_activation_2_loss": [0.12273251105798408, 0.12273251105798408, 0.12273251105798408, 0.12273251105798408, 0.12273251105798408, 0.12273251105798408, 0.12273251105798408, 0.12273251105798408, 0.12273251105798408, 0.12273251105798408, 0.12273251105798408, 0.12273251105798408, 0.12273251105798408, 0.12273251105798408, 0.12273251105798408, 0.12273251105798408, 0.12273251105798408, 0.12273251105798408, 0.12273251105798408, 0.12273251105798408, 0.12273251105798408, 0.12273251105798408, 0.12273251105798408, 0.12273251105798408, 0.12273251105798408, 0.12273251105798408, 0.12273251105798408, 0.12273251105798408, 0.12273251105798408, 0.12273251105798408, 0.12273251105798408, 0.12273251105798408, 0.12273251105798408, 0.12273251105798408, 0.12273251105798408, 0.12273251105798408, 0.12273251105798408, 0.12273251105798408, 0.12273251105798408, 0.12273251105798408, 0.12273251105798408, 0.12273251105798408, 0.12273251105798408, 0.12273251105798408, 0.12273251105798408, 0.12273251105798408, 0.12273251105798408, 0.12273251105798408, 0.12273251105798408, 0.12273251105798408], "val_conv2d_24_loss": [0.11842261110432446, 0.10612323847599328, 0.1047297847981099, 0.10096215343219228, 0.10030036305543036, 0.10043920561438427, 0.09897042780648917, 0.09880722927046008, 0.09820247563766316, 0.09780641855322755, 0.09921417802106589, 0.09678594329743646, 0.09767434199457056, 0.09673339506844059, 0.0967922463605646, 0.1013718164525926, 0.09613770596333779, 0.10187507161172107, 0.09777195387287066, 0.09574637662153691, 0.09567859590169973, 0.097258430859074, 0.09696387004223653, 0.0977240013773553, 0.09464526668307371, 0.09430401584249921, 0.0968366272689309, 0.09649521273677238, 0.09509969864157028, 0.09455390031216666, 0.09584881660412066, 0.09477411733823829, 0.09654118923936039, 0.09552780608646572, 0.10207585074240341, 0.09415580122731626, 0.09429647002834826, 0.09930079506593756, 0.09531554646673612, 0.09556237867218442, 0.0970192521053832, 0.0951579378976021, 0.09556249787565321, 0.09607414771453478, 0.09543019534903578, 0.09547075357404537, 0.09630629322491586, 0.09679555205511861, 0.09426499534165486, 0.09517133514164015], "activation_2_loss": [0.10078323937275192, 0.10126695074914695, 0.10060104562355013, 0.10089178277591249, 0.10124390084459957, 0.10146194372251688, 0.10013689597970792, 0.09995495510684636, 0.1004682503426068, 0.10161657243139376, 0.1003098711707165, 0.10095763691922878, 0.1003408045989686, 0.10111858811795851, 0.10013689106800316, 0.10067752288029672, 0.10023101051133651, 0.09939869147284558, 0.10075773655942008, 0.10146583336533914, 0.10070520560884831, 0.10050660361635111, 0.10044923531319246, 0.10098832941885605, 0.1016782179560956, 0.1006733783196693, 0.10088707581687964, 0.10140988176037502, 0.10136274162163159, 0.10072331937164256, 0.10085563029696855, 0.10097416130925141, 0.10012231980885458, 0.10041542022144509, 0.10041738942274268, 0.10000125048638302, 0.10130081748404485, 0.10058318560345969, 0.10081719319178463, 0.09986442707838099, 0.10046973038861838, 0.10026320807203697, 0.10141052497655947, 0.10081048282359648, 0.10167512090235867, 0.09964819485704826, 0.10122747869496482, 0.10087355690990753, 0.10153557815980224, 0.10057146761779524], "conv2d_24_loss": [0.0807129886341836, 0.07177826641660277, 0.06754874402684886, 0.06621860998403865, 0.06792479340511821, 0.0673600729953313, 0.06578257300070418, 0.06217734632711802, 0.0617120946718447, 0.06360843944205277, 0.06169175076791812, 0.061394172666463374, 0.06062942713504178, 0.05993071350332519, 0.06096058521112486, 0.06223598890445198, 0.05877839171562671, 0.05923226934132899, 0.05865164862476365, 0.05944950324342715, 0.059299122189794926, 0.05836188048014832, 0.058194990798179205, 0.05832067622473247, 0.05866184546588482, 0.05703006832019045, 0.05841144984080763, 0.057359504133724204, 0.05865313428890932, 0.05782120674282902, 0.055457303307981154, 0.05752347652536896, 0.05665435259503044, 0.056100869680671635, 0.05553490307428772, 0.055862346215561895, 0.05644511038433015, 0.05498965422859704, 0.054536263463722374, 0.05599984088981944, 0.05408857977242197, 0.05436927406555246, 0.05404835782073319, 0.05372591914395951, 0.056751499222379855, 0.053505014650113834, 0.054111287585710724, 0.05235588875371849, 0.053748365119391565, 0.054471379937166144], "train_loss": [0.0807129886341836, 0.07177826641660277, 0.06754874402684886, 0.06621860998403865, 0.06792479340511821, 0.0673600729953313, 0.06578257300070418, 0.06217734632711802, 0.0617120946718447, 0.06360843944205277, 0.06169175076791812, 0.061394172666463374, 0.06062942713504178, 0.05993071350332519, 0.06096058521112486, 0.06223598890445198, 0.05877839171562671, 0.05923226934132899, 0.05865164862476365, 0.05944950324342715, 0.059299122189794926, 0.05836188048014832, 0.058194990798179205, 0.05832067622473247, 0.05866184546588482, 0.05703006832019045, 0.05841144984080763, 0.057359504133724204, 0.05865313428890932, 0.05782120674282902, 0.055457303307981154, 0.05752347652536896, 0.05665435259503044, 0.056100869680671635, 0.05553490307428772, 0.055862346215561895, 0.05644511038433015, 0.05498965422859704, 0.054536263463722374, 0.05599984088981944, 0.05408857977242197, 0.05436927406555246, 0.05404835782073319, 0.05372591914395951, 0.056751499222379855, 0.053505014650113834, 0.054111287585710724, 0.05235588875371849, 0.053748365119391565, 0.054471379937166144], "train_size": 1276, "val_size": 320, "rand_seed": 3201, "shuffle": true, "seg_loss_name": "binary_crossentropy", "reg_loss_name": "logcosh", "img_dim": [768, 1024, 3], "patch_dim": [256, 256, 3], "patches_per_image": 16, "density_map_sigma": 10, "density_map_multiplication_factor": 2000.0, "sub_experiment_name": "shanghai_tech/part_b/sigma_10_loss_logcosh_patch_16_256x256_epochs_50_lr_1e-4", "architecture": "SegRegNet"}