{"val_loss": [0.24425678432453424, 0.22072858395986258, 0.19613483203575016, 0.184339384525083, 0.17734452735166997, 0.16440061053726823, 0.21554855655413122, 0.1526762161287479, 0.15083893788978459, 0.144025897141546, 0.14098425790434704, 0.14403173258760943, 0.13815280612325295, 0.13441495721926913, 0.13643820132128895, 0.13311968808993696, 0.1350326742278412, 0.1331718457280658, 0.1269345237640664, 0.126517088629771, 0.1251347095705569, 0.12422822256339713, 0.12273251105798408, 0.12674016285454853, 0.12769617177546025], "val_activation_1_loss": [0.24425678432453424, 0.22072858395986258, 0.19613483203575016, 0.184339384525083, 0.17734452735166997, 0.16440061053726823, 0.21554855655413122, 0.1526762161287479, 0.15083893788978459, 0.144025897141546, 0.14098425790434704, 0.14403173258760943, 0.13815280612325295, 0.13441495721926913, 0.13643820132128895, 0.13311968808993696, 0.1350326742278412, 0.1331718457280658, 0.1269345237640664, 0.126517088629771, 0.1251347095705569, 0.12422822256339713, 0.12273251105798408, 0.12674016285454853, 0.12769617177546025], "val_conv2d_12_loss": [0.2921129329362884, 0.25766697961371393, 0.24585325355874374, 0.2453856971114874, 0.2424809896154329, 0.239134489512071, 0.23469467232935132, 0.2358530871453695, 0.23457485844846815, 0.23432038858300075, 0.23326816787011923, 0.2332640361855738, 0.23355237380601465, 0.23166027137776837, 0.23103242043871433, 0.23332351401913912, 0.23240173156373203, 0.23150932597927748, 0.23081367545528336, 0.2311938838684, 0.2312042981153354, 0.23054304156685249, 0.23137713460018858, 0.23224865805823355, 0.23007290379609913], "activation_1_loss": [0.2624203251298155, 0.21800325121759762, 0.19412870807529406, 0.17668530494733758, 0.16954904742579802, 0.1571371288354097, 0.1481775115229493, 0.1438117067462423, 0.13644443843572118, 0.13544217374783044, 0.12964742629680065, 0.12733682401209695, 0.12474584181721506, 0.11972634254978111, 0.11720301850726624, 0.11600723032851275, 0.11546167548305025, 0.11138949673666639, 0.10921212658359082, 0.10786048630996954, 0.10536681711147312, 0.10477547231933167, 0.1021556784391555, 0.1007495485698705, 0.09940508580080534], "conv2d_12_loss": [0.33809846416582884, 0.19649946024688106, 0.1838548646963911, 0.17403027442353997, 0.17456565329915957, 0.1718400865990295, 0.16456072172223005, 0.16548605440082292, 0.16300240526637091, 0.16260575424138235, 0.16589930172747608, 0.16290426913570016, 0.16246191661098394, 0.15866525539745896, 0.15923394037313543, 0.1615309522014263, 0.16062199481949793, 0.16011807426509556, 0.15968801686175307, 0.1641606465407186, 0.16425716353169434, 0.16183787458839016, 0.1629151145352465, 0.15808534442569744, 0.16094343726184557], "train_loss": [0.2624203251298155, 0.21800325121759762, 0.19412870807529406, 0.17668530494733758, 0.16954904742579802, 0.1571371288354097, 0.1481775115229493, 0.1438117067462423, 0.13644443843572118, 0.13544217374783044, 0.12964742629680065, 0.12733682401209695, 0.12474584181721506, 0.11972634254978111, 0.11720301850726624, 0.11600723032851275, 0.11546167548305025, 0.11138949673666639, 0.10921212658359082, 0.10786048630996954, 0.10536681711147312, 0.10477547231933167, 0.1021556784391555, 0.1007495485698705, 0.09940508580080534], "train_size": 1276, "val_size": 320, "rand_seed": 3201, "shuffle": true, "seg_loss_name": "binary_crossentropy", "reg_loss_name": "logcosh", "img_dim": [768, 1024, 3], "patch_dim": [256, 256, 3], "patches_per_image": 16, "density_map_sigma": 10, "density_map_multiplication_factor": 2000.0, "sub_experiment_name": "shanghai_tech/part_b/sigma_10_loss_logcosh_patch_16_256x256_epochs_50_lr_1e-4", "architecture": "SegRegNet"}