{"val_loss": [0.08381968686419926, 0.057887447621212916, 0.04621720203104314, 0.043299103448732515, 0.034474397862978866, 0.03030138368080004, 0.029209925625682545], "train_mae": [8.72, 9.026, 5.951, 13.787, 4.458, 6.317, 3.88], "train_rmse": [12.466, 11.626, 8.688, 15.224, 6.278, 7.611, 5.744], "train_underestimate": [11.675, 17.471, 10.211, 1.509, 6.708, 1.612, 6.791], "train_overestimate": [8.825, 3.748, 3.779, 30.905, 3.772, 13.239, 2.331], "train_difference": [20.5, 21.219, 13.991, 32.414, 10.481, 14.851, 9.122], "val_mae": [10.18, 9.22, 7.859, 12.509, 4.701, 6.707, 4.626], "val_rmse": [14.277, 12.348, 10.944, 14.599, 6.783, 7.888, 6.58], "val_underestimate": [12.489, 17.839, 14.495, 2.578, 7.078, 2.564, 8.346], "val_overestimate": [10.213, 2.722, 3.03, 25.316, 3.404, 12.393, 1.971], "val_difference": [22.702, 20.561, 17.526, 27.894, 10.483, 14.957, 10.317], "train_loss": [0.23344863857349588, 0.06637958922552772, 0.04752223524109771, 0.04201843463091387, 0.034672961674837605, 0.02948558845376182, 0.02622984866378829], "train_size": 900, "val_size": 89, "rand_seed": 9001, "shuffle": true, "loss_name": "mean_squared_error", "img_dim": [720, 1280, 3], "patch_dim": [720, 1280, 3], "patches_per_image": 1, "density_map_sigma": 10, "density_map_multiplication_factor": 2000.0, "sub_experiment_name": "carpk/sigma_10_loss_mse_full_img_epochs_7", "architecture": "UNet"}