{"val_loss": [0.04029738948712988, 0.01728123372167294, 0.011816610357260181, 0.010989331863931832, 0.011215349652047735, 0.012004696941028884, 0.010224085405164207, 0.010237355685068691, 0.011889053317538449, 0.009689305112902624, 0.009101829826035742, 0.009313099071732722, 0.008827528304690906, 0.009425236090250751, 0.009667907335610567, 0.010354893109786859, 0.008821999151704778, 0.008855767524330397, 0.009068009720067494, 0.00904296910705264, 0.008604590289691901, 0.009194556368396768, 0.008348784502552864, 0.008468872386562425, 0.008267930868575657], "train_loss": [0.11606604752887506, 0.02284884252003394, 0.013811029501084704, 0.011779718017351115, 0.011349338110449025, 0.010563814626948442, 0.010384921224613208, 0.010049053707916755, 0.00913245243646088, 0.009717970660858555, 0.009151404676231323, 0.00856151273183059, 0.008932609925977886, 0.008324479185830569, 0.008661117706651567, 0.008537782690837048, 0.008061678541707806, 0.008219732029829174, 0.007722359059698647, 0.007527878929977305, 0.007536315724792075, 0.0073570104759710375, 0.00759878476128506, 0.007300286881218199, 0.007772737048071576], "train_size": 512, "val_size": 1088, "rand_seed": 325, "shuffle": true, "loss_name": "mean_squared_error", "img_dim": [256, 256, 3], "patch_dim": [128, 128, 3], "patches_per_image": 4, "density_map_sigma": 5, "density_map_multiplication_factor": 100.0, "sub_experiment_name": "vgg_cells/n_32_sigma_5_randseed_325_loss_mse_patch_4_128x128", "architecture": "UNet"}