{"val_loss": [0.006530837067354393, 0.0055217673549729325, 0.005404317843688962, 0.005009887695248633, 0.005167127915835105, 0.004529197221321131, 0.004497912870243049, 0.004230985583591165, 0.004351331800131043, 0.00415436036655592, 0.004950458248559799, 0.004811427810232595, 0.005107553483766323, 0.004343023844133616, 0.003977843416275088, 0.003995549656893773, 0.004109715301739116, 0.003978970566903526, 0.003904817715515997, 0.0038304283340645875, 0.004384471185403527, 0.00396406795122554, 0.0038198127971958862, 0.0037915043904932747, 0.004046899833257258, 0.004388378668611242, 0.0037064041549052084, 0.0037157803251627935, 0.0045603047244892675, 0.0037784969943257035, 0.003973058839215405, 0.0038911615574761527, 0.004007984877918918, 0.003677074974701908, 0.0045055283989212415, 0.0042217182369010215, 0.003781174111483981, 0.004080028990049161, 0.003821434259306342, 0.004022000742932303, 0.0037477430122534214, 0.004243770635386884, 0.003936389241870428, 0.0040564613504506675, 0.0038211416967897094, 0.00377956407040377, 0.0036184914335737834, 0.0038102223446306502, 0.0035843689506186317, 0.0037476374874232635], "train_loss": [0.027759379640883708, 0.006391986268681649, 0.005396660572841938, 0.004911665109375463, 0.004765312534345867, 0.004464668590571819, 0.004368025712665258, 0.004165718235526583, 0.004025569617624569, 0.003913875579200976, 0.0038399730315177294, 0.0038319837619837926, 0.0036704637436741905, 0.0038876078851899365, 0.0035934181560151046, 0.0035737777361646295, 0.0035165988265362103, 0.003670914448775875, 0.003374134205841983, 0.003349759152115439, 0.003667767510705744, 0.0033655477045613225, 0.0032743045567258378, 0.0031940881804075616, 0.003233623423056997, 0.003156757399210619, 0.003098036340361432, 0.0031546139825877617, 0.0030869141878611117, 0.0030234891760301252, 0.002918475374826812, 0.0029326686430977134, 0.002857471733022976, 0.0028686148461929406, 0.0029099912781020976, 0.00275740508823219, 0.0027489360263643903, 0.0027069217367170495, 0.0026426598687976366, 0.002626329076520051, 0.002530176646359905, 0.002555506669523311, 0.002538177252972673, 0.002524770159197942, 0.0024520187623693346, 0.002383585515872255, 0.0023436142237187596, 0.0025280419497448747, 0.002301367404015764, 0.002296962829404947], "train_size": 1024, "val_size": 576, "rand_seed": 643, "shuffle": true, "loss_name": "logcosh", "img_dim": [256, 256, 3], "patch_dim": [128, 128, 3], "patches_per_image": 4, "density_map_sigma": 5, "density_map_multiplication_factor": 100.0, "sub_experiment_name": "vgg_cells/n_64_sigma_5_randseed_643_loss_logcosh_patch_4_128x128", "architecture": "FCRN_A"}