{"val_loss": [6.01729742569082, 0.8494646110955406, 0.2473872439826236, 0.0869741866036373, 0.11223326453610379, 0.08259113280869582, 0.09748153322759796, 0.09450977744863313, 0.08166837681304007, 0.0887516665217631, 0.08008368625579511, 0.07995217797510765, 0.07517431073767297, 0.06848367320044953, 0.06707772503004354, 0.0628375593737206, 0.06305694240419303, 0.05725962093428654, 0.05501828181064304, 0.05498822641504161, 0.0496929158894893, 0.049462568001164234, 0.04914139367311316, 0.04424669127911329, 0.04411774051978307, 0.04406274444259265, 0.03978180730551043, 0.03940717380165177, 0.04187112780945266, 0.03922928191776223, 0.037391807705930924, 0.036542673020021, 0.03668072130804991, 0.03700338375261601, 0.033890116302406084, 0.03291469491908655, 0.033891515559790766, 0.03307300522539984, 0.03236493228606003, 0.030507230583359215, 0.030243197469698155, 0.030767508782446384, 0.030404744094566387, 0.02998568527126575, 0.02887189474559444, 0.02814198724980302, 0.027489481767749086, 0.027117196922464407, 0.02704713579869884, 0.027345914270400125, 0.03005434661720167, 0.03784149040139335, 0.041554920128820574, 0.028751165523905966, 0.027929641744669748, 0.03684476520592237, 0.027643619296962723, 0.02756951456232106, 0.03156768063576344, 0.024016735917779013, 0.027821100399117258, 0.024121312951833448, 0.0262224438107189, 0.024150291567339617, 0.02426075069781612, 0.02402603905647993, 0.022898979217964497, 0.023622530827517894, 0.021665594074875116, 0.0223665058010203, 0.02317118230412769, 0.02044392700361855, 0.021478718598647153, 0.021311455077546483, 0.019403718357138774, 0.021137690767371917, 0.020559305537437254, 0.018411284963162067, 0.01992619919645436, 0.021888885653906447, 0.018529881284955668, 0.017342433045782587, 0.01918017099310151, 0.018043862731086418, 0.016713312292909798, 0.017020488253739828, 0.01767714336678824, 0.018729950527331847, 0.016829371589290744, 0.01599800564786967, 0.015529230914955191, 0.015691800193641994, 0.017094785683130956, 0.01664324153406436, 0.017735950566609118, 0.015919855206876117, 0.015465663143378846, 0.014420033774941284, 0.014354409389745663, 0.015356076532043517], "train_mae": [1547.309, 565.145, 269.801, 31.212, 98.832, 26.102, 88.527, 81.347, 25.441, 50.452, 33.039, 63.707, 55.978, 25.064, 29.157, 35.905, 53.05, 24.992, 25.895, 50.584, 31.024, 28.463, 47.496, 30.496, 27.294, 44.718, 21.337, 21.852, 45.088, 27.084, 25.34, 23.757, 24.692, 35.967, 16.636, 14.42, 29.569, 22.949, 25.912, 12.151, 12.329, 25.152, 19.786, 25.863, 13.029, 15.567, 9.067, 8.717, 16.027, 16.969, 43.528, 67.751, 83.342, 35.06, 31.044, 71.903, 31.835, 32.831, 56.868, 8.351, 37.121, 18.586, 37.353, 17.456, 21.244, 28.846, 21.488, 23.459, 8.702, 22.092, 28.752, 14.552, 28.882, 19.695, 6.324, 33.476, 23.866, 5.737, 27.291, 36.236, 22.969, 11.238, 23.101, 27.537, 5.386, 10.755, 28.202, 27.91, 22.914, 8.449, 5.239, 17.818, 22.001, 30.439, 27.211, 26.757, 12.875, 6.68, 10.073, 17.457], "train_rmse": [1574.085, 570.105, 270.735, 39.647, 109.791, 32.569, 90.281, 83.471, 30.398, 62.909, 42.486, 67.098, 59.93, 31.295, 37.205, 40.19, 57.027, 31.497, 32.806, 54.396, 34.893, 37.066, 51.251, 34.11, 36.147, 47.931, 25.754, 28.345, 47.929, 36.377, 28.104, 26.329, 33.427, 38.258, 22.408, 18.557, 31.638, 30.369, 27.819, 15.468, 17.096, 26.854, 25.454, 27.335, 18.596, 16.701, 11.47, 11.252, 17.198, 21.439, 44.279, 70.908, 84.282, 38.357, 34.544, 72.689, 35.391, 36.345, 57.599, 11.082, 40.67, 19.986, 38.331, 22.262, 25.589, 30.116, 22.758, 27.26, 10.316, 23.243, 31.784, 15.714, 29.834, 22.936, 8.924, 34.267, 26.214, 7.259, 28.175, 38.09, 23.883, 12.452, 25.202, 28.293, 7.254, 13.238, 28.95, 29.625, 23.818, 10.368, 6.493, 18.871, 23.555, 31.333, 28.704, 27.716, 14.564, 8.237, 11.773, 18.735], "train_underestimate": [820.038, 0.0, 0.0, 13.759, 52.379, 8.438, 0.0, 0.0, 4.987, 26.494, 15.275, 0.0, 0.136, 6.982, 11.992, 1.391, 0.206, 7.493, 8.935, 0.307, 2.163, 12.246, 0.45, 1.839, 12.266, 0.343, 4.398, 8.191, 0.154, 13.571, 1.306, 1.382, 12.638, 0.17, 6.847, 4.13, 0.288, 12.057, 0.36, 3.327, 5.098, 0.162, 10.462, 0.096, 6.704, 0.646, 2.135, 2.25, 0.44, 8.993, 0.0, 35.906, 0.0, 18.581, 16.452, 0.0, 16.872, 17.4, 0.0, 2.263, 19.673, 0.278, 0.0, 9.251, 11.259, 0.0, 0.148, 12.433, 1.095, 0.032, 15.238, 0.292, 0.0, 10.438, 2.021, 0.0, 12.648, 1.022, 0.0, 19.204, 0.0, 0.125, 12.243, 0.0, 1.673, 5.613, 0.0, 14.792, 0.0, 4.347, 1.965, 0.0, 11.66, 0.0, 14.421, 0.0, 6.821, 0.245, 0.008, 9.252], "train_overestimate": [0.0, 299.514, 142.988, 2.782, 0.0, 5.396, 46.917, 43.112, 8.496, 0.244, 2.235, 33.763, 29.532, 6.301, 3.461, 17.638, 27.909, 5.752, 4.789, 26.501, 14.279, 2.839, 24.721, 14.323, 2.199, 23.356, 6.91, 3.39, 23.742, 0.783, 12.123, 11.209, 0.448, 18.892, 1.97, 3.512, 15.383, 0.105, 13.373, 3.113, 1.436, 13.168, 0.024, 13.611, 0.201, 7.605, 2.671, 2.37, 8.055, 0.0, 23.069, 0.0, 44.169, 0.0, 0.0, 38.107, 0.0, 0.0, 30.139, 2.163, 0.0, 9.572, 19.796, 0.0, 0.0, 15.287, 11.24, 0.0, 3.517, 11.676, 0.0, 7.42, 15.307, 0.0, 1.33, 17.742, 0.0, 2.018, 14.464, 0.0, 12.173, 5.831, 0.0, 14.594, 1.182, 0.087, 14.947, 0.0, 12.144, 0.131, 0.811, 9.443, 0.0, 16.132, 0.0, 14.18, 0.003, 3.295, 5.33, 0.0], "train_difference": [820.038, 299.514, 142.988, 16.542, 52.379, 13.834, 46.917, 43.112, 13.483, 26.738, 17.51, 33.763, 29.667, 13.283, 15.453, 19.029, 28.115, 13.245, 13.724, 26.808, 16.442, 15.085, 25.172, 16.162, 14.465, 23.699, 11.308, 11.581, 23.895, 14.354, 13.43, 12.591, 13.086, 19.062, 8.817, 7.642, 15.671, 12.162, 13.733, 6.44, 6.534, 13.33, 10.486, 13.707, 6.905, 8.25, 4.805, 4.62, 8.494, 8.993, 23.069, 35.906, 44.169, 18.581, 16.452, 38.107, 16.872, 17.4, 30.139, 4.426, 19.673, 9.85, 19.796, 9.251, 11.259, 15.287, 11.388, 12.433, 4.612, 11.708, 15.238, 7.712, 15.307, 10.438, 3.351, 17.742, 12.648, 3.04, 14.464, 19.204, 12.173, 5.956, 12.243, 14.594, 2.855, 5.7, 14.947, 14.792, 12.144, 4.478, 2.776, 9.443, 11.66, 16.132, 14.421, 14.18, 6.824, 3.54, 5.338, 9.252], "val_mae": [1488.817, 547.87, 265.316, 25.939, 89.505, 22.556, 90.5, 83.613, 23.159, 43.457, 27.587, 66.507, 59.039, 22.255, 24.326, 36.997, 56.166, 22.08, 22.339, 53.54, 31.265, 23.847, 50.264, 30.793, 22.989, 46.898, 19.554, 18.687, 47.019, 23.141, 25.171, 23.379, 21.394, 36.774, 13.882, 12.681, 29.732, 20.332, 25.486, 10.388, 10.325, 24.35, 18.55, 24.851, 12.226, 14.003, 7.735, 7.368, 14.416, 16.487, 41.675, 65.368, 79.445, 34.062, 30.128, 68.799, 30.739, 31.596, 54.851, 6.937, 35.631, 17.204, 35.944, 16.702, 20.351, 27.775, 20.322, 22.564, 7.47, 20.554, 27.99, 12.818, 27.137, 19.511, 5.746, 31.114, 23.91, 5.147, 24.622, 36.185, 20.314, 9.243, 23.752, 24.647, 5.533, 12.04, 24.958, 28.929, 19.448, 10.453, 6.075, 14.421, 23.635, 26.427, 28.655, 22.815, 15.211, 5.437, 7.689, 19.761], "val_rmse": [1512.61, 552.53, 266.257, 32.665, 98.987, 27.476, 91.611, 84.965, 27.754, 54.159, 35.043, 68.706, 61.749, 27.086, 30.572, 41.248, 58.934, 26.901, 27.368, 56.345, 35.364, 30.292, 53.258, 34.694, 29.584, 49.38, 23.282, 23.358, 49.018, 30.394, 28.059, 26.055, 28.238, 38.464, 18.407, 15.597, 31.511, 26.463, 27.324, 12.978, 14.412, 25.799, 23.098, 26.131, 16.63, 15.26, 9.565, 9.333, 15.729, 19.746, 42.325, 67.802, 80.395, 36.462, 32.658, 69.568, 33.326, 34.181, 55.516, 8.998, 38.278, 18.591, 36.681, 20.249, 23.562, 28.697, 21.44, 25.373, 8.684, 21.613, 30.256, 14.207, 27.966, 21.924, 7.822, 31.912, 25.715, 6.459, 25.604, 37.685, 21.356, 10.614, 25.484, 25.517, 7.468, 14.208, 25.869, 30.453, 20.611, 12.283, 8.042, 15.798, 25.1, 27.485, 30.063, 23.981, 16.722, 6.874, 9.267, 21.021],