{"val_loss": [6.017297288950751, 0.8494646400213242, 0.24738686750916875, 0.08697420791448916, 0.11223488996791489, 0.08259101743426393, 0.09748265289646738, 0.09450991747572142, 0.08166835068122429, 0.08875211065306383, 0.08008375429712675, 0.07994747934315134, 0.0751771393834668, 0.06848055261242039, 0.06707786867285476, 0.06283336809343275, 0.06305948984535302, 0.05725694754544426, 0.05501966550946236, 0.05498559986624647, 0.049694042598061705, 0.04946450300185996, 0.049138864036649466, 0.044249051743570494, 0.044120302944279766, 0.04405908727580134, 0.039781296050504726, 0.03940998920349076, 0.041884651763693374, 0.03923581718631527, 0.037392168908434754, 0.03655351247802815, 0.03669675513554145, 0.03700545394574018, 0.03388561022139209, 0.03291415936751839, 0.03393508778775439, 0.03308946006547879, 0.03231821153039003, 0.030491420629379505, 0.030275983475696516, 0.030836692257948658, 0.030402783414020258, 0.02993881398373667, 0.028780333328006023, 0.0280518391279175, 0.027463181314113384, 0.02714889812940622, 0.02724913796683883, 0.028016203206361216, 0.031957913381869305, 0.0402894109925803, 0.03841055305126835, 0.025906234924845836, 0.030709755374118686, 0.03326810480040662, 0.02516645343070302, 0.028293363804764608, 0.02832165712435894, 0.023966082508730537, 0.025796255192664617, 0.02408457578242044, 0.024316839339649853, 0.02404476882999434, 0.022730996346046382, 0.023759057224892518, 0.021997028838514406, 0.022469490287168062, 0.0241753814933712, 0.02403315412127139, 0.020665878436856848, 0.02193831018281772, 0.022199186599156, 0.019774323569008094, 0.02135139868101653], "train_loss": [1.6434876918792725, 6.480693340301514, 0.9038712978363037, 0.2582366466522217, 0.0929805114865303, 0.1224023848772049, 0.08789363503456116, 0.10155506432056427, 0.09856712818145752, 0.08674772083759308, 0.09598106145858765, 0.08618070185184479, 0.08404002338647842, 0.07922478765249252, 0.07369428873062134, 0.0727606788277626, 0.06703019142150879, 0.06677347421646118, 0.0622682198882103, 0.06010261923074722, 0.058403924107551575, 0.05356759577989578, 0.05463439226150513, 0.052315011620521545, 0.04770084470510483, 0.04881654307246208, 0.04685861989855766, 0.04329434782266617, 0.04320234805345535, 0.04435856640338898, 0.04322662204504013, 0.04008599370718002, 0.03920771926641464, 0.04023224860429764, 0.03937314450740814, 0.03684563189744949, 0.03565176576375961, 0.036278463900089264, 0.03618519753217697, 0.03471490740776062, 0.03312250226736069, 0.03298535943031311, 0.033355727791786194, 0.033162858337163925, 0.03236014023423195, 0.031333182007074356, 0.03047025576233864, 0.02986041270196438, 0.02950650453567505, 0.029503393918275833, 0.0304100438952446, 0.034266144037246704, 0.04380455240607262, 0.041575558483600616, 0.028159359470009804, 0.03342587500810623, 0.03596639633178711, 0.027342192828655243, 0.030755914747714996, 0.030240722000598907, 0.02591594122350216, 0.028011148795485497, 0.026056163012981415, 0.026268746703863144, 0.026017675176262856, 0.024493176490068436, 0.02542131580412388, 0.023490943014621735, 0.023893022909760475, 0.02534397318959236, 0.02559830993413925, 0.022043023258447647, 0.023511236533522606, 0.023702096194028854, 0.021109096705913544], "train_mae": [776.2408447265625, 1547.308837890625, 565.1448974609375, 269.8009338378906, 31.212356567382812, 98.83516693115234, 26.102455139160156, 88.53001403808594, 81.34799194335938, 25.44029998779297, 50.4532585144043, 33.039642333984375, 63.687713623046875, 55.98767852783203, 25.05887794494629, 29.161008834838867, 35.884315490722656, 53.06849670410156, 24.988656997680664, 25.901222229003906, 50.57471466064453, 31.040084838867188, 28.468538284301758, 47.48030471801758, 30.514629364013672, 27.301128387451172, 44.70234680175781, 21.34676170349121, 21.864534378051758, 45.151023864746094, 27.115978240966797, 25.326400756835938, 23.803512573242188, 24.763500213623047, 35.93108367919922, 16.59482192993164, 14.392394065856934, 29.85653305053711, 23.028160095214844, 25.640474319458008, 12.254554748535156, 12.544916152954102, 25.803585052490234, 19.736886978149414, 25.332958221435547, 12.167680740356445, 14.387896537780762, 9.565160751342773, 8.577644348144531, 18.71063804626465, 22.804100036621094, 51.91876220703125, 74.16339111328125, 74.8677978515625, 12.256974220275879, 44.507049560546875, 60.31473922729492, 10.370283126831055, 36.35822677612305, 43.04332733154297, 8.917448043823242, 25.393611907958984, 18.562255859375, 24.182270050048828, 18.14899253845215, 8.6253662109375, 28.045207977294922, 7.914417743682861, 15.121698379516602, 32.16621398925781, 32.72924041748047, 14.791864395141602, 30.29090690612793, 24.52883529663086, 6.9087090492248535], "val_mae": [1488.8166306439568, 547.8695113238166, 265.31603779512295, 25.938725976382983, 89.50811515134923, 22.55586253895479, 90.50293653151569, 83.61351989297306, 23.158169802497415, 43.45861614451689, 27.5877166074865, 66.48922291923972, 59.04830001382267, 22.254811567418717, 24.328503440408145, 36.97044877444996, 56.18434805028579, 22.079120972577265, 22.341797211590936, 53.53002133088953, 31.284703422995175, 23.85225767247817, 50.24683481104233, 30.815491956823013, 22.995867448694565, 46.88165810528923, 19.566934922162226, 18.69521926431095, 47.0842243643368, 23.167725731344785, 25.15599463967716, 23.43664977129768, 21.4552957871381, 36.737649356617645, 13.838973325841566, 12.636293186860925, 30.046586204977597, 20.397977492388556, 25.172661949606503, 10.518442153930664, 10.571055131800035, 25.010250203749713, 18.48539588030647, 24.353102179134595, 11.439586302813362, 12.818977580350989, 8.23548137440401, 7.106816011316636, 17.28043556213379, 22.105696509866153, 49.72578104804544, 71.49826375175925, 71.36496263391831, 11.918320487527286, 43.00686566969927, 57.72358714832979, 9.7750763612635, 34.94421740139232, 41.57956033594468, 7.5623016357421875, 24.411901361802045, 17.182126437916477, 22.920470854815314, 17.492013370289524, 7.597167744356043, 26.827900381649243, 6.76674472584444, 14.723762512207031, 30.411505643059225, 31.80891171623679, 13.014346852022058, 28.401207643396713, 24.251539510839127, 5.886944490320542, 30.312775219188016], "train_rmse": [784.4031982421875, 1574.0848388671875, 570.1046752929688, 270.7344970703125, 39.64695358276367, 109.79420471191406, 32.5693244934082, 90.2835464477539, 83.47188568115234, 30.397720336914062, 62.91022872924805, 42.48638153076172, 67.08072662353516, 59.93859100341797, 31.287683486938477, 37.2110595703125, 40.16737365722656, 57.04463195800781, 31.49109649658203, 32.815528869628906, 54.38610076904297, 34.909637451171875, 37.075443267822266, 51.23588943481445, 34.1298942565918, 36.159088134765625, 47.9156494140625, 25.755348205566406, 28.370847702026367, 47.990360260009766, 36.414146423339844, 28.090621948242188, 26.38033676147461, 33.50537109375, 38.22430419921875, 22.321683883666992, 18.6085205078125, 31.927108764648438, 30.44630241394043, 27.52680015563965, 15.355339050292969, 17.535112380981445, 27.47570037841797, 25.427499771118164, 26.82384490966797, 17.730430603027344, 15.523262977600098, 11.57498550415039, 11.793624877929688, 20.168489456176758, 26.762081146240234, 52.61366653442383, 77.38919830322266, 75.71892547607422, 17.106525421142578, 47.79805374145508, 61.05168151855469, 15.504779815673828, 39.86144256591797, 43.884727478027344, 11.05927562713623, 29.343395233154297, 19.97603416442871, 25.46636962890625, 22.71946907043457, 12.91735553741455, 29.301143646240234, 10.834589004516602, 19.451072692871094, 33.0488166809082, 35.7424430847168, 15.960834503173828, 31.213665008544922, 27.500110626220703, 8.787298202514648],