{"val_loss": [0.01802209074108003, 0.01421481748883288, 0.012014932539039343, 0.011010092734149919, 0.010761425395664926, 0.00961547160743189, 0.009398816033721683, 0.009071267066962279, 0.009054600850504357, 0.009020994707099633], "train_loss": [0.028179315162997227, 0.013216277117383773, 0.009991776316085938, 0.008476012639364651, 0.007559734604126586, 0.0069485139868865845, 0.00644421544228016, 0.006108644169869675, 0.005806005216646655, 0.005572418072093039], "train_size": 14400, "val_size": 1424, "rand_seed": 9001, "shuffle": true, "loss_name": "logcosh", "img_dim": [720, 1280, 3], "patch_dim": [256, 256, 3], "patches_per_image": 16, "density_map_sigma": 10, "density_map_multiplication_factor": 2000.0, "sub_experiment_name": "carpk/sigma_10_loss_logcosh_patch_16_256x256_epochs_10_lr_1e-4", "architecture": "UNet"}