{"val_loss": [0.009082634543624913, 0.008634896943274524, 0.005515304833453329, 0.005221690920532435, 0.005145767348141008, 0.005424754366079772, 0.004797287704301804, 0.004925990094003889, 0.004660577979140928, 0.0055077420208059875, 0.004615223713497269, 0.004553865173268908, 0.004730278672771722, 0.005214618986226722, 0.004600829444017209, 0.005219643591570073, 0.004978529869226299, 0.004793873630559473, 0.0043753105009171935, 0.005163014860550498, 0.004272132930256905, 0.004393603089637408, 0.00418527025602897, 0.004480924683169481, 0.005015959134551749, 0.004359360857456017, 0.004971497534117791, 0.004321989742291205, 0.004368129702925216, 0.004605126266445343], "train_loss": [0.019728593752915913, 0.005538949144465732, 0.004735710798740911, 0.0042421563025527576, 0.004136724363434041, 0.003930728147224727, 0.003792536901528365, 0.003790015975027927, 0.003665913065105997, 0.003844478331757273, 0.0035889270097868575, 0.0034405292039991764, 0.003450409522429254, 0.0034486430754441244, 0.0033483855161193787, 0.003221955830213119, 0.0032865926418708113, 0.0031586523487021623, 0.0031861590209700807, 0.0031137846449382778, 0.0029401836131910386, 0.0028642130196203652, 0.002859684705072141, 0.0028359379252833605, 0.002830191204793664, 0.002821738482452929, 0.0026576360137369193, 0.0026314889141758613, 0.0025602261489439115, 0.0025363554177602055], "train_size": 1024, "val_size": 576, "rand_seed": 641, "shuffle": true, "loss_name": "logcosh", "img_dim": [256, 256, 3], "patch_dim": [128, 128, 3], "patches_per_image": 4, "density_map_sigma": 5, "density_map_multiplication_factor": 100.0, "sub_experiment_name": "vgg_cells/n_64_sigma_5_randseed_641_loss_logcosh_patch_4_128x128", "architecture": "UNet"}