{"val_loss": [0.192922497051768, 0.19950061549898238, 0.20258218105882406, 0.19758259947411716, 0.21016020260285587, 0.20408342611044644, 0.19073791813571006, 0.1629916006932035, 0.15888687483966352, 0.13900713664479553, 0.14841448492370546, 0.1177516697673127, 0.16112731308676304, 0.13292296358849853, 0.13312528226524592, 0.10352009325288236, 0.10289493731688708, 0.09948574302252382, 0.10016516130417585, 0.10127207066398114, 0.09671136296819896, 0.09445839778054506, 0.09698035900946707, 0.094743586005643, 0.11633672451134772, 0.1730882468400523, 0.09040824542753398, 0.08832865471486002, 0.10841039419174195, 0.08816036079078912, 0.09291934627108275, 0.08803641102276742, 0.09422940108925104, 0.0894148537190631, 0.0862674490083009, 0.08513390796724707, 0.09967563995160163, 0.08784329532645643, 0.0958950164495036, 0.09005048270337283, 0.096865378995426, 0.08959124856628478, 0.14228166497778147, 0.08008185636717827, 0.09066158423665911, 0.08203427309636027, 0.0847953206859529, 0.08671718661207706, 0.08265806778799742, 0.09203038751147688, 0.0780231405282393, 0.08059169533662498, 0.10856154982466251, 0.07937202819157392, 0.08013841351494193, 0.08808510801754892, 0.0822774617234245, 0.08043872122652829, 0.07791427257470787, 0.09263454696629196, 0.09455109317786992, 0.08856514485087245, 0.07648919129278511, 0.07830506418831647, 0.08919154908508062, 0.07779514545109123, 0.07778317865449935, 0.09008832939434797, 0.09668211226817221, 0.0780671658925712, 0.08235305157722905, 0.07709768561180681, 0.07949190153740346, 0.07907458445988595, 0.09920035498216748, 0.07971963386517018, 0.07634980308357626, 0.08110569084528833, 0.0832661725115031, 0.07641378897242249, 0.09445249461568891, 0.09168095058994367, 0.07767490148544312, 0.0783475530333817, 0.08537896734196693, 0.07508144637104124, 0.07770340314600617, 0.08269981144694612, 0.07736855612602085, 0.07857416262850166, 0.07599376235157251, 0.07529981764964759, 0.07621300830505788, 0.07856618280056864, 0.07758833523839712, 0.07581421199720353, 0.07595741818659008, 0.07814227100461721, 0.08077654915396124, 0.07992680615279824], "train_mae": [90.332, 95.393, 98.366, 93.336, 96.878, 94.676, 107.914, 67.96, 63.6, 28.518, 76.908, 33.094, 65.87, 69.44, 61.578, 27.514, 41.553, 32.033, 29.714, 29.348, 28.923, 26.159, 31.901, 24.812, 44.762, 79.006, 25.411, 19.558, 55.137, 33.432, 28.57, 18.343, 42.472, 23.421, 25.845, 21.735, 29.316, 23.675, 44.883, 33.604, 29.108, 27.935, 74.576, 17.15, 30.748, 18.827, 35.227, 37.82, 24.486, 35.082, 20.043, 26.915, 49.152, 20.575, 21.333, 43.89, 31.372, 14.121, 19.654, 30.134, 24.141, 28.041, 13.62, 18.811, 26.939, 22.782, 29.359, 27.222, 47.251, 17.83, 27.038, 15.407, 15.715, 21.292, 40.504, 21.359, 14.664, 23.517, 27.404, 15.14, 30.754, 49.003, 12.405, 18.719, 33.796, 15.715, 15.326, 29.219, 10.257, 24.058, 13.288, 18.678, 18.262, 21.475, 14.546, 14.371, 15.786, 20.945, 18.029, 27.269], "train_rmse": [128.272, 132.866, 135.502, 131.332, 135.46, 132.688, 139.849, 102.038, 99.384, 48.659, 104.189, 59.712, 103.613, 95.39, 94.345, 50.826, 63.394, 57.112, 51.727, 36.076, 52.768, 46.474, 56.09, 38.56, 73.062, 94.879, 46.954, 35.677, 81.53, 49.029, 52.981, 33.358, 64.246, 43.136, 46.01, 39.989, 55.505, 36.04, 68.008, 54.207, 35.759, 49.839, 103.144, 31.076, 48.8, 37.382, 53.449, 51.99, 40.14, 54.594, 36.094, 39.353, 76.397, 33.231, 39.021, 61.453, 45.092, 27.874, 35.062, 34.512, 39.346, 46.014, 21.113, 33.804, 49.033, 36.031, 40.613, 38.639, 69.053, 31.82, 42.687, 28.762, 23.654, 37.447, 59.384, 38.773, 26.366, 38.57, 44.938, 25.66, 35.552, 64.362, 19.759, 34.951, 46.89, 29.172, 27.335, 47.959, 16.223, 39.594, 24.12, 28.489, 30.506, 31.762, 20.022, 24.304, 21.316, 36.005, 34.03, 37.11], "train_underestimate": [72.813, 76.998, 79.402, 75.29, 78.038, 76.381, 87.179, 54.38, 49.303, 15.907, 62.13, 23.857, 51.254, 56.089, 49.529, 19.728, 33.509, 25.215, 20.408, 4.664, 22.415, 20.112, 24.725, 10.925, 32.229, 0.12, 19.722, 14.103, 44.543, 26.968, 20.316, 10.76, 34.264, 17.965, 19.692, 16.51, 20.015, 9.114, 36.255, 26.852, 0.555, 20.676, 60.242, 11.244, 22.588, 13.805, 28.432, 30.546, 19.652, 28.3, 15.254, 21.703, 39.47, 16.37, 15.878, 35.457, 25.333, 8.273, 15.138, 1.003, 17.508, 21.337, 5.868, 14.674, 18.756, 18.331, 23.714, 21.7, 38.172, 13.822, 21.619, 11.654, 4.781, 16.47, 32.249, 16.193, 10.319, 18.717, 21.063, 8.613, 0.977, 39.587, 5.099, 12.742, 27.297, 11.734, 7.816, 23.332, 4.737, 19.119, 7.592, 14.978, 14.281, 17.284, 3.12, 11.257, 3.845, 16.635, 13.2, 21.974], "train_overestimate": [0.162, 0.066, 0.064, 0.112, 0.225, 0.103, 0.0, 0.522, 2.077, 7.131, 0.0, 2.878, 1.96, 0.008, 0.217, 2.499, 0.061, 0.663, 3.597, 19.045, 0.95, 1.021, 1.046, 9.12, 3.932, 63.706, 0.807, 1.697, 0.0, 0.041, 2.764, 4.058, 0.047, 0.956, 1.188, 1.05, 3.669, 10.012, 0.004, 0.295, 22.96, 1.891, 0.005, 2.611, 2.252, 1.405, 0.026, 0.007, 0.13, 0.041, 0.938, 0.041, 0.238, 0.252, 1.356, 0.0, 0.011, 3.135, 0.739, 23.341, 1.994, 1.317, 5.135, 0.523, 3.007, 0.074, 0.004, 0.291, 0.0, 0.582, 0.224, 0.792, 7.915, 0.731, 0.473, 1.062, 1.527, 0.282, 1.076, 3.618, 23.867, 0.0, 4.923, 2.381, 0.006, 0.962, 4.566, 0.272, 3.549, 0.317, 3.143, 0.111, 0.471, 0.065, 8.631, 0.353, 8.908, 0.286, 1.365, 0.055], "train_difference": [72.975, 77.064, 79.466, 75.402, 78.263, 76.484, 87.179, 54.902, 51.38, 23.039, 62.13, 26.735, 53.214, 56.097, 49.746, 22.228, 33.569, 25.878, 24.005, 23.709, 23.366, 21.132, 25.771, 20.045, 36.161, 63.825, 20.529, 15.8, 44.543, 27.008, 23.08, 14.818, 34.311, 18.921, 20.879, 17.559, 23.683, 19.126, 36.259, 27.147, 23.515, 22.567, 60.247, 13.855, 24.84, 15.21, 28.459, 30.553, 19.781, 28.341, 16.192, 21.744, 39.708, 16.622, 17.234, 35.457, 25.344, 11.408, 15.877, 24.344, 19.503, 22.653, 11.003, 15.197, 21.763, 18.404, 23.718, 21.992, 38.172, 14.404, 21.843, 12.447, 12.696, 17.201, 32.722, 17.255, 11.847, 18.999, 22.139, 12.231, 24.845, 39.587, 10.021, 15.122, 27.303, 12.695, 12.381, 23.604, 8.286, 19.435, 10.735, 15.089, 14.753, 17.349, 11.751, 11.61, 12.753, 16.92, 14.565, 22.03], "val_mae": [83.826, 89.26, 92.488, 87.152, 91.14, 87.615, 101.087, 62.429, 56.158, 25.63, 73.439, 27.196, 57.48, 64.537, 55.592, 23.685, 37.582, 26.25, 26.015, 27.513, 24.589, 22.344, 27.199, 22.761, 37.957, 78.638, 21.064, 16.02, 49.793, 30.088, 24.192, 16.466, 37.693, 19.048, 21.896, 19.233, 24.205, 23.183, 39.488, 30.671, 28.636, 24.372, 70.671, 15.884, 27.446, 15.974, 32.978, 36.498, 23.564, 33.385, 18.375, 26.524, 44.04, 21.543, 19.405, 42.076, 30.426, 15.216, 19.457, 29.91, 23.494, 25.434, 15.454, 18.271, 25.502, 22.4, 29.543, 30.821, 42.88, 18.32, 28.05, 16.672, 17.875, 20.83, 40.533, 20.145, 15.865, 24.037, 26.39, 16.597, 30.28, 49.007, 12.749, 17.93, 36.005, 16.378, 16.363, 27.492, 11.339, 23.145, 15.361, 21.826, 20.163, 23.274, 16.259, 17.511, 18.682, 21.568, 18.078, 29.714], "val_rmse": [115.514, 120.515, 123.41, 118.919, 122.889, 119.174, 127.773, 90.918, 87.036, 39.828, 94.88, 48.474, 89.679, 85.193, 82.531, 42.2, 54.326, 45.186, 43.408, 31.792, 43.428, 38.053, 46.537, 31.088, 61.052, 91.867, 36.629, 27.934, 70.343, 42.288, 42.525, 26.105, 54.356, 32.516, 37.565, 33.418, 43.343, 29.299, 57.019, 48.053, 34.446, 41.254, 92.18, 26.168, 43.793, 27.976, 46.978, 47.054, 34.367, 48.956, 30.635, 35.64, 66.226, 31.645, 33.123, 56.431, 41.874, 23.045, 31.2, 33.321, 36.27, 41.528, 20.827, 30.769, 42.176, 33.244, 39.474, 41.115, 61.284, 29.844, 41.864, 28.407, 22.491, 35.879, 58.065, 35.581, 26.455, 36.822, 42.52, 25.87, 35.311, 62.133, 19.271, 31.784, 47.852, 28.29, 24.867, 43.896, 16.577, 37.565, 24.664, 31.826, 32.665, 34.122, 20.223, 28.155, 22.578, 36.179, 32.835, 39.695],