{"val_loss": [1.061640014918521, 0.9874205903615803, 0.9059490415034815, 0.8617741329129786, 1.1846503057982773, 0.9925889072939753, 0.7191260254476219, 0.814306675712578, 0.8262137461220845, 0.6800132116535679, 0.7376092140562832, 0.7005652847699821, 0.6793632604647428, 0.6093347457470373, 0.686305127153173, 0.6600199739448727, 0.599002713477239, 0.5735853255027905, 0.592251971992664, 0.7131303964881226, 0.5584012827835977, 0.6671380960149691, 0.5516031407285482, 0.6082361604319886, 0.5256420725723728, 0.5143496347591281, 0.5381707011722028, 0.5071946054697036, 0.5695688641164451, 0.4922013691160828, 0.49909426970407367, 0.5022855458082631, 0.5433793309144676, 0.4791548054199666, 0.5859371390426531, 0.4932697391835973, 0.6186318599618972, 0.5475193195976317, 0.47945331991650164, 0.4766878853784874, 0.47637220271863046, 0.47811600237619134, 0.4784006325528026, 0.487439178081695, 0.48576863780617713, 0.4764104214380495, 0.487582875136286, 0.4858409423613921, 0.4844276036135852, 0.47662338786758485], "train_loss": [1.5899899758159133, 1.4339139974708188, 1.2958009620445274, 1.1971673119906627, 1.2485316382855365, 1.1333808296894345, 1.099609276174705, 1.0965667324152346, 0.9849707334562202, 0.9559194286350967, 0.9655112590331315, 0.8774888218471015, 0.8420477380777555, 0.7844076322560961, 0.7800892091715317, 0.7187280495064245, 0.7141003623009196, 0.6888566074635962, 0.589067896883526, 0.638456847343512, 0.5745166708017498, 0.5170915763252955, 0.4697477184119269, 0.5060591805627026, 0.4409218862985602, 0.43610139998686165, 0.3939565097340923, 0.3672440735810089, 0.4558800289255558, 0.33534224183651906, 0.31845897681672464, 0.3148604329255027, 0.29099932737023715, 0.28240995241334915, 0.2677837763810793, 0.23852790675642768, 0.25498423077966026, 0.22627926810840174, 0.2530923219321757, 0.20979133176217352, 0.2293218786004919, 0.1889692246257021, 0.18696982056766656, 0.18307356111016299, 0.19601980762900698, 0.18612648539980844, 0.1555981701940625, 0.1835660205710224, 0.19157168623731474, 0.1347759896042672], "train_size": 1276, "val_size": 320, "rand_seed": 3201, "shuffle": true, "loss_name": "mean_squared_error", "img_dim": [768, 1024, 3], "patch_dim": [768, 1024, 3], "patches_per_image": 1, "density_map_sigma": 10, "density_map_multiplication_factor": 2000.0, "sub_experiment_name": "shanghai_tech/part_b/sigma_10_loss_mse_full_img_epochs_50_lr_1e-4", "architecture": "UNet"}