{"val_loss": [0.022718353287286042, 0.013304260292951606, 0.010790152838821728, 0.009336423679034103, 0.007259403649774921, 0.007237673919863643, 0.005949841326261829, 0.0059818008167520234, 0.005723924910478886, 0.005587308208733328, 0.005388204303819614, 0.005245649794340031, 0.0051097472427072185, 0.005176807879680008, 0.005404285897170399, 0.004844581579431286, 0.005646354764073347, 0.005020546840087799, 0.004991803129301201, 0.004680102970001719, 0.005242208196571429, 0.004799426862465385, 0.004610586784003638, 0.004643445058771998, 0.004635514585275172, 0.00474714337665586, 0.004609043436657349, 0.004442902766587555, 0.004396472720734035, 0.004466005913106047, 0.004546840995691823, 0.004539812320378106, 0.004732002649154097, 0.0044552775681736155, 0.004301719455511107, 0.004300679799705583, 0.004350838178598839, 0.004477588434704504, 0.0042097502016665254, 0.004548562184241104, 0.00423928950642542, 0.004607704493269814, 0.004607398845484354, 0.004286261115339585, 0.004607496649334601, 0.0042376677024816775, 0.004254565471776861, 0.004401846146773845, 0.004569341672964476, 0.004845487082093314], "train_loss": [0.10100936604430899, 0.01647275817231275, 0.011581363913137466, 0.008271480357507244, 0.006847168682725169, 0.005569819753873162, 0.005126698757521808, 0.00490072499087546, 0.004660124337533489, 0.004317530918342527, 0.00403808008559281, 0.004287173862394411, 0.003983393617090769, 0.0038348631060216576, 0.0037492847986868583, 0.003666009615699295, 0.0038791674305684865, 0.003883092613250483, 0.003614019304222893, 0.003408677934203297, 0.0035099736705888063, 0.0034276888181921095, 0.0031696657024440356, 0.00327230294351466, 0.0030904741870472208, 0.003205289409379475, 0.0032367034727940336, 0.002965539642900694, 0.0032520712848054245, 0.0028776129329344258, 0.0030267363908933476, 0.00290891950862715, 0.0031370655196951702, 0.0028285659209359437, 0.0027362478576833382, 0.0025755118767847307, 0.002514542306016665, 0.003131008430500515, 0.002923699350503739, 0.0024855227129592095, 0.002415591403405415, 0.0023925503192003816, 0.0025391588496859185, 0.002321013431355823, 0.0024755566046223976, 0.0022786689150962047, 0.0024725860203034244, 0.0022669129248242825, 0.002237557815533364, 0.0034614676551427692], "train_size": 512, "val_size": 1088, "rand_seed": 322, "shuffle": true, "loss_name": "logcosh", "img_dim": [256, 256, 3], "patch_dim": [256, 256, 3], "patches_per_image": 1, "density_map_sigma": 5, "density_map_multiplication_factor": 100.0, "sub_experiment_name": "vgg_cells/n_32_sigma_5_randseed_322_loss_logcosh_full_img", "architecture": "FCRN_A"}