{"val_loss": [0.3020182595122606, 0.30202564629726114, 0.3019815690815449, 0.301986073795706, 0.3019444357603788, 0.301957303006202, 0.3020268238149583, 0.30200900440104306, 0.3020174261648208, 0.3020217607729137, 0.30219160858541727, 0.3019756481051445, 0.30203073979355394, 0.30201330450363456, 0.30204432397149505, 0.30202065529301764, 0.30203411895781757, 0.30194209241308273, 0.30201167925260963, 0.3019718151073903, 0.30200841403566303, 0.3020345133263618, 0.30508842673152686, 0.302063787728548, 0.30203366321511566, 0.3020024511497468, 0.3021985127590597, 0.30215490064583717, 0.30202837618999184, 0.30203348100185395, 0.30218468671664594, 0.3019365621730685, 0.30206839526072143, 0.30213031065650287, 0.30204982226714494, 0.3020006848499179, 0.3019456676673144, 0.3021036585792899, 0.3020268461667001, 0.30197531837038694, 0.30197287620976565, 0.30201418297365307, 0.3021457897964865, 0.30197865874506535, 0.30198846450075506, 0.3019990858156234, 0.3019930473063141, 0.30202617747709154, 0.3019727437291294, 0.30196982906199993, 0.3020462519489229, 0.30214694533497094, 0.3019796688109636, 0.30209839725866916, 0.301958847977221, 0.30211252900771796, 0.3020504076965153, 0.3019524743780494, 0.30203895731829106, 0.30197587329894304, 0.30194160640239714, 0.30213582385331395, 0.3020822028629482, 0.30199274090118705, 0.30193809741176664, 0.30207309327088294, 0.3020246520638466, 0.3019414419773966, 0.30199388125911353, 0.30204117777757344, 0.30213875882327557, 0.3019712347071618, 0.30204959949478505, 0.30197361735627054, 0.30196184874512255, 0.30198169411160053, 0.30209331507794557, 0.30196472951211034, 0.3019708268344402, 0.3019769353792071, 0.3020780300255865, 0.30194408376701176, 0.3019476930145174, 0.3020933764986694, 0.30204003569670024, 0.3020064088050276, 0.3019551428500563, 0.3019997391384095, 0.30199635778553785, 0.3020935786422342, 0.30207358580082655, 0.30194712011143565, 0.30207255082204937, 0.30196401979774234, 0.302063923003152, 0.3019594704732299, 0.3019696768373251, 0.30208224947564305, 0.30208556856960056, 0.30198921924456956], "train_mae": [123.815, 123.821, 123.739, 123.735, 123.774, 123.794, 123.821, 123.814, 123.706, 123.702, 123.552, 123.744, 123.694, 123.71, 123.828, 123.703, 123.691, 123.776, 123.815, 123.748, 123.714, 123.69, 125.122, 123.664, 123.691, 123.72, 123.889, 123.584, 123.696, 123.691, 123.883, 123.781, 123.838, 123.862, 123.677, 123.811, 123.772, 123.629, 123.697, 123.801, 123.747, 123.709, 123.592, 123.741, 123.806, 123.81, 123.808, 123.821, 123.747, 123.75, 123.829, 123.591, 123.803, 123.633, 123.76, 123.855, 123.676, 123.766, 123.686, 123.744, 123.776, 123.6, 123.843, 123.808, 123.78, 123.839, 123.699, 123.776, 123.727, 123.684, 123.865, 123.748, 123.677, 123.746, 123.757, 123.739, 123.638, 123.754, 123.799, 123.743, 123.651, 123.774, 123.79, 123.638, 123.685, 123.813, 123.793, 123.722, 123.809, 123.638, 123.655, 123.771, 123.656, 123.755, 123.836, 123.759, 123.75, 123.843, 123.844, 123.732], "train_rmse": [156.675, 156.679, 156.615, 156.611, 156.642, 156.658, 156.68, 156.674, 156.589, 156.586, 156.467, 156.619, 156.579, 156.592, 156.685, 156.586, 156.577, 156.644, 156.675, 156.622, 156.595, 156.577, 157.747, 156.556, 156.577, 156.6, 156.733, 156.492, 156.581, 156.577, 156.729, 156.648, 156.693, 156.712, 156.566, 156.672, 156.641, 156.528, 156.582, 156.664, 156.621, 156.591, 156.499, 156.617, 156.668, 156.671, 156.669, 156.68, 156.621, 156.623, 156.686, 156.498, 156.665, 156.532, 156.631, 156.706, 156.565, 156.636, 156.573, 156.619, 156.644, 156.505, 156.697, 156.669, 156.647, 156.694, 156.584, 156.644, 156.606, 156.572, 156.715, 156.622, 156.566, 156.621, 156.629, 156.615, 156.535, 156.627, 156.662, 156.618, 156.546, 156.642, 156.655, 156.535, 156.573, 156.674, 156.658, 156.602, 156.67, 156.535, 156.549, 156.64, 156.55, 156.628, 156.691, 156.631, 156.623, 156.697, 156.698, 156.609], "train_underestimate": [100.024, 100.029, 99.963, 99.96, 99.991, 100.008, 100.03, 100.024, 99.937, 99.933, 99.812, 99.968, 99.927, 99.94, 100.035, 99.934, 99.924, 99.993, 100.025, 99.97, 99.943, 99.924, 101.08, 99.903, 99.925, 99.948, 100.084, 99.838, 99.929, 99.925, 100.08, 99.997, 100.043, 100.063, 99.913, 100.021, 99.99, 99.874, 99.93, 100.013, 99.97, 99.939, 99.844, 99.965, 100.018, 100.021, 100.019, 100.03, 99.97, 99.972, 100.036, 99.843, 100.015, 99.878, 99.98, 100.057, 99.913, 99.985, 99.921, 99.967, 99.993, 99.851, 100.047, 100.019, 99.996, 100.044, 99.931, 99.994, 99.954, 99.919, 100.065, 99.971, 99.913, 99.969, 99.978, 99.963, 99.882, 99.976, 100.012, 99.967, 99.893, 99.992, 100.005, 99.882, 99.92, 100.023, 100.007, 99.95, 100.02, 99.881, 99.896, 99.989, 99.897, 99.976, 100.041, 99.98, 99.972, 100.047, 100.048, 99.957], "train_overestimate": [0.0, 0.0, 0.0, 0.0, 0.0, 0.0, 0.0, 0.0, 0.0, 0.0, 0.0, 0.0, 0.0, 0.0, 0.0, 0.0, 0.0, 0.0, 0.0, 0.0, 0.0, 0.0, 0.0, 0.0, 0.0, 0.0, 0.0, 0.0, 0.0, 0.0, 0.0, 0.0, 0.0, 0.0, 0.0, 0.0, 0.0, 0.0, 0.0, 0.0, 0.0, 0.0, 0.0, 0.0, 0.0, 0.0, 0.0, 0.0, 0.0, 0.0, 0.0, 0.0, 0.0, 0.0, 0.0, 0.0, 0.0, 0.0, 0.0, 0.0, 0.0, 0.0, 0.0, 0.0, 0.0, 0.0, 0.0, 0.0, 0.0, 0.0, 0.0, 0.0, 0.0, 0.0, 0.0, 0.0, 0.0, 0.0, 0.0, 0.0, 0.0, 0.0, 0.0, 0.0, 0.0, 0.0, 0.0, 0.0, 0.0, 0.0, 0.0, 0.0, 0.0, 0.0, 0.0, 0.0, 0.0, 0.0, 0.0, 0.0], "train_difference": [100.024, 100.029, 99.963, 99.96, 99.991, 100.008, 100.03, 100.024, 99.937, 99.933, 99.812, 99.968, 99.927, 99.94, 100.035, 99.934, 99.924, 99.993, 100.025, 99.97, 99.943, 99.924, 101.08, 99.903, 99.925, 99.948, 100.084, 99.838, 99.929, 99.925, 100.08, 99.997, 100.043, 100.063, 99.913, 100.021, 99.99, 99.874, 99.93, 100.013, 99.97, 99.939, 99.844, 99.965, 100.018, 100.021, 100.019, 100.03, 99.97, 99.972, 100.036, 99.843, 100.015, 99.878, 99.98, 100.057, 99.913, 99.985, 99.921, 99.967, 99.993, 99.851, 100.047, 100.019, 99.996, 100.044, 99.931, 99.994, 99.954, 99.919, 100.065, 99.971, 99.913, 99.969, 99.978, 99.963, 99.882, 99.976, 100.012, 99.967, 99.893, 99.992, 100.005, 99.882, 99.92, 100.023, 100.007, 99.95, 100.02, 99.881, 99.896, 99.989, 99.897, 99.976, 100.041, 99.98, 99.972, 100.047, 100.048, 99.957], "val_mae": [118.755, 118.761, 118.679, 118.675, 118.714, 118.734, 118.762, 118.755, 118.646, 118.643, 118.492, 118.685, 118.634, 118.65, 118.769, 118.644, 118.631, 118.716, 118.756, 118.688, 118.655, 118.631, 119.961, 118.605, 118.632, 118.66, 118.829, 118.524, 118.637, 118.632, 118.824, 118.722, 118.778, 118.802, 118.617, 118.751, 118.713, 118.569, 118.638, 118.742, 118.687, 118.649, 118.532, 118.682, 118.747, 118.751, 118.748, 118.762, 118.688, 118.69, 118.769, 118.531, 118.743, 118.574, 118.7, 118.795, 118.617, 118.706, 118.627, 118.685, 118.717, 118.541, 118.784, 118.748, 118.72, 118.78, 118.64, 118.717, 118.668, 118.625, 118.806, 118.689, 118.617, 118.687, 118.698, 118.679, 118.578, 118.695, 118.74, 118.684, 118.592, 118.714, 118.731, 118.578, 118.626, 118.754, 118.734, 118.663, 118.75, 118.578, 118.596, 118.712, 118.597, 118.696, 118.776, 118.7, 118.69, 118.784, 118.785, 118.672], "val_rmse": [145.377, 145.382, 145.315, 145.312, 145.344, 145.36, 145.383, 145.377, 145.289, 145.285, 145.163, 145.32, 145.279, 145.292, 145.388, 145.286, 145.276, 145.346, 145.378, 145.323, 145.295, 145.276, 146.515, 145.255, 145.277, 145.3, 145.438, 145.189, 145.281, 145.277, 145.434, 145.35, 145.396, 145.416, 145.265, 145.374, 145.343, 145.226, 145.282, 145.366, 145.322, 145.291, 145.195, 145.318, 145.37, 145.374, 145.372, 145.383, 145.322, 145.324, 145.389, 145.195, 145.368, 145.229, 145.333, 145.41, 145.264, 145.338, 145.273, 145.32, 145.346, 145.203, 145.401, 145.372, 145.349, 145.398, 145.283, 145.346, 145.306, 145.271, 145.419, 145.323, 145.265, 145.321, 145.33, 145.315, 145.233, 145.328, 145.365, 145.319, 145.244, 145.344, 145.357, 145.233, 145.272, 145.376, 145.36, 145.302, 145.373, 145.233, 145.247, 145.342, 145.248, 145.329, 145.395, 145.332, 145.324, 145.401, 145.402, 145.31],