{"val_loss": [0.018933471188777022, 0.012937351906051239, 0.010496323397900496, 0.010098819646777378, 0.008465365862422105, 0.010810695071187284, 0.011583040843510794, 0.007968759429382367, 0.007171455227459471, 0.006557948085375958, 0.005835860430832124, 0.007083795744822257, 0.0055722754235224175, 0.005061356615947766, 0.005187099870656514, 0.005500368004302598, 0.004826865275390446, 0.004908938892185688, 0.005322183986815314, 0.004759043096176659, 0.004806528091042613, 0.004459012668424596, 0.004504052569649907, 0.004573545069433749, 0.0056382351839501, 0.004128992415240241, 0.004390198899070836, 0.004418311255802918, 0.004357411251274041, 0.004158539092814963, 0.004432087408430461, 0.004409945159245076, 0.0038942022688893806, 0.00444617058059925, 0.004301385543335022, 0.0039058431543202866, 0.004026248682445536, 0.0039657831334302, 0.0045916211771933986, 0.0046207690191093, 0.004137086394217072, 0.004184604030645763, 0.0038605606597330836, 0.003911842385099994, 0.0037965468978250604, 0.0040601157331063105, 0.003741306278647648, 0.003762500929749674, 0.004254672152455896, 0.003927501901570294, 0.0038350307376175704, 0.004014092765929591, 0.0036851962148729297, 0.0037585865680335295, 0.0036343588726595044, 0.003894891677191481, 0.004346311448090192, 0.005386655794508342, 0.004576314298901707, 0.003616915530680368, 0.0036871341872029006, 0.0037736660645653806, 0.0036992699153617853, 0.0038024370312794214, 0.003605046564997691, 0.004052375860434647, 0.0035509434528648853, 0.0036315040746962447, 0.0038519759740059576, 0.003563560037744335, 0.0038046630118818334, 0.0037203262941653114, 0.003594872687244788, 0.003657186756350307, 0.0047832439304329455, 0.004203079811607798, 0.00383470317400578, 0.004004821963866966, 0.003978414027692957, 0.003615684723222835, 0.00356056216535055, 0.003988026052765135, 0.0037739692747385967, 0.0038015100742793745, 0.0038778383103716704, 0.003889817828571217, 0.003583228176770111, 0.003696309713025888, 0.003540022208148407, 0.003921715672024422, 0.0036563274334184825, 0.0037328731106956387, 0.00364605379743605, 0.0037253031914588064, 0.0038891512667760253, 0.0035108004392693853, 0.0035518079886161205, 0.003574010055874371, 0.0036274088165050167, 0.0035515138265004177], "train_mae": [34.989, 10.848, 15.809, 33.213, 14.792, 46.223, 56.203, 25.196, 26.878, 26.383, 9.37, 30.666, 15.208, 9.304, 11.509, 9.165, 15.139, 4.634, 19.692, 8.238, 16.418, 6.565, 7.418, 13.933, 31.371, 3.501, 3.734, 6.544, 4.366, 6.283, 13.796, 19.302, 3.949, 11.684, 12.165, 6.048, 5.994, 4.017, 20.862, 23.361, 15.439, 7.22, 3.284, 5.969, 12.189, 13.911, 6.959, 6.162, 15.95, 9.954, 8.279, 6.242, 3.904, 5.498, 3.268, 6.669, 19.627, 28.553, 19.834, 3.194, 3.203, 7.63, 9.928, 12.807, 2.735, 9.745, 6.808, 3.287, 7.695, 3.087, 9.922, 5.748, 2.765, 4.676, 27.35, 9.416, 6.091, 16.264, 17.213, 9.252, 6.582, 13.965, 10.837, 9.59, 11.953, 3.254, 3.552, 2.695, 2.603, 10.169, 7.604, 12.873, 8.458, 12.379, 9.661, 2.808, 4.278, 6.635, 5.84, 3.618], "train_rmse": [37.466, 14.454, 17.623, 34.132, 17.608, 47.091, 57.334, 25.762, 27.421, 27.06, 10.853, 31.905, 16.538, 10.691, 12.756, 10.344, 16.34, 5.788, 20.487, 9.457, 17.936, 7.569, 8.403, 15.094, 32.312, 4.405, 4.791, 7.565, 5.583, 7.198, 15.232, 20.38, 5.001, 12.815, 13.182, 7.542, 6.793, 4.729, 21.915, 24.447, 16.366, 8.1, 4.1, 6.987, 13.072, 14.654, 7.785, 7.317, 16.4, 10.583, 9.115, 7.748, 4.674, 7.042, 4.282, 7.602, 19.989, 29.094, 20.585, 4.012, 4.115, 8.5, 10.617, 13.391, 3.409, 10.605, 8.23, 4.182, 8.443, 3.928, 10.49, 6.675, 3.417, 5.848, 28.301, 10.791, 7.25, 17.011, 18.64, 10.224, 8.151, 15.255, 11.514, 10.631, 12.482, 4.075, 4.324, 3.404, 3.38, 10.744, 8.453, 13.477, 9.336, 12.913, 10.451, 3.538, 5.098, 7.322, 7.013, 4.347], "train_underestimate": [0.015, 5.339, 8.536, 17.934, 0.532, 24.958, 30.347, 13.604, 14.513, 14.246, 4.671, 0.0, 8.211, 4.677, 6.206, 0.054, 8.174, 1.025, 10.633, 0.033, 8.865, 0.13, 0.066, 7.523, 16.939, 0.89, 1.565, 0.105, 2.137, 3.342, 7.431, 10.422, 1.882, 0.0, 6.567, 2.868, 0.086, 1.76, 11.264, 12.614, 8.336, 0.032, 0.767, 3.142, 6.581, 7.511, 0.026, 2.426, 8.612, 5.375, 4.457, 0.124, 0.203, 2.756, 1.414, 3.587, 10.597, 0.0, 10.709, 1.047, 1.46, 4.11, 5.361, 6.915, 0.671, 0.003, 3.599, 1.455, 4.15, 1.14, 0.0, 0.043, 0.746, 2.329, 14.768, 5.015, 3.199, 8.782, 9.294, 4.988, 3.47, 7.541, 5.851, 5.178, 6.454, 0.458, 1.77, 1.121, 0.43, 5.491, 4.106, 6.951, 4.566, 6.684, 5.21, 1.257, 2.279, 0.021, 3.004, 0.413], "train_overestimate": [18.877, 0.518, 0.0, 0.0, 7.455, 0.0, 0.0, 0.0, 0.0, 0.0, 0.388, 16.558, 0.0, 0.347, 0.008, 4.895, 0.0, 1.478, 0.0, 4.415, 0.0, 3.414, 3.939, 0.0, 0.0, 1.0, 0.451, 3.428, 0.22, 0.051, 0.018, 0.0, 0.25, 6.309, 0.002, 0.397, 3.151, 0.409, 0.0, 0.0, 0.0, 3.866, 1.006, 0.08, 0.0, 0.0, 3.732, 0.902, 0.0, 0.0, 0.013, 3.246, 1.905, 0.213, 0.35, 0.014, 0.0, 15.417, 0.0, 0.678, 0.269, 0.01, 0.0, 0.0, 0.805, 5.258, 0.077, 0.32, 0.005, 0.527, 5.357, 3.061, 0.747, 0.195, 0.0, 0.068, 0.09, 0.0, 0.0, 0.007, 0.084, 0.0, 0.0, 0.0, 0.0, 1.299, 0.148, 0.335, 0.975, 0.0, 0.0, 0.0, 0.001, 0.0, 0.007, 0.259, 0.031, 3.562, 0.149, 1.541], "train_difference": [18.892, 5.858, 8.536, 17.934, 7.987, 24.958, 30.347, 13.604, 14.513, 14.246, 5.059, 16.558, 8.211, 5.024, 6.214, 4.948, 8.174, 2.502, 10.633, 4.448, 8.865, 3.545, 4.005, 7.523, 16.939, 1.89, 2.016, 3.534, 2.357, 3.392, 7.449, 10.422, 2.132, 6.309, 6.569, 3.266, 3.237, 2.169, 11.264, 12.614, 8.336, 3.899, 1.773, 3.223, 6.581, 7.511, 3.757, 3.327, 8.612, 5.375, 4.47, 3.37, 2.108, 2.969, 1.764, 3.601, 10.597, 15.417, 10.709, 1.725, 1.73, 4.12, 5.361, 6.915, 1.477, 5.262, 3.676, 1.775, 4.155, 1.667, 5.357, 3.103, 1.493, 2.525, 14.768, 5.084, 3.289, 8.782, 9.294, 4.995, 3.554, 7.541, 5.851, 5.178, 6.454, 1.757, 1.918, 1.455, 1.406, 5.491, 4.106, 6.951, 4.567, 6.684, 5.216, 1.516, 2.31, 3.583, 3.153, 1.953], "val_mae": [37.387, 10.758, 14.399, 31.455, 12.478, 43.958, 53.423, 24.524, 26.231, 24.988, 8.138, 30.804, 13.016, 7.877, 9.389, 10.371, 12.551, 4.675, 17.247, 9.405, 13.293, 8.138, 8.997, 10.983, 27.98, 4.048, 3.373, 8.733, 3.243, 4.507, 10.642, 15.997, 3.017, 12.749, 9.802, 4.795, 7.828, 3.625, 17.833, 20.22, 12.623, 8.653, 3.824, 4.367, 9.726, 11.471, 8.545, 5.946, 13.928, 8.434, 6.341, 6.611, 4.77, 4.528, 3.084, 5.178, 17.912, 28.788, 17.319, 2.849, 2.82, 5.882, 8.201, 10.934, 2.732, 10.648, 5.591, 2.806, 6.497, 3.12, 10.745, 6.64, 2.559, 4.053, 24.833, 10.037, 5.059, 14.254, 14.612, 7.659, 5.678, 11.993, 9.468, 8.189, 10.864, 3.354, 3.207, 2.738, 2.801, 8.834, 6.406, 11.648, 7.242, 11.293, 8.321, 2.902, 4.078, 7.201, 5.526, 4.605], "val_rmse": [40.335, 14.779, 16.895, 32.756, 16.876, 45.2, 55.136, 25.154, 26.783, 25.739, 9.652, 32.002, 14.685, 9.206, 10.921, 11.392, 13.9, 5.98, 18.146, 10.376, 15.24, 8.871, 9.814, 12.504, 29.199, 4.808, 4.217, 9.555, 4.279, 5.49, 12.607, 17.369, 3.889, 13.882, 11.111, 5.964, 8.583, 4.445, 19.252, 21.676, 13.863, 9.481, 4.69, 5.476, 10.809, 12.477, 9.279, 7.131, 14.491, 9.009, 7.385, 8.686, 5.485, 5.903, 3.868, 6.28, 18.311, 29.373, 18.365, 3.655, 3.646, 6.939, 9.065, 11.682, 3.755, 11.522, 6.914, 3.434, 7.294, 3.839, 11.246, 7.296, 3.434, 5.133, 26.217, 11.204, 6.293, 15.343, 16.513, 8.894, 7.273, 14.089, 10.483, 9.828, 11.69, 4.57, 4.024, 3.471, 3.921, 9.731, 7.648, 12.621, 8.65, 12.165, 9.687, 3.572, 4.949, 7.936, 6.802, 5.515],