{"val_loss": [0.010402482777863042, 0.005653948233682766, 0.005400696039537757, 0.004332852447381204, 0.004182521836102953, 0.004428936561655266, 0.003828325758553951, 0.003925357284566012, 0.004255064137295348, 0.0036756421338092573, 0.0036036348039690186, 0.004757308183494994, 0.003533228917553465, 0.0039060489552866784, 0.0034741631824443983, 0.0034949404591518235, 0.0037088369665272897, 0.0036142806202406064, 0.003510673723414786, 0.0038898058600251614, 0.003438838456733922, 0.003422128172840328, 0.0036334092169959652, 0.0033894289112544763, 0.0034254167203471297, 0.0039322303509834455, 0.0033957060442036083, 0.0034753689678836963, 0.0036386283242488084, 0.0034449045883270125, 0.0034266465413060766, 0.0035613725406922945, 0.003503478243449839, 0.003436274057397289, 0.003565759238881583, 0.0035337911470681624, 0.0035635900758279604, 0.0037365558039002484, 0.003457675242215272, 0.0037589222586878654, 0.0034954377831834587, 0.0035325336844430743, 0.0035530593966339235, 0.0035049745542386924, 0.0035640699353381125, 0.0035799972325144657, 0.0035088205523708085, 0.0034881565211940645, 0.0034991850949760797, 0.0035428167050971147], "train_loss": [0.028108141239499673, 0.007831688315491192, 0.0054719485706300475, 0.004523132385656936, 0.004196084519207943, 0.00407451445425977, 0.003804954612860456, 0.003661261212982936, 0.0037965894007356837, 0.003560494678822579, 0.0033597047986404505, 0.003766020956391003, 0.0032803601534396876, 0.003307606810267316, 0.003049353741516825, 0.0030139966365823057, 0.0029765519466309343, 0.0032930781017057598, 0.0028257295016373973, 0.0030240262385632377, 0.0027180041251995135, 0.002664385210664477, 0.0027067567461926956, 0.0024795320350676775, 0.0025681774386612233, 0.00236613650668005, 0.00248264440051571, 0.002257869773529819, 0.0022224627591640456, 0.0022054544497223105, 0.002076453622066765, 0.0020923383526678663, 0.00205891360201349, 0.0018538902768341359, 0.0017502255959698232, 0.0020017058559460565, 0.001711978231469402, 0.0015428895312652458, 0.0021748343606304843, 0.0015845939506107243, 0.0014527420462400187, 0.0016086103714769706, 0.001378442457280471, 0.0012843311087635811, 0.0013100329088047147, 0.0013728328494835296, 0.0014687748771393672, 0.001137236687100085, 0.0011020167239621514, 0.0012126103010814404], "train_size": 1024, "val_size": 576, "rand_seed": 644, "shuffle": true, "loss_name": "logcosh", "img_dim": [256, 256, 3], "patch_dim": [256, 256, 3], "patches_per_image": 1, "density_map_sigma": 5, "density_map_multiplication_factor": 100.0, "sub_experiment_name": "vgg_cells/n_64_sigma_5_randseed_644_loss_logcosh_full_img", "architecture": "FCRN_A"}