{"val_loss": [0.09832777384230319, 0.07239338002331994, 0.03925678103833514, 0.041285136303700065, 0.030046422513859236, 0.028049953459926388, 0.026630440959706903, 0.027645997155238602, 0.0243234338978415, 0.022653136347584864, 0.023710648310096824, 0.02154474690392175, 0.021915224298615667, 0.021431019228390035, 0.02057581186732825, 0.019753575530451012, 0.020019090809749767, 0.020182522767059067, 0.017010903198217207, 0.018790825037285686, 0.019558294532437098, 0.024878628661527354, 0.01908759928226252, 0.018474855850560263, 0.016662585097091162, 0.01578899096998879, 0.015931269544286326, 0.014590813025065204, 0.014351881766582237, 0.015841656522003606, 0.014084539835012573, 0.014015624347581145, 0.013145632685764748, 0.013641020827515818, 0.01318962563870146, 0.013602180854992612, 0.01408438730354914, 0.01709218808751115, 0.012932134501170367, 0.013104058788431919, 0.012975899167084956, 0.012433004339554292, 0.012246198113322915, 0.016277436721686495, 0.012872037703773993, 0.012889333302155137, 0.012466831054018043, 0.013189880543744521, 0.011573385782813764, 0.013128035708659273, 0.011634048064211932, 0.01148855613256969, 0.011997302720213638, 0.01349643980125513, 0.011528774856261033, 0.012884474907289533, 0.011819576916476601, 0.011517731246867162, 0.011041708160465694, 0.014566169120371342, 0.012382228526642875, 0.011710943952065837, 0.011188127908526975, 0.011431970962268464, 0.011107597955475178, 0.013744644348180908, 0.01162410740096889, 0.012747582613134427, 0.012989155811202876, 0.012264127038446638, 0.011517173110726564, 0.010751496925128294, 0.012060392459662742, 0.01308762374238166, 0.010835059295298861, 0.010813659741817153, 0.01125701385043452, 0.010720828181707902, 0.010894770494333524, 0.010750535981702235, 0.010237079531447413, 0.012232273118570447, 0.012304035590632874, 0.01017523606253021, 0.010240113523597008, 0.013158598856534809, 0.010830382946604752, 0.010603865276446895, 0.010078492735320813, 0.010300564504338099, 0.01042206066331881, 0.010001359353362419, 0.009989011382191059, 0.010504905733635979, 0.010613207047914757, 0.01110459748751429, 0.010627736347754869, 0.011195124993237722, 0.010529414709547864, 0.009923939781455213], "train_mae": [101.034, 78.225, 66.649, 47.536, 22.897, 18.422, 8.146, 28.277, 11.633, 6.893, 24.597, 6.973, 23.619, 7.328, 4.885, 13.052, 21.451, 27.165, 5.929, 24.243, 31.931, 53.751, 14.805, 17.26, 7.076, 10.927, 12.782, 5.916, 6.643, 24.083, 12.078, 16.19, 6.304, 14.01, 12.585, 13.051, 13.874, 35.738, 4.98, 10.981, 10.645, 7.265, 5.175, 34.391, 7.086, 16.323, 5.712, 16.245, 5.358, 18.486, 6.308, 7.442, 12.701, 22.159, 8.081, 18.832, 12.144, 8.573, 5.155, 21.623, 18.483, 13.991, 7.471, 10.141, 7.482, 23.313, 12.131, 14.615, 5.76, 9.794, 7.66, 4.568, 18.144, 13.619, 4.692, 10.031, 13.14, 7.734, 4.692, 4.736, 4.493, 18.443, 14.836, 4.767, 4.576, 20.522, 16.511, 4.759, 4.427, 4.897, 6.57, 5.316, 3.657, 8.359, 4.558, 16.073, 7.322, 18.894, 5.257, 3.577], "train_rmse": [107.349, 84.764, 67.269, 53.034, 24.937, 20.006, 10.433, 30.455, 14.139, 7.958, 25.71, 8.278, 24.382, 8.688, 6.037, 14.343, 22.166, 27.767, 7.173, 26.364, 32.398, 54.098, 16.85, 18.608, 9.134, 13.495, 14.178, 7.555, 8.775, 24.718, 13.422, 17.329, 8.42, 15.373, 13.991, 14.394, 15.196, 36.262, 5.963, 12.639, 12.521, 9.487, 6.855, 35.684, 9.16, 17.512, 7.264, 17.836, 6.702, 19.664, 7.808, 9.026, 13.807, 23.058, 9.425, 19.897, 13.572, 10.262, 6.791, 22.976, 19.783, 15.356, 8.978, 11.845, 9.016, 24.97, 13.898, 16.109, 7.181, 11.642, 9.221, 5.772, 18.916, 15.694, 5.823, 11.591, 14.779, 8.9, 5.931, 6.154, 5.55, 19.187, 16.594, 6.208, 5.599, 22.169, 17.128, 6.064, 5.664, 5.966, 7.815, 6.542, 4.491, 9.867, 5.845, 17.112, 8.929, 20.105, 6.253, 4.46], "train_underestimate": [56.375, 43.648, 0.0, 26.524, 0.093, 0.173, 2.71, 15.778, 6.42, 0.515, 13.725, 0.355, 13.179, 0.275, 1.436, 7.283, 11.969, 15.157, 1.925, 0.0, 17.817, 29.992, 0.0, 0.0, 0.994, 0.303, 7.132, 1.402, 1.002, 13.438, 6.739, 9.034, 0.695, 7.817, 7.022, 7.282, 7.742, 19.941, 1.442, 6.127, 5.785, 0.204, 0.729, 19.189, 0.201, 0.011, 2.675, 9.064, 2.008, 10.315, 3.07, 3.81, 0.1, 12.364, 0.129, 10.508, 6.776, 4.422, 0.525, 12.065, 10.313, 7.807, 3.96, 5.54, 4.064, 13.008, 0.0, 0.0, 1.595, 5.102, 0.3, 0.52, 10.124, 7.582, 2.096, 5.565, 7.332, 0.072, 2.128, 2.039, 0.386, 10.291, 8.278, 0.276, 0.325, 11.451, 0.0, 0.63, 1.218, 2.504, 3.601, 2.685, 1.199, 4.566, 2.045, 8.969, 0.007, 10.543, 2.774, 1.577], "train_overestimate": [0.0, 0.0, 37.188, 0.0, 12.683, 10.106, 1.835, 0.0, 0.071, 3.331, 0.0, 3.536, 0.0, 3.813, 1.289, 0.0, 0.0, 0.0, 1.383, 13.527, 0.0, 0.0, 8.261, 9.631, 2.954, 5.794, 0.0, 1.899, 2.705, 0.0, 0.0, 0.0, 2.823, 0.0, 0.0, 0.0, 0.0, 0.0, 1.337, 0.0, 0.155, 3.85, 2.158, 0.0, 3.753, 9.097, 0.512, 0.0, 0.982, 0.0, 0.45, 0.342, 6.987, 0.0, 4.38, 0.0, 0.0, 0.361, 2.351, 0.0, 0.0, 0.0, 0.209, 0.118, 0.111, 0.0, 6.769, 8.155, 1.619, 0.363, 3.974, 2.029, 0.0, 0.018, 0.522, 0.032, 0.0, 4.243, 0.49, 0.604, 2.121, 0.0, 0.0, 2.384, 2.228, 0.0, 9.213, 2.025, 1.252, 0.228, 0.065, 0.281, 0.841, 0.098, 0.498, 0.0, 4.078, 0.0, 0.16, 0.419], "train_difference": [56.375, 43.648, 37.188, 26.524, 12.776, 10.279, 4.545, 15.778, 6.491, 3.846, 13.725, 3.891, 13.179, 4.089, 2.725, 7.283, 11.969, 15.157, 3.308, 13.527, 17.817, 29.992, 8.261, 9.631, 3.948, 6.097, 7.132, 3.301, 3.707, 13.438, 6.739, 9.034, 3.518, 7.817, 7.022, 7.282, 7.742, 19.941, 2.779, 6.127, 5.94, 4.054, 2.888, 19.189, 3.954, 9.108, 3.187, 9.064, 2.99, 10.315, 3.52, 4.153, 7.087, 12.364, 4.509, 10.508, 6.776, 4.784, 2.876, 12.065, 10.313, 7.807, 4.169, 5.658, 4.175, 13.008, 6.769, 8.155, 3.214, 5.465, 4.274, 2.549, 10.124, 7.599, 2.618, 5.597, 7.332, 4.315, 2.618, 2.643, 2.507, 10.291, 8.278, 2.66, 2.553, 11.451, 9.213, 2.655, 2.47, 2.733, 3.666, 2.966, 2.041, 4.664, 2.544, 8.969, 4.086, 10.543, 2.933, 1.996], "val_mae": [103.247, 80.572, 63.418, 49.94, 21.742, 17.428, 10.443, 30.739, 14.346, 7.028, 27.37, 5.766, 26.416, 5.858, 5.836, 16.045, 24.438, 30.156, 6.762, 21.154, 35.005, 56.755, 11.983, 13.955, 7.169, 9.356, 16.031, 6.424, 6.654, 27.191, 15.206, 19.229, 5.613, 17.118, 15.417, 15.877, 16.748, 38.484, 4.99, 13.648, 12.983, 5.506, 4.192, 36.902, 5.612, 13.59, 7.271, 18.726, 6.463, 20.873, 7.779, 9.234, 10.331, 24.447, 5.962, 21.145, 14.43, 10.525, 4.151, 23.88, 20.659, 16.242, 9.546, 12.364, 9.623, 25.598, 9.605, 12.09, 5.613, 12.055, 7.351, 3.992, 20.474, 15.867, 5.661, 12.166, 15.37, 5.401, 6.05, 6.354, 4.195, 20.646, 17.047, 3.677, 4.159, 22.943, 13.877, 4.082, 5.692, 6.945, 8.966, 7.176, 4.481, 10.517, 6.43, 18.635, 5.192, 21.019, 7.54, 5.277], "val_rmse": [112.199, 89.713, 64.488, 57.775, 23.987, 19.185, 14.087, 34.098, 17.978, 8.249, 29.147, 7.187, 27.458, 7.342, 7.059, 17.256, 25.278, 30.918, 7.918, 23.477, 35.602, 57.298, 14.268, 15.766, 8.46, 11.435, 17.162, 7.63, 7.892, 27.764, 16.213, 20.266, 6.818, 18.039, 16.356, 17.078, 18.038, 39.056, 6.17, 15.173, 15.282, 6.874, 5.262, 38.774, 6.799, 14.627, 8.967, 20.577, 8.08, 22.043, 9.425, 10.909, 11.94, 25.396, 7.182, 22.298, 15.818, 12.619, 5.155, 25.623, 22.141, 17.531, 11.389, 14.356, 11.294, 27.789, 11.249, 13.838, 6.81, 14.457, 8.794, 4.794, 21.324, 18.485, 7.127, 13.935, 17.236, 6.736, 7.686, 8.07, 4.806, 21.531, 19.276, 4.697, 4.83, 25.168, 14.584, 5.194, 7.062, 8.023, 10.39, 8.845, 5.666, 12.507, 8.282, 19.97, 6.809, 22.617, 8.539, 6.506],