{"val_loss": [0.08407822914202423, 0.05303695285692811, 0.041398713639115584, 0.030068755382671952, 0.029571952311979496, 0.028106627602349308, 0.024003713720423335, 0.02298810996580869, 0.021729582612512306, 0.02046507105970865, 0.023202246808282593, 0.019782273612423417, 0.01871368832721868, 0.02393984967185294, 0.01924311584683464, 0.017827271976891684, 0.021662701537613484, 0.01896624194512911, 0.019117855590165538, 0.018897222450879568, 0.017400738201104105, 0.016181673409472054, 0.019228116396869367, 0.015508498003541985, 0.014280808524584727, 0.014106807093519498, 0.015545063919168623, 0.013782393947408041, 0.012749020352630931, 0.01238347846083343, 0.012781182314296636, 0.011845415074597387, 0.012694448068299714, 0.013989353970186236, 0.01167964718907195, 0.011778208303867894, 0.011422036239630817, 0.011065616765443017, 0.010723616821718785, 0.010928574720096281, 0.010780454137335149, 0.011322073412456495, 0.010896577760029365, 0.010925333019044688, 0.01054206763065475, 0.012553206867511001, 0.013417151670985143, 0.01105024347506354, 0.010601975913981305, 0.014976017646190217, 0.01222168602158918, 0.010204819257042426, 0.010401091024772647, 0.010414200776722282, 0.010265547819846474, 0.010092243000947158, 0.010513443369692302, 0.009825089737526415, 0.009867723955882384, 0.010007545019856052, 0.0098540987168877, 0.011548867565579712, 0.010083112057627124, 0.009985812131644171, 0.009726163071771973, 0.009808860284358482, 0.010122635418905275, 0.009620373784427476, 0.013675083170014927, 0.010743382140336669, 0.011423911621985847, 0.010635554927456029, 0.0097424736184835, 0.009628448974313763, 0.009345494505182347, 0.009698141989407731, 0.00940597867285011, 0.009542058513034135, 0.010484065815998131, 0.009412106016979498, 0.009649792264955229, 0.009027027257937281, 0.009791925775489825, 0.009282806972110206, 0.009121539913501371, 0.01054481599438826, 0.009334531566470532, 0.010500509353518924, 0.009601470172021757, 0.010143270392505014, 0.012105207544450155, 0.01132783224559663, 0.009903985048260759, 0.011562452810775378, 0.01108696694170837, 0.009717843882219098, 0.009273676835137475, 0.009617974238661939, 0.009573766855550381, 0.009415275944561204], "train_mae": [109.661, 51.839, 27.724, 28.759, 36.68, 17.886, 12.288, 12.459, 4.294, 4.0, 30.601, 10.775, 10.18, 41.975, 10.668, 4.989, 26.359, 11.926, 6.497, 12.3, 7.163, 14.031, 35.225, 18.901, 6.143, 5.455, 23.74, 8.767, 11.936, 5.038, 16.601, 10.093, 10.539, 23.745, 8.156, 12.145, 7.299, 5.31, 4.472, 5.36, 3.956, 8.715, 8.071, 6.312, 4.393, 13.919, 25.359, 4.21, 6.153, 32.873, 13.49, 3.713, 5.758, 9.676, 4.158, 4.553, 3.254, 4.001, 5.804, 10.115, 5.041, 20.661, 9.006, 9.835, 3.25, 3.05, 7.684, 2.561, 31.319, 16.106, 7.059, 14.292, 7.46, 2.844, 4.058, 6.469, 7.03, 3.442, 15.972, 4.83, 3.227, 5.547, 4.351, 3.082, 2.951, 9.832, 7.421, 17.032, 10.941, 10.655, 25.592, 23.874, 4.863, 17.808, 6.669, 10.477, 5.854, 3.284, 9.199, 7.222], "train_rmse": [110.065, 53.941, 30.382, 30.822, 37.719, 23.22, 13.263, 15.303, 6.014, 5.21, 31.778, 11.764, 11.248, 42.877, 12.939, 6.273, 27.169, 12.912, 7.751, 15.049, 9.135, 14.717, 36.24, 19.626, 8.184, 7.496, 26.01, 10.215, 14.049, 6.507, 17.49, 11.705, 12.487, 24.942, 9.144, 14.196, 8.205, 6.622, 5.719, 6.322, 5.234, 9.741, 9.255, 7.369, 5.588, 15.738, 26.599, 5.451, 7.524, 34.608, 15.677, 5.234, 7.422, 10.591, 5.499, 5.685, 4.179, 5.18, 6.927, 11.142, 6.002, 21.685, 9.827, 10.651, 4.539, 4.09, 9.225, 3.698, 32.541, 16.559, 9.672, 14.987, 8.478, 3.96, 4.951, 7.582, 8.106, 4.453, 17.134, 5.647, 4.195, 6.339, 5.137, 3.949, 3.881, 12.395, 8.321, 18.132, 12.131, 11.304, 26.61, 24.275, 6.026, 20.185, 8.5, 11.191, 7.331, 4.262, 10.258, 7.986], "train_underestimate": [0.0, 0.0, 0.73, 0.203, 0.0, 10.095, 0.311, 7.149, 1.929, 1.603, 17.577, 6.189, 5.837, 24.11, 0.426, 2.259, 15.141, 6.851, 3.597, 0.421, 0.645, 7.98, 20.233, 10.857, 0.821, 0.87, 13.636, 4.506, 6.499, 2.164, 9.536, 5.545, 0.059, 13.639, 4.544, 6.868, 4.023, 2.667, 1.513, 2.814, 1.652, 0.096, 0.211, 3.503, 1.91, 0.0, 14.566, 0.494, 0.124, 18.882, 0.0, 0.469, 0.224, 5.515, 0.291, 2.064, 1.264, 1.595, 3.13, 5.739, 2.721, 11.868, 0.046, 5.601, 0.461, 1.265, 3.618, 0.519, 17.99, 0.0, 0.712, 8.21, 4.164, 1.107, 1.995, 3.533, 3.915, 1.706, 9.174, 0.127, 0.237, 0.069, 2.299, 0.96, 1.395, 0.038, 4.159, 9.783, 6.247, 6.12, 14.7, 0.0, 1.973, 10.212, 2.595, 6.018, 3.019, 1.487, 5.227, 0.019], "train_overestimate": [62.99, 29.777, 15.195, 16.316, 21.069, 0.179, 6.747, 0.007, 0.537, 0.694, 0.0, 0.0, 0.011, 0.0, 5.702, 0.607, 0.0, 0.0, 0.135, 6.644, 3.469, 0.079, 0.0, 0.0, 2.708, 2.263, 0.0, 0.529, 0.357, 0.73, 0.0, 0.252, 5.995, 0.0, 0.141, 0.108, 0.169, 0.384, 1.056, 0.265, 0.62, 4.91, 4.425, 0.122, 0.613, 7.995, 0.0, 1.924, 3.41, 0.0, 7.749, 1.664, 3.084, 0.042, 2.097, 0.552, 0.605, 0.703, 0.204, 0.071, 0.175, 0.0, 5.127, 0.049, 1.406, 0.487, 0.796, 0.952, 0.0, 9.251, 3.343, 0.0, 0.121, 0.526, 0.336, 0.183, 0.123, 0.272, 0.0, 2.647, 1.617, 3.118, 0.201, 0.81, 0.3, 5.61, 0.104, 0.0, 0.038, 0.0, 0.0, 13.713, 0.82, 0.018, 1.236, 0.0, 0.344, 0.4, 0.057, 4.129], "train_difference": [62.99, 29.777, 15.925, 16.519, 21.069, 10.274, 7.058, 7.156, 2.466, 2.298, 17.577, 6.189, 5.848, 24.11, 6.128, 2.866, 15.141, 6.851, 3.732, 7.065, 4.114, 8.06, 20.233, 10.857, 3.529, 3.133, 13.636, 5.036, 6.856, 2.894, 9.536, 5.797, 6.054, 13.639, 4.685, 6.976, 4.192, 3.05, 2.569, 3.079, 2.272, 5.006, 4.636, 3.625, 2.524, 7.995, 14.566, 2.418, 3.534, 18.882, 7.749, 2.132, 3.308, 5.558, 2.388, 2.615, 1.869, 2.298, 3.334, 5.81, 2.896, 11.868, 5.173, 5.649, 1.867, 1.752, 4.414, 1.471, 17.99, 9.251, 4.055, 8.21, 4.285, 1.633, 2.331, 3.716, 4.038, 1.977, 9.174, 2.775, 1.854, 3.186, 2.499, 1.77, 1.695, 5.647, 4.263, 9.783, 6.285, 6.12, 14.7, 13.713, 2.793, 10.229, 3.831, 6.018, 3.362, 1.886, 5.284, 4.148], "val_mae": [109.167, 49.786, 26.29, 27.102, 35.496, 20.891, 12.779, 13.166, 5.232, 4.83, 30.703, 9.586, 8.961, 41.684, 13.085, 5.45, 26.057, 11.011, 6.052, 14.768, 9.198, 11.732, 34.765, 17.238, 8.28, 7.49, 23.169, 7.328, 12.062, 5.08, 14.774, 9.412, 13.739, 23.013, 6.542, 11.917, 5.87, 5.089, 5.108, 4.598, 4.324, 10.666, 8.955, 5.418, 4.526, 16.783, 25.084, 5.793, 7.609, 33.499, 16.361, 5.271, 7.113, 8.846, 5.687, 4.867, 3.913, 4.669, 5.772, 9.684, 4.794, 20.475, 10.372, 8.922, 4.744, 3.707, 8.683, 3.827, 31.793, 17.443, 8.722, 13.389, 6.971, 3.716, 4.253, 6.592, 7.131, 3.875, 16.089, 5.972, 4.427, 6.359, 4.497, 4.143, 3.788, 11.61, 7.27, 17.038, 10.739, 9.838, 25.652, 25.499, 4.875, 18.652, 7.098, 9.66, 7.01, 3.704, 9.16, 8.063], "val_rmse": [109.775, 52.708, 29.944, 29.988, 37.095, 26.791, 13.944, 17.081, 7.323, 6.534, 32.487, 11.192, 10.602, 43.048, 15.833, 6.674, 27.376, 12.661, 7.562, 18.057, 11.449, 13.038, 36.249, 18.357, 10.244, 9.277, 26.344, 8.786, 14.14, 6.389, 16.053, 11.288, 15.486, 24.689, 8.334, 14.513, 7.458, 6.6, 6.411, 5.856, 5.549, 11.792, 10.479, 6.875, 5.699, 18.62, 26.731, 6.932, 8.916, 35.663, 18.646, 6.408, 8.632, 10.377, 6.796, 6.211, 4.897, 5.94, 7.193, 11.323, 6.048, 21.907, 11.44, 10.376, 5.917, 4.66, 10.333, 4.801, 33.475, 18.083, 11.949, 14.477, 8.548, 4.773, 5.378, 8.082, 8.777, 4.75, 17.801, 7.122, 5.421, 7.455, 5.518, 5.149, 4.774, 14.216, 8.802, 18.621, 12.584, 10.789, 27.091, 26.109, 5.91, 21.693, 8.638, 10.853, 8.419, 4.805, 10.903, 9.058],