{"val_loss": [0.04721362635446189, 0.03987610929193017, 0.031038824060089426, 0.02807209039730899, 0.026835587752062115, 0.0260750029436862, 0.024788555206817293, 0.023976024580672068, 0.022894246828104002, 0.02286245902736012], "train_loss": [0.07129911022146189, 0.03183030990584383, 0.023942441484837724, 0.02014504172349512, 0.017888374472190157, 0.016320288506311852, 0.015184759032136855, 0.014291792290689248, 0.013641480453112914, 0.012984307790774842], "train_size": 14400, "val_size": 1424, "rand_seed": 9001, "shuffle": true, "loss_name": "mean_squared_error", "img_dim": [720, 1280, 3], "patch_dim": [256, 256, 3], "patches_per_image": 16, "density_map_sigma": 10, "density_map_multiplication_factor": 2000.0, "sub_experiment_name": "carpk/sigma_10_loss_mse_patch_16_256x256_epochs_10_lr_1e-4", "architecture": "UNet"}