{"val_loss": [0.063945158275173, 0.04586569800534669, 0.04017196025918512, 0.038625183200244516, 0.0335448122692897, 0.03231605486122563, 0.02576156345415203, 0.02110414788373472, 0.017427797080017626, 0.01984093543689917, 0.01591928006725057, 0.0141858666217612, 0.015118633622906226, 0.012914152685826755, 0.012406925978960799, 0.012054892075385022, 0.011536296285853228, 0.013062901794910431, 0.011637659839299671, 0.014378342962385538, 0.013934270540416679, 0.010103417659753604, 0.010122550781542325, 0.009538419318714124, 0.009083773738786797, 0.008847408335628536, 0.008089640879702261, 0.013247956966926508, 0.007941748830489814, 0.007882213199456386, 0.007623092363835038, 0.009198303272783318, 0.008272215802742936, 0.007103546892347581, 0.006718374009805676, 0.007982991618679507, 0.009570997674018145, 0.0080662664019174, 0.007648902647334206, 0.007420438047334114, 0.006543769436094034, 0.0063297111568424635, 0.006824640810544438, 0.006863397190018612, 0.007572436619632165, 0.007076655062572921, 0.0066337970646974794, 0.007214738898362745, 0.006177837861126617, 0.006086236050845508, 0.006865753129686174, 0.006841957236996249, 0.006200807600501268, 0.00571573239593657, 0.005831702918786665, 0.005697926895021845, 0.005504934238749282, 0.005713870372239719, 0.00622264261919019, 0.007350074158132295, 0.006681820774889167, 0.006161979471525068, 0.005740036186419756, 0.005371751539368073, 0.005228813497952241, 0.005315794789246009, 0.005227950651554719, 0.005178266223725479, 0.005426265390055692, 0.005249486164436401, 0.005060985032126636, 0.005157506521380342, 0.005004128174144118, 0.005007419403067187, 0.005298676452024237, 0.006175090545131003, 0.0056847973028197885, 0.0049815321484964125, 0.00530035568483393, 0.00587725210147362, 0.005318635581609081, 0.007050239768646219, 0.008593570526607116, 0.007184311939293847, 0.0060700485705370635, 0.005290516054682324, 0.005680311361656469, 0.0051054317463079795, 0.00497434415635379, 0.0051626374958740435, 0.005186340237474617, 0.005940023980870405, 0.005544012826730442, 0.004884757609996835, 0.004847387233680552, 0.005425466101287919, 0.00498503156739068, 0.005165377010331105, 0.004754253171781516, 0.004693782552802826], "train_mae": [152.945, 70.524, 66.693, 42.66, 42.168, 33.652, 43.426, 23.859, 19.018, 58.149, 34.978, 11.858, 31.747, 11.321, 9.896, 11.967, 8.605, 35.572, 25.691, 49.559, 46.526, 8.492, 22.861, 17.951, 11.402, 19.171, 10.971, 57.049, 14.523, 11.72, 10.403, 36.312, 29.491, 13.975, 3.893, 29.112, 42.459, 28.803, 25.412, 27.672, 7.704, 5.655, 16.127, 19.556, 24.722, 22.03, 14.427, 26.286, 6.829, 9.734, 26.059, 25.477, 14.631, 6.451, 3.963, 4.067, 9.279, 10.885, 22.966, 31.413, 25.56, 23.207, 13.779, 5.05, 5.039, 6.016, 4.793, 3.795, 14.873, 11.862, 6.854, 3.088, 5.837, 5.048, 17.025, 24.8, 20.926, 9.008, 15.397, 21.031, 17.504, 31.072, 38.767, 29.072, 10.655, 6.985, 16.723, 5.5, 2.94, 6.924, 12.445, 23.593, 19.135, 6.021, 4.902, 15.482, 13.553, 14.435, 6.225, 4.239], "train_rmse": [153.229, 79.51, 68.587, 53.336, 45.061, 44.408, 45.996, 31.631, 24.655, 59.044, 36.331, 14.577, 36.829, 12.963, 12.698, 15.748, 9.564, 37.52, 27.204, 51.672, 48.526, 9.96, 23.693, 18.69, 12.4, 19.855, 11.95, 58.48, 15.297, 12.675, 11.253, 37.231, 30.298, 14.81, 5.866, 30.556, 44.718, 30.701, 27.251, 29.018, 9.742, 7.334, 17.496, 20.674, 26.164, 23.376, 15.806, 26.994, 8.816, 11.108, 27.356, 27.065, 16.949, 8.05, 5.888, 5.29, 10.735, 12.256, 24.345, 33.38, 27.358, 24.736, 15.463, 6.305, 6.329, 7.227, 5.972, 5.127, 15.743, 13.276, 8.372, 4.581, 6.822, 6.44, 18.128, 25.512, 22.042, 10.325, 16.189, 22.984, 18.277, 32.374, 42.725, 30.597, 13.125, 8.048, 17.345, 6.502, 4.245, 7.785, 13.363, 24.692, 20.36, 7.272, 5.842, 16.24, 14.5, 15.322, 7.245, 5.392], "train_underestimate": [0.0, 40.509, 0.0, 24.348, 0.504, 18.667, 0.431, 11.487, 8.059, 0.0, 0.042, 1.685, 18.236, 0.566, 3.648, 6.639, 0.248, 20.433, 14.757, 28.467, 26.725, 4.878, 13.131, 10.311, 6.549, 11.012, 6.126, 32.769, 8.342, 6.604, 5.883, 20.857, 16.939, 8.014, 0.88, 16.722, 24.388, 16.545, 14.597, 15.895, 3.959, 0.306, 0.007, 0.0, 0.0, 0.0, 0.036, 0.0, 0.276, 5.512, 14.968, 14.634, 8.255, 2.902, 0.557, 1.059, 5.228, 6.186, 13.192, 18.044, 14.682, 13.33, 7.878, 2.529, 2.501, 0.189, 1.476, 1.696, 8.543, 6.748, 3.716, 1.189, 3.146, 2.336, 9.779, 14.245, 12.02, 5.073, 8.844, 12.08, 10.054, 17.848, 22.268, 16.699, 0.115, 3.731, 9.606, 3.015, 0.537, 0.152, 7.149, 13.552, 10.991, 3.318, 0.28, 0.0, 7.785, 8.291, 3.464, 2.125], "train_overestimate": [87.852, 0.0, 38.309, 0.155, 23.717, 0.663, 24.513, 2.218, 2.865, 33.401, 20.05, 5.127, 0.0, 5.937, 2.037, 0.235, 4.695, 0.0, 0.0, 0.0, 0.0, 0.0, 0.0, 0.0, 0.0, 0.0, 0.175, 0.0, 0.0, 0.128, 0.092, 0.0, 0.0, 0.014, 1.356, 0.0, 0.0, 0.0, 0.0, 0.0, 0.467, 2.943, 9.256, 11.233, 14.201, 12.654, 8.251, 15.099, 3.647, 0.079, 0.0, 0.0, 0.149, 0.803, 1.719, 1.277, 0.102, 0.066, 0.0, 0.0, 0.0, 0.0, 0.037, 0.372, 0.394, 3.267, 1.277, 0.484, 0.0, 0.066, 0.221, 0.585, 0.207, 0.564, 0.0, 0.0, 0.0, 0.101, 0.0, 0.0, 0.0, 0.0, 0.0, 0.0, 6.005, 0.281, 0.0, 0.145, 1.151, 3.825, 0.0, 0.0, 0.0, 0.14, 2.536, 8.893, 0.0, 0.0, 0.111, 0.31], "train_difference": [87.852, 40.509, 38.309, 24.504, 24.221, 19.33, 24.944, 13.705, 10.924, 33.401, 20.092, 6.812, 18.236, 6.503, 5.684, 6.874, 4.943, 20.433, 14.757, 28.467, 26.725, 4.878, 13.131, 10.311, 6.549, 11.012, 6.302, 32.769, 8.342, 6.732, 5.975, 20.857, 16.939, 8.028, 2.236, 16.722, 24.388, 16.545, 14.597, 15.895, 4.425, 3.248, 9.264, 11.233, 14.201, 12.654, 8.287, 15.099, 3.923, 5.591, 14.968, 14.634, 8.404, 3.706, 2.276, 2.336, 5.33, 6.253, 13.192, 18.044, 14.682, 13.33, 7.915, 2.901, 2.894, 3.455, 2.753, 2.18, 8.543, 6.814, 3.937, 1.774, 3.353, 2.899, 9.779, 14.245, 12.02, 5.174, 8.844, 12.08, 10.054, 17.848, 22.268, 16.699, 6.12, 4.012, 9.606, 3.159, 1.689, 3.977, 7.149, 13.552, 10.991, 3.458, 2.816, 8.893, 7.785, 8.291, 3.576, 2.435], "val_mae": [153.722, 76.505, 64.983, 48.305, 39.843, 40.159, 41.147, 28.792, 22.497, 57.704, 34.457, 14.214, 34.395, 12.68, 12.005, 13.586, 9.972, 36.639, 26.041, 50.969, 47.748, 8.143, 22.32, 16.924, 10.17, 17.16, 8.839, 57.583, 12.607, 9.529, 8.555, 35.791, 28.507, 11.892, 5.761, 28.301, 42.803, 28.329, 24.694, 26.772, 8.12, 8.307, 19.596, 23.034, 28.806, 25.878, 17.797, 29.382, 9.657, 8.272, 25.228, 24.768, 14.305, 6.735, 6.117, 5.317, 8.152, 9.548, 22.3, 31.488, 25.311, 22.696, 12.816, 4.585, 4.678, 8.069, 5.643, 4.05, 13.365, 10.678, 6.321, 4.035, 4.672, 5.39, 16.249, 23.797, 20.216, 8.252, 14.282, 21.03, 16.397, 30.948, 40.934, 29.053, 13.741, 5.807, 15.371, 4.618, 4.478, 8.784, 11.219, 23.051, 18.584, 5.372, 6.555, 17.663, 12.54, 13.315, 5.185, 4.165], "val_rmse": [154.158, 86.943, 67.649, 59.898, 44.295, 50.544, 45.222, 36.722, 28.839, 59.086, 36.483, 16.541, 40.653, 14.304, 15.538, 18.254, 11.141, 39.36, 28.334, 53.815, 50.485, 10.341, 23.819, 18.356, 11.684, 18.277, 10.384, 59.592, 13.92, 11.055, 9.971, 37.201, 29.807, 13.249, 7.421, 30.377, 45.786, 30.977, 27.309, 28.701, 10.114, 9.699, 20.895, 24.118, 30.191, 27.182, 19.168, 30.143, 11.574, 10.215, 26.987, 26.891, 17.086, 8.446, 7.8, 6.48, 10.136, 11.559, 24.126, 33.986, 27.675, 24.727, 15.191, 6.077, 6.213, 9.207, 6.858, 5.394, 14.698, 12.791, 8.154, 5.273, 6.171, 6.906, 17.913, 24.884, 21.826, 10.245, 15.589, 23.646, 17.601, 32.749, 45.666, 31.231, 16.397, 6.95, 16.423, 6.16, 5.599, 9.881, 12.693, 24.645, 20.368, 7.05, 7.696, 18.519, 14.056, 14.743, 6.726, 5.484],