{"val_loss": [0.035903308875440215, 0.02505141505029764, 0.019354294347210546, 0.017627252490793385], "train_mae": [18.565, 9.571, 5.241, 5.294], "train_rmse": [21.776, 11.71, 7.462, 8.341], "train_underestimate": [43.413, 3.555, 7.424, 10.119], "train_overestimate": [0.232, 18.946, 4.897, 2.328], "train_difference": [43.645, 22.501, 12.321, 12.446], "val_mae": [20.091, 9.487, 6.384, 6.384], "val_rmse": [22.891, 11.541, 9.131, 9.656], "val_underestimate": [44.803, 5.648, 10.75, 11.975], "val_overestimate": [0.0, 15.508, 3.488, 2.262], "val_difference": [44.803, 21.156, 14.237, 14.237], "train_loss": [0.04650279123038571, 0.02982808732759117, 0.02132093350381183, 0.017737822329840534], "train_size": 900, "val_size": 89, "rand_seed": 9001, "shuffle": true, "loss_name": "logcosh", "img_dim": [720, 1280, 3], "patch_dim": [128, 128, 3], "patches_per_image": 32, "density_map_sigma": 10, "density_map_multiplication_factor": 2000.0, "sub_experiment_name": "carpk/sigma_10_loss_logcosh_patch_32_128x128_epochs_4", "architecture": "UNet"}