{"val_loss": [0.07073629228398204, 0.029743463654691975, 0.029469536436307762, 0.02341166019646658, 0.02167432204199334, 0.019879289061969355, 0.022010845494353108, 0.01734564415851815, 0.016038962225947116, 0.015913170943450596, 0.015813362060321703, 0.018383798137721088, 0.01320429217432522, 0.011798507462824799, 0.01198225853861206, 0.012150223767902289, 0.01120237032106767, 0.01136151256893451, 0.010977861807785101, 0.010738342618828433, 0.010904036404099315, 0.010092636033530451, 0.010010175452205457, 0.00972494658263814, 0.010158590758995464, 0.013549731255301999, 0.013065880979411304, 0.011432843961908171, 0.010114633361808956, 0.009591897774953395, 0.00940893166181114, 0.008761986436891474, 0.009658408978591777, 0.010444165200978104, 0.010761765808436193, 0.008972736049650444, 0.009339277134535627, 0.008928465650468651, 0.009595140672495795, 0.00917959530165212, 0.008794460995381491, 0.009244384813225932, 0.00933518965030089, 0.009276071666843362, 0.008986076320676753, 0.008738912981546795, 0.00815018857570572, 0.008045477107063763, 0.00848613069522091, 0.008105125307338312, 0.008184804626378335, 0.008104615262709558, 0.007735704873791999, 0.00823830884312176, 0.008489901536247797, 0.008290681509404547, 0.00919410109701049, 0.008664209518529888, 0.00782952409160013, 0.007863754477714084, 0.008128075938050946, 0.007735402025799785, 0.00858013000106439, 0.007704018388823088, 0.007629904689060317, 0.00762770797074255, 0.007783349622817089, 0.007879886698598662, 0.008485448773070756, 0.008226755708973441, 0.007589663841321858, 0.007714297409014155, 0.007502306812158268, 0.0074822411471460425, 0.009465055818307318, 0.007811974035575986, 0.007781972090015188, 0.007341378083866503, 0.008040634042117745, 0.008226405977944119, 0.015045479392736323, 0.0080959043569035, 0.007801731314329017, 0.007291882221276562, 0.010504262253460992, 0.008226640548350083, 0.007402662171645918, 0.00797438850794505, 0.007567691151052713, 0.008094636846282002, 0.007447947676862693, 0.007845427818311792, 0.008643526600078784, 0.008080067345872521, 0.007396859925292019, 0.007518503038833539, 0.008576055354852643, 0.007693910363337232, 0.007225820012131913, 0.007493646268913936], "train_mae": [95.519, 15.758, 38.968, 6.945, 8.099, 5.834, 38.348, 6.172, 6.628, 24.682, 21.497, 43.987, 10.977, 3.643, 16.495, 19.045, 9.468, 14.008, 18.646, 12.848, 18.162, 8.084, 10.788, 9.101, 6.997, 35.267, 35.705, 20.691, 19.558, 10.345, 12.757, 4.654, 17.501, 20.027, 23.365, 8.311, 14.574, 14.716, 10.848, 13.549, 11.285, 14.186, 16.827, 12.706, 16.611, 9.878, 3.668, 3.137, 10.15, 5.576, 5.162, 3.613, 3.465, 6.022, 8.571, 8.282, 12.206, 9.576, 4.593, 10.356, 10.904, 3.669, 14.032, 3.465, 2.834, 5.934, 8.75, 11.133, 11.234, 16.088, 4.708, 2.754, 2.644, 2.954, 23.154, 10.638, 8.02, 2.723, 3.119, 11.728, 38.98, 7.348, 5.943, 2.708, 26.312, 17.051, 2.862, 8.44, 9.849, 15.544, 10.602, 8.397, 17.463, 15.527, 2.574, 6.936, 14.18, 7.257, 3.242, 2.401], "train_rmse": [102.427, 18.189, 39.659, 8.855, 10.02, 7.157, 39.024, 7.621, 8.192, 25.551, 22.197, 44.366, 12.022, 4.803, 17.25, 21.316, 11.021, 15.099, 20.179, 14.716, 18.899, 9.241, 12.638, 10.136, 8.089, 35.628, 36.532, 22.275, 20.534, 11.148, 14.603, 5.664, 18.031, 20.943, 24.389, 9.621, 15.802, 15.517, 12.658, 14.232, 13.204, 14.701, 17.406, 13.931, 17.008, 11.122, 4.383, 3.788, 11.599, 6.786, 6.405, 4.39, 4.326, 7.219, 9.375, 9.088, 14.258, 10.633, 5.527, 10.939, 12.346, 4.818, 15.985, 4.445, 3.53, 7.068, 10.202, 11.622, 12.071, 16.873, 5.429, 3.437, 3.326, 3.677, 24.197, 11.231, 8.823, 3.435, 3.817, 12.467, 41.519, 8.388, 6.994, 3.374, 27.68, 17.734, 3.412, 10.269, 10.476, 16.624, 11.033, 9.911, 18.202, 16.227, 3.108, 7.957, 15.306, 8.124, 4.049, 2.962], "train_underestimate": [50.897, 1.622, 0.0, 1.958, 0.176, 0.789, 20.433, 0.969, 3.129, 13.152, 11.454, 23.438, 0.034, 0.955, 0.0, 10.144, 4.691, 7.464, 9.936, 6.731, 9.677, 4.266, 5.386, 4.832, 0.107, 0.0, 19.025, 11.025, 10.422, 0.0, 6.784, 1.373, 0.0, 10.671, 12.45, 4.384, 7.766, 7.841, 5.44, 0.0, 5.919, 0.0, 8.966, 6.77, 0.0, 5.258, 0.875, 0.887, 5.376, 2.862, 2.498, 1.022, 0.864, 3.011, 4.56, 4.388, 6.402, 0.0, 1.73, 0.0, 5.799, 0.342, 7.456, 1.557, 0.856, 2.94, 4.62, 0.0, 5.986, 8.572, 0.094, 0.618, 0.76, 0.342, 12.337, 0.0, 4.273, 0.691, 1.256, 0.0, 20.77, 3.889, 3.133, 0.513, 14.02, 0.0, 0.843, 4.23, 0.0, 8.283, 0.0, 4.435, 9.305, 8.274, 0.381, 0.0, 7.556, 0.0, 1.311, 0.404], "train_overestimate": [0.0, 6.774, 20.764, 1.743, 4.14, 2.32, 0.0, 2.32, 0.402, 0.0, 0.0, 0.0, 5.815, 0.987, 8.789, 0.004, 0.354, 0.0, 0.0, 0.115, 0.0, 0.041, 0.362, 0.018, 3.621, 18.792, 0.0, 0.0, 0.0, 5.512, 0.014, 1.107, 9.326, 0.0, 0.0, 0.045, 0.0, 0.0, 0.34, 7.22, 0.094, 7.559, 0.0, 0.0, 8.851, 0.006, 1.079, 0.784, 0.032, 0.109, 0.252, 0.904, 0.982, 0.197, 0.007, 0.025, 0.102, 5.103, 0.717, 5.518, 0.012, 1.613, 0.021, 0.289, 0.654, 0.222, 0.042, 5.932, 0.0, 0.0, 2.415, 0.85, 0.649, 1.232, 0.0, 5.669, 0.0, 0.76, 0.406, 6.249, 0.0, 0.027, 0.034, 0.93, 0.0, 9.085, 0.682, 0.267, 5.248, 0.0, 5.649, 0.04, 0.0, 0.0, 0.991, 3.696, 0.0, 3.867, 0.416, 0.875], "train_difference": [50.897, 8.397, 20.764, 3.701, 4.316, 3.109, 20.433, 3.289, 3.532, 13.152, 11.454, 23.438, 5.849, 1.941, 8.789, 10.148, 5.045, 7.464, 9.936, 6.846, 9.677, 4.307, 5.749, 4.85, 3.728, 18.792, 19.025, 11.025, 10.422, 5.512, 6.798, 2.48, 9.326, 10.671, 12.45, 4.428, 7.766, 7.841, 5.78, 7.22, 6.013, 7.559, 8.966, 6.77, 8.851, 5.264, 1.954, 1.671, 5.408, 2.971, 2.751, 1.925, 1.846, 3.209, 4.567, 4.413, 6.504, 5.103, 2.447, 5.518, 5.81, 1.955, 7.477, 1.846, 1.51, 3.162, 4.662, 5.932, 5.986, 8.572, 2.509, 1.467, 1.409, 1.574, 12.337, 5.669, 4.273, 1.451, 1.662, 6.249, 20.77, 3.916, 3.167, 1.443, 14.02, 9.085, 1.525, 4.497, 5.248, 8.283, 5.649, 4.474, 9.305, 8.274, 1.371, 3.696, 7.556, 3.867, 1.727, 1.279], "val_mae": [82.314, 19.618, 39.786, 7.219, 9.041, 6.742, 36.615, 7.43, 7.943, 26.442, 20.975, 42.913, 11.75, 5.42, 15.793, 16.588, 8.14, 13.562, 17.059, 11.267, 17.312, 7.732, 8.684, 8.969, 7.492, 33.719, 34.054, 18.727, 18.46, 10.036, 11.431, 4.681, 16.182, 18.806, 22.099, 8.21, 13.631, 14.382, 9.098, 11.896, 10.281, 13.199, 17.181, 11.929, 15.925, 9.49, 3.442, 3.21, 9.501, 5.811, 4.883, 3.375, 3.611, 5.638, 9.435, 9.708, 10.771, 7.949, 4.073, 9.329, 10.118, 3.384, 12.347, 3.62, 3.128, 5.681, 8.289, 9.737, 10.78, 15.694, 4.639, 2.949, 2.956, 2.915, 21.788, 9.184, 8.361, 2.793, 4.131, 9.772, 34.312, 6.99, 6.444, 2.919, 24.249, 15.056, 3.177, 7.291, 8.562, 14.64, 9.52, 8.011, 16.782, 15.036, 2.98, 5.426, 13.267, 6.038, 3.531, 3.162], "val_rmse": [91.018, 21.768, 40.484, 9.088, 10.714, 8.152, 37.355, 9.134, 9.763, 27.846, 22.054, 43.396, 13.075, 6.73, 17.143, 19.383, 10.576, 14.89, 18.809, 13.488, 18.267, 9.331, 11.439, 10.269, 8.561, 34.274, 35.02, 20.661, 19.568, 11.079, 13.556, 6.047, 16.901, 19.959, 23.364, 9.526, 15.078, 15.37, 11.644, 12.799, 12.428, 13.98, 17.792, 13.388, 16.487, 10.983, 4.48, 4.11, 11.118, 6.965, 6.505, 4.538, 4.729, 7.079, 10.218, 10.534, 13.264, 9.552, 5.598, 10.131, 11.805, 4.379, 14.615, 4.678, 3.91, 7.211, 9.969, 10.438, 11.913, 16.55, 5.46, 3.641, 3.852, 3.646, 22.97, 10.194, 9.237, 3.601, 5.082, 10.67, 37.428, 8.071, 7.46, 3.762, 25.938, 16.33, 4.139, 10.137, 9.367, 16.037, 10.345, 9.719, 17.681, 15.807, 3.668, 6.858, 14.632, 7.165, 4.583, 3.862],