{"val_loss": [0.10230950676323322, 0.06719122358252493, 0.04761645053461026, 0.04347393709873216, 0.034726567043179876, 0.03424656798205014, 0.02720066434651446, 0.02538541674069809, 0.030813449229835796, 0.02249859176638923, 0.02182792141259219, 0.02169008920324987, 0.021267943178418645, 0.02070545373233349, 0.01920419514409444], "train_loss": [0.1572445108089596, 0.06541533766650698, 0.04709153577349045, 0.035798264385666696, 0.03095087594844194, 0.02877352961571887, 0.023385256682522594, 0.021680737998491774, 0.020040164096539633, 0.01756551209293927, 0.016429887289543532, 0.015696750118707616, 0.014162606335917694, 0.012955013473595803, 0.012762576767450405], "train_size": 900, "val_size": 89, "rand_seed": 9001, "shuffle": true, "loss_name": "mean_squared_error", "input_dim": [720, 1280, 3], "density_map_sigma": 10, "density_map_multiplication_factor": 2000.0, "sub_experiment_name": "carpk/sigma_10_loss_mse_full_img"}