{"val_loss": [0.032956579618792815, 0.03476200607238913, 0.020081323096853926, 0.014140609444867176, 0.012701587856367148, 0.012095529368012007, 0.011590313400280565, 0.010698242227269528, 0.010676591035221731, 0.010451060885851108, 0.010686217530318946, 0.009708797939203899, 0.01009398236141458, 0.009025656963999876, 0.008764361115454984, 0.008514803391924087, 0.009246383161285742, 0.008776641207077773, 0.008379964134399094, 0.00928653240974681, 0.00889270838439081, 0.008120810665893848, 0.01222760959460763, 0.008094607801253647, 0.008294229233476525, 0.008185083373759613, 0.008021469317635125, 0.008071857133900802, 0.008946224111080965, 0.008331828579898951], "train_loss": [0.7340758325881325, 0.02969694323837757, 0.024065112287644297, 0.015454914304427803, 0.012947762676049024, 0.011847961199237034, 0.011570515111088753, 0.010342295092414133, 0.009871601389022544, 0.009334574308013543, 0.00925218097108882, 0.0087231414654525, 0.008301608933834359, 0.008461660327157006, 0.007917806942714378, 0.00755243499588687, 0.008028100928640924, 0.007457141153281555, 0.007289107335964218, 0.007222164393169805, 0.007075378249282949, 0.00696543614321854, 0.007538391480920836, 0.007353792170761153, 0.006592285790247843, 0.006976871183724143, 0.006561911839526147, 0.006499848357634619, 0.0062637607916258276, 0.006481491232989356], "train_size": 512, "val_size": 1088, "rand_seed": 321, "shuffle": true, "loss_name": "mean_squared_error", "img_dim": [256, 256, 3], "patch_dim": [256, 256, 3], "patches_per_image": 1, "density_map_sigma": 5, "density_map_multiplication_factor": 100.0, "sub_experiment_name": "vgg_cells/n_32_sigma_5_randseed_321_loss_mse_full_img", "architecture": "UNet"}