{"val_loss": [0.08972530150681399, 0.060995540571179285, 0.044518261666545704, 0.037016114575809306, 0.030988196947015403, 0.029756005848182387], "train_mae": [16.979, 10.351, 10.558, 6.065, 6.418, 4.621], "train_rmse": [19.547, 13.868, 12.691, 7.783, 7.765, 6.577], "train_underestimate": [4.748, 23.705, 24.401, 2.838, 1.235, 9.926], "train_overestimate": [35.17, 0.63, 0.42, 11.419, 13.854, 0.937], "train_difference": [39.918, 24.336, 24.822, 14.258, 15.089, 10.863], "val_mae": [16.389, 13.496, 11.156, 6.301, 7.231, 5.623], "val_rmse": [19.577, 16.702, 13.48, 8.041, 8.409, 7.606], "val_underestimate": [7.077, 29.374, 24.561, 3.811, 1.782, 11.736], "val_overestimate": [29.472, 0.722, 0.318, 10.24, 14.342, 0.804], "val_difference": [36.548, 30.096, 24.878, 14.051, 16.124, 12.54], "train_loss": [0.15210126425139606, 0.06267187566444692, 0.04432195985172358, 0.034642388130046636, 0.02940496022386166, 0.025724875656111788], "train_size": 900, "val_size": 89, "rand_seed": 9001, "shuffle": true, "loss_name": "mean_squared_error", "img_dim": [720, 1280, 3], "patch_dim": [720, 1280, 3], "patches_per_image": 1, "density_map_sigma": 10, "density_map_multiplication_factor": 2000.0, "sub_experiment_name": "carpk/sigma_10_loss_mse_full_img_epochs_6", "architecture": "UNet"}