{"val_loss": [0.10156110887614529, 0.07296406544661255, 0.05567685196573815], "train_mae": [19.069, 9.029, 8.246], "train_rmse": [22.835, 13.235, 11.381], "train_underestimate": [43.794, 19.389, 6.344], "train_overestimate": [1.036, 1.839, 13.041], "train_difference": [44.83, 21.228, 19.385], "val_mae": [18.57, 11.275, 8.793], "val_rmse": [22.38, 15.404, 12.795], "val_underestimate": [40.837, 23.851, 9.586], "val_overestimate": [0.574, 1.292, 10.023], "val_difference": [41.411, 25.143, 19.609], "train_loss": [0.2033484928881646, 0.08284084847015846, 0.06106972306113069], "train_size": 900, "val_size": 89, "rand_seed": 9001, "shuffle": true, "loss_name": "mean_squared_error", "img_dim": [720, 1280, 3], "patch_dim": [128, 128, 3], "patches_per_image": 32, "density_map_sigma": 10, "density_map_multiplication_factor": 2000.0, "sub_experiment_name": "carpk/sigma_10_loss_mse_patch_32_128x128_epochs_3", "architecture": "UNet"}