{"val_loss": [0.3655688778004226, 0.0972091973594883, 0.04530887133167947, 0.036748300470850044, 0.036329664577565646, 0.03290428871781949, 0.027578834868857965, 0.027040919850525612, 0.022533587611499515, 0.016095511587884498, 0.014611816129592411, 0.016036594803582, 0.013131277259055744, 0.013127359753365027, 0.012042375414988355, 0.011613047267447281, 0.012229293002747, 0.012881240615730776, 0.01153001920594012, 0.011910878697081524, 0.010429536660119672, 0.009500638071639353, 0.00940928834846572, 0.009240218469023924, 0.009225864939199871, 0.00854811945464462, 0.008201520215473412, 0.00812584806836265, 0.007801420233376762, 0.008106152814648607, 0.0071051371119478166, 0.00721676175153869, 0.007093029083026683, 0.007109857359490193, 0.006833220705362584, 0.006658351993845666, 0.006660310181734317, 0.006711358788272585, 0.006798919084865381, 0.007858001798226991, 0.007166471878436449, 0.011635112425531535, 0.00696306925109478, 0.007675224100239575, 0.008279231387217912, 0.006591865618247539, 0.00665711157489568, 0.006747989182579605, 0.0068522805899299466, 0.0061576405303854055, 0.006059788312995806, 0.006502553180325776, 0.006364971027805415, 0.005898506960982238, 0.005872254292412168, 0.005892344276242725, 0.007070827905622804, 0.006256777392563355, 0.005965762353940483, 0.00575783834039398, 0.005534773523001657, 0.005800144365125829, 0.005433146710000823, 0.005499872418380726, 0.00591337974594139, 0.005438459778601742, 0.005645792467368986, 0.005797646972282296, 0.007545534018016256, 0.005796677171019837, 0.0055354800578617655, 0.005512540458071539, 0.0053740695687284805, 0.006295455772059914, 0.009715083907769225, 0.005528116198119652, 0.005756031814277829, 0.007524565820965697, 0.00564717037110206, 0.005700318536529427, 0.005771365134826149, 0.006114691899925032, 0.005410916495534098, 0.005409857001402141, 0.005687658365144778, 0.005216058747678557, 0.0051234459079911605, 0.00603319688611116, 0.00549438945017755, 0.0052282006175065525, 0.005198307633263004, 0.005216481152113856, 0.0057566638929796785, 0.00589051579214249, 0.005085937969852239, 0.005286713176995844, 0.0051543164813398, 0.0049483580189510525, 0.005171244279207552, 0.0052351403847912], "train_mae": [564.507, 213.367, 102.382, 34.607, 24.959, 31.915, 24.599, 48.084, 49.856, 24.409, 11.853, 38.37, 11.954, 23.76, 7.164, 6.409, 23.735, 39.491, 20.601, 30.095, 21.321, 4.259, 13.441, 11.229, 18.974, 4.184, 4.498, 12.166, 4.74, 14.28, 6.273, 5.595, 9.689, 16.701, 5.524, 4.917, 6.918, 9.992, 5.521, 23.988, 6.77, 51.944, 6.008, 25.35, 28.768, 8.561, 16.8, 13.505, 14.901, 11.303, 6.004, 12.246, 13.16, 5.788, 12.255, 5.525, 25.892, 12.514, 8.634, 7.232, 5.164, 6.025, 4.915, 6.72, 18.041, 4.347, 5.484, 12.449, 28.413, 13.416, 9.993, 11.684, 5.135, 15.594, 44.449, 5.657, 9.166, 21.787, 8.294, 13.443, 11.529, 18.098, 10.596, 10.331, 10.342, 4.578, 4.37, 17.023, 13.378, 5.412, 6.14, 7.109, 19.556, 17.615, 7.529, 12.806, 8.686, 4.619, 7.889, 9.152], "train_rmse": [567.915, 220.596, 103.255, 39.847, 31.491, 37.268, 28.153, 57.916, 57.671, 27.141, 13.479, 42.466, 15.61, 24.438, 9.528, 8.538, 25.338, 40.262, 21.983, 31.152, 21.966, 5.898, 15.237, 13.805, 20.59, 5.533, 6.47, 14.042, 6.85, 15.62, 8.567, 7.205, 11.288, 18.091, 6.971, 6.714, 8.969, 12.133, 7.565, 26.314, 8.631, 53.686, 7.911, 26.299, 30.698, 10.529, 18.066, 15.29, 16.947, 12.954, 7.949, 13.928, 14.905, 7.07, 13.563, 7.138, 27.382, 14.183, 10.295, 9.017, 6.523, 7.794, 6.163, 8.01, 18.972, 5.619, 7.088, 14.099, 30.161, 14.986, 11.126, 12.686, 6.456, 17.138, 46.635, 6.875, 10.596, 23.31, 9.608, 14.483, 13.391, 19.956, 11.546, 11.952, 12.141, 5.624, 5.385, 18.252, 14.502, 6.81, 7.587, 8.56, 20.737, 19.097, 8.925, 13.71, 10.077, 5.608, 9.349, 10.56], "train_underestimate": [0.0, 119.054, 0.0, 0.381, 10.555, 0.672, 3.076, 26.707, 27.819, 0.102, 2.186, 21.409, 6.274, 0.0, 3.388, 3.193, 13.244, 22.035, 11.495, 16.792, 11.896, 0.966, 0.045, 0.102, 0.0, 1.653, 0.685, 0.078, 0.831, 7.968, 0.41, 0.97, 5.287, 0.034, 1.91, 1.779, 3.374, 0.15, 0.323, 0.0, 3.542, 28.984, 2.825, 0.0, 16.052, 4.338, 0.037, 7.498, 8.285, 0.125, 0.407, 6.807, 7.331, 0.846, 0.097, 1.476, 14.447, 6.966, 4.748, 3.645, 0.944, 2.93, 0.932, 0.352, 0.0, 1.126, 2.466, 6.933, 15.854, 7.486, 0.088, 0.056, 0.449, 8.701, 24.802, 1.083, 0.082, 12.156, 4.568, 0.006, 6.41, 10.098, 0.082, 5.717, 5.685, 0.711, 0.761, 9.499, 7.465, 2.481, 3.074, 3.712, 10.912, 9.829, 4.106, 0.0, 0.033, 0.312, 4.238, 5.072], "train_overestimate": [314.982, 0.0, 57.127, 18.929, 3.372, 17.136, 10.65, 0.122, 0.0, 13.517, 4.428, 0.0, 0.396, 13.258, 0.609, 0.383, 0.0, 0.0, 0.0, 0.0, 0.0, 1.411, 7.455, 6.163, 10.587, 0.682, 1.825, 6.71, 1.814, 0.0, 3.09, 2.152, 0.119, 9.285, 1.172, 0.965, 0.486, 5.425, 2.757, 13.385, 0.236, 0.0, 0.528, 14.145, 0.0, 0.439, 9.337, 0.038, 0.029, 6.181, 2.944, 0.026, 0.013, 2.383, 6.74, 1.607, 0.0, 0.017, 0.069, 0.391, 1.938, 0.432, 1.81, 3.397, 10.067, 1.299, 0.594, 0.013, 0.0, 0.0, 5.488, 6.463, 2.416, 0.0, 0.0, 2.074, 5.033, 0.0, 0.06, 7.495, 0.023, 0.0, 5.831, 0.047, 0.085, 1.843, 1.678, 0.0, 0.0, 0.539, 0.352, 0.255, 0.0, 0.0, 0.095, 7.145, 4.814, 2.265, 0.164, 0.034], "train_difference": [314.982, 119.054, 57.127, 19.31, 13.927, 17.808, 13.726, 26.83, 27.819, 13.62, 6.614, 21.409, 6.67, 13.258, 3.997, 3.576, 13.244, 22.035, 11.495, 16.792, 11.896, 2.376, 7.5, 6.265, 10.587, 2.335, 2.51, 6.788, 2.645, 7.968, 3.5, 3.122, 5.406, 9.319, 3.083, 2.744, 3.86, 5.575, 3.081, 13.385, 3.777, 28.984, 3.352, 14.145, 16.052, 4.777, 9.374, 7.536, 8.314, 6.307, 3.35, 6.833, 7.343, 3.229, 6.838, 3.083, 14.447, 6.983, 4.818, 4.035, 2.881, 3.362, 2.742, 3.749, 10.067, 2.425, 3.06, 6.946, 15.854, 7.486, 5.576, 6.519, 2.865, 8.701, 24.802, 3.157, 5.115, 12.156, 4.628, 7.501, 6.433, 10.098, 5.912, 5.765, 5.77, 2.554, 2.439, 9.499, 7.465, 3.02, 3.426, 3.967, 10.912, 9.829, 4.201, 7.145, 4.846, 2.577, 4.402, 5.107], "val_mae": [556.729, 215.082, 98.267, 35.321, 30.241, 33.354, 25.547, 51.021, 52.638, 23.681, 12.905, 41.067, 14.96, 20.65, 9.691, 8.67, 26.038, 41.656, 22.947, 32.32, 23.549, 5.155, 10.704, 9.289, 16.167, 5.685, 4.856, 9.366, 5.005, 16.989, 5.08, 5.295, 12.164, 13.485, 5.654, 6.047, 8.626, 7.494, 4.467, 20.948, 9.16, 54.532, 7.85, 22.023, 31.558, 10.605, 13.456, 16.165, 17.557, 8.491, 4.569, 14.846, 15.811, 5.265, 9.349, 6.311, 28.332, 15.004, 10.997, 9.215, 4.847, 7.502, 4.476, 5.157, 15.092, 4.71, 7.137, 14.906, 30.754, 15.875, 7.399, 8.944, 3.898, 18.033, 46.814, 6.297, 6.805, 24.437, 10.817, 10.52, 14.012, 20.497, 7.91, 12.691, 12.669, 4.37, 4.168, 19.374, 15.76, 7.054, 7.956, 8.944, 21.84, 19.926, 9.663, 10.134, 6.396, 3.849, 10.035, 11.555], "val_rmse": [561.907, 225.379, 99.664, 39.763, 38.086, 37.733, 31.259, 63.963, 63.019, 26.029, 16.102, 46.781, 19.887, 21.974, 13.148, 11.852, 28.496, 42.909, 25.083, 34.024, 24.524, 6.277, 12.911, 11.815, 18.034, 7.233, 5.997, 11.414, 6.092, 18.279, 6.343, 7.104, 13.665, 14.895, 7.062, 7.8, 10.838, 9.017, 5.531, 23.622, 11.246, 57.025, 10.088, 22.909, 33.989, 13.13, 14.662, 17.89, 19.735, 9.712, 5.613, 16.486, 17.55, 6.479, 10.54, 7.901, 30.066, 16.653, 12.406, 11.268, 5.983, 9.326, 5.457, 6.105, 15.938, 5.885, 9.029, 16.561, 32.963, 17.451, 8.459, 9.975, 4.878, 19.73, 49.757, 7.799, 8.174, 26.435, 12.129, 11.598, 16.119, 22.689, 9.024, 14.463, 14.765, 5.321, 5.11, 20.76, 16.89, 8.902, 9.842, 10.804, 23.19, 21.655, 11.251, 11.124, 7.848, 4.637, 11.963, 13.153],