{"val_loss": [0.06740833862739451, 0.045658023096621037, 0.03150236513465643, 0.029681041275205856, 0.02923453477320864, 0.02835870345177896, 0.02354823758907835, 0.021900820600635865, 0.02938478855032693, 0.029131756684578517, 0.02120449937715688, 0.01876174408586367, 0.019498401020160493, 0.016224820372265053, 0.01794490605757079, 0.01508515072739957, 0.014343007994980058, 0.01409564247382257, 0.016770142760566053, 0.013556601753567947, 0.0134771148167441, 0.01685961346169386, 0.014791282660820904, 0.016202535117318964, 0.012630637933719246, 0.012537285137702437, 0.011964179856209633, 0.012377057556638165, 0.01179115692674018, 0.014316764721811256, 0.011232937028741135, 0.012851414921255234, 0.010953173599452437, 0.010616512551410672, 0.011215408924994442, 0.012345757585374968, 0.011673987124060444, 0.011037429390639505, 0.010904015966362375, 0.01073125540963648, 0.010619065587354056, 0.010275972921483438, 0.011502404471256715, 0.011469609354047434, 0.014061866694486098, 0.012166176662396859, 0.011536963444942719, 0.010950722854913157, 0.010069147331010112, 0.01109323774546604, 0.009837550405577263, 0.010441553183173871, 0.00946396735140725, 0.009864689443287823, 0.009795673790743904, 0.010929921463898876, 0.00968865688671084, 0.009673238461426295, 0.010082558427444276, 0.009405543640776374, 0.009843740376013824, 0.009600716581403771, 0.010695908492540611, 0.009794154385899138, 0.011169336924521142, 0.009814933113589445, 0.010133483080768628, 0.01085934235015884, 0.009583074726191732, 0.009436094390420133, 0.009833993732600528, 0.01043957524576827, 0.009533681471914272, 0.008954185985631365, 0.00894605609423974, 0.00946320646086379, 0.00956224006093929, 0.00897716763360864, 0.008944284187985914, 0.009121705038363443, 0.009525746309116264, 0.008756894827135564, 0.008825261731330743, 0.009031166599871701, 0.009596959348795387, 0.009118664095534341, 0.008940145171329598, 0.009132722574149203, 0.008873707310104853, 0.010577230063705322, 0.008938030596575974, 0.008678504844497451, 0.009398996734115131, 0.010043082765632254, 0.01124800117138554, 0.009270739501944798, 0.008908271484816557, 0.009634605225394754, 0.008699296083410872, 0.010936661880216835], "train_mae": [85.697, 35.343, 24.178, 13.706, 13.422, 26.761, 6.651, 7.328, 60.712, 59.769, 27.426, 12.62, 28.814, 5.7, 28.864, 5.06, 6.819, 5.024, 25.5, 8.444, 10.129, 36.377, 24.378, 34.36, 10.28, 17.61, 11.507, 14.426, 5.639, 19.94, 6.341, 26.752, 5.069, 9.577, 12.369, 23.52, 12.561, 11.565, 10.172, 9.881, 13.236, 9.622, 24.865, 18.139, 30.023, 19.389, 8.853, 12.794, 4.556, 13.042, 5.527, 13.724, 4.462, 3.767, 7.927, 19.45, 3.686, 4.494, 15.063, 4.97, 12.01, 4.244, 15.233, 13.742, 21.412, 4.485, 22.522, 11.832, 10.286, 11.682, 15.296, 21.395, 6.552, 3.842, 3.961, 11.081, 10.494, 8.727, 7.511, 7.008, 12.337, 5.155, 3.359, 4.006, 9.012, 3.404, 4.782, 6.843, 6.698, 23.391, 5.46, 2.853, 11.998, 21.509, 21.359, 9.301, 3.885, 8.264, 3.523, 16.406], "train_rmse": [86.839, 38.811, 26.686, 16.35, 18.008, 30.634, 8.66, 8.733, 61.869, 61.053, 28.975, 14.704, 29.574, 7.063, 29.737, 6.559, 8.607, 6.277, 26.235, 10.14, 11.27, 37.99, 25.66, 35.143, 12.256, 18.656, 13.327, 16.482, 6.755, 23.189, 7.867, 27.759, 6.325, 11.625, 13.867, 25.857, 14.077, 12.619, 12.204, 11.236, 14.602, 10.94, 25.348, 20.138, 33.251, 20.206, 10.131, 14.438, 5.768, 14.493, 6.624, 14.359, 5.377, 4.535, 9.143, 20.091, 4.333, 5.357, 15.71, 6.112, 12.793, 5.012, 17.362, 14.377, 22.654, 5.624, 22.904, 13.255, 11.468, 12.899, 15.839, 21.7, 7.659, 5.002, 4.943, 12.32, 11.574, 9.846, 8.314, 8.006, 13.259, 6.16, 4.077, 4.623, 10.281, 4.121, 5.864, 8.0, 7.675, 23.924, 6.58, 3.452, 13.062, 21.99, 21.786, 10.913, 4.706, 9.139, 4.251, 17.824], "train_underestimate": [0.0, 0.484, 0.808, 2.249, 5.701, 14.183, 1.199, 0.536, 32.176, 31.676, 14.535, 0.272, 15.271, 1.16, 15.297, 1.33, 0.708, 1.321, 13.514, 0.56, 5.259, 19.279, 0.0, 18.21, 5.073, 0.0, 0.0, 7.51, 1.017, 10.146, 0.438, 14.178, 1.752, 0.105, 6.518, 12.465, 0.0, 6.129, 4.752, 4.997, 7.015, 4.854, 0.0, 9.613, 0.0, 0.0, 4.443, 0.0, 1.561, 6.835, 0.117, 7.274, 0.634, 0.681, 3.9, 10.308, 1.264, 0.728, 7.983, 2.141, 0.0, 1.732, 8.013, 0.0, 11.348, 2.063, 0.0, 6.27, 5.451, 6.191, 0.0, 11.339, 2.493, 1.561, 1.121, 5.873, 5.561, 4.595, 0.0, 3.711, 6.539, 0.307, 0.892, 0.364, 4.66, 0.229, 2.287, 3.339, 0.0, 12.397, 2.663, 0.774, 6.359, 0.0, 11.32, 0.006, 0.448, 4.38, 0.83, 8.695], "train_overestimate": [45.418, 18.247, 12.006, 5.015, 1.412, 0.0, 2.326, 3.348, 0.0, 0.0, 0.0, 6.416, 0.0, 1.861, 0.0, 1.352, 2.906, 1.342, 0.0, 3.915, 0.109, 0.0, 12.92, 0.0, 0.375, 9.333, 6.098, 0.135, 1.972, 0.421, 2.922, 0.0, 0.934, 4.971, 0.038, 0.0, 6.657, 0.0, 0.639, 0.24, 0.0, 0.245, 13.178, 0.0, 15.911, 10.276, 0.249, 6.78, 0.853, 0.077, 2.812, 0.0, 1.731, 1.315, 0.302, 0.0, 0.689, 1.654, 0.0, 0.493, 6.365, 0.518, 0.06, 7.283, 0.0, 0.314, 11.936, 0.0, 0.0, 0.0, 8.106, 0.0, 0.98, 0.475, 0.978, 0.0, 0.0, 0.03, 3.981, 0.003, 0.0, 2.425, 0.888, 1.759, 0.116, 1.575, 0.248, 0.288, 3.55, 0.0, 0.231, 0.738, 0.0, 11.399, 0.0, 4.923, 1.611, 0.0, 1.037, 0.0], "train_difference": [45.418, 18.731, 12.814, 7.264, 7.113, 14.183, 3.525, 3.884, 32.176, 31.676, 14.535, 6.688, 15.271, 3.021, 15.297, 2.682, 3.614, 2.663, 13.514, 4.475, 5.368, 19.279, 12.92, 18.21, 5.448, 9.333, 6.098, 7.645, 2.989, 10.568, 3.36, 14.178, 2.686, 5.076, 6.555, 12.465, 6.657, 6.129, 5.391, 5.237, 7.015, 5.099, 13.178, 9.613, 15.911, 10.276, 4.692, 6.78, 2.414, 6.912, 2.929, 7.274, 2.365, 1.996, 4.201, 10.308, 1.953, 2.382, 7.983, 2.634, 6.365, 2.249, 8.073, 7.283, 11.348, 2.377, 11.936, 6.27, 5.451, 6.191, 8.106, 11.339, 3.473, 2.036, 2.099, 5.873, 5.561, 4.625, 3.981, 3.714, 6.539, 2.732, 1.78, 2.123, 4.776, 1.804, 2.534, 3.626, 3.55, 12.397, 2.894, 1.512, 6.359, 11.399, 11.32, 4.929, 2.059, 4.38, 1.867, 8.695], "val_mae": [86.264, 36.469, 24.241, 13.14, 11.564, 25.801, 6.413, 6.151, 61.003, 59.819, 28.458, 9.842, 31.715, 5.281, 30.719, 6.082, 5.822, 4.729, 27.374, 7.253, 12.313, 36.959, 23.298, 36.107, 11.043, 14.94, 10.51, 15.047, 5.349, 19.684, 5.938, 27.842, 5.557, 9.381, 13.738, 23.659, 10.608, 13.321, 10.65, 10.547, 14.3, 10.351, 23.004, 18.224, 25.348, 18.195, 9.242, 11.894, 5.074, 13.716, 5.281, 15.145, 5.017, 3.59, 8.34, 20.751, 3.91, 4.658, 16.062, 5.864, 10.821, 4.674, 14.822, 12.255, 22.227, 5.269, 20.905, 12.33, 11.002, 12.249, 13.637, 22.542, 7.151, 4.334, 4.4, 11.558, 11.08, 9.415, 6.605, 8.398, 13.523, 5.354, 3.627, 4.324, 9.51, 3.668, 5.496, 7.25, 5.93, 23.997, 6.577, 3.145, 12.568, 20.222, 22.765, 8.394, 3.765, 9.281, 4.0, 16.729], "val_rmse": [87.031, 39.439, 26.913, 15.154, 15.654, 28.981, 7.802, 7.567, 61.882, 60.812, 29.55, 12.129, 32.392, 6.642, 31.488, 7.139, 7.148, 6.258, 28.083, 8.707, 13.586, 38.396, 24.448, 36.937, 13.083, 16.117, 12.003, 17.207, 6.874, 22.961, 7.442, 28.943, 7.04, 11.184, 15.316, 26.029, 12.103, 14.287, 12.843, 12.277, 15.77, 12.147, 23.516, 20.321, 28.146, 19.002, 10.99, 13.681, 6.488, 15.646, 6.181, 15.976, 5.964, 4.483, 9.998, 21.475, 5.153, 5.703, 16.866, 7.505, 11.874, 6.249, 17.284, 13.006, 23.656, 6.9, 21.395, 13.923, 12.353, 13.646, 14.391, 23.011, 8.667, 5.645, 5.608, 13.016, 12.412, 10.791, 7.536, 9.478, 14.718, 6.184, 4.702, 5.082, 11.348, 4.469, 7.08, 8.84, 6.894, 24.701, 8.223, 4.287, 13.927, 20.821, 23.283, 9.765, 4.642, 10.356, 4.96, 18.307],