{"val_loss": [0.08158500585705042, 0.08121855639749104, 0.40254244084159535, 0.0890741277900007, 0.050722855194989175, 0.04069114916233553, 0.03492107870988548, 0.029223205495832696, 0.029051292661784425, 0.025970690599125292, 0.0225033240341064, 0.02087897896611442, 0.01922480716732227, 0.01791195839177817, 0.021056567176452115, 0.017490268296872575, 0.015926016417021554, 0.014736995851207111, 0.013794712101419767, 0.01385288583373444, 0.013804057897585962, 0.01143237694244211, 0.01613452072100093, 0.012964504369948473, 0.011438558434343172, 0.010752453908531202, 0.010674046468921006, 0.01010693850952925, 0.009759948013298627, 0.009657531342883077, 0.00912226086560016, 0.00873353849682543, 0.008350998541573063, 0.008717900782357901, 0.0088437144489338, 0.008101038802932534, 0.008198135629451523, 0.007874911133613851, 0.007999971942303495, 0.007911847632688781, 0.007779988699540909, 0.007786086155748408, 0.01289593509864062, 0.015822187790440187, 0.009578437298639782, 0.009413924281640599, 0.009278100488396982, 0.008974001781704525, 0.007719033190773593, 0.008331982690530518, 0.007881666591856629, 0.007478301956628759, 0.007472461813853847, 0.007530766028341734, 0.007235445806549655, 0.007207815477158874, 0.007119258309507536, 0.007171866619804253, 0.0071867139518467914, 0.007082452260268231, 0.007397681112504668, 0.00695908632931403, 0.00693170878285956, 0.006917599239386618, 0.007277457289294236, 0.010804431383601494, 0.009158087593580907, 0.007922651999655904, 0.007515181121157689, 0.007611384317796264, 0.007669354763088955, 0.008032796697484123, 0.007518963390288668, 0.007615555970308681, 0.006859363839288967, 0.006847836775705218, 0.006781699957274314, 0.006962324764269094, 0.007264715273373036, 0.006735632503275863, 0.008745924757224403, 0.008554699067543779, 0.008513173528222574, 0.0077271123106280966, 0.007439745829388913, 0.007691190636251122, 0.007535939977969974, 0.006841965181390858, 0.006630007565642397, 0.007101049077593618, 0.006875089298571563, 0.00755781373138436, 0.007762780807550169, 0.007334649886211587, 0.006714070070302114, 0.006722575014767547, 0.006973431963059638, 0.008105474352810739, 0.0069597347658903646, 0.006611587039919363], "train_mae": [70.244, 129.835, 361.473, 143.939, 29.662, 34.697, 20.053, 23.341, 41.363, 30.022, 10.745, 9.39, 7.471, 7.728, 32.531, 16.744, 12.091, 4.258, 4.879, 18.569, 23.133, 3.789, 39.539, 22.871, 21.71, 13.332, 20.276, 14.37, 16.753, 13.957, 12.106, 7.736, 3.769, 9.305, 13.366, 3.751, 8.215, 3.525, 6.855, 5.202, 5.086, 9.119, 39.487, 49.899, 13.376, 9.373, 13.482, 19.277, 3.74, 8.342, 10.809, 3.11, 4.422, 8.255, 2.736, 3.646, 3.889, 6.431, 4.465, 3.823, 8.526, 3.185, 3.139, 3.967, 6.272, 27.385, 18.873, 15.017, 12.157, 11.181, 12.314, 13.625, 12.359, 12.517, 2.508, 3.826, 4.066, 3.935, 9.058, 4.479, 22.819, 18.554, 18.897, 14.814, 10.317, 14.725, 11.698, 6.972, 3.991, 10.461, 7.077, 13.078, 14.847, 11.005, 2.246, 3.882, 6.884, 16.167, 9.17, 2.804], "train_rmse": [72.951, 130.278, 371.612, 144.366, 34.222, 38.936, 24.077, 26.49, 42.783, 31.687, 12.628, 12.604, 9.112, 10.673, 35.847, 18.703, 14.319, 5.739, 6.262, 19.421, 24.244, 5.148, 41.945, 24.005, 22.531, 15.624, 21.48, 15.794, 17.879, 14.906, 13.44, 9.438, 4.844, 10.349, 14.088, 4.767, 9.108, 4.478, 8.032, 6.212, 6.346, 10.233, 40.424, 50.948, 14.374, 10.338, 14.154, 20.006, 4.355, 10.231, 11.941, 3.958, 5.326, 9.021, 3.644, 4.784, 4.988, 7.641, 5.398, 4.702, 9.207, 3.952, 4.002, 4.834, 7.068, 29.239, 20.779, 15.744, 12.755, 11.724, 12.941, 14.152, 12.84, 13.022, 3.234, 4.888, 4.93, 4.728, 10.371, 5.46, 23.451, 19.479, 19.839, 15.257, 11.092, 15.257, 12.16, 7.649, 5.094, 11.754, 8.456, 14.144, 15.473, 11.446, 2.93, 4.9, 7.423, 17.486, 9.985, 3.678], "train_underestimate": [0.0, 0.0, 196.988, 0.0, 2.085, 0.574, 5.002, 1.011, 0.0, 0.018, 1.791, 3.899, 1.412, 3.434, 17.728, 9.125, 6.52, 1.423, 1.065, 0.0, 0.0, 0.695, 21.547, 12.464, 11.831, 7.228, 11.05, 7.827, 9.13, 7.606, 6.581, 4.119, 1.601, 0.0, 0.0, 0.323, 0.01, 1.446, 3.686, 0.07, 2.545, 4.964, 0.0, 0.0, 7.289, 5.108, 0.0, 0.0, 1.459, 4.055, 5.891, 0.769, 0.227, 0.0, 0.526, 1.539, 1.817, 3.457, 0.052, 0.193, 0.0, 0.36, 1.383, 0.096, 0.002, 14.924, 10.285, 8.183, 0.0, 0.0, 0.0, 0.0, 0.0, 0.0, 0.398, 1.785, 2.118, 0.062, 4.936, 2.353, 0.0, 0.0, 0.0, 0.0, 0.0, 0.0, 0.0, 0.0, 2.04, 5.701, 3.837, 0.0, 0.0, 0.0, 0.789, 1.989, 0.0, 8.81, 4.997, 0.107], "train_overestimate": [38.28, 70.755, 0.0, 78.441, 14.079, 18.335, 5.926, 11.709, 22.541, 16.343, 4.064, 1.218, 2.66, 0.778, 0.0, 0.0, 0.069, 0.897, 1.593, 10.119, 12.606, 1.37, 0.0, 0.0, 0.0, 0.038, 0.0, 0.004, 0.0, 0.0, 0.017, 0.097, 0.453, 5.071, 7.284, 1.721, 4.467, 0.474, 0.05, 2.764, 0.227, 0.006, 21.519, 27.193, 0.0, 0.0, 7.347, 10.505, 0.578, 0.491, 0.0, 0.925, 2.183, 4.499, 0.965, 0.448, 0.302, 0.048, 2.382, 1.89, 4.646, 1.376, 0.327, 2.066, 3.416, 0.0, 0.0, 0.0, 6.625, 6.093, 6.711, 7.425, 6.735, 6.821, 0.969, 0.3, 0.098, 2.082, 0.0, 0.088, 12.435, 10.111, 10.298, 8.073, 5.623, 8.025, 6.375, 3.8, 0.135, 0.0, 0.02, 7.127, 8.091, 5.997, 0.434, 0.127, 3.751, 0.0, 0.0, 1.421], "train_difference": [38.28, 70.755, 196.988, 78.441, 16.164, 18.908, 10.928, 12.72, 22.541, 16.361, 5.855, 5.117, 4.072, 4.212, 17.728, 9.125, 6.589, 2.321, 2.659, 10.119, 12.606, 2.065, 21.547, 12.464, 11.831, 7.265, 11.05, 7.831, 9.13, 7.606, 6.597, 4.216, 2.054, 5.071, 7.284, 2.044, 4.477, 1.921, 3.736, 2.835, 2.771, 4.97, 21.519, 27.193, 7.289, 5.108, 7.347, 10.505, 2.038, 4.546, 5.891, 1.695, 2.41, 4.499, 1.491, 1.987, 2.119, 3.505, 2.433, 2.083, 4.646, 1.736, 1.711, 2.162, 3.418, 14.924, 10.285, 8.183, 6.625, 6.093, 6.711, 7.425, 6.735, 6.821, 1.367, 2.085, 2.216, 2.144, 4.936, 2.441, 12.435, 10.111, 10.298, 8.073, 5.623, 8.025, 6.375, 3.8, 2.175, 5.701, 3.856, 7.127, 8.091, 5.997, 1.224, 2.115, 3.751, 8.81, 4.997, 1.528], "val_mae": [71.512, 128.832, 348.468, 142.623, 29.295, 35.711, 16.574, 23.319, 41.423, 30.054, 9.491, 7.634, 6.939, 6.569, 30.947, 16.03, 11.253, 4.739, 5.672, 18.506, 22.673, 4.847, 37.536, 21.886, 20.988, 12.28, 19.253, 13.537, 16.051, 13.455, 11.404, 7.214, 4.208, 9.245, 13.155, 4.64, 8.557, 4.004, 6.473, 5.965, 4.76, 8.65, 38.165, 48.379, 12.995, 9.104, 13.785, 18.765, 4.49, 7.851, 10.211, 3.663, 5.377, 8.467, 3.812, 3.732, 3.89, 6.147, 5.444, 4.793, 8.378, 4.135, 3.777, 5.005, 6.455, 26.117, 17.832, 14.637, 11.795, 10.967, 11.873, 13.338, 12.202, 12.364, 3.692, 4.016, 4.361, 4.98, 8.836, 4.701, 21.913, 17.667, 18.077, 14.328, 9.648, 14.176, 11.201, 6.919, 4.326, 10.266, 7.196, 12.11, 13.926, 10.31, 3.409, 4.469, 6.793, 15.852, 9.214, 3.967], "val_rmse": [73.191, 129.157, 358.689, 142.979, 32.989, 38.628, 21.265, 25.618, 42.317, 31.158, 10.826, 10.442, 7.78, 9.157, 33.678, 17.834, 13.592, 6.671, 6.951, 19.783, 24.294, 6.427, 39.759, 23.103, 22.026, 14.434, 20.468, 15.022, 17.349, 14.655, 13.0, 9.056, 5.462, 10.891, 14.572, 5.84, 9.67, 5.26, 8.095, 7.057, 6.495, 10.089, 39.451, 49.826, 14.196, 10.567, 14.801, 19.899, 5.783, 9.551, 11.622, 4.707, 6.2, 9.61, 4.88, 5.165, 5.322, 7.691, 6.421, 5.634, 9.663, 4.988, 4.989, 5.794, 7.615, 27.91, 19.71, 15.705, 13.027, 11.993, 12.997, 14.275, 13.108, 13.305, 4.626, 5.533, 5.892, 5.757, 10.391, 6.229, 22.905, 18.91, 19.503, 15.23, 11.002, 15.126, 12.173, 8.029, 5.94, 11.855, 8.832, 13.736, 14.997, 11.395, 4.656, 6.15, 7.827, 17.377, 10.63, 5.035],