{"val_loss": [0.02425472994784488, 0.014767973121908855, 0.012230190105684515, 0.010814775336459408, 0.009571829439664725, 0.009096273241286527, 0.009795890325120935, 0.009469725413711987, 0.008699220371959705, 0.008550424419000693, 0.008335595776669733, 0.008125928024229425, 0.008172321210925778, 0.008966493149879776, 0.008488578094733789, 0.007996267530567517, 0.007957143016837007, 0.00966467430326803, 0.009788075411658307, 0.007890464914049112, 0.008720452728488858, 0.007984205148912023, 0.008268318007847282, 0.008486263896379064, 0.008806370557471787, 0.00810265160584499, 0.009106433380212466, 0.008400787312489734, 0.008209701260259154, 0.008632504993228294], "train_loss": [0.11685086766374297, 0.018828196727554314, 0.011540340856299736, 0.009838105703238398, 0.009190531862259377, 0.00845203539938666, 0.008429233173956163, 0.007591455534566194, 0.007874600552895572, 0.006982558705203701, 0.006722427635395434, 0.006878030842926819, 0.006641609012149274, 0.0064068248248077, 0.006232480896869674, 0.006023653069860302, 0.00562388873368036, 0.005436999850644497, 0.005694295945431804, 0.005206534558965359, 0.005712898375350051, 0.004717461455584271, 0.005372929645091062, 0.004404080984386383, 0.004553791499347426, 0.0042843394076044206, 0.004170938162133098, 0.003939353602618212, 0.004357937410532031, 0.003471768937743036], "train_size": 1024, "val_size": 576, "rand_seed": 645, "shuffle": true, "loss_name": "mean_squared_error", "img_dim": [256, 256, 3], "patch_dim": [256, 256, 3], "patches_per_image": 1, "density_map_sigma": 5, "density_map_multiplication_factor": 100.0, "sub_experiment_name": "vgg_cells/n_64_sigma_5_randseed_645_loss_mse_full_img", "architecture": "UNet"}