{"val_loss": [0.013720735259185959, 0.011022715676113471, 0.00991670903911452, 0.009985894014082279, 0.009173215364474649, 0.012055482076700881, 0.008610771832334448, 0.010381532904931292, 0.009970066610549111, 0.009082896554092359, 0.008513554709174464, 0.008500804281437822, 0.008752574539054573, 0.00912559174321359, 0.007868012362855047, 0.009147720508028416, 0.007988562950534591, 0.009183750931697432, 0.007647632291587393, 0.007916274083577769, 0.008103006209340593, 0.008575432930228999, 0.008607010394674338, 0.007870781481364652, 0.008015653329089724, 0.007940761923439114, 0.008229394474660189, 0.008117590949445407, 0.009177664415700646, 0.00857893922632987, 0.008173432478239798, 0.009031547146959282, 0.008285701160275494, 0.008145659595660012, 0.008398415924602887, 0.00826482351476443, 0.009301448191763484, 0.008090863321235197, 0.00957355971756139, 0.008255345200369548, 0.008455164481145201, 0.00822365218401602, 0.009725977167262399, 0.00876370807741801, 0.008608762199906373, 0.008163180706105777, 0.008727531643267462, 0.009224665955924947, 0.009310644424153402, 0.008462407843075602], "train_loss": [0.03373101017859881, 0.011495635017126915, 0.011027375687262975, 0.00949243350441975, 0.009255189020223042, 0.008814287659333786, 0.008420186446528533, 0.007960438631926081, 0.00860192321761133, 0.007909537817795353, 0.008013964717065392, 0.007530903240876796, 0.00771483854532562, 0.007051845491332642, 0.007319803610698727, 0.007035788531538856, 0.007073077933455352, 0.0066483119526310475, 0.006822435750109435, 0.006454684656091558, 0.006374680436238123, 0.006531584001095325, 0.006386341240613547, 0.006255213002987148, 0.006042148074811848, 0.005896293399018759, 0.005798456979391631, 0.00589129962008883, 0.0056351931061726646, 0.005601400006526092, 0.005542481591874093, 0.00549063177595599, 0.005246485415227653, 0.005266297412163112, 0.005287858831252379, 0.005107848735860898, 0.005104890355141833, 0.004862767561462533, 0.004932208687932871, 0.004953565048708697, 0.004819039551875903, 0.004763842155625753, 0.004748325821310573, 0.004688870789777866, 0.004603491218404088, 0.00449955847034289, 0.004381690463560517, 0.00437186595172534, 0.004325172573771852, 0.004314476253057364], "train_size": 1024, "val_size": 576, "rand_seed": 644, "shuffle": true, "loss_name": "mean_squared_error", "img_dim": [256, 256, 3], "patch_dim": [128, 128, 3], "patches_per_image": 4, "density_map_sigma": 5, "density_map_multiplication_factor": 100.0, "sub_experiment_name": "vgg_cells/n_64_sigma_5_randseed_644_loss_mse_patch_4_128x128", "architecture": "FCRN_A"}