{"val_loss": [0.09121548066313347, 0.05284891591480609, 0.040955772612955466, 0.035807702052040716, 0.035572694938922865], "train_mae": [24.64, 10.933, 6.1, 6.498, 6.703], "train_rmse": [27.488, 12.454, 7.937, 8.138, 8.808], "train_underestimate": [2.603, 2.271, 3.609, 14.658, 3.635], "train_overestimate": [55.324, 23.433, 10.732, 0.619, 12.124], "train_difference": [57.927, 25.704, 14.34, 15.277, 15.759], "val_mae": [23.576, 10.432, 6.599, 7.041, 6.853], "val_rmse": [26.735, 12.069, 8.62, 8.874, 9.666], "val_underestimate": [4.105, 3.348, 5.236, 15.394, 6.222], "val_overestimate": [48.471, 19.916, 9.48, 0.308, 9.06], "val_difference": [52.576, 23.264, 14.716, 15.702, 15.282], "train_loss": [0.2060337882514836, 0.06423661759433646, 0.04452885580947623, 0.036109659706966744, 0.030406459834323163], "train_size": 900, "val_size": 89, "rand_seed": 9001, "shuffle": true, "loss_name": "mean_squared_error", "img_dim": [720, 1280, 3], "patch_dim": [720, 1280, 3], "patches_per_image": 1, "density_map_sigma": 10, "density_map_multiplication_factor": 2000.0, "sub_experiment_name": "carpk/sigma_10_loss_mse_full_img_epochs_5", "architecture": "UNet"}