{"val_loss": [0.1256776842124322, 0.11818715458845391, 0.10151199947166092, 0.07818732260014205, 0.06520443007021266, 0.05238338384558173, 0.03893067538464332, 0.0344031195375411, 0.049398153075290954, 0.03996424478314379, 0.033885947675170267, 0.030856807072482565, 0.028841303072541076, 0.028098880758454257, 0.026846508440725943, 0.029896680710782463, 0.024676681626314187, 0.02567216632065966, 0.02979088623953216, 0.02262601471396492, 0.02200991117998081, 0.026696248390876195, 0.02071834319983335, 0.019920351928757393, 0.019044246524572372, 0.025330303935334086, 0.02032387092956068, 0.018199398148092714, 0.018394606708384612, 0.022018320118898854, 0.022997084957109216, 0.016985476489507538, 0.015973666203482187, 0.018542851958259502, 0.01653309168485815, 0.016425411716815743, 0.018310729030738857, 0.0184702180832734, 0.02128245056305519, 0.014035294797983678, 0.013488540415624705, 0.013424032689620028, 0.013490326052038547, 0.013646974885726677, 0.01331029403680826, 0.013166254071299644, 0.01257802004350678, 0.013781960416749558, 0.01460816613261533, 0.012210695144912118, 0.013107904921258417, 0.013451338437495424, 0.014002670503139277, 0.012213450890746625, 0.01661471398684251, 0.013517818862216218, 0.015140286023618983, 0.013382501400294988, 0.01303108096780146, 0.015364209881654996, 0.012586784470305942, 0.01899229350280674, 0.02062354076598935, 0.01197909512762528, 0.012255222512655617, 0.013990012357038829, 0.012280572181814076, 0.011925741632962051, 0.011801473180051236, 0.011389299658784532, 0.01127875441520968, 0.011498972660560599, 0.01254679327693713, 0.011217450014288154, 0.011192847313770257, 0.010572361099013291, 0.010665299559203797, 0.010703974423984833, 0.010249440558254719, 0.010406125364277293, 0.010303492377073887, 0.010196389702340478, 0.010671978039146565, 0.010246792640400064, 0.010034223405562122, 0.010381896445965943, 0.010176426888553096, 0.0102088971008711, 0.010181927707676282, 0.010233811267158565, 0.01012136074988281, 0.010171667522038607, 0.009836629522717832, 0.010016451692482567, 0.010001267238027033, 0.010623068507651197, 0.010539988367407419, 0.010054292003213264, 0.011442174922729679, 0.010183398310533342], "train_mae": [153.011, 121.347, 117.701, 41.81, 37.177, 19.563, 19.308, 18.773, 83.059, 64.437, 23.486, 17.082, 12.574, 16.782, 15.821, 42.766, 12.742, 30.481, 47.26, 6.399, 8.879, 42.402, 5.014, 4.753, 9.673, 45.749, 25.18, 13.585, 15.212, 38.172, 41.768, 7.784, 5.809, 27.575, 21.325, 24.594, 33.639, 36.409, 46.844, 8.777, 7.668, 6.454, 11.296, 17.188, 16.974, 12.99, 6.35, 23.67, 24.46, 5.684, 15.467, 16.84, 26.418, 11.547, 40.066, 20.558, 33.159, 22.472, 18.449, 30.752, 14.978, 50.406, 53.944, 4.834, 11.544, 27.355, 13.355, 12.271, 13.997, 8.617, 13.287, 14.507, 21.189, 13.57, 12.016, 5.345, 4.892, 9.015, 5.637, 7.987, 5.162, 4.847, 12.124, 5.578, 5.177, 9.888, 7.445, 8.131, 6.336, 10.391, 7.557, 10.411, 4.571, 10.87, 5.259, 18.634, 16.071, 8.682, 21.441, 13.093], "train_rmse": [153.401, 127.413, 118.286, 50.113, 41.397, 23.358, 25.425, 20.949, 87.446, 65.146, 29.489, 19.013, 14.637, 21.767, 17.537, 45.566, 16.273, 31.296, 49.518, 8.6, 10.279, 44.261, 6.804, 6.17, 10.873, 46.765, 26.185, 15.7, 17.285, 39.352, 43.102, 9.857, 7.712, 28.692, 22.366, 25.422, 34.465, 37.28, 48.083, 10.401, 9.422, 7.685, 13.703, 18.61, 18.49, 15.032, 7.939, 24.846, 25.409, 7.022, 17.526, 19.512, 28.327, 13.042, 41.049, 22.143, 35.214, 23.334, 19.934, 32.665, 17.668, 50.87, 55.543, 5.722, 13.255, 29.367, 14.684, 14.537, 15.208, 10.086, 15.221, 16.453, 22.035, 15.24, 13.972, 6.422, 5.648, 10.632, 6.572, 9.573, 6.463, 5.625, 13.231, 7.025, 6.041, 11.197, 8.816, 9.582, 7.669, 11.528, 9.002, 11.556, 5.37, 12.169, 6.51, 19.795, 17.313, 9.936, 22.062, 14.042], "train_underestimate": [0.0, 63.563, 0.0, 21.626, 0.133, 3.826, 7.875, 1.047, 43.508, 0.0, 12.003, 1.166, 2.601, 8.545, 0.322, 22.402, 6.571, 0.0, 24.756, 2.142, 0.431, 22.211, 1.59, 1.302, 4.928, 23.964, 13.19, 0.017, 0.006, 19.995, 21.879, 0.16, 0.492, 14.444, 11.171, 12.883, 17.621, 19.072, 24.538, 4.414, 0.254, 1.552, 0.134, 0.0, 0.0, 0.046, 0.621, 0.0, 0.0, 0.856, 8.085, 8.737, 13.838, 0.042, 0.0, 10.769, 17.37, 0.0, 0.0, 16.109, 7.722, 0.0, 28.257, 1.408, 0.042, 14.329, 0.0, 6.33, 7.332, 0.08, 6.946, 7.599, 0.0, 7.105, 6.239, 1.925, 1.343, 4.592, 1.701, 4.065, 0.367, 0.866, 0.0, 0.234, 1.535, 5.139, 3.813, 4.181, 3.158, 0.0, 0.021, 0.0, 0.917, 5.686, 2.264, 9.761, 8.418, 0.0, 0.0, 6.858], "train_overestimate": [80.15, 0.0, 61.654, 0.275, 19.34, 6.422, 2.239, 8.786, 0.0, 33.753, 0.299, 7.782, 3.986, 0.245, 7.965, 0.0, 0.103, 15.967, 0.0, 1.21, 4.22, 0.0, 1.036, 1.188, 0.139, 0.0, 0.0, 7.099, 7.963, 0.0, 0.0, 3.917, 2.551, 0.0, 0.0, 0.0, 0.0, 0.0, 0.0, 0.183, 3.763, 1.828, 5.783, 9.003, 8.891, 6.758, 2.705, 12.399, 12.813, 2.121, 0.017, 0.084, 0.0, 6.006, 20.987, 0.0, 0.0, 11.771, 9.664, 0.0, 0.124, 26.403, 0.0, 1.125, 6.005, 0.0, 6.996, 0.098, 0.0, 4.434, 0.014, 0.0, 11.099, 0.004, 0.055, 0.875, 1.219, 0.13, 1.252, 0.119, 2.337, 1.673, 6.351, 2.688, 1.177, 0.041, 0.087, 0.078, 0.161, 5.443, 3.938, 5.453, 1.478, 0.008, 0.49, 0.0, 0.0, 4.548, 11.231, 0.0], "train_difference": [80.15, 63.563, 61.654, 21.901, 19.474, 10.247, 10.114, 9.834, 43.508, 33.753, 12.302, 8.948, 6.587, 8.791, 8.287, 22.402, 6.675, 15.967, 24.756, 3.352, 4.651, 22.211, 2.626, 2.49, 5.067, 23.964, 13.19, 7.116, 7.968, 19.995, 21.879, 4.077, 3.043, 14.444, 11.171, 12.883, 17.621, 19.072, 24.538, 4.597, 4.017, 3.381, 5.917, 9.003, 8.891, 6.804, 3.326, 12.399, 12.813, 2.977, 8.102, 8.821, 13.838, 6.048, 20.987, 10.769, 17.37, 11.771, 9.664, 16.109, 7.846, 26.403, 28.257, 2.532, 6.047, 14.329, 6.996, 6.428, 7.332, 4.514, 6.96, 7.599, 11.099, 7.108, 6.294, 2.8, 2.562, 4.722, 2.953, 4.184, 2.704, 2.539, 6.351, 2.922, 2.712, 5.179, 3.9, 4.259, 3.319, 5.443, 3.959, 5.453, 2.394, 5.694, 2.755, 9.761, 8.418, 4.548, 11.231, 6.858], "val_mae": [149.673, 110.137, 116.364, 37.095, 42.017, 23.981, 22.606, 21.264, 75.821, 63.284, 21.547, 19.362, 14.482, 15.785, 17.123, 39.322, 11.599, 28.939, 43.934, 7.033, 9.385, 39.732, 5.196, 4.867, 9.668, 43.538, 24.407, 11.713, 13.153, 36.286, 39.524, 7.057, 5.372, 26.395, 20.723, 23.867, 32.147, 34.627, 43.978, 8.069, 7.889, 7.632, 14.657, 18.68, 18.156, 15.529, 7.661, 25.637, 25.225, 6.556, 13.626, 15.128, 23.131, 11.81, 39.045, 18.139, 29.54, 23.073, 17.905, 27.488, 13.501, 49.702, 49.637, 4.577, 13.068, 24.401, 14.175, 11.104, 12.65, 9.371, 11.775, 12.774, 22.038, 11.768, 10.642, 5.194, 4.809, 7.912, 6.053, 7.007, 6.058, 5.391, 13.233, 6.982, 5.37, 8.565, 6.423, 6.974, 5.381, 11.295, 8.702, 11.523, 5.202, 9.259, 4.985, 16.342, 13.928, 9.713, 21.483, 11.974], "val_rmse": [150.114, 119.965, 117.051, 48.708, 45.601, 28.763, 28.101, 23.938, 82.772, 64.1, 29.496, 21.848, 17.467, 22.215, 18.399, 43.708, 16.649, 29.866, 47.505, 9.626, 10.369, 42.628, 7.244, 6.247, 11.265, 45.119, 25.712, 13.713, 15.197, 38.06, 41.577, 8.438, 6.563, 27.929, 21.943, 24.83, 33.315, 35.923, 46.014, 9.958, 9.032, 9.693, 17.385, 19.85, 19.251, 17.49, 9.149, 26.909, 25.962, 7.891, 16.51, 18.728, 26.497, 12.8, 39.859, 20.759, 33.148, 23.875, 19.133, 30.742, 17.24, 50.086, 52.422, 5.858, 14.455, 27.873, 15.403, 14.133, 14.365, 10.329, 14.296, 15.428, 22.77, 14.151, 13.145, 6.73, 6.026, 9.895, 7.573, 8.854, 7.024, 6.52, 14.132, 7.991, 6.68, 10.336, 8.11, 8.795, 6.988, 12.113, 9.534, 12.369, 6.277, 11.034, 6.513, 18.141, 15.849, 10.606, 22.063, 13.183],