{"val_loss": [0.03844348180832134, 0.03259900044132438, 0.030627535190433264, 0.022212408418353233, 0.017733317204854555, 0.013210345835735401, 0.013374373336167386, 0.011411802429291937, 0.010295747850452446, 0.012089697876945138, 0.009225383038736053, 0.011849930846235819, 0.008075419166642759, 0.007531472087268614, 0.007968177113475071, 0.00709549967561745, 0.006291456352401938, 0.005983910067394997, 0.007526130383161621, 0.005669959303405549, 0.006754275120329112, 0.006518343592890435, 0.006053619930753484, 0.005442721394097639, 0.005354877283227527, 0.005250554357189685, 0.005335205156976978, 0.005098378331038273, 0.004943568036348249, 0.0049292944539855756, 0.005043270920092861, 0.004857159885836558, 0.00479758103352247, 0.006909960156513585, 0.005389192710734076, 0.005718778828547026, 0.005128515438021471, 0.004945333406794816, 0.004579327812987483, 0.004514314832502148, 0.004424090183521103, 0.004307233951597785, 0.004698861726663179, 0.004378097688054873, 0.004390004760352895, 0.0043418770106250625, 0.004355395982404136, 0.004510113400303655, 0.0042210897049194, 0.004519897833233699, 0.004140913480013195, 0.006969611771637574, 0.004176727046595058, 0.00403457503933977, 0.004451074892939586, 0.004036425237750841, 0.00398785769357346, 0.005318991733171667, 0.004166485153190378, 0.00415201808209531, 0.003978743049730029, 0.0044946835518607665, 0.003905783649922038, 0.003963035696263735, 0.00427106714535815, 0.004250346005493257, 0.0042259145039780475, 0.004159790764485176, 0.004574754239810217, 0.003830853600649991, 0.0038843069810860064, 0.003980754496296868, 0.003695130593971246, 0.0039652874725612085, 0.004153349970389779, 0.0038217860839924673, 0.0036479264025628152, 0.004094439920865827, 0.003771787257088969, 0.0035395732815636117, 0.003655285810560195, 0.003883953199773613, 0.0037656144704669714, 0.0035947100097675705, 0.0036846240206311145, 0.003747830356587656, 0.004045276587324527, 0.0037080341199826864, 0.00370041642519128, 0.004254883093785288, 0.003759576932578865, 0.0037253634428553698, 0.0038705462033653427, 0.004200966825010255, 0.003625624266634178, 0.0037509784548698613, 0.0035305715799849066, 0.0036278824312224365, 0.004030033520797992, 0.004018813446034781], "train_mae": [71.067, 24.63, 35.958, 32.192, 48.0, 16.851, 33.294, 19.987, 12.461, 43.426, 12.455, 50.02, 10.017, 10.073, 26.692, 20.05, 7.542, 4.077, 29.773, 4.115, 13.731, 23.317, 16.01, 5.589, 12.411, 13.891, 14.602, 15.387, 8.017, 11.867, 9.117, 6.608, 9.187, 39.127, 21.538, 23.914, 15.38, 15.696, 7.835, 5.452, 4.32, 4.251, 14.321, 7.165, 7.528, 10.118, 9.289, 17.223, 6.119, 15.727, 6.212, 35.927, 3.389, 7.247, 14.582, 4.367, 3.302, 26.52, 11.46, 8.494, 7.517, 17.319, 4.949, 6.867, 18.318, 13.102, 13.724, 12.274, 23.571, 4.034, 8.459, 11.935, 3.432, 7.349, 10.624, 5.893, 4.723, 12.15, 3.857, 3.897, 6.444, 9.229, 7.86, 6.544, 7.309, 5.493, 12.251, 10.188, 10.188, 19.243, 10.904, 9.549, 11.245, 19.594, 4.205, 12.544, 3.087, 3.325, 18.39, 17.954], "train_rmse": [72.954, 29.097, 44.328, 40.026, 49.957, 21.682, 39.401, 25.315, 13.849, 45.534, 13.88, 52.199, 11.532, 11.42, 28.266, 21.876, 9.156, 5.331, 30.402, 5.392, 16.156, 24.676, 18.732, 6.957, 14.538, 15.575, 16.671, 17.404, 9.119, 13.993, 10.499, 8.076, 10.835, 40.839, 22.219, 25.846, 16.801, 17.083, 9.412, 6.869, 5.56, 5.175, 16.524, 8.432, 8.738, 10.94, 10.887, 19.176, 7.431, 16.28, 7.289, 38.36, 4.33, 8.676, 15.588, 5.315, 4.209, 27.951, 12.228, 9.833, 8.4, 19.325, 6.162, 8.212, 19.08, 14.367, 15.519, 13.969, 25.534, 5.085, 10.146, 12.565, 4.278, 8.816, 12.574, 7.189, 5.931, 13.726, 4.927, 4.969, 7.718, 10.63, 8.855, 7.836, 8.913, 6.646, 14.022, 10.841, 10.955, 20.543, 11.961, 10.521, 13.076, 20.475, 4.892, 13.373, 3.973, 4.196, 19.263, 19.097], "train_underestimate": [0.0, 2.579, 17.508, 15.52, 0.0, 7.302, 17.74, 10.553, 0.221, 23.139, 0.016, 26.653, 5.257, 5.29, 14.223, 10.684, 3.021, 1.329, 0.0, 1.21, 0.29, 12.424, 8.38, 0.343, 6.468, 7.383, 7.769, 8.199, 0.1, 6.2, 4.816, 3.335, 4.792, 20.849, 0.0, 12.743, 8.195, 8.364, 4.064, 2.276, 1.779, 0.448, 7.626, 3.783, 0.186, 0.0, 4.912, 9.177, 3.184, 0.0, 0.071, 19.144, 0.972, 3.757, 7.77, 0.788, 0.813, 14.131, 0.0, 4.503, 0.037, 9.228, 2.344, 3.251, 0.0, 6.981, 7.313, 0.0, 12.56, 1.862, 4.403, 0.0, 0.835, 3.786, 5.638, 3.011, 2.327, 6.474, 1.548, 1.701, 3.377, 4.909, 0.013, 3.383, 3.692, 2.891, 6.524, 0.0, 0.0, 10.253, 5.81, 0.0, 5.966, 10.441, 0.394, 6.684, 1.275, 1.297, 9.799, 9.566], "train_overestimate": [37.868, 10.545, 1.653, 1.634, 25.576, 1.677, 0.0, 0.097, 6.419, 0.0, 6.62, 0.0, 0.08, 0.077, 0.0, 0.0, 0.998, 0.844, 15.864, 0.982, 7.026, 0.0, 0.151, 2.635, 0.145, 0.019, 0.012, 0.0, 4.172, 0.123, 0.041, 0.186, 0.103, 0.0, 11.477, 0.0, 0.0, 0.0, 0.111, 0.629, 0.523, 1.817, 0.004, 0.035, 3.826, 5.391, 0.038, 0.0, 0.076, 8.38, 3.239, 0.0, 0.834, 0.105, 0.0, 1.539, 0.947, 0.0, 6.106, 0.023, 3.968, 0.0, 0.293, 0.408, 9.761, 0.0, 0.0, 6.54, 0.0, 0.288, 0.105, 6.36, 0.994, 0.13, 0.023, 0.13, 0.19, 0.0, 0.508, 0.375, 0.057, 0.009, 4.176, 0.104, 0.203, 0.035, 0.004, 5.429, 5.429, 0.0, 0.0, 5.088, 0.025, 0.0, 1.846, 0.0, 0.37, 0.475, 0.0, 0.0], "train_difference": [37.868, 13.124, 19.16, 17.153, 25.576, 8.979, 17.74, 10.65, 6.64, 23.139, 6.636, 26.653, 5.338, 5.367, 14.223, 10.684, 4.019, 2.173, 15.864, 2.192, 7.316, 12.424, 8.531, 2.978, 6.613, 7.402, 7.781, 8.199, 4.272, 6.323, 4.858, 3.521, 4.895, 20.849, 11.477, 12.743, 8.195, 8.364, 4.175, 2.905, 2.302, 2.265, 7.631, 3.818, 4.011, 5.391, 4.95, 9.177, 3.26, 8.38, 3.31, 19.144, 1.806, 3.862, 7.77, 2.327, 1.76, 14.131, 6.106, 4.526, 4.005, 9.228, 2.637, 3.659, 9.761, 6.981, 7.313, 6.54, 12.56, 2.149, 4.508, 6.36, 1.829, 3.916, 5.661, 3.14, 2.517, 6.474, 2.055, 2.076, 3.434, 4.918, 4.188, 3.487, 3.894, 2.927, 6.528, 5.429, 5.429, 10.253, 5.81, 5.088, 5.992, 10.441, 2.241, 6.684, 1.645, 1.772, 9.799, 9.566], "val_mae": [76.374, 31.81, 27.821, 25.243, 52.077, 14.733, 26.477, 15.706, 13.905, 39.319, 12.003, 45.389, 9.192, 9.294, 24.244, 17.83, 6.192, 5.412, 29.771, 4.959, 16.744, 21.353, 13.121, 6.797, 10.379, 12.345, 12.781, 13.558, 8.564, 10.034, 8.51, 5.892, 8.21, 35.641, 19.966, 21.314, 14.186, 14.468, 7.009, 4.65, 4.02, 4.299, 12.622, 7.331, 8.335, 9.495, 8.653, 15.409, 6.236, 14.779, 5.431, 31.896, 3.728, 6.651, 14.066, 4.784, 3.512, 24.356, 11.06, 8.235, 6.839, 15.288, 4.567, 5.613, 16.087, 12.372, 12.29, 9.645, 20.916, 4.358, 7.585, 10.714, 3.421, 6.824, 9.441, 5.6, 4.674, 11.172, 3.584, 3.696, 6.486, 8.673, 6.424, 6.307, 6.231, 5.877, 10.963, 9.525, 8.578, 17.874, 10.617, 7.954, 10.187, 18.68, 4.432, 12.366, 3.268, 3.419, 17.448, 16.653], "val_rmse": [78.321, 35.265, 38.966, 35.424, 54.017, 20.363, 34.504, 22.478, 14.973, 41.838, 13.814, 48.012, 11.434, 11.363, 26.094, 19.943, 8.783, 6.808, 30.769, 6.533, 18.544, 22.934, 16.665, 7.973, 13.084, 14.345, 15.156, 15.78, 9.663, 12.481, 10.172, 7.993, 10.075, 37.573, 20.992, 23.637, 15.874, 16.117, 9.161, 7.072, 5.882, 5.213, 15.232, 8.627, 9.234, 10.464, 10.436, 17.722, 7.63, 15.493, 6.62, 34.816, 4.873, 8.471, 15.191, 5.664, 4.509, 26.009, 12.032, 9.77, 7.842, 17.675, 6.149, 7.912, 17.006, 13.824, 14.463, 11.635, 23.297, 5.555, 9.652, 11.536, 4.572, 8.531, 11.702, 7.189, 6.142, 13.009, 5.101, 5.16, 7.742, 10.293, 7.456, 7.664, 8.628, 7.057, 13.164, 10.356, 9.506, 19.423, 11.777, 9.097, 12.282, 19.655, 5.301, 13.287, 4.508, 4.368, 18.479, 18.109],