{"val_loss": [0.03619351056921813, 0.032872294515578285, 0.030421960581507947, 0.021672458103340533, 0.016019128444087174, 0.01491538677105887, 0.01175265853655421, 0.011593686856536401, 0.010212284254117144, 0.009430905713492798, 0.008979375493557503, 0.010732346557132486, 0.007669838611036539, 0.007527207884575344, 0.007556592198347466, 0.010606049404790005, 0.007631805072176374, 0.008523925731424242, 0.007544496639942129, 0.007074477041088458, 0.005973471778108635, 0.00614185213473522, 0.005733883438450802, 0.005496337777003646, 0.006007282761856914, 0.005754875549529161, 0.005168059449513546, 0.005426109105529677, 0.005019476381777268, 0.004977107921149582, 0.005457494841215925, 0.005357146932510659, 0.004907480211436955, 0.004629852172608177, 0.004803390164549152, 0.004692018688527039, 0.0044931081033104826, 0.004438720242534246, 0.004679671533974922, 0.0054769084478418035, 0.0054148803529743515, 0.004501185858518713, 0.0044007130846795105, 0.00456608172519029, 0.004251273905134035, 0.0052761691299060155, 0.0045473737409338355, 0.0043426184113033945, 0.004232955908971942, 0.004260246473778453, 0.0042497339179842835, 0.004069627062158866, 0.003981709570830895, 0.004056716895623443, 0.0040313397152608055, 0.003947576543497335, 0.004408503552743544, 0.004472399634929995, 0.004100709170516994, 0.003959798748837784, 0.003810596070252359, 0.003977214109100815, 0.00404914664169256, 0.004142921046069305, 0.004328496996701385, 0.003950769579710646, 0.003926096823609744, 0.004694527390206026, 0.004444803935863699, 0.004277182662109327, 0.003982493133258281, 0.00402195732587845, 0.00421122389282876, 0.003963858416278122, 0.003995709570719757, 0.004337095645799612, 0.005081491276440728, 0.004660221056029614, 0.0037738433683342817, 0.003928420263239079, 0.003978481380424152, 0.0038746172843578583, 0.003971570210220913, 0.0037958845043451423, 0.003836714300430483, 0.00381284486502409, 0.0040799494874793, 0.003977592209897314, 0.004778667142899293, 0.004542783407183985, 0.004430717529935969, 0.004106918301355715, 0.00451960728969425, 0.0037529582235341272, 0.003948229874367826, 0.004290120789341422, 0.003963205390997852, 0.0038768345807006378, 0.003982647959168794, 0.0038152422704216507], "train_mae": [25.535, 28.451, 31.278, 24.153, 33.121, 39.492, 10.257, 20.901, 17.69, 9.51, 15.369, 40.257, 5.32, 15.05, 12.942, 48.011, 28.148, 36.432, 28.502, 28.064, 4.968, 19.539, 12.819, 12.562, 19.688, 16.697, 5.468, 19.002, 8.289, 6.413, 19.668, 18.325, 13.514, 5.024, 12.958, 11.135, 3.687, 6.852, 15.177, 25.802, 23.964, 4.848, 4.897, 12.866, 6.367, 25.115, 12.545, 4.83, 3.856, 5.015, 10.99, 3.376, 2.776, 5.166, 2.722, 5.034, 14.414, 17.241, 3.062, 5.719, 5.394, 2.8, 5.559, 5.27, 14.478, 3.188, 5.623, 20.419, 18.832, 14.476, 8.612, 5.698, 15.147, 7.503, 14.14, 18.744, 26.588, 17.989, 6.728, 5.339, 11.311, 5.309, 7.302, 6.065, 5.193, 6.042, 9.469, 11.172, 19.85, 13.974, 18.76, 4.326, 21.708, 3.397, 5.682, 17.091, 9.254, 9.299, 6.896, 5.442], "train_rmse": [30.919, 33.065, 40.35, 28.888, 36.265, 46.548, 14.056, 21.979, 19.658, 11.47, 17.043, 42.462, 6.896, 16.325, 15.56, 51.356, 28.961, 37.894, 31.687, 28.845, 6.542, 21.947, 14.836, 14.308, 21.243, 19.134, 6.794, 21.025, 9.608, 7.704, 21.479, 20.283, 15.069, 6.446, 14.545, 12.443, 4.991, 8.475, 16.696, 27.341, 26.243, 6.038, 5.968, 13.526, 7.28, 26.719, 13.817, 6.229, 4.876, 6.028, 12.297, 4.474, 3.894, 6.321, 3.877, 6.163, 15.756, 18.25, 4.144, 6.965, 6.679, 3.926, 6.927, 6.138, 16.739, 4.306, 6.976, 21.607, 20.628, 15.222, 9.266, 6.581, 16.923, 8.48, 15.53, 19.738, 27.855, 19.398, 8.172, 6.326, 13.15, 6.436, 8.015, 6.915, 6.279, 7.398, 10.447, 13.518, 21.889, 14.542, 19.302, 5.448, 22.828, 4.273, 6.801, 18.54, 10.649, 9.963, 8.322, 6.839], "train_underestimate": [7.724, 3.108, 14.489, 5.058, 0.471, 21.522, 4.301, 0.0, 9.64, 0.12, 0.0, 21.938, 0.581, 8.201, 6.928, 26.164, 0.0, 19.854, 15.533, 0.0, 0.491, 10.648, 6.817, 6.742, 0.0, 9.062, 2.369, 10.355, 0.109, 0.175, 10.718, 9.986, 7.354, 1.321, 7.049, 0.059, 0.437, 3.361, 8.271, 14.061, 13.059, 1.916, 0.42, 0.026, 3.38, 13.687, 6.836, 2.121, 0.416, 0.232, 5.973, 1.146, 0.744, 2.0, 0.753, 2.519, 7.855, 9.396, 0.834, 2.533, 2.611, 0.962, 2.799, 2.7, 7.887, 1.226, 2.88, 11.128, 10.262, 7.889, 0.032, 3.037, 8.254, 4.051, 7.705, 10.215, 14.489, 0.0, 3.424, 2.817, 6.141, 0.1, 0.036, 0.071, 0.103, 2.879, 5.157, 6.032, 10.818, 7.615, 0.0, 1.062, 11.83, 0.342, 0.064, 9.314, 4.992, 0.013, 3.639, 2.622], "train_overestimate": [6.191, 12.397, 2.557, 8.105, 17.579, 0.0, 1.289, 11.39, 0.0, 5.062, 8.376, 0.0, 2.318, 0.0, 0.125, 0.0, 15.339, 0.0, 0.0, 15.294, 2.216, 0.0, 0.169, 0.104, 10.729, 0.037, 0.612, 0.0, 4.408, 3.32, 0.0, 0.0, 0.01, 1.417, 0.012, 6.009, 1.572, 0.373, 0.0, 0.0, 0.0, 0.726, 2.249, 6.985, 0.09, 0.0, 0.0, 0.511, 1.685, 2.502, 0.015, 0.693, 0.769, 0.815, 0.73, 0.225, 0.0, 0.0, 0.834, 0.584, 0.329, 0.564, 0.23, 0.172, 0.004, 0.511, 0.184, 0.0, 0.0, 0.0, 4.661, 0.068, 0.0, 0.038, 0.0, 0.0, 0.0, 9.803, 0.242, 0.092, 0.023, 2.793, 3.943, 3.234, 2.727, 0.414, 0.003, 0.056, 0.0, 0.0, 10.223, 1.295, 0.0, 1.509, 3.032, 0.0, 0.051, 5.054, 0.119, 0.343], "train_difference": [13.915, 15.505, 17.045, 13.162, 18.05, 21.522, 5.589, 11.39, 9.64, 5.183, 8.376, 21.938, 2.899, 8.201, 7.053, 26.164, 15.339, 19.854, 15.533, 15.294, 2.707, 10.648, 6.986, 6.846, 10.729, 9.099, 2.98, 10.355, 4.517, 3.495, 10.718, 9.986, 7.364, 2.738, 7.061, 6.068, 2.009, 3.734, 8.271, 14.061, 13.059, 2.642, 2.669, 7.011, 3.47, 13.687, 6.836, 2.632, 2.101, 2.733, 5.989, 1.84, 1.513, 2.815, 1.483, 2.744, 7.855, 9.396, 1.669, 3.117, 2.94, 1.526, 3.03, 2.872, 7.89, 1.737, 3.064, 11.128, 10.262, 7.889, 4.693, 3.105, 8.254, 4.089, 7.705, 10.215, 14.489, 9.803, 3.666, 2.909, 6.164, 2.893, 3.979, 3.305, 2.83, 3.292, 5.16, 6.089, 10.818, 7.615, 10.223, 2.357, 11.83, 1.851, 3.097, 9.314, 5.043, 5.068, 3.758, 2.966], "val_mae": [21.36, 26.775, 27.864, 20.396, 33.056, 37.132, 8.162, 19.831, 17.462, 9.15, 14.383, 38.872, 6.113, 14.851, 11.958, 45.864, 27.74, 35.067, 26.74, 27.901, 5.632, 18.399, 11.562, 11.622, 18.665, 15.653, 5.511, 18.093, 8.64, 6.849, 18.837, 17.411, 12.809, 5.083, 12.31, 11.745, 4.391, 6.029, 14.399, 24.742, 22.756, 4.718, 5.455, 12.533, 6.476, 24.096, 12.053, 4.326, 4.603, 5.653, 10.56, 3.659, 3.596, 4.733, 3.565, 4.961, 13.897, 16.803, 3.855, 5.358, 5.093, 3.501, 5.142, 5.789, 13.657, 3.802, 5.287, 19.711, 18.059, 14.183, 8.265, 6.376, 14.417, 7.489, 13.512, 18.169, 25.661, 17.076, 6.157, 5.836, 10.572, 5.45, 7.353, 6.422, 5.301, 5.612, 9.185, 10.284, 18.88, 13.764, 18.567, 4.586, 20.929, 4.228, 5.653, 16.456, 8.558, 9.138, 6.368, 4.975], "val_rmse": [27.049, 31.288, 35.056, 25.577, 35.149, 42.928, 11.47, 21.254, 18.959, 11.567, 16.682, 40.681, 7.564, 16.152, 14.371, 48.737, 28.79, 36.492, 29.697, 28.894, 7.345, 20.505, 13.964, 13.639, 20.889, 18.072, 7.106, 19.931, 9.748, 7.937, 20.446, 19.183, 14.402, 6.143, 13.886, 12.98, 6.025, 7.839, 15.881, 26.166, 24.806, 6.15, 6.168, 13.763, 7.752, 25.639, 13.474, 5.989, 5.773, 6.827, 11.997, 5.005, 4.782, 6.174, 4.791, 6.457, 15.264, 17.806, 5.086, 6.867, 6.627, 4.791, 6.725, 7.086, 15.662, 5.328, 6.9, 20.933, 19.649, 15.111, 9.473, 7.518, 16.08, 8.695, 14.925, 19.228, 26.859, 19.054, 7.884, 7.168, 12.233, 7.473, 8.523, 7.389, 7.165, 7.153, 10.432, 12.409, 20.646, 14.56, 19.191, 6.989, 22.105, 5.63, 7.738, 17.821, 10.288, 10.489, 8.089, 6.557],