{"val_loss": [0.034963202129086754, 0.025446541523665524, 0.022928454766698768, 0.01745746267980404, 0.016848421278880553], "train_mae": [16.016, 12.554, 9.603, 5.031, 5.381], "train_rmse": [19.232, 14.075, 11.613, 6.759, 7.204], "train_underestimate": [37.305, 2.633, 9.149, 8.663, 4.352], "train_overestimate": [0.347, 26.88, 13.427, 3.166, 8.297], "train_difference": [37.653, 29.514, 22.576, 11.829, 12.65], "val_mae": [16.538, 11.574, 9.481, 5.494, 5.643], "val_rmse": [19.684, 13.329, 11.212, 7.648, 7.457], "val_underestimate": [36.836, 4.184, 8.772, 10.055, 5.463], "val_overestimate": [0.043, 21.627, 12.37, 2.197, 7.121], "val_difference": [36.879, 25.811, 21.142, 12.253, 12.584], "train_loss": [0.05433638850679724, 0.030177538543616215, 0.02305945227653461, 0.018693406529928326, 0.015855843963735322], "train_size": 900, "val_size": 89, "rand_seed": 9001, "shuffle": true, "loss_name": "logcosh", "img_dim": [720, 1280, 3], "patch_dim": [128, 128, 3], "patches_per_image": 32, "density_map_sigma": 10, "density_map_multiplication_factor": 2000.0, "sub_experiment_name": "carpk/sigma_10_loss_logcosh_patch_32_128x128_5_epochs"}