{"val_loss": [0.26175709046861706, 0.08304474130272865, 0.07648920432171401, 0.0725851485176998, 0.07018601121928762, 0.061256781521746344, 0.04988563066238866, 0.04220364223617841, 0.03416343083988656, 0.03163860630079666, 0.04303309168009197, 0.038620405419565296, 0.0295768897733925, 0.02686157455558286, 0.025668275802779722, 0.023910449530162355, 0.02289664696025498, 0.022410079693038237, 0.02009125068263315, 0.02054256826009163, 0.018885189831695137, 0.018979130168993247, 0.02015707836322048, 0.018495831823469523, 0.01663593970485689, 0.017889017622698757, 0.015718837604200578, 0.016498523209627497, 0.01484098264207954, 0.014572737279676777, 0.01327581043519518, 0.014852196532849441, 0.013758731738883345, 0.012575280732776532, 0.01266838759115404, 0.016148005351972056, 0.01241589296841994, 0.012900466804721337, 0.011836831998901771, 0.012008850996875587, 0.011535309200339457, 0.011752512535381624, 0.01132907108266783, 0.012045413170092027, 0.015122811830438235, 0.014538662532097934, 0.014172210570370011, 0.01491010026074946, 0.012327972313334398, 0.012107459016774288, 0.013326848004533745, 0.011919473475940964, 0.010986363326938933, 0.011339618129354408, 0.010898391106713782, 0.01103181326556403, 0.010635114911779323, 0.011236155515207964, 0.011356214883134645, 0.011469175785725169, 0.010514334730995709, 0.01124626726788633, 0.01152829680701389, 0.013477467253858991, 0.01133910717565895, 0.01102387866772273, 0.012385303924983257, 0.01414387152009808, 0.011740465788855492, 0.010735281862948528, 0.010383577483213124, 0.010764269990271287, 0.011391105815110839, 0.009839450632331563, 0.01030490780249238, 0.010674612247385085, 0.010121442802140819, 0.009977006035007755, 0.010903160635601072, 0.010741029598969309, 0.010373585323310074, 0.0096354786073789, 0.010518852706916411, 0.010127616631935406, 0.009484478132114471, 0.0096145001520841, 0.009570159767891336, 0.010520962022436672, 0.010612412485951447, 0.009363862340037218, 0.009167549231171827, 0.009269229971858509, 0.009259438915999936, 0.011987578185439548, 0.012205718595342821, 0.012705001257606508, 0.013179155809613055, 0.014140958034926477, 0.00978715649997706, 0.009390648255836876], "train_mae": [284.693, 46.41, 26.013, 25.799, 39.631, 32.358, 27.266, 31.007, 20.526, 19.456, 81.705, 70.972, 33.002, 16.684, 14.886, 11.013, 11.15, 18.919, 7.023, 20.588, 13.225, 23.883, 34.037, 20.992, 10.343, 30.319, 10.778, 28.644, 18.834, 15.17, 7.354, 26.109, 16.121, 8.218, 11.567, 37.678, 11.055, 22.067, 5.844, 8.487, 6.211, 6.884, 6.666, 15.929, 37.397, 34.447, 34.687, 37.092, 20.397, 17.112, 32.513, 14.072, 14.459, 14.706, 10.03, 12.511, 9.252, 13.343, 14.813, 20.442, 7.196, 19.361, 18.622, 35.609, 21.653, 15.754, 27.448, 35.234, 23.019, 12.758, 8.806, 15.751, 20.766, 6.279, 14.146, 15.965, 14.001, 9.426, 19.869, 20.786, 15.023, 6.51, 10.181, 19.608, 5.829, 9.379, 9.435, 18.677, 23.825, 5.451, 5.574, 4.768, 7.348, 29.223, 28.478, 38.338, 33.544, 40.748, 14.644, 7.579], "train_rmse": [293.11, 51.734, 29.792, 32.086, 44.946, 42.297, 35.001, 40.817, 25.325, 21.792, 86.191, 75.438, 38.773, 18.686, 20.458, 14.881, 12.422, 20.415, 8.738, 21.502, 14.569, 24.654, 34.67, 21.946, 14.05, 32.077, 13.401, 30.201, 20.043, 16.676, 8.91, 27.307, 17.87, 10.288, 13.335, 39.704, 12.765, 23.373, 7.495, 10.122, 7.722, 8.607, 8.34, 18.186, 39.244, 36.355, 36.524, 38.906, 21.523, 19.431, 34.587, 16.905, 16.651, 16.859, 11.643, 14.437, 10.96, 15.345, 16.232, 21.389, 8.572, 20.454, 19.628, 36.225, 22.438, 16.727, 29.451, 37.874, 25.58, 15.144, 10.233, 16.769, 21.602, 7.878, 16.462, 18.505, 16.268, 11.038, 22.239, 22.734, 17.09, 7.841, 12.289, 20.989, 7.009, 10.843, 11.115, 20.284, 24.82, 6.584, 6.611, 5.598, 8.724, 30.443, 29.441, 40.092, 36.138, 42.214, 17.042, 9.417], "train_underestimate": [141.616, 0.159, 4.683, 8.301, 0.557, 14.51, 10.606, 14.24, 6.264, 1.424, 40.643, 35.304, 16.416, 1.199, 7.02, 4.293, 0.962, 0.0, 2.101, 0.0, 0.0, 0.0, 0.0, 0.0, 4.851, 15.082, 5.222, 14.249, 0.0, 7.511, 1.567, 0.0, 7.99, 3.774, 0.153, 18.742, 0.161, 0.0, 1.911, 0.541, 1.486, 2.554, 1.329, 7.84, 18.603, 17.135, 17.254, 18.451, 10.146, 8.478, 16.173, 6.659, 6.975, 7.201, 4.89, 6.105, 4.315, 0.041, 0.052, 0.0, 0.481, 0.0, 0.0, 0.0, 0.0, 0.0, 13.653, 17.527, 11.45, 6.165, 0.253, 0.0, 0.0, 2.658, 6.934, 7.883, 6.941, 4.618, 9.884, 10.34, 7.472, 3.135, 4.891, 9.754, 1.874, 4.641, 4.594, 9.291, 11.852, 2.556, 0.337, 0.474, 0.125, 14.537, 14.166, 19.071, 16.686, 20.269, 7.262, 3.477], "train_overestimate": [0.0, 22.927, 8.257, 4.533, 19.156, 1.586, 2.957, 1.184, 3.946, 8.254, 0.0, 0.0, 0.0, 7.101, 0.384, 1.185, 4.585, 9.411, 1.393, 10.241, 6.579, 11.88, 16.931, 10.442, 0.294, 0.0, 0.139, 0.0, 9.368, 0.035, 2.091, 12.988, 0.029, 0.314, 5.601, 0.0, 5.338, 10.977, 0.996, 3.681, 1.603, 0.87, 1.987, 0.084, 0.0, 0.0, 0.0, 0.0, 0.0, 0.034, 0.0, 0.341, 0.217, 0.115, 0.099, 0.119, 0.287, 6.597, 7.316, 10.169, 3.098, 9.631, 9.263, 17.713, 10.771, 7.837, 0.0, 0.0, 0.0, 0.181, 4.127, 7.835, 10.33, 0.465, 0.103, 0.059, 0.023, 0.071, 0.0, 0.0, 0.001, 0.104, 0.173, 0.0, 1.025, 0.025, 0.1, 0.0, 0.0, 0.156, 2.436, 1.898, 3.531, 0.0, 0.0, 0.0, 0.0, 0.0, 0.022, 0.293], "train_difference": [141.616, 23.086, 12.94, 12.833, 19.714, 16.096, 13.563, 15.424, 10.21, 9.678, 40.643, 35.304, 16.416, 8.299, 7.405, 5.478, 5.546, 9.411, 3.493, 10.241, 6.579, 11.88, 16.931, 10.442, 5.145, 15.082, 5.361, 14.249, 9.368, 7.546, 3.658, 12.988, 8.019, 4.088, 5.754, 18.742, 5.499, 10.977, 2.907, 4.222, 3.09, 3.424, 3.316, 7.924, 18.603, 17.135, 17.254, 18.451, 10.146, 8.512, 16.173, 7.0, 7.192, 7.315, 4.989, 6.224, 4.602, 6.637, 7.368, 10.169, 3.579, 9.631, 9.263, 17.713, 10.771, 7.837, 13.653, 17.527, 11.45, 6.346, 4.38, 7.835, 10.33, 3.123, 7.037, 7.941, 6.965, 4.689, 9.884, 10.34, 7.473, 3.238, 5.064, 9.754, 2.9, 4.665, 4.693, 9.291, 11.852, 2.712, 2.773, 2.372, 3.655, 14.537, 14.166, 19.071, 16.686, 20.269, 7.284, 3.77], "val_mae": [247.999, 56.876, 26.454, 21.973, 49.146, 24.305, 21.542, 22.391, 16.728, 21.448, 68.828, 59.184, 24.225, 18.227, 9.075, 6.861, 11.258, 19.807, 5.32, 19.693, 13.492, 22.65, 32.829, 19.961, 6.659, 26.176, 7.995, 24.952, 18.784, 13.483, 5.804, 24.79, 13.877, 6.771, 11.01, 32.348, 9.825, 19.862, 4.786, 8.12, 5.01, 5.259, 5.463, 12.806, 32.15, 29.506, 29.868, 32.012, 19.103, 13.7, 27.523, 10.175, 11.174, 11.527, 8.444, 9.82, 7.424, 15.37, 14.782, 20.686, 6.901, 20.135, 18.415, 34.128, 20.924, 15.509, 23.043, 29.047, 18.441, 9.845, 9.503, 15.379, 20.072, 5.186, 11.378, 12.699, 11.313, 7.965, 15.836, 17.149, 12.207, 6.097, 8.027, 17.244, 5.068, 8.012, 7.697, 15.792, 21.663, 5.302, 5.745, 4.588, 8.063, 25.81, 25.805, 33.502, 27.838, 35.999, 11.64, 6.004], "val_rmse": [257.357, 59.322, 31.148, 26.647, 52.066, 29.623, 25.642, 27.806, 20.106, 23.341, 72.515, 62.767, 28.691, 19.684, 13.111, 9.566, 12.556, 21.117, 7.049, 21.413, 15.115, 24.197, 34.036, 21.708, 9.397, 27.4, 10.087, 26.071, 20.19, 14.86, 7.773, 26.454, 15.359, 8.335, 13.061, 33.994, 12.105, 21.627, 6.293, 9.869, 6.652, 6.706, 7.387, 14.781, 33.873, 31.247, 31.551, 33.745, 20.088, 15.828, 29.502, 12.676, 13.293, 13.58, 10.011, 11.724, 9.067, 16.527, 15.898, 21.406, 8.468, 20.895, 19.217, 34.727, 21.598, 16.3, 25.088, 31.748, 21.147, 11.969, 10.758, 16.198, 20.752, 6.597, 13.533, 15.166, 13.518, 9.583, 18.449, 19.42, 14.466, 7.502, 10.045, 18.863, 6.277, 9.568, 9.48, 17.452, 22.558, 6.471, 6.75, 5.469, 9.142, 27.247, 26.876, 35.349, 30.662, 37.74, 14.177, 7.836],