{"val_loss": [0.04076476964271731, 0.030020028197516996, 0.025751720674128994, 0.024751451953003805, 0.01912536779935989, 0.017822568628212646, 0.017631606263522472, 0.026321555461941495, 0.015772087771135073, 0.012754071814318499, 0.013012084107483841, 0.011246052434823165, 0.011392719358102314, 0.010518366703763604, 0.010517111242127916, 0.011297763118313419, 0.009995828039892431, 0.012524472678908043, 0.009531422201285345, 0.00934837527003967, 0.009125754204837399, 0.008765080820820812, 0.009584581990364112, 0.01056848624203768, 0.009407248574360792, 0.008901277350054847, 0.008685247655699236, 0.009854426096555673, 0.008582063252106309, 0.011728618326338215, 0.011380905537710836, 0.009016134847317718, 0.008536538057443168, 0.009312302973638806, 0.009972006826299347, 0.00834959509342702, 0.009453620842476893, 0.008845040516462177, 0.009907726890459243, 0.008476316314449327, 0.012041389314819954, 0.008790006644428812, 0.0079292400364971, 0.008927463126989702, 0.00825172929196722, 0.0091794738610689, 0.009304088650323037, 0.00921949626192347, 0.007950032938323501, 0.007775995311223798, 0.008512791666564427, 0.007756239443551749, 0.008188636210333142, 0.007755163390862031, 0.008068568978665603, 0.008651763459460603, 0.007889912825905614, 0.010273116123345163, 0.008460539519243563, 0.009314040989718504, 0.008127861762962615, 0.008519630342359759, 0.008014207165817626, 0.007678216539918342, 0.007980060598735387, 0.007792873217517303, 0.007976756958265064, 0.00793477988594936, 0.00767504683850954, 0.007363125174176983, 0.007456685173868512, 0.008146769606456574, 0.007817241706005815, 0.008104959108297609, 0.008284696798202477, 0.007970230372544998, 0.007468642071924276, 0.008452811123182377, 0.008974120292502144, 0.007979781166391654, 0.00793806484176053, 0.007697723621580129, 0.007766003241865999, 0.007917330445100864, 0.008563023219014414, 0.009697239703705741, 0.008000513370562758, 0.007635677595519357, 0.0077301681675534285, 0.0073994870439896155, 0.00776991609018296, 0.007736205517883516, 0.008713490827681704, 0.007916374073829502, 0.007699796774735053, 0.010697993740905076, 0.007967505018718334, 0.008453157436128499, 0.007935772080802254, 0.007718933668608467], "train_mae": [37.854, 37.599, 12.523, 32.258, 7.892, 5.744, 30.134, 64.735, 21.784, 7.086, 26.003, 6.227, 14.591, 7.706, 11.432, 14.423, 8.085, 25.58, 6.087, 7.547, 4.991, 5.425, 16.442, 14.662, 10.559, 5.324, 4.999, 13.573, 9.737, 25.642, 27.851, 7.928, 5.199, 16.54, 22.797, 4.459, 19.664, 8.12, 17.345, 4.643, 32.601, 13.114, 7.713, 6.226, 2.839, 8.999, 17.209, 17.811, 3.044, 4.817, 15.076, 2.966, 4.724, 7.812, 10.19, 16.209, 3.64, 22.246, 4.28, 5.905, 9.407, 14.57, 6.398, 4.185, 10.655, 4.61, 12.159, 5.383, 3.578, 2.886, 2.732, 8.879, 7.204, 4.136, 12.199, 6.255, 5.243, 11.609, 16.502, 5.98, 2.485, 6.527, 2.993, 8.418, 11.438, 10.523, 2.892, 2.457, 2.955, 3.974, 7.914, 6.839, 15.122, 5.257, 5.052, 24.147, 8.553, 13.417, 7.521, 4.864], "train_rmse": [41.439, 40.111, 17.348, 34.948, 9.933, 8.06, 30.694, 66.781, 22.466, 8.452, 28.439, 7.944, 15.71, 9.053, 13.146, 16.255, 9.389, 26.107, 7.535, 9.139, 6.07, 6.791, 17.879, 16.34, 11.989, 6.308, 6.265, 14.994, 10.973, 27.162, 29.125, 9.39, 6.35, 17.075, 23.202, 5.443, 21.029, 10.006, 18.493, 5.707, 33.588, 14.276, 9.326, 7.275, 3.579, 9.832, 19.718, 18.712, 3.805, 5.752, 17.03, 3.632, 5.87, 8.703, 11.542, 17.057, 4.633, 23.126, 5.123, 6.845, 10.717, 16.05, 7.407, 5.155, 11.988, 5.39, 13.136, 6.353, 4.324, 3.823, 3.482, 9.825, 8.402, 5.629, 12.605, 7.547, 5.982, 13.959, 18.22, 7.419, 3.148, 7.221, 3.645, 9.605, 14.058, 11.159, 3.858, 3.165, 3.684, 4.852, 8.466, 7.397, 16.361, 5.96, 6.073, 24.53, 9.64, 14.59, 8.582, 5.506], "train_underestimate": [0.399, 0.052, 5.924, 17.58, 4.077, 2.534, 16.422, 35.278, 11.872, 3.634, 14.171, 0.55, 0.034, 0.076, 6.097, 7.844, 0.066, 13.94, 2.538, 3.915, 1.593, 2.607, 8.96, 7.99, 0.072, 2.79, 0.059, 7.397, 5.284, 13.974, 15.178, 0.176, 0.043, 9.014, 0.0, 0.286, 10.716, 4.252, 0.0, 0.88, 17.766, 7.147, 3.975, 3.355, 0.393, 4.904, 9.358, 9.706, 0.394, 0.087, 8.216, 0.807, 0.537, 4.251, 5.54, 8.833, 0.127, 12.123, 2.05, 3.137, 5.086, 7.94, 3.445, 2.014, 5.801, 0.168, 6.626, 1.731, 0.354, 1.218, 0.595, 4.838, 3.781, 0.144, 6.648, 3.28, 2.821, 6.296, 8.993, 3.114, 0.811, 0.0, 0.294, 4.57, 6.181, 0.0, 0.849, 0.708, 0.385, 1.62, 0.0, 0.012, 8.241, 0.086, 0.055, 13.159, 4.661, 7.312, 4.08, 2.619], "train_overestimate": [20.229, 20.438, 0.9, 0.0, 0.224, 0.597, 0.0, 0.0, 0.0, 0.227, 0.0, 2.843, 7.918, 4.124, 0.133, 0.016, 4.34, 0.0, 0.78, 0.198, 1.127, 0.349, 0.0, 0.0, 5.682, 0.112, 2.665, 0.0, 0.023, 0.0, 0.0, 4.144, 2.789, 0.0, 12.424, 2.144, 0.0, 0.173, 9.452, 1.65, 0.0, 0.0, 0.228, 0.038, 1.154, 0.0, 0.02, 0.0, 1.265, 2.538, 0.0, 0.809, 2.038, 0.006, 0.014, 0.0, 1.856, 0.0, 0.283, 0.08, 0.04, 0.0, 0.042, 0.266, 0.006, 2.345, 0.0, 1.202, 1.596, 0.355, 0.894, 0.0, 0.145, 2.111, 0.0, 0.129, 0.037, 0.03, 0.0, 0.145, 0.543, 3.557, 1.337, 0.018, 0.052, 5.735, 0.727, 0.631, 1.226, 0.545, 4.313, 3.715, 0.0, 2.779, 2.698, 0.0, 0.0, 0.0, 0.018, 0.032], "train_difference": [20.629, 20.49, 6.824, 17.58, 4.301, 3.13, 16.422, 35.278, 11.872, 3.862, 14.171, 3.393, 7.951, 4.199, 6.23, 7.86, 4.406, 13.94, 3.317, 4.113, 2.72, 2.957, 8.96, 7.99, 5.754, 2.902, 2.724, 7.397, 5.306, 13.974, 15.178, 4.321, 2.833, 9.014, 12.424, 2.43, 10.716, 4.425, 9.452, 2.53, 17.766, 7.147, 4.203, 3.393, 1.547, 4.904, 9.378, 9.706, 1.659, 2.625, 8.216, 1.616, 2.574, 4.257, 5.553, 8.833, 1.984, 12.123, 2.333, 3.218, 5.127, 7.94, 3.487, 2.281, 5.807, 2.512, 6.626, 2.933, 1.95, 1.573, 1.489, 4.839, 3.926, 2.254, 6.648, 3.409, 2.857, 6.326, 8.993, 3.259, 1.354, 3.557, 1.631, 4.587, 6.233, 5.735, 1.576, 1.339, 1.611, 2.165, 4.313, 3.727, 8.241, 2.865, 2.753, 13.159, 4.661, 7.312, 4.099, 2.651], "val_mae": [38.632, 38.129, 11.114, 31.108, 7.681, 5.239, 29.998, 62.802, 21.728, 6.329, 24.207, 7.511, 15.87, 9.06, 10.054, 13.15, 9.285, 25.073, 5.057, 6.591, 4.755, 4.759, 15.402, 13.795, 11.001, 5.477, 5.629, 12.609, 9.157, 24.26, 26.6, 8.732, 5.695, 16.203, 22.561, 5.474, 18.618, 7.49, 16.597, 4.783, 31.345, 12.501, 7.12, 6.737, 3.835, 9.284, 16.015, 17.372, 4.023, 5.286, 14.262, 3.997, 5.386, 7.965, 9.726, 15.738, 4.264, 21.528, 5.059, 6.533, 9.029, 13.954, 6.638, 4.521, 10.201, 5.356, 11.819, 5.497, 4.283, 3.574, 3.628, 8.866, 7.331, 4.562, 12.538, 6.245, 5.723, 11.233, 15.887, 5.958, 3.605, 6.241, 3.835, 8.508, 11.141, 10.118, 3.367, 3.707, 3.754, 4.65, 7.087, 6.604, 15.052, 5.491, 4.917, 24.525, 8.86, 13.366, 7.721, 5.639], "val_rmse": [41.222, 39.892, 14.761, 33.069, 9.669, 7.24, 30.582, 64.428, 22.538, 8.328, 26.574, 9.005, 17.09, 10.099, 12.209, 15.098, 10.323, 25.671, 6.697, 8.323, 5.949, 6.257, 16.723, 15.169, 12.221, 6.723, 7.148, 14.153, 10.465, 25.642, 27.809, 9.911, 6.986, 16.9, 23.098, 6.416, 20.026, 9.327, 18.33, 5.696, 32.319, 13.721, 8.761, 7.883, 5.033, 10.307, 18.445, 18.269, 5.203, 6.897, 16.094, 5.432, 6.299, 9.213, 11.193, 16.767, 5.846, 22.48, 6.524, 7.74, 10.67, 15.633, 7.946, 5.88, 11.63, 6.306, 12.951, 6.942, 5.144, 4.915, 4.87, 10.266, 8.995, 6.279, 13.359, 7.925, 6.991, 13.372, 17.812, 7.553, 4.887, 7.662, 4.731, 10.002, 13.413, 10.953, 4.612, 5.072, 4.881, 5.989, 8.405, 7.732, 16.431, 6.457, 6.411, 25.167, 10.219, 14.755, 9.168, 6.828], "val_underestimate": [0.22, 0.0, 5.479, 17.773, 4.256, 2.502, 17.139, 35.881, 12.414, 3.459, 13.83, 0.622, 0.099, 0.28, 5.646, 7.473, 0.23, 14.325, 2.145, 3.617, 1.337, 2.351, 8.8, 7.881, 0.069, 2.86, 0.248, 7.204, 5.232, 13.861, 15.197, 0.24, 0.267, 9.258, 0.0, 0.452, 10.637, 4.104, 0.0, 0.793, 17.909, 7.143, 3.78, 3.608, 0.803, 5.189, 9.084, 9.925, 0.681, 0.288, 8.143, 1.238, 0.62, 4.451, 5.557, 8.992, 0.467, 12.3, 2.384, 3.484, 5.133, 7.966, 3.636, 2.165, 5.828, 0.368, 6.752, 1.637, 0.658, 1.542, 0.933, 5.062, 4.022, 0.465, 7.161, 3.439, 3.132, 6.373, 9.077, 3.33, 1.235, 0.065, 0.708, 4.851, 6.275, 0.059, 1.219, 1.223, 0.79, 2.0, 0.021, 0.14, 8.6, 0.337, 0.269, 14.012, 5.062, 7.637, 4.401, 3.137],