{"val_loss": [0.09354489794775342, 0.07464043628633692, 0.05634225842155767, 0.04756116235021795, 0.04857952322476031, 0.041118923564221754, 0.03810683449500062, 0.03543649215167493, 0.03656260583424167, 0.03629724189555377, 0.030809395261150733, 0.03003744116011128, 0.030123763785728914, 0.028310478727720426, 0.02767764404939299], "train_loss": [0.2214258399872213, 0.08012608714382319, 0.060270969167920865, 0.04900108899093337, 0.04181306116502836, 0.03758107777568512, 0.03361733416431687, 0.033282642658385965, 0.029512108898893025, 0.02751600214241383, 0.0266072352292637, 0.02535733543903916, 0.02411246172524342, 0.022564411943054034, 0.022304424375733004], "train_size": 900, "val_size": 89, "rand_seed": 9001, "shuffle": true, "loss_name": "mean_squared_error", "img_dim": [720, 1280, 3], "patch_dim": [128, 128, 3], "patches_per_image": 32, "density_map_sigma": 10, "density_map_multiplication_factor": 2000.0, "sub_experiment_name": "carpk/sigma_10_loss_mse_patch_32_128x128"}