{"val_loss": [0.006266737686221152, 0.005347924857536175, 0.004712859415424949, 0.0049097386175465845, 0.004102831604339169, 0.0039057241776592694, 0.004276495839298554, 0.004073893163776019, 0.004051922880636185, 0.003955938935177983, 0.0038580769242899907, 0.0041754179180012825, 0.003632495777108286, 0.0038815883761142483, 0.004406166329418839, 0.003582421385949096, 0.0038297555069625056, 0.0034641347989842566, 0.0033869232899329895, 0.0035980872227001884, 0.003510990417857506, 0.003661794547952013, 0.003462603862822612, 0.003392394558735153, 0.00337384345938416, 0.003289922824478708, 0.003325989902906359, 0.0032454282232316067, 0.0032943941733820895, 0.0033851816533569945], "train_loss": [0.025731589483257267, 0.006305169386905618, 0.005247372135272599, 0.004763554511100665, 0.004665502289753931, 0.00439449184705154, 0.004169726785221428, 0.004299653113776003, 0.004050038547575241, 0.003920709681096923, 0.003903948036622751, 0.003855742298583209, 0.00373297626947533, 0.0036374277101458574, 0.003682671268052218, 0.0035523191445463453, 0.0034437215836078394, 0.003435077132508013, 0.0034086371488228906, 0.0032994715606946556, 0.003391013377950003, 0.0031887183190519863, 0.0031503901536780177, 0.0030682732422064873, 0.0030904241393727716, 0.00295780585565808, 0.0029525788681894483, 0.0028262417740734236, 0.002819639713379729, 0.002790525617001549], "train_size": 1024, "val_size": 576, "rand_seed": 642, "shuffle": true, "loss_name": "logcosh", "img_dim": [256, 256, 3], "patch_dim": [128, 128, 3], "patches_per_image": 4, "density_map_sigma": 5, "density_map_multiplication_factor": 100.0, "sub_experiment_name": "vgg_cells/n_64_sigma_5_randseed_642_loss_logcosh_patch_4_128x128", "architecture": "UNet"}