{"val_loss": [4.148224662331974, 0.6961362484623405, 0.2640472307582112, 0.08390930859262452, 0.130641475210295, 0.09509254712611437, 0.0799820428056752, 0.0911562530159512, 0.08834261203403859, 0.07922193966805935, 0.08117005519349785, 0.07917859553195097, 0.07509925079477184, 0.07558832134065382, 0.07469701824490638, 0.07010670507545858, 0.06996094923028175, 0.06612632593468708, 0.06528804166352048, 0.061860421727247095, 0.05930362784248941, 0.05647792916416245, 0.054492287693873924, 0.050277812296853346, 0.05009280164342593, 0.05161588578758871, 0.04387785992859041, 0.04699180042371154, 0.04558300367994782, 0.041388606940231776, 0.04342312502729542, 0.03794474577914704, 0.04143410033601172, 0.03663141726899673, 0.03633699262076441, 0.03484560656087363, 0.03435298315632869, 0.03351274253252674, 0.031966132194022924, 0.03316921655855635, 0.030746400479556006, 0.029999517931548113, 0.030812128679826856, 0.0285654687870513, 0.02806286932900548, 0.02884359734461588, 0.02729779209339005, 0.026120546684764764, 0.02814054917818045, 0.03556780144572258, 0.02974627021809711, 0.026641859946882025, 0.030396382543532288, 0.024098611210801583, 0.028212127652402746, 0.023445644415915012, 0.027719414067071152, 0.02307573745629805, 0.02561278995948241, 0.022560368634431678, 0.025033960064106128, 0.022029131109935835, 0.023440400186433074, 0.021659238339292213, 0.022782851948731524, 0.021325813462574256, 0.020987428430303493, 0.021776319145882392, 0.01987355711239883, 0.020630495328291813, 0.019614454119137543, 0.019738858668407536, 0.019553110003471375, 0.018473803339635626, 0.019138544948552463], "train_loss": [0.7048937678337097, 3.9359259605407715, 0.650405764579773, 0.24671104550361633, 0.08063352108001709, 0.12577952444553375, 0.09190540015697479, 0.07656341791152954, 0.0862678736448288, 0.08364035189151764, 0.07556438446044922, 0.07796458899974823, 0.07605145871639252, 0.07184537500143051, 0.07186795026063919, 0.07099179923534393, 0.06714478135108948, 0.06735946238040924, 0.06331168115139008, 0.062093425542116165, 0.058917127549648285, 0.05683758854866028, 0.05407070741057396, 0.05173003673553467, 0.0479230061173439, 0.04826635122299194, 0.04855012148618698, 0.04203154891729355, 0.04573684185743332, 0.043137095868587494, 0.03949308395385742, 0.0423598438501358, 0.036612704396247864, 0.03937065601348877, 0.035555168986320496, 0.03543689474463463, 0.03355931490659714, 0.033022619783878326, 0.03250923752784729, 0.03089972212910652, 0.03177601099014282, 0.029796330258250237, 0.029088055714964867, 0.029643826186656952, 0.027672413736581802, 0.027140602469444275, 0.027705315500497818, 0.02624734863638878, 0.02506130561232567, 0.026864537969231606, 0.03355679288506508, 0.02828204818069935, 0.025332961231470108, 0.02860078029334545, 0.022832024842500687, 0.026773281395435333, 0.022172588855028152, 0.025888290256261826, 0.02177436277270317, 0.0242298673838377, 0.02113455906510353, 0.023206839337944984, 0.02064027264714241, 0.02204068750143051, 0.02004830166697502, 0.020909450948238373, 0.019888609647750854, 0.019537869840860367, 0.019812313839793205, 0.01822258159518242, 0.019197914749383926, 0.01783219911158085, 0.01784224435687065, 0.018135227262973785, 0.01676257513463497], "train_mae": [458.6689453125, 1231.0904541015625, 449.130615234375, 240.08462524414062, 32.38856506347656, 149.604248046875, 95.27618408203125, 20.777610778808594, 44.70435333251953, 38.84586715698242, 19.60597038269043, 52.68240737915039, 49.31317138671875, 26.786148071289062, 22.54627227783203, 23.739585876464844, 25.413654327392578, 44.281837463378906, 25.75337028503418, 21.529390335083008, 20.028667449951172, 34.46849060058594, 32.592193603515625, 20.763683319091797, 22.27751922607422, 46.26521682739258, 32.718685150146484, 20.51478385925293, 53.45513916015625, 30.158306121826172, 20.89457893371582, 49.5245246887207, 17.25108528137207, 30.3670711517334, 22.70785903930664, 31.108911514282227, 16.526744842529297, 17.139257431030273, 25.60564422607422, 15.929366111755371, 20.337566375732422, 19.596466064453125, 18.909788131713867, 20.212350845336914, 15.427594184875488, 16.40134048461914, 18.278139114379883, 19.410232543945312, 8.560562133789062, 23.94041633605957, 59.25764846801758, 34.19234085083008, 20.435293197631836, 46.429420471191406, 10.30314826965332, 33.29350280761719, 5.3687567710876465, 37.36045837402344, 6.175898551940918, 27.737773895263672, 8.458831787109375, 30.49679183959961, 6.179675102233887, 21.29952049255371, 11.764366149902344, 23.325895309448242, 13.22811508178711, 13.037317276000977, 21.419692993164062, 5.859026908874512, 17.24550437927246, 10.44352912902832, 14.438926696777344, 16.03630256652832, 5.404572486877441], "val_mae": [1262.2714673210594, 466.965893016142, 251.35467978084787, 31.187275157255286, 150.70248996510225, 94.22162381340476, 23.746982237871954, 50.42250868853401, 44.72032210406135, 22.994737849516028, 50.43633045869715, 46.8142552095301, 27.400175655589383, 26.555329042322494, 28.564467935001147, 26.539217668421127, 41.753526351031134, 26.750574897317325, 24.913562550264245, 23.139916251687442, 32.89780672858743, 31.40118475521312, 23.909470502068014, 24.14093286850873, 43.814893161549286, 38.61656705070944, 22.793605355655444, 51.54057693481445, 35.77925334257238, 25.048044092514935, 47.888188306023096, 19.981640423045437, 35.47412244011374, 23.4158109777114, 29.678669761208926, 19.69668680078843, 20.67987610312069, 24.825731053071863, 17.301168778363397, 23.829464519725125, 19.580397661994486, 18.88862912795123, 22.633253882913028, 15.936754451078528, 16.691008175120633, 20.20570889641257, 19.332350786994486, 10.35656951455509, 25.413385727826288, 61.18313968882841, 35.963792239918426, 21.644890055936926, 48.05816538193647, 11.573438756606159, 34.78318349052878, 7.206245646757238, 39.17083549499512, 7.040216109331916, 28.59403408274931, 10.007916618795957, 32.28514873280245, 6.97300563139074, 21.63656369377585, 13.28204211066751, 25.25938662360696, 12.854219885433421, 12.570560343125287, 23.64791555965648, 7.602120343376608, 16.72495460510254, 12.354631536147174, 16.714278613819797, 15.105074938605814, 7.4737268335679, 18.02524263718549], "train_rmse": [469.27294921875, 1242.9132080078125, 459.8966369628906, 248.2796173095703, 35.848690032958984, 149.89122009277344, 96.07933807373047, 26.04265785217285, 55.218223571777344, 49.273685455322266, 24.894702911376953, 54.92390823364258, 51.67332458496094, 30.95676612854004, 28.710765838623047, 30.888471603393555, 29.873294830322266, 47.024070739746094, 30.17167091369629, 26.788179397583008, 25.194093704223633, 37.904052734375, 36.124385833740234, 25.84048843383789, 27.079029083251953, 48.62307357788086, 42.884403228759766, 25.355812072753906, 55.5780143737793, 39.79096221923828, 27.528032302856445, 51.440643310546875, 21.836196899414062, 39.57200622558594, 26.386842727661133, 33.50017166137695, 21.60097885131836, 23.015117645263672, 27.6441593170166, 18.690128326416016, 26.997337341308594, 21.34482765197754, 20.44072151184082, 25.7586669921875, 16.847455978393555, 17.62421989440918, 23.125083923339844, 20.476999282836914, 10.197880744934082, 27.272077560424805, 59.93883514404297, 37.46269989013672, 23.96156883239746, 47.012752532958984, 11.335113525390625, 36.17646789550781, 7.054116725921631, 38.07022476196289, 8.816232681274414, 30.086013793945312, 9.367053031921387, 31.179868698120117, 8.770055770874023, 23.52096176147461, 12.796225547790527, 24.13667106628418, 15.150446891784668, 14.846258163452148, 22.403522491455078, 6.8603715896606445, 18.746517181396484, 11.60899829864502, 15.685602188110352, 17.173120498657227, 6.94725227355957],