{"val_loss": [4.1482246973935295, 0.6961369295330608, 0.2640479636542937, 0.08390937099123702, 0.1306440234184265, 0.0950911903534742, 0.07998224994277253, 0.09115648132694118, 0.08834293851738467, 0.07922965699039838, 0.08105266302385751, 0.0792585058028207, 0.07511624485692557, 0.07557654556106119, 0.07477401476353407, 0.07011109497398138, 0.07001208530410248, 0.06614522961899638, 0.06534584356910166, 0.061901013065567785, 0.059340390212395615, 0.05656294505495359, 0.05451449097188957, 0.05037697511451209, 0.0502207606263897, 0.05130987528108937, 0.04395550793475088, 0.046946350731613004, 0.04516771443955162, 0.04138443004066015, 0.043180031455395854, 0.037971842938157564, 0.04119134079391027, 0.03633408503168646, 0.0365967791637077, 0.03522198117228553, 0.0343670863795149, 0.033538277562269396, 0.03186997352167964, 0.03331654759890893, 0.030697728479828906, 0.03019471133730429, 0.030292746624635422, 0.02822309096946436, 0.028222466476590317, 0.02839722524068373, 0.026810478953206363, 0.026046444853658184, 0.028622753507293323, 0.039036780965569264, 0.03180440554997938, 0.02760881564908606, 0.030979041325147536, 0.024965043905574608, 0.0285670133855413, 0.024486578651703894, 0.02774973282152239, 0.023794735179227942, 0.02559965683886891, 0.02351292913697441, 0.024468607734888792, 0.023255114765454304, 0.023011456668267354, 0.022459692903794348, 0.022409683086580652, 0.021932637462775934, 0.02161173751194249, 0.020684437812579906, 0.021731431013904512, 0.019831648397752467, 0.020511442411910084, 0.019494947504854816, 0.019828670439036453, 0.01930540948695339, 0.018351459382649732, 0.019435980603756273, 0.018528347115908915, 0.01754613104961155, 0.018321186194525045, 0.018310872933772558, 0.017610492184758186, 0.016367785262820476, 0.016365382484817767, 0.01779145105084514, 0.01809956384000971, 0.0181929843075683, 0.016100621343973803, 0.01508014348184909, 0.01598883861922385, 0.01657806259497781, 0.016659685800892905, 0.014860656797228491, 0.014202941808274345, 0.014676117348512086, 0.014839088414138293, 0.014949650935116498, 0.013686834033304715, 0.01343847911202294, 0.01353978190009537, 0.013588342182201278], "train_mae": [1231.09, 449.131, 240.085, 32.389, 149.608, 95.273, 20.777, 44.705, 38.85, 19.606, 52.166, 49.674, 27.155, 22.52, 23.867, 25.18, 44.565, 25.919, 21.589, 20.05, 34.54, 32.999, 20.722, 21.818, 46.636, 31.61, 19.95, 53.033, 28.813, 20.942, 48.819, 17.119, 29.957, 22.399, 33.162, 17.974, 17.455, 27.452, 17.877, 20.362, 18.773, 21.757, 17.24, 11.349, 18.089, 16.527, 15.101, 10.032, 27.326, 68.397, 40.171, 23.038, 48.982, 18.549, 34.774, 14.69, 35.292, 12.432, 26.432, 12.606, 26.698, 20.606, 14.545, 13.775, 18.611, 16.159, 16.458, 9.633, 21.027, 5.67, 15.234, 9.366, 15.283, 14.588, 3.893, 16.947, 16.072, 4.675, 16.157, 19.931, 14.971, 4.135, 11.644, 20.251, 28.183, 26.287, 14.962, 6.266, 16.68, 25.624, 20.582, 15.192, 5.484, 13.324, 17.327, 17.217, 9.737, 4.299, 6.94, 14.114], "train_rmse": [1242.913, 459.897, 248.28, 35.849, 149.895, 96.076, 26.042, 55.219, 49.278, 24.895, 54.416, 52.023, 31.264, 28.662, 31.118, 29.671, 47.287, 30.321, 26.881, 25.197, 37.97, 36.518, 25.802, 26.689, 48.977, 41.736, 24.921, 55.149, 38.253, 27.592, 50.751, 21.65, 39.044, 25.905, 35.339, 24.034, 23.387, 29.378, 20.525, 27.136, 20.771, 23.319, 22.868, 13.328, 19.318, 21.553, 16.371, 11.524, 30.758, 69.131, 43.716, 26.877, 49.486, 19.476, 37.55, 17.346, 36.021, 13.414, 28.916, 15.752, 27.283, 21.317, 17.616, 16.459, 19.433, 17.101, 18.236, 11.652, 21.988, 6.501, 17.015, 10.522, 16.528, 15.682, 5.218, 18.708, 16.927, 6.218, 17.795, 20.854, 16.636, 5.704, 12.635, 22.218, 29.06, 28.06, 16.013, 7.705, 18.493, 26.365, 22.706, 16.036, 7.054, 14.804, 18.393, 18.697, 10.771, 6.06, 8.564, 15.182], "train_underestimate": [0.0, 257.982, 137.906, 0.843, 0.0, 0.0, 3.319, 25.569, 22.066, 4.13, 0.169, 0.253, 1.385, 9.317, 10.853, 1.765, 0.425, 1.611, 7.614, 4.741, 0.713, 0.849, 5.661, 2.717, 0.325, 17.503, 3.104, 0.108, 15.837, 9.502, 0.103, 3.665, 16.857, 1.337, 0.386, 8.528, 8.434, 0.371, 1.0, 11.196, 0.624, 0.306, 9.567, 0.991, 0.215, 9.335, 0.334, 0.635, 15.696, 0.0, 23.074, 13.233, 0.0, 0.0, 19.974, 8.438, 0.0, 0.076, 15.183, 7.226, 0.0, 0.0, 8.355, 7.913, 0.0, 0.0, 9.453, 5.533, 0.0, 0.505, 8.751, 0.079, 0.02, 8.379, 1.301, 0.036, 9.232, 0.549, 0.028, 11.448, 0.041, 0.777, 6.688, 0.0, 16.189, 0.0, 8.594, 0.242, 0.001, 14.718, 0.0, 8.726, 0.309, 0.008, 9.953, 0.0, 5.507, 0.523, 0.248, 8.107], "train_overestimate": [707.142, 0.0, 0.0, 17.762, 85.935, 54.725, 8.615, 0.11, 0.25, 7.131, 29.795, 28.28, 14.213, 3.619, 2.856, 12.698, 25.173, 13.277, 4.786, 6.776, 19.127, 18.106, 6.242, 9.815, 26.463, 0.654, 8.355, 30.354, 0.713, 2.527, 27.938, 6.168, 0.35, 11.529, 18.662, 1.796, 1.593, 15.398, 9.269, 0.5, 10.16, 12.191, 0.335, 5.528, 10.175, 0.158, 8.34, 5.128, 0.0, 39.288, 0.0, 0.0, 28.135, 10.655, 0.0, 0.0, 20.272, 7.066, 0.0, 0.014, 15.335, 11.836, 0.0, 0.0, 10.69, 9.282, 0.0, 0.0, 12.078, 2.752, 0.0, 5.301, 8.759, 0.0, 0.935, 9.698, 0.0, 2.137, 9.253, 0.0, 8.558, 1.599, 0.0, 11.632, 0.0, 15.099, 0.0, 3.357, 9.58, 0.0, 11.822, 0.0, 2.841, 7.645, 0.0, 9.889, 0.086, 1.947, 3.739, 0.0], "train_difference": [707.142, 257.982, 137.906, 18.604, 85.935, 54.725, 11.934, 25.679, 22.316, 11.262, 29.964, 28.533, 15.598, 12.936, 13.709, 14.463, 25.598, 14.888, 12.401, 11.517, 19.84, 18.955, 11.903, 12.532, 26.788, 18.157, 11.459, 30.462, 16.55, 12.029, 28.042, 9.833, 17.208, 12.866, 19.048, 10.324, 10.026, 15.769, 10.269, 11.696, 10.783, 12.497, 9.903, 6.519, 10.391, 9.493, 8.674, 5.763, 15.696, 39.288, 23.074, 13.233, 28.135, 10.655, 19.974, 8.438, 20.272, 7.141, 15.183, 7.241, 15.335, 11.836, 8.355, 7.913, 10.69, 9.282, 9.453, 5.533, 12.078, 3.257, 8.751, 5.38, 8.779, 8.379, 2.236, 9.735, 9.232, 2.685, 9.281, 11.448, 8.599, 2.375, 6.688, 11.632, 16.189, 15.099, 8.594, 3.599, 9.581, 14.718, 11.822, 8.726, 3.15, 7.653, 9.953, 9.889, 5.593, 2.469, 3.987, 8.107], "val_mae": [1262.272, 466.966, 251.355, 31.187, 150.706, 94.219, 23.747, 50.423, 44.724, 22.994, 49.874, 47.19, 27.63, 26.514, 28.775, 26.38, 42.024, 26.863, 24.99, 23.157, 32.955, 31.718, 23.858, 23.852, 44.186, 37.66, 22.526, 51.1, 34.496, 25.114, 47.067, 19.891, 34.959, 23.032, 31.489, 21.755, 21.092, 26.389, 18.76, 24.175, 18.976, 21.325, 20.13, 12.83, 18.085, 18.77, 15.609, 11.455, 28.996, 70.622, 42.358, 24.516, 50.539, 19.232, 36.295, 15.179, 37.005, 13.555, 27.283, 13.102, 28.091, 21.796, 14.955, 13.912, 20.214, 17.83, 16.186, 9.334, 23.213, 7.258, 14.752, 11.286, 17.616, 13.509, 4.84, 19.787, 14.733, 6.581, 19.068, 18.797, 17.874, 5.809, 10.265, 23.803, 27.174, 30.061, 13.51, 8.502, 20.024, 24.35, 24.334, 13.447, 7.672, 16.272, 15.916, 20.47, 8.047, 6.193, 9.501, 12.283], "val_rmse": [1276.229, 479.618, 261.07, 35.669, 151.145, 95.423, 28.436, 62.026, 55.746, 27.878, 53.48, 51.089, 31.683, 33.549, 36.373, 30.44, 46.333, 30.896, 31.21, 28.313, 37.502, 36.173, 29.322, 28.318, 48.065, 47.54, 26.932, 54.213, 43.711, 32.205, 49.947, 24.231, 44.441, 26.376, 34.832, 28.175, 27.413, 29.261, 21.254, 31.208, 21.243, 23.557, 26.281, 14.638, 19.848, 24.56, 17.129, 12.862, 33.39, 71.484, 46.823, 29.434, 51.215, 20.552, 39.912, 18.889, 37.941, 14.897, 30.629, 17.285, 28.987, 22.927, 19.069, 17.665, 21.392, 19.139, 18.847, 12.172, 24.422, 8.505, 17.413, 12.78, 19.161, 15.325, 6.492, 21.835, 16.177, 8.384, 20.979, 20.23, 19.838, 7.602, 11.487, 25.908, 28.421, 31.986, 15.131, 10.222, 21.928, 25.417, 26.552, 14.729, 9.389, 17.809, 17.413, 21.977, 9.499, 7.958, 11.133, 13.756],