{"val_loss": [0.01600226607655039, 0.011374706668606594, 0.009430887961427922, 0.008734453747145769, 0.0077921785910455565, 0.00728571587101572, 0.0072437243602661095, 0.006775778561001225, 0.0067517255308476715, 0.006352523718734947, 0.006866399016217564, 0.006332893176589637, 0.006468809936787499], "train_loss": [0.024530871850313107, 0.011905161872170235, 0.009082013976753336, 0.007667036667403914, 0.006822777359809859, 0.006209963300579047, 0.005764228207056779, 0.005421491712361078, 0.005123768014651028, 0.004885542178816549, 0.0046741891189614965, 0.004495555943833299, 0.004334309152101114], "train_size": 14400, "val_size": 1424, "rand_seed": 9001, "shuffle": true, "loss_name": "logcosh", "img_dim": [720, 1280, 3], "patch_dim": [720, 1280, 3], "patches_per_image": 1, "density_map_sigma": 10, "density_map_multiplication_factor": 2000.0, "sub_experiment_name": "carpk/sigma_10_loss_logcosh_full_img_epochs_13_lr_1e-4", "architecture": "UNet"}