{"val_loss": [0.004501760237164692, 0.004523641293417313, 0.004775388354068532, 0.0045365755896556136, 0.004138578762750613, 0.004466759569873425, 0.00426652918809446, 0.004423515440066694, 0.0044250453846770045, 0.004089996772361499, 0.004141836499709623, 0.00470064248899386, 0.004547283562310945, 0.004099488953114714, 0.004375638124151414, 0.0039532065677323975, 0.004218872239511661, 0.004236342506980388, 0.003946578475329766, 0.004478156164016885, 0.003992548872904283, 0.0038640293166988865, 0.004684305490324429, 0.0039009931843894366, 0.004376706533750823], "val_activation_2_loss": [0.07159953510078292, 0.07159953510078292, 0.07159953510078292, 0.07159953510078292, 0.07159953510078292, 0.07159953510078292, 0.07159953510078292, 0.07159953510078292, 0.07159953510078292, 0.07159953510078292, 0.07159953510078292, 0.07159953510078292, 0.07159953510078292, 0.07159953510078292, 0.07159953510078292, 0.07159953510078292, 0.07159953510078292, 0.07159953510078292, 0.07159953510078292, 0.07159953510078292, 0.07159953510078292, 0.07159953510078292, 0.07159953510078292, 0.07159953510078292, 0.07159953510078292], "val_conv2d_24_loss": [0.004501760237164692, 0.004523641293417313, 0.004775388354068532, 0.0045365755896556136, 0.004138578762750613, 0.004466759569873425, 0.00426652918809446, 0.004423515440066694, 0.0044250453846770045, 0.004089996772361499, 0.004141836499709623, 0.00470064248899386, 0.004547283562310945, 0.004099488953114714, 0.004375638124151414, 0.0039532065677323975, 0.004218872239511661, 0.004236342506980388, 0.003946578475329766, 0.004478156164016885, 0.003992548872904283, 0.0038640293166988865, 0.004684305490324429, 0.0039009931843894366, 0.004376706533750823], "activation_2_loss": [0.07828926685033366, 0.07809056126279756, 0.07825014888658188, 0.07826190358900931, 0.07811246058554389, 0.07808390402351506, 0.07835990644525737, 0.07810621880344115, 0.07819534563168418, 0.07808198727434501, 0.0780792676814599, 0.07814164226874709, 0.07818342285463586, 0.07872634309751447, 0.07848718209424987, 0.07835907154367305, 0.07801542757079005, 0.07829957251669839, 0.07817043978138827, 0.07811097498051822, 0.07812566732172854, 0.07787801141967066, 0.07817476187483408, 0.07827775618352462, 0.07789184674038552], "conv2d_24_loss": [0.009676910988673626, 0.005295080867654178, 0.004891961663815891, 0.004814297478333174, 0.004751897072310385, 0.004786194058397086, 0.004631121301827079, 0.004549120755655167, 0.00451050586434576, 0.004714084103397909, 0.004565502512377861, 0.004462407007395086, 0.004493663458106312, 0.004446819586519268, 0.004507211169766379, 0.004336808337029652, 0.00442504146212741, 0.004377911587198469, 0.0043542225403143675, 0.004418120690843352, 0.004356905491931684, 0.004261092331034888, 0.004296705075830687, 0.004335747981713212, 0.004284566491605801], "train_loss": [0.009676910988673626, 0.005295080867654178, 0.004891961663815891, 0.004814297478333174, 0.004751897072310385, 0.004786194058397086, 0.004631121301827079, 0.004549120755655167, 0.00451050586434576, 0.004714084103397909, 0.004565502512377861, 0.004462407007395086, 0.004493663458106312, 0.004446819586519268, 0.004507211169766379, 0.004336808337029652, 0.00442504146212741, 0.004377911587198469, 0.0043542225403143675, 0.004418120690843352, 0.004356905491931684, 0.004261092331034888, 0.004296705075830687, 0.004335747981713212, 0.004284566491605801], "train_size": 1024, "val_size": 576, "rand_seed": 642, "shuffle": true, "seg_loss_name": "binary_crossentropy", "reg_loss_name": "logcosh", "img_dim": [256, 256, 3], "patch_dim": [128, 128, 3], "patches_per_image": 4, "density_map_sigma": 5, "density_map_multiplication_factor": 100.0, "sub_experiment_name": "vgg_cells/n_64_sigma_5_randseed_642_loss_logcosh_patch_4_128x128", "architecture": "SegRegNet"}