{"val_loss": [0.08820219403908898, 0.08216555590560246, 0.07898095008891283, 0.07428619658781423, 0.07296192737218614, 0.07318317976831976, 0.07532622817800277, 0.07547512303830849, 0.07159953510078292, 0.0753532882922122], "val_activation_1_loss": [0.08820219403908898, 0.08216555590560246, 0.07898095008891283, 0.07428619658781423, 0.07296192737218614, 0.07318317976831976, 0.07532622817800277, 0.07547512303830849, 0.07159953510078292, 0.0753532882922122], "val_conv2d_12_loss": [0.21678672794304374, 0.207054800961891, 0.17634034769920012, 0.17876022796715713, 0.1565687886128823, 0.1623078521548046, 0.1407446035817783, 0.14289036778629655, 0.14213792336845976, 0.12746146536018285], "activation_1_loss": [0.17067656083963811, 0.09740405206684954, 0.09040644831839018, 0.08619137937785126, 0.084440395978163, 0.08165632971213199, 0.08054030383937061, 0.08099498084629886, 0.07880647978163324, 0.07848849520087242], "conv2d_12_loss": [0.25103333685547113, 0.25707003218121827, 0.22847423056373373, 0.2076353671727702, 0.19592680252389982, 0.18671337107662112, 0.1805877056904137, 0.17294499205308966, 0.17046651887358166, 0.1684047137387097], "train_loss": [0.17067656083963811, 0.09740405206684954, 0.09040644831839018, 0.08619137937785126, 0.084440395978163, 0.08165632971213199, 0.08054030383937061, 0.08099498084629886, 0.07880647978163324, 0.07848849520087242], "train_size": 1024, "val_size": 576, "rand_seed": 642, "shuffle": true, "seg_loss_name": "binary_crossentropy", "reg_loss_name": "logcosh", "img_dim": [256, 256, 3], "patch_dim": [128, 128, 3], "patches_per_image": 4, "density_map_sigma": 5, "density_map_multiplication_factor": 100.0, "sub_experiment_name": "vgg_cells/n_64_sigma_5_randseed_642_loss_logcosh_patch_4_128x128", "architecture": "SegRegNet"}