{"val_loss": [0.09480969794094563, 0.1373321812392937, 0.08954993293931086, 0.09602038086288506, 0.0860057964714037, 0.08753867261111736, 0.07867311551753017, 0.07380536716017458, 0.07176301022991538, 0.06101907044649124, 0.05306307521338264, 0.04544718227245741, 0.04325508243507809, 0.03967172988793916, 0.04061521993329128, 0.038000702702750765, 0.03483440100939737, 0.03128778771497309, 0.030718772102975182, 0.02818176163256996, 0.02643724781874981, 0.025122776912111375, 0.02411046824676709, 0.023094726480647094, 0.022349707497697737, 0.021934529300779104, 0.019626911044017308, 0.02071616153181013, 0.017646079546668463, 0.018195212896292407, 0.02110002778418776, 0.019096685133667454, 0.017530961531317897, 0.01581516231979347, 0.015712894007770553, 0.015540236697739197, 0.015811621728870604, 0.015654894174076617, 0.014403838780708611, 0.014010096809619831, 0.013123639490610609, 0.013791689688029388, 0.015292955885848237, 0.013201852730061445, 0.012071758120631179, 0.012029565165802423, 0.01222043095751562, 0.012194859232598295, 0.01130164031120431, 0.012371606814364592, 0.012717889182062613, 0.010933326001072096, 0.012235358971843703, 0.01316302145520846, 0.011560695737393366, 0.010729778098822054, 0.011239058454521, 0.011078335952738093, 0.01110637872867907, 0.010740935433811197, 0.01018071095717864, 0.010195260466490354, 0.010030314303650003, 0.009840412537515577, 0.009824815885319063, 0.009874188321797797, 0.009603763173799962, 0.009506192705076601, 0.00964261108957645, 0.012602690070505358, 0.009454779142591482, 0.012798727645228306, 0.009379512501052685, 0.012253143662948988, 0.01471224962733686], "train_loss": [1.4026795625686646, 0.12190521508455276, 0.11184383928775787, 0.08708467707037926, 0.0840730294585228, 0.07908117771148682, 0.07604939118027687, 0.07216554880142212, 0.06645175069570541, 0.06115489825606346, 0.05363520607352257, 0.04685995914041996, 0.04060430824756622, 0.036608679220080376, 0.03344181925058365, 0.031731678172945976, 0.03190656565129757, 0.028248125687241554, 0.026316058821976185, 0.02577372081577778, 0.02466207928955555, 0.0230444623157382, 0.02157606277614832, 0.020394115708768368, 0.01931456010788679, 0.01953457947820425, 0.01810970902442932, 0.01722079236060381, 0.01746887806802988, 0.01501104747876525, 0.01991415675729513, 0.016016308218240738, 0.015546626411378384, 0.015644394792616367, 0.015125635545700788, 0.014022336341440678, 0.013415086083114147, 0.013234702404588461, 0.01272509153932333, 0.012045847717672586, 0.012127515859901905, 0.011958313174545765, 0.011572415009140968, 0.011816384270787239, 0.011526496149599552, 0.010427528992295265, 0.010167227126657963, 0.010015934705734253, 0.01026709284633398, 0.009770996868610382, 0.009776460472494364, 0.011381183750927448, 0.009696101769804955, 0.009604422375559807, 0.010351249016821384, 0.010593958664685488, 0.009463979862630367, 0.008925537578761578, 0.008738134987652302, 0.008498379029333591, 0.008665443863719702, 0.008326028473675251, 0.007974677719175816, 0.007887845626100898, 0.007695143111050129, 0.007545036729425192, 0.007511350326240063, 0.007367611862719059, 0.007211540127173066, 0.007755643222481012, 0.009559078607708216, 0.007627982646226883, 0.010045919101685286, 0.008566056378185749, 0.00907669123262167], "train_mae": [662.8944244384766, 108.64724349975586, 89.80408477783203, 56.89739990234375, 61.45968818664551, 29.564855575561523, 26.865123748779297, 52.070457458496094, 36.258541107177734, 26.034979820251465, 46.26479148864746, 27.43363857269287, 43.89062690734863, 25.300265312194824, 32.56206703186035, 23.88790225982666, 34.529531478881836, 22.977721214294434, 17.799465656280518, 19.77895450592041, 19.179601669311523, 14.477238893508911, 9.287137031555176, 8.688775539398193, 7.218474864959717, 17.86756134033203, 13.53812050819397, 13.047332763671875, 20.954891204833984, 6.042545557022095, 31.840965270996094, 20.470914363861084, 20.05872344970703, 25.06773090362549, 20.875054836273193, 17.280982971191406, 16.402727127075195, 13.465105056762695, 13.472198486328125, 10.458877563476562, 15.273624420166016, 14.145678520202637, 13.982792854309082, 17.827887058258057, 17.258567810058594, 8.291020393371582, 8.23871898651123, 8.393346309661865, 14.026920318603516, 9.490066051483154, 10.651286602020264, 24.37998390197754, 12.288490533828735, 13.229117393493652, 20.694436073303223, 21.672231674194336, 14.157568454742432, 10.362226963043213, 9.537116527557373, 7.553875088691711, 11.633912086486816, 8.542323589324951, 5.4679274559021, 5.915859937667847, 4.605862617492676, 4.101422071456909, 5.98821234703064, 4.675278186798096, 3.709275960922241, 11.8234281539917, 23.047703742980957, 10.204231858253479, 23.441052436828613, 15.94695246219635, 16.07382297515869], "val_mae": [62.69794146219889, 122.95949077606201, 26.83407974243164, 78.85260221693251, 25.9962895711263, 35.5153022342258, 39.75047047932943, 39.87267091539171, 28.75646930270725, 40.01124148898654, 23.100693384806316, 32.85603290134006, 28.308020909627277, 39.438170962863495, 38.648373709784615, 41.68020142449273, 31.065969043307835, 24.525110456678604, 23.60591083102756, 17.550583521525066, 8.920153088039822, 7.261635462443034, 10.28517617119683, 10.12025621202257, 16.047828674316406, 21.86861589219835, 6.204985936482747, 23.636526849534775, 6.306250678168403, 17.882030698988174, 40.19457795884874, 23.4311457739936, 25.458464940388996, 12.43258942498101, 14.034486770629883, 16.274565166897244, 17.08235804239909, 24.104826397365994, 14.412922117445204, 13.14579963684082, 5.591021007961697, 16.093137953016495, 30.366170671251083, 15.649505827162, 4.218170589870876, 7.03394275241428, 12.054326799180773, 12.813856336805555, 4.088372336493598, 18.013431760999893, 22.487829208374023, 4.134281582302517, 19.45053376091851, 25.88732189602322, 15.602379692925346, 6.780323664347331, 13.063672595553928, 13.743765301174587, 13.672171698676216, 11.940383699205187, 4.666677686903212, 6.489615546332465, 7.170343822903103, 4.342985365125868, 5.735842598809136, 8.886804156833225, 5.43508423699273, 4.858147303263347, 9.401772605048286, 25.631615108913845, 3.8502718607584634, 21.119651370578342, 3.852053960164388, 21.47517267862956, 38.47123294406467], "train_rmse": [672.736328125, 118.913330078125, 99.58877944946289, 61.12864303588867, 65.03021621704102, 36.72516632080078, 34.36876201629639, 56.9218692779541, 41.339284896850586, 30.984475135803223, 50.2947883605957, 33.66132926940918, 47.287431716918945, 33.03610420227051, 35.62459659576416, 31.59490966796875, 39.16452217102051, 27.26732349395752, 21.69963550567627, 23.91685962677002, 22.16007137298584, 16.68535327911377, 12.247418403625488, 9.883638381958008, 9.007190704345703, 19.960069179534912, 15.229756355285645, 15.039079904556274, 22.682185173034668, 7.705296993255615, 33.74906349182129, 22.375114917755127, 21.470044136047363, 27.05492115020752, 22.858121871948242, 18.848869800567627, 18.119384288787842, 15.19300889968872, 15.244846820831299, 12.084908246994019, 16.698598384857178, 16.011979579925537, 15.496769428253174, 19.34670877456665, 18.92628574371338, 9.538686990737915, 9.888240575790405, 9.769666910171509, 15.549537181854248, 11.014849662780762, 11.93878436088562, 25.68747043609619, 13.596492052078247, 14.298848628997803, 21.972423553466797, 22.915934562683105, 15.085370540618896, 11.967296600341797, 10.5736985206604, 8.924141645431519, 12.621850490570068, 9.64163851737976, 6.6069252490997314, 7.013322353363037, 5.905106544494629, 5.273206472396851, 7.006771564483643, 5.929106950759888, 4.805171966552734, 12.787087440490723, 24.350529670715332, 11.20422089099884, 24.597990036010742, 17.0028817653656, 17.549687385559082],