{"val_loss": [0.09312817863085204, 0.13825478849725592, 0.08984529837552044, 0.09735152570323811, 0.08436465221974584, 0.0864575221720669, 0.07777649785081546, 0.0746670173895028, 0.06999917742278841, 0.05795644337518348, 0.049791878192789026, 0.04187802013216747, 0.0398279617074877, 0.03889384229357044, 0.03525677783828643, 0.03204594635301166, 0.03508641286235717, 0.033668385430549584, 0.03242079590240286, 0.03068504182414876, 0.029517120888663664, 0.028562131751742628, 0.026487064534901746, 0.02472261908567614, 0.023681967984884977, 0.0219359348476347, 0.021071809796719916, 0.021744011241632204, 0.022547166005501315, 0.018587735287534695, 0.02033830082250966, 0.02511056469908605, 0.01884279039222747, 0.016415410688043468, 0.016239519929513335, 0.018202233684456184, 0.018555886745970283, 0.017208873772890203, 0.018623344962381654, 0.016114324680529535, 0.015290627669956949, 0.014631563816995671, 0.01365354040171951, 0.013152762924114035, 0.014003781317215826, 0.014090330184747776, 0.013196444352312634, 0.012322817689790908, 0.012266153282123722, 0.012345550077346465, 0.01205900521017611, 0.011883595363340445, 0.014408958170356022, 0.013174131519109424, 0.011709283507015143, 0.013638842734508216, 0.01462917702479495, 0.013987120577237673, 0.014649454653004391, 0.012890892096846882, 0.0126424319201356, 0.012076463375706226, 0.012110750126238499, 0.011307273797380427, 0.010895981737929914, 0.010627626816535162, 0.010254038006274236, 0.010424246856321892, 0.010383606946561486, 0.010576687565642513, 0.010107150728193423, 0.010283129102188267, 0.009753816563817155, 0.010200416601340597, 0.010117259238743119, 0.009666886520183956, 0.009496012945116187, 0.00970864081237879, 0.010137735878945224, 0.009262660020289736, 0.009441985949201303, 0.010415237141488533, 0.009302354579429246, 0.010277487486342175, 0.00908410620629891, 0.009404474752955139, 0.009422119862089554, 0.008927820725754524, 0.01184634789953836, 0.009478643342542151, 0.008850153231631137, 0.013290814990695152, 0.014396908395509753, 0.012582274787645373, 0.0107291047137955, 0.009820152209916463, 0.009110250963001616, 0.008977953768205933, 0.008822987425244518, 0.008884457340981398], "train_mae": [49.708, 113.197, 25.638, 88.863, 25.677, 30.672, 36.353, 49.888, 25.634, 38.416, 24.726, 28.689, 23.045, 25.096, 25.098, 16.678, 29.329, 39.436, 29.068, 29.888, 28.676, 26.467, 21.429, 14.38, 13.94, 6.395, 6.688, 18.553, 28.729, 5.278, 26.427, 44.185, 23.116, 4.933, 7.687, 25.236, 28.203, 22.303, 32.218, 20.162, 16.446, 15.558, 7.469, 4.69, 17.691, 18.032, 13.244, 4.874, 6.314, 12.496, 9.43, 7.937, 27.611, 22.005, 11.103, 24.798, 28.066, 25.66, 27.261, 21.092, 18.911, 18.584, 16.526, 13.259, 9.381, 8.413, 3.831, 7.142, 10.401, 10.488, 7.446, 9.153, 5.411, 11.02, 10.744, 8.369, 4.941, 9.086, 16.698, 4.009, 8.67, 18.961, 6.981, 16.538, 6.021, 9.752, 10.938, 3.282, 25.314, 12.419, 2.991, 30.877, 36.141, 26.815, 18.337, 15.717, 7.981, 3.483, 3.521, 5.885], "train_rmse": [61.68, 122.704, 31.693, 90.958, 31.071, 40.108, 40.997, 54.189, 31.805, 42.698, 29.168, 32.473, 29.423, 33.482, 27.793, 18.81, 36.088, 40.16, 33.593, 30.73, 31.887, 27.477, 24.224, 15.824, 16.81, 7.63, 8.036, 20.531, 30.462, 6.732, 27.497, 46.583, 24.308, 6.415, 9.441, 26.582, 30.006, 23.859, 33.814, 21.534, 18.344, 16.78, 9.123, 6.249, 18.958, 19.695, 14.547, 6.452, 7.882, 13.758, 10.893, 9.38, 28.747, 23.286, 12.303, 25.906, 29.624, 26.835, 29.033, 22.171, 20.626, 19.494, 18.062, 14.44, 10.583, 9.772, 5.205, 8.41, 11.501, 11.856, 8.717, 10.402, 6.62, 12.29, 11.922, 9.405, 6.158, 10.28, 17.48, 5.159, 9.607, 19.91, 8.287, 17.475, 7.056, 10.928, 12.119, 4.57, 26.764, 13.223, 4.122, 32.387, 37.601, 28.336, 19.422, 16.74, 9.006, 4.69, 4.624, 6.96], "train_underestimate": [28.307, 64.569, 8.334, 0.0, 5.759, 14.693, 1.525, 0.424, 8.605, 0.989, 4.275, 1.916, 8.91, 12.456, 0.546, 1.346, 16.73, 0.0, 16.58, 0.0, 16.357, 0.0, 12.223, 0.002, 7.936, 0.833, 0.529, 10.583, 0.0, 2.372, 15.074, 0.0, 13.185, 1.353, 0.395, 14.395, 0.0, 12.722, 0.0, 11.501, 0.0, 8.875, 0.312, 1.892, 10.091, 0.0, 7.552, 0.658, 0.381, 7.114, 0.129, 0.197, 15.749, 0.0, 6.316, 14.145, 0.0, 14.637, 0.0, 12.031, 0.0, 10.6, 0.0, 7.563, 0.077, 4.729, 1.579, 0.196, 5.917, 0.033, 4.164, 0.077, 2.892, 6.275, 0.023, 4.74, 2.619, 0.053, 9.525, 0.36, 0.07, 10.815, 3.91, 0.0, 3.33, 5.552, 0.011, 0.562, 14.439, 0.008, 0.684, 17.613, 0.0, 15.295, 0.0, 8.965, 0.058, 1.606, 1.558, 3.296], "train_overestimate": [0.047, 0.0, 6.29, 50.688, 8.888, 2.803, 19.211, 28.033, 6.017, 20.924, 9.828, 14.449, 4.235, 1.859, 13.77, 8.167, 0.0, 22.495, 0.0, 17.048, 0.0, 15.097, 0.0, 8.201, 0.016, 2.814, 3.286, 0.0, 16.387, 0.638, 0.0, 25.203, 0.0, 1.461, 3.99, 0.0, 16.087, 0.0, 18.377, 0.0, 9.381, 0.0, 3.949, 0.784, 0.0, 10.286, 0.002, 2.123, 3.22, 0.014, 5.25, 4.331, 0.0, 12.552, 0.017, 0.0, 16.009, 0.0, 15.55, 0.0, 10.787, 0.0, 9.426, 0.0, 5.274, 0.07, 0.606, 3.878, 0.016, 5.949, 0.083, 5.144, 0.195, 0.011, 6.105, 0.033, 0.199, 5.13, 0.0, 1.927, 4.876, 0.0, 0.072, 9.433, 0.104, 0.011, 6.228, 1.31, 0.0, 7.076, 1.022, 0.0, 20.615, 0.0, 10.46, 0.0, 4.494, 0.38, 0.45, 0.061], "train_difference": [28.354, 64.569, 14.624, 50.688, 14.646, 17.496, 20.736, 28.457, 14.622, 21.913, 14.104, 16.364, 13.145, 14.315, 14.316, 9.513, 16.73, 22.495, 16.58, 17.048, 16.357, 15.097, 12.223, 8.203, 7.952, 3.648, 3.815, 10.583, 16.387, 3.011, 15.074, 25.203, 13.185, 2.814, 4.385, 14.395, 16.087, 12.722, 18.377, 11.501, 9.381, 8.875, 4.26, 2.675, 10.091, 10.286, 7.554, 2.78, 3.601, 7.128, 5.379, 4.528, 15.749, 12.552, 6.333, 14.145, 16.009, 14.637, 15.55, 12.031, 10.787, 10.6, 9.426, 7.563, 5.351, 4.799, 2.185, 4.074, 5.933, 5.983, 4.247, 5.221, 3.086, 6.286, 6.129, 4.774, 2.818, 5.183, 9.525, 2.286, 4.946, 10.815, 3.982, 9.433, 3.434, 5.563, 6.239, 1.872, 14.439, 7.084, 1.706, 17.613, 20.615, 15.295, 10.46, 8.965, 4.553, 1.987, 2.008, 3.357], "val_mae": [58.444, 124.684, 28.071, 86.436, 24.929, 37.285, 32.314, 46.352, 27.809, 34.515, 22.169, 25.264, 25.869, 30.524, 23.347, 15.154, 33.874, 39.991, 32.451, 30.849, 31.186, 27.965, 23.035, 15.704, 14.862, 6.882, 7.734, 19.278, 31.811, 4.614, 26.819, 48.673, 23.448, 4.787, 8.766, 26.017, 31.073, 23.179, 35.047, 20.731, 18.533, 15.591, 8.345, 4.345, 18.078, 20.003, 13.242, 5.102, 6.913, 12.409, 10.318, 8.749, 28.654, 24.091, 10.974, 25.687, 30.693, 26.73, 30.106, 21.733, 21.211, 18.945, 18.467, 13.602, 10.267, 8.325, 3.837, 7.918, 10.253, 11.812, 7.248, 10.205, 5.198, 11.181, 11.985, 8.072, 4.779, 10.244, 16.846, 4.747, 9.494, 19.512, 7.015, 18.116, 5.779, 9.799, 12.384, 3.771, 26.72, 13.486, 3.651, 32.545, 39.293, 28.343, 20.275, 16.088, 8.982, 3.618, 3.529, 5.715], "val_rmse": [69.369, 134.132, 34.365, 88.735, 31.793, 45.41, 37.976, 50.815, 34.299, 39.571, 28.539, 30.093, 32.411, 37.942, 26.195, 18.032, 40.454, 40.692, 37.105, 31.663, 34.64, 28.938, 26.13, 16.935, 18.126, 8.388, 8.926, 21.617, 33.407, 6.588, 28.127, 50.892, 24.839, 6.58, 10.559, 27.575, 32.634, 24.933, 36.421, 22.297, 20.069, 16.953, 9.815, 5.936, 19.469, 21.342, 14.665, 6.671, 8.377, 13.771, 11.7, 10.165, 29.97, 25.165, 12.399, 26.949, 32.076, 28.042, 31.68, 22.965, 22.701, 20.0, 19.797, 14.949, 11.521, 10.04, 5.18, 9.234, 11.556, 13.067, 8.817, 11.464, 6.504, 12.687, 13.109, 9.261, 6.091, 11.437, 17.794, 5.797, 10.592, 20.646, 8.587, 19.015, 7.008, 11.315, 13.469, 5.096, 28.372, 14.33, 4.699, 34.268, 40.649, 30.078, 21.303, 17.381, 10.102, 4.832, 4.57, 7.011],