{"val_loss": [0.03646367550310162, 0.028714265803703003, 0.02204842132050544, 0.014406011569210224, 0.01548993067505459, 0.012046643894993596, 0.01047194623000299, 0.011669468406277398, 0.009111017738986347, 0.008416856697294861, 0.007777627589853687, 0.007468901594014217, 0.007265091543861975, 0.006937859845089002, 0.008583927921588637, 0.0066073685916813295, 0.008674301924960067, 0.006422132622295369, 0.00652498277486302, 0.008300988165299512, 0.0062828181900032275, 0.007017547795031633, 0.005681280360376049, 0.0061411055115362006, 0.006556731221886973, 0.00592376875768726, 0.0056897067050966955, 0.0060728763508248245, 0.0052372288385716574, 0.006120602742561864, 0.005117507670850803, 0.0057939058881149525, 0.0058019597781822085, 0.005625976065251355, 0.006089484606895389, 0.006133994032602964, 0.0050452539807237275, 0.005639634347365548, 0.004895959143242281, 0.004699445895514348, 0.0048047826761224615, 0.004743709474698537, 0.004674458180994002, 0.00458526730330454, 0.004872141367134948, 0.004973084384497876, 0.00470135821443465, 0.004778007950840725, 0.004568170798140475, 0.00454494234549606, 0.004859031963860616, 0.004481526091694832, 0.005045926408557635, 0.005214241019631218, 0.004405332383208184, 0.004543660725984309, 0.005384765972848982, 0.004361372573637507, 0.005460699463987516, 0.006123206325961898, 0.005352364338856812, 0.006001518247002322, 0.0047189543838612735, 0.005061534084638374, 0.004350913669137905, 0.004738249030197039, 0.004068822024338361, 0.004244206101349037, 0.004172424898974391, 0.004332673752085409, 0.004110547662195232, 0.00435624353445342, 0.0047776382028435664, 0.004179659661733442, 0.004231673257891089, 0.004114853373418252, 0.004319094496572183, 0.004084673286544987, 0.004314366427327816, 0.004118406142677284, 0.004433905728445906, 0.004227632456200404, 0.004563617824007654, 0.003978012152300734, 0.004071721677771873, 0.003831591447427248, 0.004075927937972463, 0.0038936113899884126, 0.003871384416318809, 0.004021764221963369, 0.003913859665367959, 0.003960189936656712, 0.003885841928422451, 0.0038564731108231675, 0.003979784261900932, 0.003814304211927164, 0.0037971507570344126, 0.00393348863063794, 0.003882881321866686, 0.003937558313029715], "train_mae": [37.732, 34.649, 52.227, 20.62, 53.702, 27.705, 7.436, 36.4, 4.564, 5.647, 6.666, 7.503, 6.573, 8.945, 29.093, 10.484, 38.174, 14.023, 12.989, 40.305, 13.391, 29.905, 6.061, 18.834, 27.405, 18.649, 8.333, 22.964, 6.251, 19.953, 8.776, 20.709, 21.573, 21.258, 20.353, 29.042, 4.632, 20.036, 5.231, 4.51, 5.016, 8.891, 6.02, 7.152, 14.539, 18.034, 12.759, 13.841, 4.08, 6.038, 18.17, 9.801, 14.71, 22.403, 3.937, 10.764, 24.566, 9.995, 26.54, 33.35, 20.687, 29.323, 14.211, 23.629, 5.326, 19.716, 6.242, 7.49, 7.209, 14.86, 3.81, 9.462, 14.086, 6.877, 6.337, 6.199, 15.443, 13.073, 14.284, 15.335, 18.165, 9.22, 23.499, 7.551, 4.661, 6.872, 15.746, 8.342, 3.179, 9.023, 4.057, 10.536, 8.915, 9.852, 9.151, 9.041, 6.506, 3.122, 11.451, 12.089], "train_rmse": [46.582, 43.255, 61.869, 22.94, 54.233, 31.827, 10.101, 39.109, 5.887, 7.407, 8.182, 9.13, 8.165, 10.73, 32.436, 11.839, 39.29, 15.15, 15.446, 41.326, 15.602, 30.7, 7.688, 20.149, 28.405, 19.922, 10.419, 24.554, 7.779, 21.708, 10.023, 22.223, 22.846, 22.707, 22.533, 30.636, 6.295, 21.539, 6.687, 5.714, 6.438, 10.377, 7.42, 8.762, 15.465, 19.095, 14.027, 15.918, 5.4, 7.548, 19.236, 11.276, 16.085, 23.808, 5.221, 11.762, 25.744, 11.279, 27.244, 35.005, 21.894, 31.128, 15.217, 25.034, 6.376, 20.96, 7.662, 8.838, 8.6, 16.175, 4.921, 10.379, 15.828, 8.317, 7.568, 7.207, 16.438, 14.205, 15.012, 16.331, 19.264, 10.164, 24.529, 8.734, 5.642, 8.144, 16.924, 9.635, 4.145, 9.774, 5.205, 11.509, 10.103, 11.224, 9.947, 10.132, 7.569, 3.935, 12.372, 13.007], "train_underestimate": [19.266, 17.411, 28.123, 0.688, 0.0, 14.959, 2.676, 19.654, 1.151, 2.787, 3.128, 0.714, 0.978, 0.602, 0.02, 5.528, 20.612, 7.56, 0.258, 21.762, 0.108, 16.147, 0.468, 10.169, 14.797, 10.07, 0.491, 12.399, 2.971, 0.0, 4.632, 11.182, 11.648, 11.478, 0.0, 15.681, 0.606, 10.818, 0.635, 1.206, 0.456, 4.723, 2.855, 3.608, 7.85, 9.737, 6.88, 7.433, 1.412, 2.98, 9.811, 5.225, 0.004, 12.097, 0.618, 0.034, 13.265, 5.355, 0.0, 18.007, 0.0, 15.833, 0.0, 12.758, 0.28, 10.646, 3.017, 3.827, 3.688, 8.024, 1.531, 0.046, 0.007, 3.552, 3.322, 0.153, 8.338, 7.059, 0.0, 8.28, 9.808, 0.036, 12.688, 4.005, 0.23, 3.608, 8.502, 4.437, 0.528, 0.031, 1.785, 5.687, 4.765, 5.268, 4.941, 4.848, 3.444, 0.498, 6.183, 6.527], "train_overestimate": [1.107, 1.297, 0.077, 10.446, 28.996, 0.0, 1.339, 0.0, 1.313, 0.262, 0.472, 3.337, 2.571, 4.228, 15.689, 0.133, 0.0, 0.012, 6.755, 0.0, 7.122, 0.0, 2.805, 0.0, 0.0, 0.0, 4.009, 0.0, 0.404, 10.773, 0.107, 0.0, 0.0, 0.0, 10.989, 0.0, 1.895, 0.0, 2.19, 1.229, 2.253, 0.078, 0.395, 0.253, 0.0, 0.0, 0.009, 0.041, 0.791, 0.28, 0.0, 0.067, 7.938, 0.0, 1.508, 5.778, 0.0, 0.042, 14.33, 0.0, 11.17, 0.0, 7.673, 0.0, 2.596, 0.0, 0.354, 0.217, 0.205, 0.0, 0.527, 5.062, 7.599, 0.162, 0.099, 3.194, 0.0, 0.0, 7.713, 0.0, 0.0, 4.942, 0.0, 0.072, 2.287, 0.103, 0.0, 0.067, 1.188, 4.841, 0.405, 0.002, 0.049, 0.052, 0.0, 0.034, 0.069, 1.187, 0.0, 0.001], "train_difference": [20.373, 18.709, 28.2, 11.134, 28.996, 14.959, 4.015, 19.654, 2.464, 3.049, 3.599, 4.051, 3.549, 4.83, 15.709, 5.661, 20.612, 7.572, 7.013, 21.762, 7.23, 16.147, 3.273, 10.169, 14.797, 10.07, 4.499, 12.399, 3.375, 10.773, 4.739, 11.182, 11.648, 11.478, 10.989, 15.681, 2.501, 10.818, 2.824, 2.435, 2.708, 4.801, 3.25, 3.861, 7.85, 9.737, 6.889, 7.474, 2.203, 3.26, 9.811, 5.292, 7.942, 12.097, 2.126, 5.812, 13.265, 5.397, 14.33, 18.007, 11.17, 15.833, 7.673, 12.758, 2.876, 10.646, 3.37, 4.044, 3.893, 8.024, 2.057, 5.109, 7.606, 3.713, 3.422, 3.347, 8.338, 7.059, 7.713, 8.28, 9.808, 4.979, 12.688, 4.077, 2.516, 3.71, 8.502, 4.504, 1.716, 4.872, 2.19, 5.689, 4.814, 5.32, 4.941, 4.882, 3.513, 1.685, 6.183, 6.528], "val_mae": [34.023, 32.242, 44.257, 24.576, 53.499, 24.171, 9.477, 33.068, 4.858, 5.32, 7.164, 6.484, 6.087, 7.704, 26.49, 10.493, 35.721, 13.153, 11.777, 37.619, 12.379, 27.883, 6.55, 16.707, 25.001, 16.484, 7.766, 20.232, 4.845, 19.84, 7.078, 18.03, 18.977, 18.438, 19.966, 25.964, 4.723, 17.27, 6.241, 4.59, 5.741, 7.173, 5.284, 6.073, 12.544, 15.499, 10.448, 11.254, 4.23, 5.038, 15.57, 7.768, 15.538, 19.335, 4.284, 11.957, 21.556, 7.691, 27.18, 29.669, 20.841, 25.931, 14.953, 20.664, 5.832, 16.952, 5.056, 6.373, 5.805, 12.109, 3.625, 10.787, 14.694, 5.313, 4.787, 7.492, 12.935, 10.694, 15.366, 12.813, 15.572, 10.288, 20.651, 5.576, 5.342, 5.177, 13.119, 6.272, 3.626, 10.256, 3.664, 8.346, 6.697, 7.501, 7.438, 6.807, 4.943, 3.546, 9.173, 9.658], "val_rmse": [46.367, 43.699, 59.582, 27.17, 54.205, 30.844, 12.093, 37.345, 6.489, 7.274, 8.229, 8.843, 7.989, 10.183, 30.657, 11.686, 37.305, 14.297, 14.839, 39.052, 15.064, 28.879, 7.794, 18.331, 26.221, 18.01, 10.369, 22.383, 6.586, 21.625, 8.469, 19.968, 20.527, 20.276, 22.385, 28.211, 6.215, 19.273, 7.418, 5.733, 7.174, 8.582, 6.205, 7.266, 13.522, 16.78, 12.008, 13.786, 5.261, 6.424, 16.894, 9.388, 17.002, 21.21, 5.733, 12.858, 23.064, 9.299, 27.86, 31.956, 22.142, 28.506, 15.926, 22.588, 7.218, 18.608, 6.42, 7.385, 7.062, 13.822, 4.414, 11.723, 16.936, 6.838, 6.115, 8.345, 14.116, 12.069, 16.101, 14.04, 16.93, 11.241, 21.96, 7.167, 6.652, 6.441, 14.607, 7.732, 5.029, 11.06, 4.511, 9.55, 8.12, 9.201, 8.279, 8.229, 5.915, 4.712, 10.34, 10.793],