{"val_loss": [0.02033316391882383, 0.015841133271654446, 0.012884086838716434, 0.010333160895647274, 0.00870772497728467, 0.008745573609808667, 0.007288768421858549, 0.009142076945863664, 0.00724037406164118, 0.007218045402421719, 0.006677569478698488, 0.00597508235498228, 0.005299059696780104, 0.005311223319343601, 0.006238733373013222, 0.004898650946819948, 0.004669460804305143, 0.0045308232236291384, 0.005881517608132627, 0.004903877173395206, 0.006621224184830983, 0.004318625261981247, 0.004508977180295106, 0.004833863029489294, 0.004211477042796711, 0.0042429210508190505, 0.004802022772815285, 0.004391720324444274, 0.004527814556948013, 0.004044855818695699, 0.004084174776734371, 0.0044178998020167155, 0.004044639764793424, 0.004129217009499876, 0.00433459217634259, 0.004273325444147404, 0.0039734101834862185, 0.003993284484345673, 0.0037460493913386017, 0.003994950665704285, 0.004038824272962908, 0.0043096160063416595, 0.0036822078998536905, 0.003760350113023176, 0.0036264749247089233, 0.003679300512885675, 0.0037105093522566473, 0.005475784609896234, 0.004260019033810952, 0.003979064596933313, 0.003711462971599152, 0.0038549725237923362, 0.0037575048109930423, 0.003917025667356534, 0.0037049840482520973, 0.0036549022010553423, 0.004228417205417322, 0.004054378339787945, 0.0038577253095960864, 0.004291863319748599, 0.003855405355958889, 0.003773326432565227, 0.0034307763594875317, 0.0034743084834190086, 0.003720038369970603, 0.004089957387703989, 0.0038247372415046105, 0.003510448328193484, 0.0036345160834672344, 0.003550205318283083, 0.004164297418254945, 0.0035264047490070677, 0.004259851646363839, 0.003594836679338995, 0.003810654349055969, 0.003534298957674764, 0.00380991919114927, 0.003379618519425599, 0.0035304404316573506, 0.003491619097379347, 0.0037827626252288204, 0.003543657973447504, 0.0035830032736864975, 0.003424188988800678, 0.003441657615540963, 0.003483537642750889, 0.0035233382772680167, 0.0036322867688593557, 0.0037829764316686327, 0.0035676442849863735, 0.003547920003054767, 0.0035200655014098934, 0.00443485629835373, 0.003651737461849633, 0.0035913066482559466, 0.003610338063380267, 0.00343711803563767, 0.003592873220137941, 0.003935437558943199, 0.003817999589955434], "train_mae": [33.077, 41.232, 33.804, 17.612, 5.638, 22.935, 5.714, 43.599, 7.673, 32.936, 30.64, 18.244, 13.884, 6.116, 28.937, 7.483, 5.899, 4.283, 24.55, 18.662, 36.847, 4.736, 5.715, 19.662, 6.84, 10.63, 22.71, 13.685, 13.385, 3.505, 9.1, 16.5, 6.826, 14.728, 6.239, 10.098, 3.643, 13.495, 5.762, 9.019, 13.32, 15.354, 3.256, 7.835, 3.878, 6.517, 8.204, 31.387, 21.546, 14.457, 3.899, 12.154, 7.182, 13.684, 9.906, 5.416, 18.678, 16.448, 12.829, 22.349, 4.921, 8.641, 3.043, 5.489, 11.833, 15.517, 10.818, 2.847, 9.043, 3.503, 15.34, 2.506, 16.052, 6.539, 16.966, 4.749, 12.453, 2.345, 7.126, 2.806, 9.577, 2.688, 5.635, 4.078, 3.561, 4.777, 8.043, 11.345, 11.146, 10.921, 3.708, 2.868, 20.714, 7.297, 4.202, 9.665, 2.738, 3.104, 14.44, 11.661], "train_rmse": [40.189, 46.928, 37.105, 19.853, 6.728, 23.58, 7.042, 43.95, 9.064, 33.475, 31.132, 18.896, 15.238, 7.809, 30.559, 9.6, 7.215, 5.46, 25.814, 19.268, 37.803, 6.006, 6.878, 20.597, 8.292, 11.488, 23.573, 15.186, 15.074, 4.413, 10.52, 17.617, 7.679, 15.864, 7.298, 11.7, 4.496, 14.607, 6.828, 10.203, 13.861, 16.192, 4.072, 8.724, 4.78, 7.318, 9.022, 32.453, 21.847, 16.696, 4.778, 12.614, 8.011, 14.147, 10.991, 6.511, 19.137, 17.093, 13.368, 22.856, 5.839, 9.488, 3.868, 6.623, 12.874, 16.147, 11.282, 3.65, 9.507, 4.287, 16.798, 3.073, 16.907, 7.161, 17.785, 5.601, 12.963, 2.824, 7.646, 3.262, 10.551, 3.384, 6.362, 4.877, 4.267, 5.804, 8.576, 12.327, 12.249, 11.398, 4.555, 3.592, 21.693, 8.492, 5.19, 10.216, 3.581, 3.958, 15.11, 12.407], "train_underestimate": [17.164, 21.97, 18.012, 9.384, 2.198, 12.221, 1.442, 23.231, 4.007, 17.55, 16.326, 0.0, 7.386, 1.443, 15.419, 0.245, 1.957, 0.604, 13.081, 0.0, 19.634, 2.28, 0.225, 10.477, 0.134, 0.019, 12.101, 7.292, 7.126, 0.691, 4.269, 8.792, 0.047, 7.847, 3.001, 4.643, 1.105, 7.191, 3.004, 4.801, 0.0, 8.181, 0.508, 4.17, 1.684, 0.057, 0.005, 16.724, 0.0, 7.661, 1.489, 6.476, 0.027, 7.292, 5.278, 0.054, 9.952, 8.764, 6.836, 0.0, 2.585, 4.604, 1.242, 2.719, 6.305, 8.268, 5.765, 1.238, 0.0, 1.47, 8.174, 0.836, 8.553, 3.482, 9.04, 2.524, 6.636, 0.622, 0.009, 0.405, 5.103, 0.418, 2.999, 1.549, 0.179, 2.405, 0.0, 6.045, 5.939, 0.0, 0.244, 1.35, 11.037, 3.885, 2.115, 5.15, 0.317, 0.23, 7.694, 6.213], "train_overestimate": [0.461, 0.0, 0.0, 0.0, 0.806, 0.0, 1.602, 0.0, 0.082, 0.0, 0.0, 9.721, 0.012, 1.816, 0.0, 3.742, 1.186, 1.678, 0.0, 9.944, 0.0, 0.243, 2.82, 0.0, 3.511, 5.645, 0.0, 0.0, 0.006, 1.176, 0.58, 0.0, 3.59, 0.0, 0.324, 0.737, 0.836, 0.0, 0.067, 0.005, 7.098, 0.0, 1.227, 0.004, 0.382, 3.415, 4.366, 0.0, 11.481, 0.042, 0.588, 0.0, 3.8, 0.0, 0.0, 2.832, 0.0, 0.0, 0.0, 11.909, 0.038, 0.0, 0.379, 0.205, 0.0, 0.0, 0.0, 0.279, 4.818, 0.397, 0.0, 0.499, 0.0, 0.002, 0.0, 0.007, 0.0, 0.628, 3.788, 1.09, 0.0, 1.015, 0.003, 0.624, 1.719, 0.14, 4.286, 0.0, 0.0, 5.819, 1.731, 0.179, 0.0, 0.003, 0.124, 0.0, 1.142, 1.423, 0.0, 0.0], "train_difference": [17.625, 21.97, 18.012, 9.384, 3.004, 12.221, 3.045, 23.231, 4.089, 17.55, 16.326, 9.721, 7.398, 3.259, 15.419, 3.987, 3.143, 2.282, 13.081, 9.944, 19.634, 2.524, 3.045, 10.477, 3.645, 5.664, 12.101, 7.292, 7.132, 1.868, 4.849, 8.792, 3.637, 7.847, 3.324, 5.381, 1.941, 7.191, 3.07, 4.806, 7.098, 8.181, 1.735, 4.175, 2.066, 3.472, 4.371, 16.724, 11.481, 7.703, 2.078, 6.476, 3.827, 7.292, 5.278, 2.886, 9.952, 8.764, 6.836, 11.909, 2.622, 4.604, 1.622, 2.925, 6.305, 8.268, 5.765, 1.517, 4.818, 1.866, 8.174, 1.335, 8.553, 3.484, 9.04, 2.53, 6.636, 1.25, 3.797, 1.495, 5.103, 1.433, 3.002, 2.173, 1.898, 2.545, 4.286, 6.045, 5.939, 5.819, 1.976, 1.528, 11.037, 3.888, 2.239, 5.15, 1.459, 1.654, 7.694, 6.213], "val_mae": [24.977, 33.427, 28.809, 15.168, 6.439, 22.852, 7.034, 43.145, 7.198, 32.116, 30.109, 17.654, 13.119, 8.106, 26.544, 9.131, 5.55, 5.4, 22.682, 17.5, 34.741, 5.017, 6.176, 18.88, 7.798, 10.94, 21.478, 12.359, 12.146, 3.445, 6.853, 15.255, 7.019, 13.912, 8.319, 7.606, 3.901, 12.687, 5.96, 8.62, 12.799, 14.523, 3.295, 8.276, 3.61, 6.531, 6.933, 29.348, 20.537, 12.46, 4.718, 12.295, 6.56, 13.9, 9.469, 4.458, 18.374, 16.045, 12.769, 20.411, 5.403, 8.694, 3.351, 4.936, 11.043, 15.041, 11.98, 3.514, 7.967, 3.338, 13.941, 3.163, 15.537, 7.698, 16.318, 5.76, 12.836, 3.157, 6.106, 3.185, 9.223, 3.297, 6.722, 3.837, 3.501, 5.146, 6.859, 11.055, 10.662, 9.583, 4.543, 4.074, 19.792, 7.158, 4.88, 10.174, 3.044, 3.285, 14.412, 11.884], "val_rmse": [34.453, 40.791, 32.817, 17.762, 7.713, 23.608, 8.553, 43.579, 9.17, 32.867, 30.794, 18.819, 14.872, 9.614, 28.325, 10.651, 7.439, 6.586, 24.012, 18.417, 35.845, 6.365, 7.106, 19.88, 8.879, 11.899, 22.428, 13.972, 14.064, 4.335, 9.365, 16.541, 8.137, 15.182, 9.39, 10.481, 4.947, 13.941, 7.164, 10.051, 13.471, 15.455, 4.101, 9.116, 4.899, 7.293, 7.912, 30.561, 21.017, 14.949, 5.472, 12.888, 7.39, 14.439, 10.72, 5.482, 18.961, 16.777, 13.54, 21.251, 6.379, 9.712, 4.404, 6.564, 12.274, 15.892, 12.555, 4.264, 8.763, 4.682, 15.759, 3.978, 16.716, 8.543, 17.298, 6.709, 13.584, 3.887, 7.025, 3.877, 10.519, 4.022, 7.717, 5.33, 4.126, 6.336, 7.636, 12.468, 12.446, 10.296, 5.309, 5.005, 21.109, 9.077, 6.157, 11.011, 3.68, 3.983, 15.416, 12.943],