{"val_loss": [0.21066539072328144, 0.16079423307544655, 0.14385021084712613, 0.13091235297421613, 0.12091954569849703, 0.1044787499639723, 0.09182781870994303, 0.10613372777071264, 0.08919519858641757, 0.07798069011833933, 0.07425792949895064, 0.07005731006049448, 0.06817277236324218, 0.06494406341678566, 0.0633959010657337, 0.061668814056449466, 0.056686545411745705, 0.057079206582986645, 0.07043374174584945, 0.06074185436591506, 0.06230231891903612, 0.05972905167275005, 0.056523775733593434, 0.05210310427678956, 0.049272308281312384, 0.05063156628360351, 0.04952481958187289, 0.04782898568858703, 0.04925588130330046, 0.04471921517203251, 0.045076008368697434, 0.04358529858291149, 0.0502024477140771, 0.04301695442861981, 0.047935451173947916, 0.04610045254230499, 0.04609171280430423, 0.04352127144941025, 0.04227577636225356, 0.04343299759137961, 0.04107079949850837, 0.041195886571788125, 0.05173713858756754, 0.04567291623809271, 0.04032305571147137, 0.0425778080502318, 0.0433453404241138, 0.0410330081358552, 0.0432441881340411, 0.04092110010484854, 0.04064745988903774, 0.04070949647575617, 0.03951935527018375, 0.039722663816064596, 0.03970844096814593, 0.048367675859481096, 0.043654251429769725, 0.0399636416696012, 0.043191925208601684, 0.04097146768536833, 0.03983403731965356, 0.040528066301097475, 0.0384120985141231, 0.03864401434030798, 0.039092642462088004, 0.037751051131635904, 0.04046862153336406, 0.03761587617918849, 0.04250580310407612, 0.038630269571310945, 0.04030603035870525, 0.0402798401709232, 0.042700071870866746, 0.04117104240382711, 0.039277049919797316, 0.037527159322053194, 0.03855672219975127, 0.03960782718948192, 0.03781695674277014, 0.03770265671321087, 0.037294602021574974, 0.04424122555388345, 0.04187187060920729, 0.042483357505665884, 0.04681217075429029, 0.04255920917623573, 0.04017183572674791, 0.03921685181558132, 0.03859576127595372, 0.0398391607320971, 0.04067778882260124, 0.038002927218460374, 0.03822902336509691, 0.04070913977921009, 0.038107004275338516, 0.03869543059004678, 0.039069101938770875, 0.0410950657290717, 0.03797872198952569, 0.04133110063978367], "train_mae": [126.831, 18.14, 17.207, 19.391, 14.561, 11.96, 12.879, 58.661, 43.466, 24.69, 21.826, 15.332, 7.234, 22.915, 4.64, 26.271, 4.605, 25.582, 14.557, 4.595, 25.512, 30.572, 24.73, 20.895, 13.076, 6.336, 5.56, 19.263, 23.245, 10.293, 3.524, 5.74, 27.913, 8.548, 9.589, 8.062, 22.93, 16.205, 8.124, 3.428, 8.207, 10.609, 17.457, 9.54, 7.901, 17.31, 19.289, 5.129, 6.989, 12.715, 12.281, 3.087, 10.322, 6.092, 4.073, 15.888, 16.918, 8.954, 14.904, 15.816, 12.865, 3.12, 8.675, 2.679, 2.477, 6.016, 17.823, 9.395, 8.648, 12.209, 4.768, 17.205, 9.311, 19.53, 3.742, 5.041, 14.658, 3.714, 4.971, 8.398, 6.24, 24.357, 17.879, 19.495, 25.337, 20.597, 16.835, 11.693, 6.199, 3.481, 5.904, 10.533, 2.524, 6.391, 8.389, 2.203, 2.23, 19.345, 9.765, 7.314], "train_rmse": [133.932, 22.937, 21.832, 24.448, 17.804, 14.493, 17.221, 61.791, 46.144, 27.46, 24.416, 17.263, 9.344, 24.175, 6.165, 27.347, 6.094, 26.632, 15.825, 5.923, 26.349, 31.856, 25.689, 21.853, 14.145, 7.727, 6.954, 20.589, 24.216, 11.407, 4.871, 6.913, 28.974, 9.574, 10.957, 9.148, 24.17, 17.188, 9.377, 4.391, 9.393, 11.717, 18.127, 10.513, 9.004, 18.167, 20.268, 6.027, 7.791, 13.458, 13.279, 3.92, 11.347, 6.979, 4.948, 16.645, 17.741, 9.698, 16.005, 17.001, 13.594, 3.851, 9.562, 3.509, 3.043, 6.888, 18.79, 10.334, 9.24, 12.89, 5.239, 18.063, 9.627, 20.449, 4.189, 5.583, 15.697, 4.389, 5.633, 9.07, 6.916, 25.317, 19.195, 20.207, 26.011, 21.456, 17.718, 12.238, 7.169, 4.221, 6.252, 11.188, 3.05, 6.791, 8.736, 2.638, 2.673, 20.226, 10.637, 8.218], "train_underestimate": [68.482, 4.19, 4.471, 9.004, 2.66, 2.16, 6.135, 31.674, 23.469, 13.331, 11.785, 8.256, 3.657, 12.373, 0.721, 14.185, 1.852, 13.813, 0.007, 0.671, 13.775, 16.507, 13.353, 11.282, 7.06, 0.284, 0.341, 10.401, 12.551, 5.552, 1.202, 2.927, 15.072, 4.611, 0.036, 0.064, 12.381, 8.75, 4.35, 0.376, 4.398, 5.726, 0.0, 0.017, 4.244, 9.347, 10.415, 2.709, 0.055, 6.865, 6.631, 1.377, 5.573, 3.28, 2.132, 0.0, 9.135, 4.834, 8.047, 8.54, 6.947, 0.248, 4.683, 1.303, 0.313, 3.232, 9.624, 5.073, 0.0, 6.592, 0.036, 9.29, 0.0, 10.545, 0.068, 2.715, 7.915, 0.033, 2.68, 4.535, 3.367, 13.152, 9.654, 10.526, 13.681, 11.121, 9.09, 6.313, 3.337, 0.11, 0.013, 5.687, 1.342, 0.0, 4.529, 0.267, 0.078, 10.445, 5.273, 0.0], "train_overestimate": [0.0, 5.605, 4.82, 1.466, 5.202, 4.298, 0.82, 0.0, 0.0, 0.0, 0.0, 0.023, 0.249, 0.0, 1.784, 0.0, 0.634, 0.0, 7.854, 1.811, 0.0, 0.0, 0.0, 0.0, 0.0, 3.137, 2.661, 0.0, 0.0, 0.006, 0.7, 0.172, 0.0, 0.004, 5.142, 4.289, 0.0, 0.0, 0.036, 1.475, 0.034, 0.002, 9.426, 5.134, 0.022, 0.0, 0.0, 0.06, 3.719, 0.0, 0.0, 0.29, 0.0, 0.009, 0.068, 8.579, 0.0, 0.0, 0.0, 0.0, 0.0, 1.437, 0.001, 0.143, 1.024, 0.017, 0.0, 0.0, 4.669, 0.0, 2.538, 0.0, 5.028, 0.0, 1.952, 0.006, 0.0, 1.973, 0.004, 0.0, 0.003, 0.0, 0.0, 0.0, 0.0, 0.0, 0.0, 0.0, 0.01, 1.77, 3.175, 0.0, 0.021, 3.451, 0.0, 0.923, 1.126, 0.0, 0.0, 3.949], "train_difference": [68.482, 9.794, 9.291, 10.47, 7.862, 6.458, 6.954, 31.674, 23.469, 13.331, 11.785, 8.279, 3.906, 12.373, 2.505, 14.185, 2.486, 13.813, 7.86, 2.481, 13.775, 16.507, 13.353, 11.282, 7.06, 3.421, 3.002, 10.401, 12.551, 5.558, 1.903, 3.099, 15.072, 4.615, 5.178, 4.353, 12.381, 8.75, 4.387, 1.851, 4.432, 5.728, 9.426, 5.151, 4.266, 9.347, 10.415, 2.77, 3.774, 6.865, 6.631, 1.667, 5.573, 3.289, 2.199, 8.579, 9.135, 4.834, 8.047, 8.54, 6.947, 1.685, 4.684, 1.446, 1.338, 3.249, 9.624, 5.073, 4.669, 6.592, 2.574, 9.29, 5.028, 10.545, 2.02, 2.722, 7.915, 2.006, 2.684, 4.535, 3.369, 13.152, 9.654, 10.526, 13.681, 11.121, 9.09, 6.313, 3.347, 1.88, 3.188, 5.687, 1.363, 3.451, 4.529, 1.19, 1.204, 10.445, 5.273, 3.949], "val_mae": [116.585, 24.18, 22.451, 20.159, 18.792, 15.397, 13.213, 54.594, 40.315, 22.592, 20.036, 13.984, 6.493, 20.903, 4.789, 23.94, 4.17, 23.037, 14.773, 4.615, 23.298, 27.712, 22.731, 18.65, 11.168, 6.504, 5.853, 16.623, 20.579, 8.323, 3.7, 4.183, 24.804, 6.689, 10.248, 8.959, 19.957, 13.641, 6.019, 4.307, 5.96, 8.163, 18.374, 10.607, 5.875, 14.75, 16.552, 4.077, 8.161, 10.469, 9.901, 3.104, 7.962, 4.608, 3.482, 16.965, 14.625, 7.108, 12.25, 13.193, 10.564, 3.98, 6.593, 3.02, 3.78, 4.598, 15.241, 7.277, 9.706, 10.027, 6.049, 14.779, 10.508, 17.107, 4.885, 4.1, 12.356, 4.818, 4.058, 6.68, 5.015, 21.865, 15.534, 17.506, 22.931, 18.17, 14.533, 9.979, 5.233, 4.458, 6.996, 8.916, 3.052, 7.346, 7.195, 3.347, 3.207, 17.507, 8.325, 7.866], "val_rmse": [126.894, 27.884, 26.053, 25.045, 21.688, 17.545, 18.34, 59.332, 44.362, 26.888, 24.145, 16.898, 9.391, 22.67, 6.407, 25.377, 5.375, 24.335, 16.141, 6.279, 24.382, 29.513, 23.96, 19.79, 12.328, 8.171, 7.706, 18.308, 21.835, 9.532, 4.676, 5.369, 26.215, 7.877, 11.94, 10.191, 21.6, 14.926, 7.679, 5.432, 7.486, 9.698, 19.192, 11.905, 7.295, 15.896, 17.841, 5.02, 9.301, 11.517, 11.258, 3.962, 9.462, 5.646, 4.285, 18.183, 15.882, 8.26, 13.861, 14.949, 11.71, 5.554, 8.023, 3.777, 4.83, 5.819, 16.79, 8.923, 10.778, 11.235, 7.091, 16.195, 11.26, 18.585, 6.052, 5.006, 14.107, 6.445, 5.154, 7.927, 6.218, 23.372, 17.697, 18.715, 23.997, 19.522, 15.873, 11.093, 6.731, 6.156, 7.912, 10.193, 3.808, 8.18, 8.147, 4.228, 4.476, 19.015, 10.027, 9.767], "val_underestimate": [67.782, 4.876, 5.003, 8.656, 3.087, 2.582, 5.948, 31.741, 23.439, 13.135, 11.649, 8.109, 3.408, 12.153, 0.564, 13.919, 1.545, 13.393, 0.0, 0.565, 13.545, 16.112, 13.216, 10.843, 6.493, 0.1, 0.155, 9.665, 11.964, 4.835, 0.979, 2.199, 14.421, 3.862, 0.005, 0.006, 11.603, 7.931, 3.442, 0.187, 3.409, 4.746, 0.0, 0.0, 3.372, 8.576, 9.623, 2.094, 0.0, 6.087, 5.756, 0.99, 4.629, 2.509, 1.585, 0.0, 8.503, 4.12, 7.122, 7.67, 6.142, 0.083, 3.798, 0.983, 0.211, 2.467, 8.861, 4.221, 0.0, 5.83, 0.015, 8.592, 0.0, 9.946, 0.04, 2.157, 7.183, 0.025, 2.172, 3.851, 2.804, 12.712, 9.031, 10.178, 13.332, 10.564, 8.449, 5.802, 2.897, 0.129, 0.0, 5.184, 1.275, 0.0, 4.174, 0.297, 0.136, 10.178, 4.839, 0.0],