{"val_loss": [0.03843843955755903, 0.02801003750790371, 0.021709036730815857], "train_mae": [13.286, 11.952, 8.556], "train_rmse": [17.172, 14.737, 10.845], "train_underestimate": [5.617, 21.715, 3.151], "train_overestimate": [25.618, 6.383, 16.963], "train_difference": [31.235, 28.098, 20.114], "val_mae": [14.407, 11.278, 8.255], "val_rmse": [18.13, 14.313, 10.722], "val_underestimate": [5.942, 20.302, 5.219], "val_overestimate": [26.186, 4.849, 13.189], "val_difference": [32.128, 25.151, 18.409], "train_loss": [0.05179585500763804, 0.03340032118120386, 0.023613090284375682], "train_size": 900, "val_size": 89, "rand_seed": 9001, "shuffle": true, "loss_name": "logcosh", "img_dim": [720, 1280, 3], "patch_dim": [128, 128, 3], "patches_per_image": 32, "density_map_sigma": 10, "density_map_multiplication_factor": 2000.0, "sub_experiment_name": "carpk/sigma_10_loss_logcosh_patch_32_128x128_3_epochs"}