{"val_loss": [0.015235771589419422, 0.010361372758993907, 0.008056604515706353, 0.007717554246054907, 0.006604570561488371, 0.004996213086248163, 0.0044962821641948885, 0.004411193737991305, 0.004101576627149103, 0.005060551008201027, 0.0039959597603121755, 0.004224760439522951, 0.004341990828085246, 0.003771793229401844, 0.003969688961446723, 0.0037238779453700236, 0.003621990075450466, 0.004085080270242007, 0.0035311822780653636, 0.003556138088403232, 0.003499826390639903, 0.0035527371150879737, 0.003473479369751979, 0.003611603095283927, 0.003581713669251151, 0.0035665508599135244, 0.003698539562666316, 0.0034367185283853733, 0.003748635380896517, 0.0036325132237727624], "train_loss": [0.12213127838913351, 0.015217450389172882, 0.010846030781976879, 0.008935171586927027, 0.0072453547472832724, 0.006520363414892927, 0.0057752208958845586, 0.005528778987354599, 0.005153938865987584, 0.004781544907018542, 0.005342876211216208, 0.004657967459934298, 0.004629148752428591, 0.004434096823388245, 0.004210765182506293, 0.004312583529099356, 0.004213599386275746, 0.004073290147061925, 0.0040307025774382055, 0.00394577036058763, 0.0037433950637932867, 0.004090224516403396, 0.0035377090389374644, 0.0036441406336962245, 0.003517069089866709, 0.0035543949488783255, 0.0036185483550070785, 0.0033309621358057484, 0.003201081039151177, 0.0032976760412566364], "train_size": 512, "val_size": 1088, "rand_seed": 324, "shuffle": true, "loss_name": "logcosh", "img_dim": [256, 256, 3], "patch_dim": [256, 256, 3], "patches_per_image": 1, "density_map_sigma": 5, "density_map_multiplication_factor": 100.0, "sub_experiment_name": "vgg_cells/n_32_sigma_5_randseed_324_loss_logcosh_full_img", "architecture": "UNet"}