{"val_loss": [1.0631148448213934, 1.361854838952422, 1.2992493278346955, 1.4227892490103842, 1.0521728573367, 1.149142970237881, 1.4267128800973297, 1.4244325058534741, 1.4241731002926827, 1.4195167448371648, 1.3889505300670861, 1.3256769683212042, 1.3879684396088123, 1.4246437406167387, 1.4242832813411952, 1.4244254911318421, 1.4244757322594523, 1.4244170479476452, 1.4243962923064828, 1.4244999682530761], "train_loss": [1.845654047105927, 1.7127581695676781, 1.806976086378563, 1.7177655298728496, 1.6401784016517922, 1.7032458522822709, 1.860258624656126, 1.8817476274678484, 1.8801117870490998, 1.879301954153925, 1.8736621213378384, 1.8129406479885801, 1.8069336586631835, 1.7876309659797698, 1.8639911186881364, 1.8799037129618228, 1.8798231623135506, 1.879789760382846, 1.8798400716856123, 1.8798228979110718], "train_size": 320, "val_size": 80, "rand_seed": 3201, "shuffle": true, "loss_name": "mean_squared_error", "input_dim": [768, 1024, 3], "density_map_sigma": 10, "density_map_multiplication_factor": 2000.0, "sub_experiment_name": "shanghai_tech/part_b/sigma_10_loss_mse_full_img"}