{"val_loss": [0.01807787236826056, 0.011806672263286173, 0.007155933671075378, 0.006493456450270434, 0.004941855054151828, 0.005083145542705418, 0.005112897145890576, 0.004305744027078617, 0.004303017313384985, 0.0043291802635662055, 0.004059197821173738, 0.003869700860324134, 0.003879511006850996, 0.006408520753800129, 0.0038076211621955736, 0.003921536452948845, 0.004152046926024281, 0.0037500330434554864, 0.0037991674574668114, 0.00385372192313833, 0.004493820753476243, 0.003757467066273367, 0.0038521516604198363, 0.00412848804390866, 0.003701154595546541, 0.003836763937910933, 0.004292135349179957, 0.003698579184161003, 0.0038259172859611947, 0.003823736618816089, 0.004077634283128325, 0.003733306011193182, 0.0038235864416064406, 0.00379158143138792, 0.0036185238098315653, 0.0038159318918427314, 0.0037354943248882433, 0.004010093494210143, 0.003612106664256905, 0.003758610105518635, 0.0042840376990010125, 0.003649604923927708, 0.003623988323370748, 0.003705647146435855, 0.003683712793805599, 0.0036962871137053727, 0.004496912834677941, 0.00376308606706409, 0.003735889516225571, 0.00379695551820238], "train_loss": [0.07663405773928389, 0.016211008420214057, 0.010992120252922177, 0.007873248265241273, 0.0064076012204168364, 0.006293864920735359, 0.005713836406357586, 0.005125799973029643, 0.0053052900184411556, 0.004674104835430626, 0.004700463505287189, 0.004378672005259432, 0.004368442096165381, 0.004296035673178267, 0.004261843532731291, 0.003954661857278552, 0.00375320618331898, 0.003787869827647228, 0.003993009704572614, 0.0037378546039690264, 0.0036288718911237083, 0.0035561632466851734, 0.003623372445872519, 0.003375612934178207, 0.0033793226975831203, 0.0032929461958701722, 0.00316753610240994, 0.003277142117440235, 0.003013270987139549, 0.0029344363065320067, 0.002900691812101286, 0.0028474816426751204, 0.0028778518244507723, 0.0029423743471852504, 0.002558178675826639, 0.0027007307689927984, 0.0031141464569373056, 0.0026183135705650784, 0.0024639288130856585, 0.0027763279103965033, 0.0024134371778927743, 0.0024285823237732984, 0.002189905171690043, 0.0020924257805745583, 0.0022483141074189916, 0.0019736026333703194, 0.001974834427528549, 0.002105507235683035, 0.0018404009606456384, 0.0020083481758774724], "train_size": 512, "val_size": 1088, "rand_seed": 324, "shuffle": true, "loss_name": "logcosh", "img_dim": [256, 256, 3], "patch_dim": [256, 256, 3], "patches_per_image": 1, "density_map_sigma": 5, "density_map_multiplication_factor": 100.0, "sub_experiment_name": "vgg_cells/n_32_sigma_5_randseed_324_loss_logcosh_full_img", "architecture": "FCRN_A"}