{"val_loss": [0.029664614907560054, 0.019358098219159278, 0.019650803031295204, 0.01365710198983885, 0.01153744950503362, 0.010770744738284122, 0.010105179868680373, 0.010872142630095562, 0.009279376335358351, 0.0082383519038558], "train_mae": [13.615, 7.543, 11.216, 6.595, 5.071, 3.667, 3.003, 5.953, 3.312, 2.046], "train_rmse": [15.637, 9.966, 13.615, 7.654, 6.49, 4.557, 4.17, 7.196, 4.827, 2.884], "train_underestimate": [3.482, 14.794, 26.094, 1.982, 11.065, 3.239, 5.37, 13.29, 7.051, 2.672], "train_overestimate": [28.526, 2.94, 0.275, 13.523, 0.855, 5.383, 1.689, 0.706, 0.737, 2.139], "train_difference": [32.008, 17.734, 26.369, 15.505, 11.921, 8.622, 7.06, 13.996, 7.788, 4.811], "val_mae": [13.462, 7.775, 14.004, 6.667, 5.429, 3.754, 3.988, 7.438, 4.434, 2.312], "val_rmse": [15.533, 10.467, 16.272, 7.814, 6.796, 5.004, 5.07, 8.777, 6.116, 3.163], "val_underestimate": [5.021, 15.923, 30.698, 2.479, 11.384, 4.656, 7.466, 15.825, 9.189, 3.281], "val_overestimate": [24.999, 1.415, 0.531, 12.389, 0.722, 3.715, 1.428, 0.762, 0.699, 1.874], "val_difference": [30.02, 17.338, 31.229, 14.868, 12.106, 8.371, 8.894, 16.587, 9.888, 5.155], "train_loss": [0.045319857260652095, 0.022287965561780664, 0.015907643840182572, 0.012669622012051858, 0.011406069154359608, 0.009844957142033511, 0.008817186378421158, 0.00791716484960893, 0.007559605599963107, 0.006947626730220186], "train_size": 900, "val_size": 89, "rand_seed": 9001, "shuffle": true, "loss_name": "logcosh", "img_dim": [720, 1280, 3], "patch_dim": [720, 1280, 3], "patches_per_image": 1, "density_map_sigma": 10, "density_map_multiplication_factor": 2000.0, "sub_experiment_name": "carpk/sigma_10_loss_logcosh_full_img_epochs_10", "architecture": "UNet"}