{"val_loss": [0.09861327242106199, 0.07890006516956621, 0.07544072231070863, 0.07263073682164152, 0.06942496376319064, 0.060891015299906336, 0.12754871603101492, 0.12382080405950546, 0.0750107660682665, 0.07964726858254936, 0.08339246165835196, 0.070835892835425, 0.07080184559648235, 0.07118178790228234, 0.0668683926988807, 0.06669889193856054, 0.060705206305202514, 0.0609591456854509, 0.05564291511351863, 0.05205262061725888, 0.04574283005462752, 0.035542820994224816, 0.03962771925661299, 0.03326693446271949, 0.03198639831195275, 0.029931499286451273, 0.02798973846559723, 0.02683971289338337, 0.02489950520814293, 0.02381387875518865, 0.02268995895671348, 0.02350729764697866, 0.022294271711467042, 0.02013010280724201, 0.019562046211730275, 0.027051274897530675, 0.04464708462667962, 0.027087446483266022, 0.024887537790669337, 0.023915190301421616, 0.025613833813824587, 0.025315915907008782, 0.024729554360318515, 0.020860989099471934, 0.020776549470610917, 0.01772054226603359, 0.0170817114930186, 0.016969773801974952, 0.016334538192798693, 0.015526679719591307, 0.014931444143359032, 0.015237129383927418, 0.01435919783802496, 0.01487099760884626, 0.012957271376055561, 0.01257274557913964, 0.013373412657529116, 0.0180081656952906, 0.012959285587486293, 0.011873319053039368, 0.016170834488649335, 0.015801378758624196, 0.013598692396448718, 0.011582000789025592, 0.011306061267128421, 0.011674921261146665, 0.011781013389635418, 0.012121416020414067, 0.011860517940173546, 0.011937763632482125, 0.011497636021684028, 0.010490447347466316, 0.010401826060842723, 0.010763871328284344, 0.011865034783517735, 0.01102942044639753, 0.010031085416105472, 0.009786141337826848, 0.01012730921825601, 0.009966507347093688, 0.009430547904533645, 0.009182513743225072, 0.010433657676912844, 0.009882345873241624, 0.008897947920356981, 0.010880100566686856, 0.010955115062339852, 0.008918133758318922, 0.013328229963210307, 0.013021569492088424, 0.011002115549571399, 0.009577923415539166, 0.00945802509603608, 0.008912657591281459, 0.008838713573317768, 0.009146677821667658, 0.008975835872762319, 0.009074885213825231, 0.009203655237797648, 0.008524461245138405], "train_mae": [79.181, 48.303, 26.311, 24.576, 47.541, 26.193, 135.84, 133.775, 32.379, 77.955, 88.347, 39.938, 26.02, 28.796, 25.351, 54.02, 33.538, 53.875, 61.341, 58.269, 59.201, 20.621, 53.123, 24.753, 31.973, 20.665, 23.404, 19.514, 15.091, 10.025, 8.557, 23.2, 13.154, 5.81, 11.453, 47.526, 22.117, 24.596, 16.11, 15.148, 28.024, 41.466, 35.742, 7.166, 5.219, 11.265, 11.594, 6.634, 13.385, 7.422, 5.319, 16.375, 11.578, 14.579, 3.853, 4.729, 16.903, 37.334, 22.891, 11.288, 35.208, 36.627, 20.9, 5.221, 3.579, 12.838, 13.592, 15.21, 21.839, 19.989, 17.007, 9.155, 7.401, 17.084, 25.549, 20.395, 7.187, 7.189, 12.851, 14.316, 8.145, 3.279, 19.714, 16.888, 4.476, 23.908, 25.09, 6.452, 33.681, 36.16, 23.308, 14.659, 12.664, 3.407, 3.936, 10.603, 10.477, 12.07, 13.335, 4.941], "train_rmse": [88.629, 52.69, 30.736, 30.218, 51.157, 31.49, 145.184, 142.49, 42.204, 80.101, 90.046, 44.588, 32.378, 37.111, 29.934, 57.541, 38.295, 65.239, 63.929, 68.373, 61.468, 26.782, 55.173, 32.629, 34.513, 27.668, 26.125, 25.609, 17.227, 11.292, 10.593, 26.226, 17.271, 8.001, 12.614, 49.468, 28.495, 25.885, 17.491, 16.852, 29.214, 43.178, 36.543, 10.17, 6.904, 12.546, 12.831, 8.919, 14.368, 9.499, 7.04, 17.216, 12.687, 16.739, 5.135, 5.977, 18.437, 39.48, 23.794, 12.322, 37.068, 38.101, 22.562, 6.407, 4.762, 13.835, 14.833, 17.054, 22.597, 21.535, 18.132, 10.709, 9.007, 18.104, 26.617, 21.404, 8.864, 8.619, 14.09, 15.383, 9.125, 4.48, 20.969, 17.652, 5.424, 25.049, 26.143, 7.384, 35.244, 37.765, 24.349, 15.83, 13.605, 4.523, 4.984, 12.563, 11.264, 13.457, 14.224, 5.985], "train_underestimate": [43.15, 0.413, 3.658, 8.41, 0.31, 6.871, 74.027, 72.902, 15.903, 0.0, 0.0, 0.656, 9.57, 12.764, 4.699, 0.23, 1.21, 29.359, 0.0, 31.754, 0.0, 8.578, 0.001, 11.896, 0.343, 10.396, 0.558, 10.506, 0.856, 0.584, 2.449, 12.643, 7.016, 2.609, 0.038, 0.0, 9.005, 0.089, 0.033, 8.255, 0.0, 22.597, 0.0, 3.627, 0.725, 6.108, 0.007, 3.304, 0.0, 3.774, 2.095, 0.0, 0.018, 7.931, 1.338, 2.188, 9.211, 20.345, 0.0, 0.011, 19.187, 0.0, 11.39, 0.243, 0.664, 6.992, 0.0, 8.277, 0.0, 10.893, 0.0, 4.896, 3.839, 0.0, 13.923, 0.0, 3.75, 3.782, 0.0, 7.802, 0.047, 0.771, 10.744, 0.0, 0.272, 13.029, 0.0, 0.078, 18.355, 0.0, 12.702, 0.0, 6.901, 1.27, 0.994, 5.739, 0.0, 6.578, 0.0, 2.531], "train_overestimate": [0.0, 25.91, 10.68, 4.983, 25.598, 7.403, 0.0, 0.0, 1.742, 42.482, 48.145, 21.108, 4.61, 2.929, 9.116, 29.208, 17.067, 0.0, 33.428, 0.0, 32.262, 2.66, 28.949, 1.593, 17.081, 0.866, 12.196, 0.128, 7.367, 4.879, 2.214, 0.0, 0.153, 0.558, 6.203, 25.9, 3.048, 13.315, 8.746, 0.0, 15.272, 0.0, 19.478, 0.278, 2.12, 0.03, 6.312, 0.311, 7.295, 0.271, 0.804, 8.924, 6.292, 0.014, 0.762, 0.39, 0.0, 0.0, 12.474, 6.14, 0.0, 19.96, 0.0, 2.603, 1.286, 0.004, 7.407, 0.012, 11.901, 0.0, 9.268, 0.093, 0.194, 9.31, 0.0, 11.114, 0.166, 0.136, 7.003, 0.0, 4.392, 1.016, 0.0, 9.203, 2.167, 0.0, 13.673, 3.438, 0.0, 19.706, 0.0, 7.988, 0.0, 0.587, 1.151, 0.039, 5.709, 0.0, 7.267, 0.162], "train_difference": [43.15, 26.323, 14.339, 13.393, 25.908, 14.274, 74.027, 72.902, 17.645, 42.482, 48.145, 21.764, 14.18, 15.693, 13.815, 29.439, 18.277, 29.359, 33.428, 31.754, 32.262, 11.238, 28.95, 13.489, 17.424, 11.261, 12.754, 10.634, 8.224, 5.463, 4.663, 12.643, 7.169, 3.166, 6.241, 25.9, 12.053, 13.404, 8.779, 8.255, 15.272, 22.597, 19.478, 3.905, 2.844, 6.139, 6.318, 3.615, 7.295, 4.045, 2.899, 8.924, 6.309, 7.945, 2.1, 2.577, 9.211, 20.345, 12.474, 6.151, 19.187, 19.96, 11.39, 2.845, 1.95, 6.996, 7.407, 8.289, 11.901, 10.893, 9.268, 4.989, 4.033, 9.31, 13.923, 11.114, 3.917, 3.918, 7.003, 7.802, 4.439, 1.787, 10.744, 9.203, 2.439, 13.029, 13.673, 3.516, 18.355, 19.706, 12.702, 7.988, 6.901, 1.857, 2.145, 5.778, 5.709, 6.578, 7.267, 2.693], "val_mae": [73.858, 49.434, 23.801, 20.617, 48.371, 21.584, 128.955, 127.05, 29.441, 78.836, 88.933, 41.186, 22.031, 25.26, 21.63, 54.685, 34.277, 49.743, 62.176, 54.286, 59.63, 17.334, 52.895, 21.968, 31.488, 18.769, 23.09, 18.402, 14.382, 9.332, 7.436, 22.527, 12.652, 5.447, 10.92, 44.723, 18.774, 23.728, 14.945, 15.443, 26.501, 40.529, 34.329, 6.592, 6.153, 11.466, 11.003, 6.166, 12.707, 7.029, 5.234, 15.962, 11.63, 14.025, 4.827, 5.626, 16.521, 35.972, 21.837, 10.931, 34.1, 34.697, 20.375, 5.838, 4.351, 12.901, 12.699, 14.669, 20.989, 19.381, 16.045, 8.692, 6.823, 16.138, 25.04, 19.241, 6.729, 6.83, 11.738, 14.289, 7.978, 4.04, 19.321, 15.946, 5.019, 23.446, 23.648, 6.577, 32.745, 34.037, 22.936, 13.453, 12.666, 4.247, 4.594, 10.193, 10.089, 11.861, 12.379, 5.164], "val_rmse": [82.662, 52.852, 28.735, 26.071, 51.178, 27.697, 137.721, 135.173, 36.871, 80.104, 89.917, 44.231, 27.734, 32.008, 27.062, 57.48, 37.474, 59.711, 63.746, 63.127, 60.994, 22.635, 54.12, 28.428, 33.346, 24.176, 24.868, 23.169, 15.997, 10.334, 9.208, 25.037, 15.949, 7.917, 12.296, 47.3, 24.23, 24.894, 16.675, 16.813, 28.233, 41.809, 35.405, 9.223, 8.063, 12.904, 12.482, 8.683, 13.992, 9.525, 7.274, 17.135, 12.908, 16.395, 6.682, 7.537, 18.414, 38.148, 23.228, 12.377, 35.945, 36.584, 22.029, 6.893, 5.81, 14.2, 14.575, 16.529, 22.157, 20.931, 17.78, 10.737, 9.044, 17.723, 26.118, 20.776, 8.947, 8.891, 13.728, 15.47, 9.199, 5.28, 20.583, 17.18, 6.039, 24.598, 25.148, 7.734, 34.205, 36.04, 24.018, 15.322, 13.936, 5.657, 5.698, 12.275, 11.294, 13.343, 13.927, 6.843],