{"val_loss": [0.09861438369585408, 0.0788986665300197, 0.07489433594875866, 0.07008369494643477, 0.06499250993753473, 0.05936050834134221, 0.05479258386832145, 0.05258072897170981, 0.04091491113002929, 0.04467912080387274, 0.045182541478425264, 0.03916771583155625, 0.03252713392592139, 0.030549501922602456, 0.02961833816435602, 0.028985787079566054, 0.028225234657939937, 0.03101313820419212, 0.029312995753975377, 0.02831295510340068, 0.027246045698929165, 0.02516630110848281, 0.02341162100330823, 0.022229986019536026, 0.022198555344301794, 0.021861029633631308, 0.022647521769007046, 0.020052359814548656, 0.02136928465269092, 0.021972892961154383, 0.018954972076850634, 0.018337514988767605, 0.022668487107795145, 0.01885425695218146, 0.016390029703163438, 0.015737841992328565, 0.017198635989593133, 0.015974480516484216, 0.014553290740069415, 0.016101505051160023, 0.01374548840491722, 0.013814556800449887, 0.012774204912905892, 0.01562724812214987, 0.017236287511574726, 0.014350392791028652, 0.011942977046904465, 0.015701997740608122, 0.015862886134224635, 0.01272950069202731, 0.011162376762109084, 0.011322672957450979, 0.011393164814863768, 0.011306953403012207, 0.010664364180734588, 0.010234098377016684, 0.010203979062175171, 0.010090793657582253, 0.009734586819023307, 0.0108512568145266, 0.015116033584086431, 0.009506979944287904, 0.010075161828555994, 0.009699217651763724, 0.009307230557573752, 0.009949147151524408, 0.009182470459361665, 0.011446259488972524, 0.009013170538107969, 0.0101276586841171, 0.009308811872162752, 0.010740310264130434, 0.008659889539962428, 0.009485533325156817, 0.008857105729273625], "train_loss": [2.2710555866360664, 0.11189554631710052, 0.08536377549171448, 0.0813954807817936, 0.07631810009479523, 0.07085444405674934, 0.0649423860013485, 0.056324150413274765, 0.053073178976774216, 0.05388769507408142, 0.045645639300346375, 0.042462050914764404, 0.04180041700601578, 0.03619064576923847, 0.03346197120845318, 0.03347070701420307, 0.031806930899620056, 0.03135136794298887, 0.03111405111849308, 0.029907068237662315, 0.028577174991369247, 0.02923413459211588, 0.027226245030760765, 0.026001065969467163, 0.024777735583484173, 0.024419830180704594, 0.023500416427850723, 0.02424333430826664, 0.022485810332000256, 0.021895374171435833, 0.022581379860639572, 0.021552490070462227, 0.020253032445907593, 0.02154354378581047, 0.020367649383842945, 0.01849225163459778, 0.017818644177168608, 0.017549256794154644, 0.017657436430454254, 0.015924829989671707, 0.017497308552265167, 0.014780465513467789, 0.015117423608899117, 0.013998097740113735, 0.017972134053707123, 0.015849466435611248, 0.01740509271621704, 0.014261683449149132, 0.014808449894189835, 0.01573022222146392, 0.014731619041413069, 0.013413551263511181, 0.01242282148450613, 0.011970378924161196, 0.011928358115255833, 0.011413983069360256, 0.010980228427797556, 0.01097145490348339, 0.010607967153191566, 0.010492290835827589, 0.01206808676943183, 0.013907185290008783, 0.01052684336900711, 0.010380808729678392, 0.010221150703728199, 0.01003127358853817, 0.010205409955233335, 0.010095253121107817, 0.011188879143446684, 0.009392323903739452, 0.0113908676430583, 0.009627103339880705, 0.010481775738298893, 0.00914148148149252, 0.009288184810429811], "train_mae": [663.9944610595703, 87.49323272705078, 61.46563529968262, 29.042009353637695, 41.89838695526123, 28.999363899230957, 51.22645950317383, 25.65401840209961, 47.54214859008789, 60.32275199890137, 37.11056995391846, 45.41647911071777, 46.56717491149902, 28.228930473327637, 20.2463960647583, 23.11519145965576, 20.718571662902832, 23.430194854736328, 27.673129081726074, 23.938332557678223, 21.79795551300049, 26.371366500854492, 22.499348640441895, 17.228880882263184, 12.997865676879883, 13.511995315551758, 11.406363487243652, 24.498915672302246, 16.10233187675476, 14.913739204406738, 25.664106845855713, 23.856184005737305, 18.053173065185547, 27.797719478607178, 26.431928634643555, 15.018146753311157, 13.511803150177002, 14.656647682189941, 22.06832790374756, 12.859090805053711, 27.25633144378662, 8.995290279388428, 17.26734447479248, 11.24041748046875, 37.090378761291504, 24.00260353088379, 35.554107666015625, 20.927990913391113, 18.992217779159546, 30.703523635864258, 26.47614860534668, 15.789499878883362, 12.982494831085205, 9.702497243881226, 12.192235946655273, 9.333897113800049, 5.078055381774902, 8.549134731292725, 6.53262186050415, 6.760817050933838, 23.054597854614258, 30.589101791381836, 10.398727416992188, 8.38108515739441, 9.18310260772705, 7.664865493774414, 12.419194221496582, 10.975314617156982, 21.401639938354492, 6.978049278259277, 23.097895622253418, 11.442530632019043, 18.448723793029785, 7.207561373710632, 10.570080757141113], "val_mae": [73.85977130466037, 49.4286732143826, 25.64475589328342, 22.16619152492947, 27.254756927490234, 33.540588802761505, 23.562280866834854, 69.5006946987576, 18.712311638726128, 41.46044943067763, 70.96833674112956, 40.75265206231011, 26.457691192626953, 14.157706154717339, 14.294439527723524, 15.303868823581272, 17.949751324123806, 38.79927105373807, 32.81705962287055, 35.43322330050998, 26.912484486897785, 23.731015311347115, 12.484295527140299, 8.002341376410591, 10.310869640774197, 12.906360202365452, 26.226792017618816, 6.3308156331380205, 23.411161422729492, 34.33687273661295, 15.230337354871962, 14.940211825900608, 42.904411739773224, 23.424593183729385, 9.061907026502821, 4.8042784796820746, 23.093524509006077, 19.93539598253038, 9.541513019137913, 24.44463962978787, 9.424879286024305, 15.635925716824001, 8.356011072794596, 29.578419791327583, 37.00194835662842, 28.64799584282769, 10.31796031528049, 32.03140714433458, 37.11052110460069, 18.78698009914822, 4.841755761040582, 10.356402926974827, 12.709799660576714, 13.420096291436089, 8.074820624457466, 4.485966152615017, 7.0307901170518665, 8.560344484117296, 5.751149071587457, 18.566872702704536, 36.09748246934679, 5.209080590142144, 11.01756731669108, 8.59372181362576, 4.029209136962891, 13.852939393785265, 4.535136328803168, 24.49718369377984, 6.347424613104926, 17.72143597073025, 10.194168938530815, 22.28666877746582, 4.101196077134874, 13.527044084337023, 7.490073521931966], "train_rmse": [677.0189208984375, 97.03103637695312, 65.05488777160645, 35.872557640075684, 45.95923042297363, 36.09938144683838, 54.20626449584961, 31.73080062866211, 52.59821128845215, 63.05001449584961, 46.829010009765625, 47.714661598205566, 52.52718734741211, 34.968661308288574, 22.893881797790527, 28.84566593170166, 23.009687423706055, 29.57744598388672, 28.90023422241211, 28.313936710357666, 23.734220504760742, 29.955251693725586, 25.615304946899414, 19.838581562042236, 16.63170289993286, 14.844218254089355, 15.489219188690186, 26.31336212158203, 17.490656852722168, 18.16220188140869, 27.553585052490234, 25.406956672668457, 20.404902458190918, 29.41266679763794, 28.35949420928955, 16.519608974456787, 14.723147869110107, 16.122049570083618, 23.505431175231934, 14.11537218093872, 29.01923942565918, 10.186456203460693, 18.458982467651367, 12.643455028533936, 38.667667388916016, 25.440210819244385, 37.13592529296875, 22.072448253631592, 20.540496349334717, 32.28904724121094, 28.017282485961914, 17.059939861297607, 14.445292949676514, 10.789271593093872, 13.207172870635986, 10.413823127746582, 6.514738321304321, 9.944823265075684, 7.512133836746216, 8.093759536743164, 24.464933395385742, 32.07626914978027, 11.839365243911743, 9.675488471984863, 10.345902919769287, 8.790841341018677, 13.559297561645508, 12.13991928100586, 22.635265350341797, 8.386009693145752, 24.503662109375, 12.472487926483154, 19.764222145080566, 8.36945629119873, 11.665033340454102],