{"val_loss": [0.09725914828563004, 0.09742499180556682, 0.09734444261601802, 0.0975426154190235, 0.09743258871891525, 0.09747396166739838, 0.09755952032596878, 0.09742144871963544, 0.0973455026913225, 0.09737667717625585, 0.09743052373608846, 0.09740181627233377, 0.09742293711960985, 0.09737541091241193, 0.0973491073491868], "train_mae": [42.181, 42.586, 42.512, 42.356, 42.59, 42.409, 42.343, 42.585, 42.55, 42.564, 42.443, 42.576, 42.585, 42.487, 42.508], "train_rmse": [44.723, 45.091, 45.02, 44.873, 45.094, 44.924, 44.861, 45.089, 45.056, 45.07, 44.956, 45.081, 45.09, 44.997, 45.017], "train_underestimate": [99.166, 100.119, 99.943, 99.577, 100.128, 99.703, 99.547, 100.115, 100.033, 100.067, 99.783, 100.094, 100.117, 99.885, 99.935], "train_overestimate": [0.0, 0.0, 0.0, 0.0, 0.0, 0.0, 0.0, 0.0, 0.0, 0.0, 0.0, 0.0, 0.0, 0.0, 0.0], "train_difference": [99.166, 100.119, 99.943, 99.577, 100.128, 99.703, 99.547, 100.115, 100.033, 100.067, 99.783, 100.094, 100.117, 99.885, 99.935], "val_mae": [44.471, 44.893, 44.819, 44.663, 44.897, 44.716, 44.65, 44.892, 44.857, 44.871, 44.75, 44.883, 44.892, 44.794, 44.815], "val_rmse": [46.521, 46.922, 46.851, 46.702, 46.925, 46.753, 46.689, 46.921, 46.887, 46.901, 46.785, 46.912, 46.921, 46.827, 46.847], "val_underestimate": [99.171, 100.113, 99.946, 99.599, 100.121, 99.718, 99.57, 100.11, 100.031, 100.063, 99.794, 100.089, 100.111, 99.891, 99.938], "val_overestimate": [0.0, 0.0, 0.0, 0.0, 0.0, 0.0, 0.0, 0.0, 0.0, 0.0, 0.0, 0.0, 0.0, 0.0, 0.0], "val_difference": [99.171, 100.113, 99.946, 99.599, 100.121, 99.718, 99.57, 100.11, 100.031, 100.063, 99.794, 100.089, 100.111, 99.891, 99.938], "train_loss": [0.10562805370272448, 0.09239820167137724, 0.09242428503180336, 0.09240483456342999, 0.09242133802475615, 0.0923924072042832, 0.09240005440958259, 0.09241307077127406, 0.09241088515949539, 0.0924107673487419, 0.09240633810016637, 0.09239986922126263, 0.0924112778260476, 0.0924119480383686, 0.09240458310814574], "train_size": 900, "val_size": 89, "rand_seed": 9001, "shuffle": true, "loss_name": "mean_absolute_error", "img_dim": [720, 1280, 3], "patch_dim": [720, 1280, 3], "patches_per_image": 1, "density_map_sigma": 10, "density_map_multiplication_factor": 2000.0, "sub_experiment_name": "carpk/sigma_10_loss_mae_full_img_epochs_15"}