{"val_loss": [0.041849698571775874, 0.02387827005911865, 0.017535357582827975, 0.013141209879583638, 0.01068364791739013, 0.01200054989064537, 0.009515113474181443, 0.01051640547473867, 0.009030352052564816, 0.008452917393322637, 0.008497313068373306, 0.007925852341834209, 0.008192944066275446, 0.008140746949934777, 0.008371742370560669, 0.008011641825920806, 0.007707230185855331, 0.007757948881001486, 0.007642381196038674, 0.008467342192007517, 0.009472725008141851, 0.007701124775742167, 0.007513331871450646, 0.007467130595400436, 0.008618219653084559, 0.0076698584501119675, 0.007935872892737868, 0.00832636146226244, 0.008143917869721703, 0.007928456809595981], "train_loss": [0.23503166204318404, 0.030620352015830576, 0.02485679171513766, 0.01636386857717298, 0.0125901487772353, 0.010785695747472346, 0.011027017288142815, 0.00955311798315961, 0.009509654380963184, 0.008898198429960757, 0.008847207864164375, 0.008034846308873966, 0.007933901666547172, 0.008107338377158158, 0.009236096215317957, 0.007935874396935105, 0.007420337467920035, 0.007490374846383929, 0.007241699946462177, 0.006988377703237347, 0.0070424464356619865, 0.007194488091045059, 0.006682915147393942, 0.006198593197041191, 0.006033350698999129, 0.006174020367325284, 0.005744621477788314, 0.005661146933562122, 0.005949558297288604, 0.005460151965962723], "train_size": 512, "val_size": 1088, "rand_seed": 323, "shuffle": true, "loss_name": "mean_squared_error", "img_dim": [256, 256, 3], "patch_dim": [256, 256, 3], "patches_per_image": 1, "density_map_sigma": 5, "density_map_multiplication_factor": 100.0, "sub_experiment_name": "vgg_cells/n_32_sigma_5_randseed_323_loss_mse_full_img", "architecture": "UNet"}