{"val_loss": [0.021909689404470984, 0.014114744953985792, 0.013116477973466423, 0.010976510337273152, 0.010613608505510082, 0.010050722171667182, 0.010316001223306075, 0.009139432854092721, 0.010425640493100645, 0.009823517295872615, 0.01210439778985935, 0.009675122895714594, 0.009162826530347742, 0.008844288769764449, 0.008637062762478736, 0.009106366236023056, 0.008884802187608062, 0.00867166340300601, 0.008603120229535681, 0.00804373890359249, 0.009810444637396894, 0.008503002044937388, 0.009664052917394335, 0.008357485225775129, 0.008140464586818674, 0.008424552012537093, 0.008164732498591868, 0.00833578149039942, 0.008720795996315941, 0.008326079565449618], "train_loss": [0.1630212784075411, 0.022442040884925518, 0.01632297186733922, 0.014283947784861084, 0.01249490505142603, 0.011570356789889047, 0.011518623774463776, 0.010921430402959231, 0.010399235223303549, 0.011286812856269535, 0.010415213360829512, 0.010365615551563678, 0.009931003525707638, 0.009735314841236686, 0.009468528340221383, 0.009350874086521799, 0.009102517829887802, 0.0094575503244414, 0.009048119627550477, 0.008972348281531595, 0.00964246961666504, 0.009027932061144384, 0.009016541520395549, 0.009097071535506984, 0.008646077087178128, 0.00820014939927205, 0.00820657813528669, 0.008122201485093683, 0.007903217147031683, 0.008147598688083235], "train_size": 512, "val_size": 1088, "rand_seed": 324, "shuffle": true, "loss_name": "mean_squared_error", "img_dim": [256, 256, 3], "patch_dim": [128, 128, 3], "patches_per_image": 4, "density_map_sigma": 5, "density_map_multiplication_factor": 100.0, "sub_experiment_name": "vgg_cells/n_32_sigma_5_randseed_324_loss_mse_patch_4_128x128", "architecture": "UNet"}