{"val_loss": [0.08629800472408533, 0.07967439687086476, 0.056500417542540364, 0.04348642932665017, 0.033727862380651966, 0.03029648173186514, 0.028923860751092434, 0.02669174293987453, 0.024660432323192556, 0.022858164040371776, 0.021648675061037972, 0.0205929382937029, 0.019091614108118746, 0.018311685235756967, 0.017726825304432876, 0.016294782450940046, 0.015720396069809794, 0.015495472775203072, 0.014706971266099976, 0.01328910315512783, 0.012545987278119557, 0.01198818881271614, 0.01311574315574641, 0.014114101061649207, 0.011073396418295387, 0.012306383998495422, 0.010318107029888779, 0.011530700805855708, 0.010399308391950197, 0.014879507827572525, 0.012640932193284648, 0.01147379026386059, 0.011104368734069996, 0.010114702059783869, 0.009524036470490197, 0.008764833871585628, 0.008603804641299777, 0.008379113161936402, 0.008234739474978091, 0.008144262117437191, 0.008983503024662949, 0.011137812049128115, 0.010032637704474231, 0.01008717639423493, 0.009383094290064441, 0.0091373176417417, 0.00875513822797479, 0.007853025910056507, 0.007811709527029759, 0.007784114856298806, 0.007526377235384037, 0.007489245721242494, 0.007355012022243399, 0.007844951644074172, 0.007462476470714642, 0.007550650534944402, 0.007354584645428177, 0.007674169940097879, 0.0104099469155901, 0.00830676854820922, 0.007352099310891289, 0.007303263500539793, 0.007751434963817398, 0.0072351492805561675, 0.0073612309125665985, 0.007590389771697422, 0.007503531410798637, 0.007166251255613234, 0.007527927033758412, 0.006998920758228956, 0.00699228087776444, 0.007103714267335211, 0.0076646921289567314, 0.006862847170042288, 0.00806308059125311, 0.007239360019512888, 0.007747172129004159, 0.00689730119645699, 0.006740429603572314, 0.006949114082898531, 0.006816950581398689, 0.00676332639866612, 0.01151601906814095, 0.008290581191734722, 0.00754007568078426, 0.00782790428881223, 0.008505874171128703, 0.007891790320475897, 0.007874091621488333, 0.007018110688982738, 0.006707469027282463, 0.006631923545177819, 0.006875902517802185, 0.006854748602361522, 0.006608881376450881, 0.007159571945925968, 0.007541552244219929, 0.0068540473811380155, 0.007550191865043921, 0.007116421804918597], "train_mae": [100.803, 118.768, 36.426, 18.827, 16.238, 25.856, 24.786, 18.198, 18.381, 16.307, 18.768, 15.955, 9.64, 14.983, 14.793, 7.23, 12.054, 21.011, 18.352, 10.703, 6.232, 5.123, 25.146, 25.248, 6.541, 26.184, 4.12, 15.781, 10.477, 46.572, 31.905, 27.282, 23.157, 19.324, 13.445, 4.39, 3.959, 3.732, 3.637, 5.606, 17.637, 33.6, 19.284, 26.71, 16.701, 20.113, 14.67, 4.629, 7.303, 7.577, 3.902, 4.701, 3.37, 12.539, 7.89, 10.512, 8.738, 13.09, 29.566, 18.78, 4.567, 2.923, 14.03, 9.144, 10.178, 15.425, 9.684, 8.68, 14.509, 7.323, 3.678, 11.79, 14.523, 6.623, 22.822, 10.763, 17.758, 8.443, 2.771, 6.967, 5.287, 5.06, 38.015, 21.717, 14.442, 11.8, 23.766, 8.996, 19.253, 7.819, 3.299, 2.933, 8.637, 7.614, 3.1, 12.013, 15.554, 7.875, 15.888, 11.007], "train_rmse": [108.485, 119.146, 44.509, 23.554, 20.34, 28.571, 27.117, 20.226, 20.287, 20.972, 21.6, 17.196, 11.032, 16.242, 16.44, 8.865, 13.594, 22.229, 19.459, 11.882, 7.83, 6.474, 26.203, 27.005, 7.677, 27.01, 5.482, 17.112, 12.055, 47.546, 32.923, 28.182, 24.477, 20.176, 14.5, 5.627, 5.065, 4.751, 4.635, 6.911, 18.824, 34.675, 20.396, 27.305, 18.228, 20.698, 15.357, 5.581, 8.427, 9.15, 5.047, 5.605, 4.146, 13.432, 8.596, 11.45, 9.432, 13.656, 30.716, 19.678, 5.461, 3.781, 14.681, 9.797, 11.383, 16.039, 10.745, 9.684, 14.962, 8.199, 4.741, 12.682, 15.809, 7.601, 23.515, 11.478, 18.703, 9.231, 3.594, 7.671, 6.107, 5.853, 38.965, 22.493, 15.692, 12.754, 24.2, 10.325, 19.591, 8.487, 4.047, 3.759, 9.748, 8.459, 3.87, 12.878, 16.643, 8.921, 16.527, 11.829], "train_underestimate": [53.712, 0.0, 18.701, 6.387, 5.326, 0.173, 0.077, 0.376, 0.235, 8.583, 10.0, 0.0, 0.102, 0.0, 7.877, 0.193, 6.363, 0.0, 9.779, 0.039, 3.067, 2.425, 0.0, 13.453, 3.325, 0.0, 1.322, 8.409, 0.045, 0.0, 0.0, 0.0, 0.0, 0.0, 0.017, 0.327, 0.458, 1.132, 1.345, 2.921, 9.398, 0.0, 0.0, 0.0, 0.0, 0.0, 0.0, 0.185, 3.885, 3.935, 1.837, 0.149, 0.868, 6.681, 0.036, 5.601, 0.025, 0.0, 15.754, 10.007, 0.144, 0.961, 0.0, 0.022, 5.423, 0.0, 5.16, 4.625, 0.0, 3.902, 1.512, 0.0, 7.738, 3.529, 0.0, 5.735, 9.462, 0.029, 0.735, 0.035, 0.065, 0.11, 0.0, 0.0, 0.0, 0.0, 0.0, 0.029, 0.0, 0.022, 1.496, 0.451, 4.601, 4.057, 0.251, 0.0, 8.288, 4.192, 0.0, 0.0], "train_overestimate": [0.0, 63.285, 0.708, 3.645, 3.326, 13.604, 13.13, 9.321, 9.559, 0.107, 0.0, 8.501, 5.035, 7.984, 0.006, 3.66, 0.061, 11.195, 0.0, 5.664, 0.254, 0.305, 13.399, 0.0, 0.16, 13.952, 0.873, 0.0, 5.537, 24.816, 17.001, 14.537, 12.339, 10.297, 7.147, 2.012, 1.651, 0.856, 0.593, 0.067, 0.0, 17.904, 10.276, 14.232, 8.899, 10.717, 7.817, 2.282, 0.006, 0.102, 0.243, 2.356, 0.927, 0.0, 4.168, 0.0, 4.631, 6.975, 0.0, 0.0, 2.29, 0.596, 7.476, 4.85, 0.0, 8.219, 0.0, 0.0, 7.731, 0.0, 0.448, 6.282, 0.0, 0.0, 12.16, 0.0, 0.0, 4.47, 0.741, 3.677, 2.752, 2.586, 20.256, 11.572, 7.696, 6.288, 12.664, 4.765, 10.259, 4.144, 0.262, 1.112, 0.001, 0.0, 1.401, 6.401, 0.0, 0.004, 8.466, 5.865], "train_difference": [53.712, 63.285, 19.409, 10.032, 8.652, 13.777, 13.207, 9.697, 9.794, 8.689, 10.0, 8.501, 5.136, 7.984, 7.882, 3.853, 6.423, 11.195, 9.779, 5.703, 3.321, 2.73, 13.399, 13.453, 3.485, 13.952, 2.195, 8.409, 5.583, 24.816, 17.001, 14.537, 12.339, 10.297, 7.164, 2.339, 2.11, 1.988, 1.938, 2.987, 9.398, 17.904, 10.276, 14.232, 8.899, 10.717, 7.817, 2.467, 3.891, 4.037, 2.079, 2.505, 1.796, 6.681, 4.204, 5.601, 4.656, 6.975, 15.754, 10.007, 2.433, 1.557, 7.476, 4.872, 5.423, 8.219, 5.16, 4.625, 7.731, 3.902, 1.96, 6.282, 7.738, 3.529, 12.16, 5.735, 9.462, 4.499, 1.477, 3.712, 2.817, 2.696, 20.256, 11.572, 7.696, 6.288, 12.664, 4.794, 10.259, 4.166, 1.758, 1.563, 4.602, 4.057, 1.652, 6.401, 8.288, 4.196, 8.466, 5.865], "val_mae": [86.567, 120.264, 27.191, 19.726, 17.23, 30.699, 28.829, 22.021, 21.861, 12.312, 15.552, 16.735, 10.181, 14.321, 13.207, 7.463, 10.5, 19.136, 17.124, 10.433, 6.452, 5.809, 23.046, 22.553, 7.404, 24.321, 5.185, 14.521, 9.571, 43.258, 29.261, 25.084, 20.424, 17.789, 12.049, 5.29, 4.846, 4.47, 4.19, 5.855, 16.182, 30.664, 17.219, 25.1, 14.099, 18.882, 13.72, 4.941, 7.221, 6.78, 4.129, 4.844, 3.963, 11.936, 7.341, 9.964, 7.661, 11.971, 27.416, 17.557, 4.788, 3.714, 12.652, 8.159, 9.52, 13.704, 9.224, 8.587, 13.43, 7.632, 4.044, 9.943, 13.33, 7.011, 20.548, 10.73, 16.77, 7.041, 3.181, 6.99, 4.55, 5.691, 34.539, 19.522, 12.141, 9.911, 22.521, 6.616, 18.184, 6.559, 4.064, 3.664, 8.432, 7.905, 3.687, 9.875, 14.603, 7.845, 14.012, 9.165], "val_rmse": [96.282, 120.696, 38.218, 24.145, 21.142, 32.738, 30.593, 23.356, 23.091, 18.136, 19.035, 18.033, 11.675, 16.202, 15.305, 9.476, 12.873, 21.372, 18.605, 12.564, 8.522, 7.534, 25.206, 24.513, 8.852, 25.998, 6.896, 16.142, 12.101, 44.922, 31.136, 26.749, 22.769, 19.457, 14.204, 6.688, 6.219, 5.739, 5.458, 7.43, 17.681, 32.262, 19.001, 26.065, 16.47, 19.843, 14.947, 5.939, 8.623, 8.997, 5.643, 5.787, 5.065, 13.123, 8.492, 11.309, 8.849, 12.869, 28.927, 18.851, 5.673, 4.669, 13.577, 9.233, 11.331, 14.546, 10.633, 10.013, 14.141, 8.726, 5.695, 11.091, 15.229, 8.193, 21.398, 11.715, 18.183, 8.26, 4.01, 7.937, 5.588, 6.445, 35.718, 20.553, 13.735, 11.279, 23.145, 8.51, 18.724, 7.754, 5.114, 4.64, 10.053, 9.049, 4.462, 10.962, 16.235, 9.348, 14.861, 10.284],