{"val_loss": [0.07517179831698098, 0.050453464396174666, 0.03598334319095182, 0.034472142189128245, 0.02740938007884645, 0.021022513582840262, 0.018369240268143853, 0.01643882487919387, 0.0180050835457651, 0.01497286532770993, 0.013651604571992614, 0.01280962724087979, 0.012522509480571471, 0.011961843551783686, 0.013057697848125827, 0.01134463376023204, 0.011408263544153134, 0.011531128775352366, 0.010775763457144528, 0.010748211092611789, 0.010768908452626099, 0.01074557259626625, 0.010265030326135113, 0.010154567444260465, 0.010971307175863972, 0.010003568005178001, 0.009914877161303166, 0.010810892692782492, 0.009897429057780434, 0.010070271463251523, 0.010047165971627692, 0.009709313380881213, 0.009829433072060483, 0.009990935014417012, 0.009644778130998876, 0.01056654457052526, 0.009673940718237324, 0.010806312172516139, 0.010375957431439447, 0.009690884649257093, 0.010215439056885182, 0.009857992218124256, 0.009870038790027406, 0.00972315898124019, 0.009688213803897002, 0.010382017839968767, 0.009292225218386567, 0.009338480261837557, 0.009325403361264547, 0.009257949001039378, 0.00917775794154937, 0.00924984510664431, 0.009566935431340587, 0.009800582644161563, 0.009451611000472707, 0.009088283745179926, 0.009148231930714032, 0.009036288463689476, 0.00916571838880533, 0.00898439602507792, 0.011816623184345457, 0.009247162806679947, 0.00893896046331707, 0.009176858334766995, 0.008845632247839068, 0.010147533016553259, 0.008776162789110779, 0.009285973303442862, 0.009197448480442879, 0.008962281857427168, 0.00910357989350279, 0.008792487421113252, 0.009209640110544997, 0.008796879156601363, 0.008814747796243276, 0.009742719983906308, 0.009278001189480111, 0.00871665374346348, 0.008909677981030066, 0.01091459029189804, 0.009384082436714807, 0.008846078538494218, 0.008856724463090786, 0.009232564095595187, 0.009642020579549888, 0.009084018861411844, 0.009179250376773244, 0.009202598630508874, 0.009069013916279586, 0.0087021231165101, 0.008767989495240994, 0.008793372126092436, 0.008693237866335787, 0.008645883789380178, 0.008748244916419293, 0.008765514882564758, 0.008836435665323413, 0.00931643422379292, 0.009372993972647237, 0.008777319205204121], "train_mae": [43.057, 28.538, 32.827, 31.07, 23.525, 21.16, 16.773, 13.217, 31.662, 9.468, 15.763, 7.951, 7.917, 6.554, 22.04, 8.595, 15.424, 8.349, 4.553, 6.399, 11.968, 7.251, 8.584, 5.639, 16.347, 7.253, 4.879, 12.237, 6.11, 7.229, 8.341, 9.163, 5.887, 8.529, 3.882, 15.367, 3.968, 7.536, 12.004, 4.902, 16.128, 5.987, 11.575, 3.892, 4.588, 19.741, 3.858, 4.165, 3.922, 8.183, 4.22, 4.706, 4.304, 5.53, 3.163, 3.186, 2.957, 3.392, 7.519, 3.431, 14.665, 3.651, 4.714, 4.87, 2.934, 14.405, 3.155, 6.16, 3.656, 2.991, 5.91, 5.252, 9.093, 2.836, 3.459, 8.244, 4.815, 3.057, 2.247, 24.735, 9.756, 2.649, 5.414, 3.224, 14.5, 5.31, 9.732, 7.35, 3.99, 8.715, 3.108, 3.195, 2.5, 2.415, 2.873, 3.919, 5.908, 6.2, 6.195, 4.367], "train_rmse": [55.776, 36.065, 42.148, 38.619, 30.712, 27.138, 21.561, 16.09, 34.269, 12.923, 19.938, 10.294, 10.183, 8.81, 23.516, 11.024, 17.241, 10.61, 6.132, 8.118, 13.38, 8.997, 9.953, 7.076, 17.495, 8.501, 6.457, 14.193, 7.166, 8.687, 9.678, 10.269, 7.408, 9.321, 5.209, 16.883, 5.369, 9.443, 13.174, 6.189, 16.859, 7.44, 12.727, 5.334, 5.613, 20.33, 5.062, 5.476, 5.312, 8.923, 5.33, 5.905, 5.772, 6.993, 4.155, 4.164, 3.782, 4.237, 8.158, 4.372, 17.624, 4.924, 5.509, 6.066, 3.852, 16.073, 4.097, 7.342, 4.787, 3.948, 7.163, 6.371, 10.222, 3.616, 4.239, 9.782, 5.666, 3.639, 2.958, 25.553, 10.596, 3.379, 6.126, 4.23, 15.402, 6.429, 10.207, 8.506, 5.552, 9.997, 3.942, 4.009, 3.102, 3.057, 3.532, 5.025, 6.633, 7.635, 7.207, 5.756], "train_underestimate": [1.448, 10.235, 1.827, 15.522, 10.997, 1.205, 1.036, 4.835, 17.66, 3.947, 0.292, 1.797, 3.883, 2.618, 12.298, 0.626, 0.09, 4.379, 1.036, 2.338, 0.139, 3.749, 0.152, 0.369, 9.122, 0.136, 2.302, 6.811, 0.181, 3.934, 4.631, 0.048, 3.111, 0.092, 0.661, 8.574, 1.828, 3.755, 6.693, 2.492, 0.0, 3.16, 0.022, 1.561, 2.252, 0.0, 1.694, 2.024, 1.968, 0.02, 0.403, 0.116, 1.422, 2.674, 0.455, 1.536, 0.289, 1.729, 0.015, 0.298, 8.07, 1.254, 0.205, 2.605, 0.851, 8.016, 0.266, 3.389, 1.757, 1.183, 3.068, 0.07, 5.061, 0.202, 0.181, 4.498, 0.054, 0.222, 0.786, 13.801, 5.444, 1.107, 0.169, 0.771, 8.091, 2.909, 5.43, 4.096, 0.927, 0.036, 1.535, 1.593, 0.159, 0.139, 0.088, 2.128, 2.838, 3.367, 0.736, 0.356], "train_overestimate": [22.577, 5.689, 16.49, 1.814, 2.129, 10.602, 8.323, 2.54, 0.006, 1.336, 8.504, 2.639, 0.534, 1.039, 0.0, 4.17, 8.516, 0.279, 1.504, 1.232, 6.539, 0.297, 4.638, 2.777, 0.0, 3.911, 0.42, 0.017, 3.228, 0.1, 0.023, 5.065, 0.174, 4.667, 1.505, 0.0, 0.386, 0.449, 0.005, 0.243, 8.999, 0.18, 6.436, 0.61, 0.308, 11.015, 0.459, 0.3, 0.221, 4.546, 1.951, 2.51, 0.98, 0.412, 1.31, 0.242, 1.361, 0.164, 4.181, 1.617, 0.112, 0.783, 2.425, 0.112, 0.786, 0.022, 1.494, 0.048, 0.283, 0.486, 0.23, 2.861, 0.013, 1.381, 1.749, 0.102, 2.633, 1.484, 0.468, 0.0, 0.0, 0.371, 2.852, 1.028, 0.0, 0.054, 0.0, 0.005, 1.3, 4.827, 0.199, 0.19, 1.236, 1.208, 1.515, 0.058, 0.458, 0.092, 2.72, 2.08], "train_difference": [24.025, 15.923, 18.317, 17.336, 13.126, 11.807, 9.359, 7.375, 17.667, 5.283, 8.796, 4.436, 4.418, 3.657, 12.298, 4.796, 8.606, 4.658, 2.541, 3.57, 6.678, 4.046, 4.79, 3.146, 9.122, 4.047, 2.722, 6.828, 3.409, 4.034, 4.654, 5.113, 3.285, 4.759, 2.166, 8.574, 2.214, 4.205, 6.698, 2.735, 8.999, 3.341, 6.459, 2.171, 2.56, 11.015, 2.153, 2.324, 2.189, 4.566, 2.355, 2.626, 2.402, 3.086, 1.765, 1.777, 1.65, 1.893, 4.195, 1.914, 8.183, 2.037, 2.63, 2.718, 1.637, 8.038, 1.76, 3.437, 2.04, 1.669, 3.298, 2.93, 5.074, 1.583, 1.93, 4.6, 2.687, 1.706, 1.254, 13.801, 5.444, 1.478, 3.021, 1.799, 8.091, 2.963, 5.43, 4.101, 2.227, 4.863, 1.734, 1.783, 1.395, 1.348, 1.603, 2.186, 3.296, 3.459, 3.457, 2.437], "val_mae": [37.828, 33.223, 33.428, 37.36, 27.969, 19.997, 15.615, 14.615, 35.406, 11.874, 12.811, 8.676, 10.52, 8.51, 23.981, 7.837, 13.314, 10.493, 5.96, 7.664, 8.614, 10.071, 6.997, 5.135, 17.775, 5.491, 6.327, 14.455, 5.945, 10.201, 10.688, 7.013, 7.834, 7.653, 4.911, 17.365, 6.035, 10.415, 15.066, 7.861, 12.848, 9.434, 9.67, 5.891, 7.401, 17.824, 5.722, 6.479, 6.421, 6.27, 5.211, 4.189, 5.855, 8.508, 4.784, 6.102, 4.394, 6.482, 5.574, 4.87, 17.032, 6.292, 4.129, 7.99, 5.505, 17.553, 4.319, 9.281, 6.682, 5.651, 8.551, 3.937, 11.892, 4.085, 4.266, 11.986, 3.916, 4.223, 5.015, 26.668, 12.694, 5.82, 5.217, 4.798, 18.054, 8.911, 12.521, 10.877, 4.631, 6.477, 6.399, 6.65, 3.899, 3.884, 3.803, 7.097, 8.511, 9.858, 5.824, 4.512], "val_rmse": [48.787, 42.441, 40.21, 48.768, 38.717, 24.586, 19.417, 19.107, 38.77, 17.341, 16.711, 12.129, 13.808, 11.591, 26.308, 9.96, 15.01, 13.953, 8.424, 10.239, 10.108, 12.366, 8.437, 6.851, 19.609, 7.06, 8.232, 16.936, 8.482, 11.852, 12.399, 8.348, 9.76, 9.967, 6.697, 19.462, 7.908, 13.209, 16.581, 9.561, 14.168, 11.306, 11.172, 7.962, 8.682, 18.916, 7.34, 8.255, 8.067, 7.833, 7.193, 5.839, 8.129, 10.936, 6.41, 7.573, 6.047, 7.602, 7.274, 6.797, 20.855, 8.264, 5.176, 9.685, 7.174, 19.294, 5.725, 10.916, 8.507, 7.264, 10.26, 5.11, 13.419, 5.273, 5.803, 13.816, 5.204, 5.422, 6.319, 28.082, 14.262, 7.121, 6.382, 6.37, 19.561, 10.581, 13.647, 12.63, 5.729, 7.904, 7.859, 8.081, 5.052, 5.01, 4.906, 8.613, 9.436, 12.062, 7.163, 6.036], "val_underestimate": [3.426, 13.593, 5.249, 19.76, 14.531, 3.325, 2.507, 6.834, 19.555, 5.927, 0.941, 3.225, 5.152, 4.055, 13.238, 1.181, 0.538, 5.673, 1.938, 3.507, 0.593, 5.296, 0.652, 0.855, 9.716, 0.518, 3.144, 7.907, 0.575, 5.371, 5.751, 0.326, 4.14, 0.298, 1.711, 9.562, 2.579, 4.864, 8.222, 3.774, 0.012, 5.023, 0.093, 2.877, 3.656, 0.0, 2.724, 3.304, 3.24, 0.269, 1.165, 0.689, 2.763, 4.312, 1.781, 2.858, 1.182, 3.191, 0.284, 1.068, 9.201, 2.504, 1.002, 4.173, 2.597, 9.652, 1.352, 5.049, 3.439, 2.583, 4.47, 0.771, 6.411, 1.619, 1.09, 6.593, 0.693, 1.566, 2.41, 14.731, 6.989, 3.025, 1.179, 2.025, 9.973, 4.863, 6.902, 6.0, 2.105, 0.444, 3.371, 3.451, 1.47, 1.464, 1.376, 3.786, 4.561, 5.168, 1.13, 1.905],