{"val_loss": [0.01523173676347748, 0.012032650615664251, 0.011592517087087294, 0.01141481885093122, 0.010365036178781237, 0.00967937811542975, 0.01018038396937805, 0.010720059688335622, 0.009728061348343746, 0.008792713341285384, 0.009747782783556936, 0.009999491044557848, 0.010039790567235387, 0.009172783936972136, 0.008428826395579058, 0.00818095186574889, 0.008680797470636511, 0.008344607238339248, 0.008263012298913155, 0.008009882219994324, 0.009004471034535931, 0.008520532207209422, 0.008147026638350022, 0.008058134393447998, 0.008056663114580765, 0.009037448948624337, 0.008001516439940638, 0.00788181852274445, 0.008879219784123253, 0.008027252851914253, 0.008023900013843862, 0.008072745350647084, 0.008076018235240352, 0.007451325793630935, 0.008475254135798119, 0.007887208303347708, 0.008863345649539648, 0.007511364885835469, 0.007864244598143463, 0.007760614259394869, 0.007753176955601602, 0.008739856222746312, 0.008272864238177944, 0.008409837936293721, 0.007881684114989993, 0.007944589070070328, 0.007566284324841238, 0.007870941338195634, 0.007312317109204337, 0.007763057007145512], "train_loss": [0.08518738324710284, 0.013799836800899357, 0.01183402915194165, 0.010691296196455369, 0.009861511085546226, 0.009446791933442, 0.009398639947903575, 0.009086504094739212, 0.00859511479302455, 0.008466012573990156, 0.008170574135874631, 0.008246827698712877, 0.007846420628993656, 0.008321698730469507, 0.007762246582387888, 0.007580946725283866, 0.007693659742471937, 0.00768202271683549, 0.007225701635434234, 0.007299036647054891, 0.007783148917042126, 0.007267918205798196, 0.007202920799500134, 0.00686092910291336, 0.006974149715460953, 0.006909827051458706, 0.006889299781505542, 0.0067317953862584545, 0.006690751179121435, 0.006841988135420252, 0.006430096313124523, 0.006390792766978848, 0.006409759169400786, 0.006350873612063879, 0.006511238456369028, 0.0060937372472835705, 0.006323935008367698, 0.006230694832993322, 0.005852680495081586, 0.005910887733989512, 0.005653763717418769, 0.005648651817864447, 0.005532001065148506, 0.0054763143343734555, 0.0054641688393530785, 0.0052890085617036675, 0.005318112062923319, 0.005906110707655898, 0.005097644974739524, 0.005093306079288595], "train_size": 1024, "val_size": 576, "rand_seed": 643, "shuffle": true, "loss_name": "mean_squared_error", "img_dim": [256, 256, 3], "patch_dim": [128, 128, 3], "patches_per_image": 4, "density_map_sigma": 5, "density_map_multiplication_factor": 100.0, "sub_experiment_name": "vgg_cells/n_64_sigma_5_randseed_643_loss_mse_patch_4_128x128", "architecture": "FCRN_A"}