{"val_loss": [0.3313617535373744, 0.2638470208381905, 0.19763193257591305, 0.18687984774656155, 0.16437704280457077, 0.19223275232840986, 0.11476010084152222, 0.11169889388496385, 0.10777684372356709, 0.09652351089479293, 0.08970652487786378, 0.08480516908799901, 0.08747773031320642, 0.08423996755086324, 0.08873605777454727, 0.08698069112484946, 0.0770310314700884, 0.07232856854577274, 0.06821932325906613, 0.06966896519503173, 0.06885877952856176, 0.06356028267456328, 0.06267230231862735, 0.0658973825218923, 0.061507752877386176, 0.06362016482607406, 0.06443271722973269, 0.056900223634917944, 0.0610179587486474, 0.07583275399006464, 0.06890151356620823, 0.06408143689965501, 0.06660289177671075, 0.05817824651432388, 0.06886182637775645, 0.08061972254996791, 0.06786843526231892, 0.0642431887852795, 0.056995266062371874, 0.056504300412009746, 0.05246361260138014, 0.055129669907995886, 0.053435896797215235, 0.04954379388843389, 0.05108941083445268, 0.05220411895938656, 0.05137979521361344, 0.04997454742517542, 0.04828503812827608, 0.047800661256427276, 0.04787172533243018, 0.049745436237358, 0.04966665902996764, 0.05408917928991072, 0.049125541138517505, 0.047888910781372994, 0.046656791805563605, 0.045972178772311, 0.04570513958220973, 0.044877535307451207, 0.045092025004765564, 0.045626962995704484, 0.0566787455121384, 0.057437206481528634, 0.05666145822033286, 0.057763919152100295, 0.05373813855626127, 0.05432493193075061, 0.04929351565592429, 0.053456954630639625, 0.04594519630293636, 0.044982436195235044, 0.044501427698003894, 0.04481665951692883, 0.04324705556363744, 0.04289734396426117, 0.04234771296272383, 0.0430104954935172, 0.047440017518751765, 0.04516299438717611, 0.04210875355912482, 0.04178981195368311, 0.051009496756117136, 0.044443355626700556, 0.042139423490666295, 0.042020080200232124, 0.044803550412111426, 0.041237274047863835, 0.0431753585991614, 0.04172710017027224, 0.04191355771549484, 0.042238686672028375, 0.04125100727576543, 0.04331593738649698, 0.040613382506896466, 0.04506101535961909, 0.041677944362163544, 0.04043417895103202, 0.04463732124799315, 0.0420514372013071], "train_mae": [251.145, 91.205, 88.613, 55.204, 37.514, 83.703, 41.56, 63.866, 20.114, 16.78, 13.511, 36.981, 50.49, 46.049, 56.334, 55.932, 40.878, 35.455, 7.641, 35.628, 36.628, 13.063, 27.363, 35.536, 5.918, 35.851, 12.605, 16.929, 33.878, 53.209, 46.603, 40.467, 44.165, 31.093, 47.204, 59.08, 21.719, 10.36, 27.325, 27.886, 17.921, 28.441, 25.219, 12.383, 4.484, 6.51, 5.816, 4.875, 8.186, 9.318, 10.429, 6.035, 22.053, 32.502, 22.007, 19.341, 13.183, 10.868, 11.059, 10.268, 10.137, 15.658, 37.135, 36.938, 37.139, 38.582, 33.244, 34.198, 27.704, 34.814, 18.014, 17.312, 14.213, 18.41, 7.425, 14.435, 7.07, 4.948, 27.32, 6.963, 9.155, 7.462, 32.118, 21.609, 12.92, 5.957, 5.856, 8.181, 19.014, 3.197, 14.655, 17.91, 8.805, 5.499, 11.239, 22.515, 4.307, 5.392, 8.078, 4.375], "train_rmse": [259.538, 93.144, 98.866, 66.782, 48.446, 85.45, 51.935, 73.18, 23.259, 20.617, 17.22, 41.595, 54.946, 49.999, 59.491, 58.75, 42.875, 37.383, 9.441, 37.878, 38.28, 14.817, 29.178, 37.56, 7.38, 38.025, 14.203, 19.062, 36.451, 55.853, 49.689, 43.522, 47.275, 33.987, 49.563, 61.828, 22.739, 12.155, 29.429, 30.06, 20.102, 30.432, 27.669, 13.966, 5.631, 7.701, 7.22, 5.961, 9.643, 11.196, 12.828, 7.024, 23.261, 34.095, 24.042, 20.657, 14.41, 12.958, 12.793, 12.072, 12.308, 16.862, 38.762, 38.328, 38.84, 40.466, 34.727, 35.762, 29.778, 37.08, 18.824, 18.891, 15.918, 19.895, 8.966, 16.147, 8.661, 6.562, 29.004, 7.93, 10.829, 8.951, 33.661, 23.327, 14.349, 7.415, 6.676, 9.594, 20.768, 4.37, 15.971, 19.517, 10.116, 6.208, 12.954, 23.52, 5.72, 6.819, 8.95, 5.25], "train_underestimate": [124.928, 0.0, 44.079, 27.172, 17.52, 0.0, 20.33, 31.769, 3.503, 4.991, 4.674, 18.396, 25.115, 22.907, 28.023, 27.822, 20.334, 17.637, 3.541, 17.723, 18.22, 6.381, 13.611, 17.677, 1.003, 17.834, 0.078, 8.393, 16.852, 26.468, 23.182, 20.13, 21.969, 15.467, 23.481, 29.388, 0.0, 0.58, 13.592, 13.871, 8.914, 14.147, 12.545, 6.141, 1.067, 0.671, 1.51, 0.936, 4.01, 4.546, 5.013, 0.412, 10.97, 16.168, 10.947, 9.621, 6.558, 5.333, 5.494, 5.089, 4.975, 7.789, 18.472, 18.374, 18.474, 19.192, 16.537, 17.012, 13.781, 17.318, 8.961, 8.612, 7.07, 9.158, 3.641, 7.181, 3.45, 2.122, 13.59, 0.137, 4.526, 3.673, 15.977, 10.749, 6.427, 2.821, 0.399, 4.043, 9.458, 0.687, 7.29, 8.909, 4.367, 0.357, 5.581, 11.2, 1.744, 2.521, 0.072, 1.014], "train_overestimate": [0.0, 45.368, 0.0, 0.288, 1.141, 41.637, 0.343, 0.0, 6.502, 3.356, 2.047, 0.0, 0.0, 0.0, 0.0, 0.0, 0.0, 0.0, 0.26, 0.0, 0.0, 0.117, 0.0, 0.0, 1.941, 0.0, 6.192, 0.028, 0.0, 0.0, 0.0, 0.0, 0.0, 0.0, 0.0, 0.0, 10.804, 4.574, 0.0, 0.0, 0.0, 0.0, 0.0, 0.019, 1.163, 2.567, 1.383, 1.489, 0.062, 0.089, 0.175, 2.59, 0.0, 0.0, 0.0, 0.0, 0.0, 0.073, 0.008, 0.018, 0.068, 0.0, 0.0, 0.0, 0.0, 0.0, 0.0, 0.0, 0.0, 0.0, 0.0, 0.0, 0.0, 0.0, 0.053, 0.0, 0.067, 0.339, 0.0, 3.326, 0.028, 0.039, 0.0, 0.0, 0.0, 0.142, 2.514, 0.027, 0.0, 0.904, 0.0, 0.0, 0.013, 2.379, 0.01, 0.0, 0.398, 0.161, 3.946, 1.162], "train_difference": [124.928, 45.368, 44.079, 27.46, 18.661, 41.637, 20.673, 31.769, 10.006, 8.347, 6.721, 18.396, 25.115, 22.907, 28.023, 27.822, 20.334, 17.637, 3.801, 17.723, 18.22, 6.498, 13.611, 17.677, 2.944, 17.834, 6.27, 8.421, 16.852, 26.468, 23.182, 20.13, 21.969, 15.467, 23.481, 29.388, 10.804, 5.153, 13.592, 13.871, 8.914, 14.147, 12.545, 6.16, 2.23, 3.238, 2.893, 2.425, 4.072, 4.635, 5.188, 3.002, 10.97, 16.168, 10.947, 9.621, 6.558, 5.406, 5.501, 5.108, 5.042, 7.789, 18.472, 18.374, 18.474, 19.192, 16.537, 17.012, 13.781, 17.318, 8.961, 8.612, 7.07, 9.158, 3.694, 7.181, 3.517, 2.461, 13.59, 3.464, 4.554, 3.712, 15.977, 10.749, 6.427, 2.963, 2.913, 4.07, 9.458, 1.59, 7.29, 8.909, 4.38, 2.735, 5.591, 11.2, 2.142, 2.682, 4.018, 2.176], "val_mae": [216.852, 98.62, 66.481, 38.086, 27.096, 89.51, 27.996, 46.592, 19.326, 12.562, 9.322, 28.525, 40.439, 36.978, 47.169, 47.231, 35.116, 30.252, 7.582, 29.82, 31.757, 10.878, 23.519, 30.201, 4.941, 30.591, 10.904, 14.138, 28.27, 45.222, 38.732, 33.449, 36.631, 25.488, 40.439, 50.412, 20.269, 10.645, 23.288, 23.633, 15.157, 24.332, 20.794, 11.195, 3.769, 5.801, 4.795, 3.691, 8.383, 8.079, 8.412, 4.802, 19.735, 28.291, 18.609, 17.371, 12.469, 9.162, 9.82, 9.063, 8.535, 14.271, 32.425, 32.577, 32.135, 33.303, 29.21, 30.002, 23.406, 29.404, 17.215, 14.886, 12.417, 16.15, 7.108, 12.539, 6.677, 4.891, 23.612, 4.783, 8.319, 7.286, 28.065, 18.506, 11.554, 5.939, 5.562, 8.057, 16.333, 3.252, 13.077, 15.516, 8.529, 5.226, 10.012, 20.553, 4.457, 5.664, 6.051, 4.51], "val_rmse": [226.095, 99.484, 77.228, 48.524, 33.588, 90.236, 36.403, 55.482, 22.287, 15.409, 11.861, 32.144, 44.028, 40.209, 49.845, 49.624, 36.648, 31.758, 9.112, 31.682, 33.148, 12.575, 24.953, 32.031, 6.816, 32.461, 12.89, 15.921, 30.5, 47.851, 41.642, 36.27, 39.597, 28.145, 42.739, 53.224, 21.36, 12.007, 25.326, 25.763, 17.312, 26.453, 23.37, 12.701, 4.937, 6.987, 6.098, 5.018, 9.616, 9.952, 10.82, 6.013, 21.136, 30.115, 20.849, 18.856, 13.744, 11.349, 11.619, 10.935, 10.726, 15.628, 34.305, 34.23, 34.226, 35.586, 31.008, 31.905, 25.85, 31.982, 18.236, 16.821, 14.421, 17.933, 8.742, 14.513, 8.332, 6.462, 25.67, 5.808, 10.128, 8.849, 30.04, 20.482, 13.29, 7.394, 6.548, 9.511, 18.402, 4.27, 14.768, 17.478, 10.09, 6.21, 11.985, 21.92, 5.923, 7.141, 6.987, 5.719],