{"val_loss": [0.015790155334090943, 0.013249647849281447, 0.012640548032828115, 0.011287213432094885, 0.010332222482247744, 0.010246925153599781, 0.010297484255311752, 0.01002198648509673, 0.010180987461555761, 0.009498704535063653, 0.009265762542377666, 0.009263639638649894, 0.008903281205372574, 0.009337627624417009, 0.009307141859608237, 0.009060841900767022, 0.008725458112975402, 0.008702501721927547, 0.008745191707122204, 0.009053891122473741, 0.009816161673976845, 0.00920807530039585, 0.008395653416098665, 0.008532834918595553, 0.008619618189388549, 0.008362696212013057, 0.008823983846216125, 0.009057940889558976, 0.008557144992866798, 0.009282954190590923], "train_loss": [0.037134249965674826, 0.01235759156588756, 0.010472572790604318, 0.009637404238674208, 0.00876862160021119, 0.008576643919695925, 0.008916078425500018, 0.007959116857819026, 0.007689273124015017, 0.007541276706433564, 0.007305547649593791, 0.00745036700664059, 0.007129144277314481, 0.0069837384198763175, 0.006777597422114923, 0.006686396797704219, 0.0065069431093434105, 0.006738542059792962, 0.006425578184462211, 0.006115416448665201, 0.006085037185584952, 0.0060099735974290525, 0.0056530190422563464, 0.005883765793441853, 0.005634606136482034, 0.005544740251934854, 0.005303050910697493, 0.00515111373806576, 0.0050429482780600665, 0.005052837287621514], "train_size": 1024, "val_size": 576, "rand_seed": 645, "shuffle": true, "loss_name": "mean_squared_error", "img_dim": [256, 256, 3], "patch_dim": [128, 128, 3], "patches_per_image": 4, "density_map_sigma": 5, "density_map_multiplication_factor": 100.0, "sub_experiment_name": "vgg_cells/n_64_sigma_5_randseed_645_loss_mse_patch_4_128x128", "architecture": "UNet"}