{"val_loss": [0.18026141931905465, 0.1588091978474575, 0.1358451447723543, 0.10855917210745461, 0.09962928580010638, 0.09402016484562088, 0.08416794355520431, 0.08000796151292675, 0.07234782479046022, 0.06677469397511553, 0.07594668306410313, 0.06645259781576254, 0.05934814988251995, 0.0557701375664157, 0.05366985497119672, 0.05427751838065246, 0.058995393543120694, 0.061148918261203694, 0.05773236336843932, 0.059346544145442104, 0.05560850434224395, 0.051459689049378914, 0.04969155541895067, 0.0493090207250241, 0.04838477806462085, 0.04721746415666798, 0.04818364758701885, 0.0465651289012064, 0.04575599795755218, 0.0469167824177181, 0.04678735317771926, 0.04559823961051948, 0.04532652781071032, 0.04575795425540384, 0.05326109834234504, 0.045583230196772254, 0.047905863262712955, 0.04434839159469394, 0.04406821440138361, 0.04914962681119933, 0.046520352774464035, 0.045097029110526335, 0.04522708704804673, 0.05350020952413187, 0.05115126270581694, 0.05028285039588809, 0.0460497866220334, 0.04608666302417131, 0.04538606622201555, 0.04336019347914878, 0.04322586016839042, 0.045658261980861425, 0.0429454100153902, 0.04219063018065165, 0.04396810010075569, 0.043681598295841145, 0.0422061455764753, 0.04306884192149429, 0.04955703650108155, 0.043423663550878275, 0.04471263204536894, 0.043842864168040896, 0.04393144538078238, 0.044821510146207666, 0.04363753665786456, 0.04270628174109494, 0.04277877476723755, 0.04267717547276441, 0.04262870646027081, 0.04269452184876975, 0.047026749152471035, 0.04975716325947467, 0.04653654316001955, 0.04269030873718507, 0.04151973766548669, 0.0444357232464587, 0.04489880849552505, 0.0450858399271965, 0.041374793769243884, 0.04325063041794826, 0.04718444877139786, 0.04330674495876712, 0.04518188390990391, 0.04173671163837699, 0.0438536946552203, 0.04352404289495419, 0.0440105521120131, 0.041681341333862615, 0.04832352152751649, 0.04200439423541812, 0.04199619892546359, 0.04095199087853817, 0.04085254984195618, 0.040822470478494376, 0.042254094198784405, 0.04245513647466021, 0.041301205973414815, 0.04474345257724909, 0.042109192212057465, 0.045614501269643795], "train_mae": [59.876, 28.38, 20.566, 10.415, 36.062, 42.089, 33.443, 39.514, 15.309, 16.952, 44.94, 32.05, 12.085, 9.224, 15.395, 21.715, 8.435, 33.681, 4.418, 35.068, 4.897, 7.969, 16.157, 19.171, 7.821, 11.26, 20.033, 11.363, 11.141, 15.694, 15.794, 14.896, 5.695, 15.168, 33.238, 8.984, 3.738, 7.648, 7.178, 8.972, 14.583, 4.071, 3.536, 12.833, 28.484, 6.355, 17.978, 3.447, 19.087, 12.837, 14.565, 21.929, 6.727, 9.204, 3.085, 2.99, 12.357, 3.634, 11.499, 7.785, 9.33, 17.187, 4.255, 4.417, 3.18, 4.451, 3.636, 3.572, 3.902, 6.912, 8.156, 12.598, 7.97, 3.846, 10.791, 21.52, 21.391, 18.487, 8.198, 2.938, 6.418, 3.213, 24.189, 8.923, 3.678, 2.876, 22.142, 10.203, 10.194, 14.08, 17.789, 8.892, 10.16, 7.12, 15.706, 16.927, 13.224, 22.145, 17.386, 5.137], "train_rmse": [67.585, 32.232, 23.063, 12.484, 38.567, 44.029, 35.479, 41.261, 17.326, 18.076, 46.084, 32.994, 13.644, 10.539, 16.332, 23.886, 9.658, 34.622, 5.687, 36.483, 6.306, 9.169, 17.715, 20.231, 9.139, 12.93, 21.1, 13.018, 12.314, 17.225, 16.531, 17.124, 6.74, 16.406, 34.756, 10.274, 4.844, 8.895, 8.438, 9.876, 15.206, 4.944, 4.289, 14.581, 29.189, 7.842, 18.873, 4.332, 19.993, 14.142, 15.664, 23.049, 7.55, 10.639, 3.885, 3.661, 13.434, 4.438, 12.107, 8.602, 10.039, 18.386, 5.188, 5.518, 3.771, 5.356, 4.409, 4.35, 4.73, 7.648, 8.984, 13.746, 8.748, 4.511, 12.36, 22.491, 22.927, 19.353, 9.449, 3.627, 7.188, 3.884, 25.116, 10.423, 4.657, 3.446, 23.497, 11.043, 10.759, 14.87, 18.747, 9.843, 11.291, 7.955, 16.477, 17.827, 14.821, 23.074, 18.713, 6.126], "train_underestimate": [31.364, 0.361, 0.852, 2.385, 18.89, 22.047, 17.518, 20.698, 7.994, 8.88, 23.541, 16.788, 6.285, 4.76, 8.064, 11.375, 4.254, 17.643, 0.482, 18.369, 0.337, 4.092, 8.463, 10.042, 3.899, 5.848, 10.494, 5.905, 5.818, 8.221, 8.273, 7.8, 2.812, 7.946, 17.411, 4.654, 0.386, 3.885, 3.491, 0.0, 7.639, 1.355, 1.097, 0.0, 14.92, 0.206, 9.417, 0.746, 9.998, 6.724, 7.629, 11.487, 3.47, 4.766, 0.683, 0.949, 6.473, 1.472, 0.0, 4.063, 4.887, 9.003, 2.052, 0.102, 0.857, 2.19, 1.613, 1.443, 1.913, 3.602, 0.0, 0.0, 0.0, 1.684, 5.652, 11.273, 11.205, 9.684, 4.272, 1.208, 0.007, 1.265, 12.67, 4.516, 0.09, 0.815, 11.598, 5.344, 0.0, 7.375, 9.318, 4.658, 5.322, 3.702, 8.227, 8.867, 6.927, 11.6, 9.107, 0.002], "train_overestimate": [0.0, 14.505, 9.921, 3.071, 0.0, 0.0, 0.0, 0.0, 0.025, 0.0, 0.0, 0.0, 0.045, 0.072, 0.0, 0.0, 0.165, 0.0, 1.833, 0.0, 2.228, 0.082, 0.0, 0.0, 0.198, 0.05, 0.0, 0.047, 0.018, 0.0, 0.0, 0.003, 0.171, 0.0, 0.0, 0.052, 1.572, 0.121, 0.268, 4.7, 0.0, 0.777, 0.755, 6.722, 0.0, 3.122, 0.0, 1.06, 0.0, 0.0, 0.0, 0.0, 0.054, 0.055, 0.933, 0.617, 0.0, 0.432, 6.023, 0.014, 0.0, 0.0, 0.177, 2.212, 0.809, 0.142, 0.291, 0.428, 0.131, 0.019, 4.272, 6.599, 4.175, 0.331, 0.0, 0.0, 0.0, 0.0, 0.022, 0.331, 3.354, 0.418, 0.0, 0.159, 1.836, 0.692, 0.0, 0.0, 5.34, 0.0, 0.0, 0.0, 0.0, 0.027, 0.0, 0.0, 0.0, 0.0, 0.0, 2.688], "train_difference": [31.364, 14.866, 10.773, 5.456, 18.89, 22.047, 17.518, 20.698, 8.019, 8.88, 23.541, 16.788, 6.33, 4.831, 8.064, 11.375, 4.419, 17.643, 2.314, 18.369, 2.565, 4.174, 8.463, 10.042, 4.097, 5.898, 10.494, 5.952, 5.836, 8.221, 8.273, 7.803, 2.983, 7.946, 17.411, 4.706, 1.958, 4.006, 3.76, 4.7, 7.639, 2.132, 1.852, 6.722, 14.92, 3.329, 9.417, 1.806, 9.998, 6.724, 7.629, 11.487, 3.524, 4.821, 1.616, 1.566, 6.473, 1.904, 6.023, 4.078, 4.887, 9.003, 2.229, 2.314, 1.666, 2.332, 1.905, 1.871, 2.044, 3.621, 4.272, 6.599, 4.175, 2.014, 5.652, 11.273, 11.205, 9.684, 4.294, 1.539, 3.362, 1.683, 12.67, 4.674, 1.926, 1.507, 11.598, 5.344, 5.34, 7.375, 9.318, 4.658, 5.322, 3.73, 8.227, 8.867, 6.927, 11.6, 9.107, 2.691], "val_mae": [51.774, 32.972, 23.979, 12.541, 32.867, 39.383, 31.295, 37.034, 14.115, 16.431, 41.706, 29.605, 10.66, 7.939, 13.763, 18.36, 8.306, 31.119, 5.153, 31.368, 5.505, 6.569, 13.323, 16.654, 6.447, 9.224, 17.49, 9.273, 9.015, 12.83, 13.898, 12.286, 4.302, 12.59, 29.398, 7.376, 4.837, 6.03, 5.697, 9.834, 13.144, 3.909, 3.392, 12.301, 25.752, 8.475, 15.693, 3.549, 16.674, 10.383, 12.183, 18.87, 5.455, 7.368, 3.303, 3.078, 10.099, 3.284, 12.731, 6.674, 8.235, 14.433, 3.794, 5.817, 3.644, 3.743, 3.086, 3.228, 3.459, 5.825, 9.861, 12.929, 9.157, 3.328, 8.924, 18.765, 19.081, 16.175, 6.803, 3.059, 7.522, 3.035, 21.196, 7.357, 4.878, 3.154, 19.318, 8.439, 10.608, 12.213, 15.457, 7.292, 8.517, 5.823, 13.65, 14.915, 11.056, 19.548, 14.921, 6.227], "val_rmse": [64.092, 36.627, 26.812, 14.962, 36.846, 42.446, 34.509, 39.904, 17.185, 17.587, 43.745, 31.285, 12.972, 9.682, 15.14, 22.099, 9.618, 32.791, 6.011, 33.74, 6.479, 8.312, 15.852, 18.358, 8.199, 11.546, 19.122, 11.502, 10.679, 15.261, 14.856, 15.319, 5.696, 14.5, 31.789, 9.176, 5.737, 7.665, 7.28, 10.621, 13.925, 4.853, 4.454, 14.364, 26.826, 9.567, 17.062, 4.36, 17.963, 12.249, 13.745, 20.648, 6.586, 9.122, 4.075, 4.005, 11.544, 4.376, 13.422, 7.869, 9.284, 16.303, 5.012, 6.744, 4.536, 5.056, 4.398, 4.397, 4.531, 6.998, 10.623, 14.549, 9.998, 4.57, 10.9, 20.248, 21.152, 17.654, 8.305, 4.211, 8.291, 4.193, 22.73, 9.329, 5.705, 4.182, 21.438, 9.844, 11.464, 13.451, 16.945, 8.71, 10.06, 7.21, 14.806, 16.228, 13.312, 20.962, 16.981, 7.203], "val_underestimate": [29.456, 0.752, 1.084, 2.575, 18.724, 22.437, 17.829, 21.098, 8.041, 9.361, 23.76, 16.866, 5.954, 4.416, 7.841, 10.455, 4.601, 17.729, 0.601, 17.871, 0.351, 3.687, 7.569, 9.488, 3.233, 5.077, 9.964, 5.083, 5.085, 7.237, 7.918, 6.871, 2.266, 7.171, 16.748, 4.108, 0.346, 3.205, 2.733, 0.008, 7.488, 0.964, 0.795, 0.013, 14.671, 0.281, 8.94, 0.535, 9.499, 5.864, 6.941, 10.75, 3.043, 3.999, 0.549, 0.756, 5.743, 1.041, 0.0, 3.746, 4.691, 8.223, 1.776, 0.181, 0.673, 1.705, 1.153, 0.984, 1.582, 3.211, 0.021, 0.0, 0.027, 1.211, 4.938, 10.69, 10.871, 9.215, 3.74, 1.007, 0.074, 0.95, 12.076, 3.757, 0.207, 0.73, 11.006, 4.755, 0.0, 6.958, 8.806, 4.082, 4.791, 3.209, 7.777, 8.497, 6.224, 11.137, 8.501, 0.148],