{"val_loss": [0.020780632784675724, 0.013841877749441397, 0.013007012294752606, 0.012907853514822336, 0.01355146172521499, 0.011082667443748933, 0.010512193511685301, 0.010358873880785028, 0.010673814887174076, 0.009823765269068056, 0.01082246342454763, 0.01059616172728163, 0.010867599718681852, 0.009796663100774716, 0.010329404991138932, 0.009557334767176892, 0.009791422270127977, 0.010073757777932128, 0.009239131564005647, 0.00931403966002536, 0.009250606183152687, 0.009316318527827902, 0.013343385117931414, 0.00926985244223033, 0.009064340509426342, 0.00912415979687734, 0.008985074013574323, 0.00926675912235035, 0.009422292221536148, 0.009854728347978807, 0.009610529777680366, 0.008806986141708502, 0.008948607398184216, 0.008642393698905567, 0.009442530861847712, 0.009033883678164463, 0.008813104358256062, 0.009968444689387552, 0.00923919293713612, 0.008924571707479224, 0.010575853999612531, 0.008779812283404787, 0.008714214584816707, 0.008940911663932424, 0.009099925563478953, 0.009206904891470913, 0.008648781807042885, 0.008653216740533346, 0.008707620330075288, 0.008648057960646624], "train_loss": [0.07328136111027561, 0.02056641017770744, 0.014719107457494829, 0.01285897622074117, 0.011521776294102892, 0.0116579816894955, 0.009933869256201433, 0.009695950759123662, 0.00955015162617201, 0.009471924038734869, 0.009008954988530604, 0.00860279601511138, 0.00928470007784199, 0.00863282790305675, 0.01021598648003419, 0.008364698613149812, 0.008087817148407339, 0.008062307224463439, 0.007804501237842487, 0.00750691449502483, 0.008638530722237192, 0.007388180698399083, 0.00724092582186131, 0.007447526606483734, 0.00868011519924039, 0.007090010065439856, 0.007065030413286877, 0.00710122357304499, 0.006670311067864532, 0.006932059233804466, 0.0070028485661168816, 0.006754006699338788, 0.006562004886291106, 0.006725869909132598, 0.00666228467162, 0.006023194722729386, 0.006200119660206838, 0.006402866520147654, 0.0062858978108124575, 0.005927502370468574, 0.0059027690840594005, 0.005609143890978885, 0.00577078651622287, 0.0055643990217504324, 0.005663881949658389, 0.005871268298506038, 0.005284447690428351, 0.005074735252492246, 0.005367542782551027, 0.005134806157002458], "train_size": 512, "val_size": 1088, "rand_seed": 323, "shuffle": true, "loss_name": "mean_squared_error", "img_dim": [256, 256, 3], "patch_dim": [128, 128, 3], "patches_per_image": 4, "density_map_sigma": 5, "density_map_multiplication_factor": 100.0, "sub_experiment_name": "vgg_cells/n_32_sigma_5_randseed_323_loss_mse_patch_4_128x128", "architecture": "FCRN_A"}