{"val_loss": [0.011118871442329906, 0.011894977639338536, 0.00626455185631451, 0.006156191232816234, 0.006395770989697399, 0.005754391395813026, 0.005720386971541516, 0.005413481695166624, 0.007017790420136675, 0.005473352612063857, 0.005362978471834247, 0.006408869813800694, 0.00500375775503498, 0.004881256164641373, 0.006069087838006774, 0.006549810490469099, 0.005669160785413731, 0.0047038256444091745, 0.005410454121160643, 0.004697335740809863, 0.00476013809127514, 0.004681688390251913, 0.004744466687899309, 0.004726043971673147, 0.004685542563118574, 0.004603676038052928, 0.005378859128006084, 0.00438034066471172, 0.00480081408718166, 0.004929430479023722, 0.004634741919824805, 0.00498966914764263, 0.004947100630969918, 0.004551121492862448, 0.004389983271561077, 0.004502736703751211, 0.00429400450668575, 0.004383118030305281, 0.004289435584937832, 0.004642622510479722, 0.004306769223202376, 0.004466140377082732, 0.00492124042883755, 0.004415488071679326, 0.004334544075284023, 0.004788402473637047, 0.004395449294700965, 0.004782556087400949, 0.004931057520747452, 0.0045126329864347905], "train_loss": [0.051965552593173925, 0.009905056853312999, 0.006973703275434673, 0.005986068621496088, 0.005555069163165172, 0.0055293884688580874, 0.005269442632197752, 0.004864702420491085, 0.004944580978190061, 0.004787339172253269, 0.0045266264451129246, 0.004378148934847559, 0.004446486867891508, 0.004389775200252188, 0.004020702725028968, 0.00415126591178705, 0.004079017868207302, 0.004072221818205435, 0.003919563160707185, 0.004045393739033898, 0.003650430699963181, 0.0037814793913639733, 0.003756042387976777, 0.003663603491077083, 0.0035801313124466105, 0.003642607818619581, 0.0034351303556832136, 0.0034175147129644756, 0.003461160313236178, 0.003402819389521028, 0.0033497897302368074, 0.0032433841297461186, 0.003285286543359689, 0.0032762834043751354, 0.0032463929328514496, 0.003165322234053747, 0.0030973154771345435, 0.0029564423493866343, 0.00307609875289927, 0.002953651885945874, 0.002906659821746871, 0.0032102217810461298, 0.00279182539179601, 0.0028222988066772814, 0.0027212648492422886, 0.002744308289493347, 0.0028356567354421713, 0.0026789528765220894, 0.0026788456616486656, 0.0026120803249796154], "train_size": 512, "val_size": 1088, "rand_seed": 321, "shuffle": true, "loss_name": "logcosh", "img_dim": [256, 256, 3], "patch_dim": [128, 128, 3], "patches_per_image": 4, "density_map_sigma": 5, "density_map_multiplication_factor": 100.0, "sub_experiment_name": "vgg_cells/n_32_sigma_5_randseed_321_loss_logcosh_patch_4_128x128", "architecture": "FCRN_A"}