{"val_loss": [1.268915379140526, 1.2749719412066043, 1.422775105573237, 1.0739202708005906, 1.435602466762066, 1.0769243312068284, 1.12314638979733, 0.8969718948937953, 0.9172710474580527, 0.9582673881202937, 1.4794168263673781, 1.1028676595538855, 2.201965418085456, 0.7613954408094287, 0.9226695906370879, 0.8229391137138009, 0.8141822759993375, 0.9035875080153346, 0.6781186553649604, 0.8325091136619449, 0.7292625741101801, 0.7569231143221259, 1.3141921118833124, 1.016112134605646, 0.7976242487318814, 1.4275561982765794, 1.39084933642298, 1.425393943861127, 1.4258734658360481, 1.4313974936492742, 1.4275876903906464, 1.4269100727513433, 1.4267820630222559, 1.427173274755478, 1.4276850271970034, 1.4270411094650626, 1.4266368228942157, 1.4268312405794858, 1.4274353390559553, 1.4275713503360747, 0.9695761116221547, 0.7236888932995498, 0.8787703216075897, 1.1421202296391129, 0.5981486861594021, 0.7502831794321537, 0.6821655560284853, 0.57713144402951, 0.6037862695753574, 0.7129084000363946, 0.7117774145677686, 0.7059869159013032, 0.6046894216910005, 0.522776101436466, 0.5615203245542943, 0.5409130917862057, 0.6052151283249259, 0.5983490408398211, 0.6750994271598756, 0.5788931836374104, 1.4337960318662226, 1.4287102000787855, 1.426406727358699, 1.4276364950463176, 1.4284798035398125, 1.4279446616768836, 1.4272255277261139, 1.427565578557551, 1.4276690248399972, 1.428468895703554, 1.425645394437015, 1.4268220299854875, 1.427284943498671, 1.4274892436340452, 1.4274489225819706, 1.4275364015251397, 1.427006941847503, 1.427764249779284, 1.427841079607606, 1.4277398420497776, 1.4273732855916024, 1.4276927592232824, 1.427567221224308, 1.4272640304639936, 1.4273640839383006, 1.427681439742446, 1.4265327051281929, 1.427287677116692, 1.4276775870472194, 1.4272326800972224, 1.4280707508325576, 1.4286690233275294, 1.427856595441699, 1.428537209890783, 1.4269878923892976, 1.4268745724111795, 1.4273666160181164, 1.427098205126822, 1.4273955846205353, 1.42845887709409], "train_loss": [1.1223254497046582, 0.9709943440044299, 0.965868509071879, 1.02616442424478, 0.7928501749702264, 1.073905950493645, 0.7502070917515085, 0.9271775611792691, 0.8074818273133133, 0.64375106820371, 0.7090604619588703, 1.0136564900865779, 0.8890436545363627, 0.8056004640005995, 0.8876180999097414, 0.7665649414760992, 0.6498011941614095, 0.769746858329745, 0.6960545922047459, 0.7191393847053404, 0.610192632349208, 0.5996594254043884, 0.6592365187418181, 0.8198141097906045, 0.6110210882499814, 0.6348322120145895, 0.8620025302865543, 1.0867778645595536, 1.212124485336244, 1.0887514202971942, 1.1674856727709995, 1.1254849136574194, 1.1503066952573135, 1.1117896974319592, 1.0613013386493548, 1.0955915237776934, 1.1391682387446054, 1.0868294368498028, 1.123954604496248, 0.9832315735518933, 0.9418168968753889, 0.6756968168425374, 0.6827483938599471, 0.6245046128286049, 0.5257899720862043, 0.6804376062646043, 0.6646497965615709, 0.5819290603336412, 0.504617598420009, 0.5854363941354677, 0.4802566522732377, 0.4621605132386321, 0.4666942372365156, 0.45160786415217447, 0.5578837763750926, 0.425323208165355, 0.4326739741663914, 0.48154099546954965, 0.49929870355990713, 0.42295295314397663, 1.016318943654187, 1.0541256692027674, 1.1603668155614286, 1.049359818128869, 0.9626208597095683, 1.1335199641762301, 1.0947899096878246, 1.0614598158514128, 0.9890574925579131, 1.0754772365791723, 1.270935947005637, 1.0105252946726977, 1.208557387557812, 1.0780456241685896, 1.0911281750770285, 0.9961712152697146, 1.1643238305347041, 0.9965617440408095, 1.075165775581263, 1.004520355630666, 1.0781125107314438, 1.083368080109358, 1.1029722933424637, 1.1404315808555112, 1.0065219909884036, 1.0311594217084348, 1.1118177840253338, 1.0352284717140718, 1.122508044494316, 1.1019975745351984, 1.0305090780137107, 0.9760658428771422, 1.0979573130141944, 1.0908274033805356, 1.0706520582083612, 1.049548994190991, 1.110733956308104, 1.1149172093253583, 1.0527755749644712, 0.9800693914061412], "train_size": 320, "val_size": 80, "rand_seed": 3201, "shuffle": true, "loss_name": "mean_squared_error", "img_dim": [768, 1024, 3], "patch_dim": [128, 128, 3], "patches_per_image": 32, "density_map_sigma": 10, "density_map_multiplication_factor": 2000.0, "sub_experiment_name": "shanghai_tech/part_b/sigma_10_loss_mse_patch_32_128x128_epochs_100"}