{"val_loss": [1.0329684482680426, 0.1930946277247535, 0.16272380203008652, 0.4755004006955359, 0.18201195407244894, 0.1865367531362507, 0.18344704392883512, 0.18626664620306757, 0.16992649042771923, 0.1550509896543291, 0.13273010837535063, 0.12519396903614202, 0.11249304293758339, 0.10650984860128826, 0.09831785834911796, 0.09975432407938772, 0.09915819236387809, 0.09534337806204955, 0.09513884648266765, 0.08992866561230686, 0.08807697126434909, 0.08504304703738955, 0.08238882892247704, 0.07968722459756666, 0.07811875051508348, 0.07889637257903814, 0.07338261086907652, 0.07571818845139609, 0.0811939619274603, 0.06891373989896642, 0.07331153522762987, 0.06951858599980672, 0.06505648305432664, 0.0690242962187363, 0.07556161646627718, 0.07031111595117384, 0.062254094001319676, 0.06829309748071763, 0.06457996740937233, 0.05865023714593715, 0.06450702244829801, 0.05655844918348723, 0.064027339944409, 0.05507079346312417, 0.06638899450707766, 0.054606101372175746, 0.06336899945098493, 0.06501479912549257, 0.05537199777447515, 0.05308812510015236, 0.055835491925891906, 0.053977376936624445, 0.05109189900880059, 0.056864672909594245, 0.05008008569065067, 0.05499393115234044, 0.04960607928741309, 0.05303934894295202, 0.048553102649748325, 0.05077015841379762, 0.04970516455877158, 0.047416533136533365, 0.04883865981052319, 0.053670176667057805, 0.050938890056891575, 0.04655617941170931, 0.055995539141198, 0.04615596712877353, 0.05452304152357909, 0.04591905827530556, 0.047835239519675575, 0.04518225111274256, 0.04513410437438223, 0.044599976390600204, 0.04623219893417425, 0.06341168905297916, 0.061897086859163314, 0.047023209225800305, 0.04643037071865466, 0.04803764043996731, 0.04843486053869128, 0.05208761115661926, 0.04577858616701431, 0.04402923765074876, 0.04574278017712964, 0.044209004638509616, 0.04340390943818622, 0.04520903191425734, 0.04313262758983506, 0.045998892488165036, 0.04281884742279848, 0.043290525312638946, 0.04272304263172878, 0.042958843159592815, 0.04197094030678272, 0.041389451206972204, 0.04404628566569752, 0.044033298113693796, 0.041135588091694646, 0.042004627123889], "train_mae": [712.412, 40.694, 57.464, 303.08, 120.257, 117.21, 28.394, 25.537, 61.703, 91.132, 28.337, 66.147, 21.259, 14.207, 34.855, 32.792, 13.805, 44.196, 9.393, 39.015, 9.899, 35.228, 10.322, 21.159, 28.501, 5.69, 10.836, 34.537, 45.792, 10.008, 8.304, 30.534, 17.782, 9.604, 18.32, 39.122, 16.281, 12.774, 31.656, 13.672, 12.594, 10.324, 35.697, 9.902, 19.925, 10.042, 36.852, 18.209, 22.009, 14.145, 6.476, 21.379, 7.926, 11.164, 12.837, 27.983, 5.863, 7.722, 8.533, 22.111, 20.154, 7.586, 3.962, 12.25, 8.137, 11.419, 33.158, 7.205, 15.195, 12.956, 20.448, 8.762, 4.698, 5.98, 19.409, 42.677, 24.868, 18.246, 13.104, 4.022, 21.124, 13.97, 17.15, 9.797, 4.188, 15.992, 10.51, 4.774, 4.652, 21.289, 3.897, 2.807, 13.447, 16.178, 12.821, 6.293, 5.799, 6.138, 4.78, 15.252], "train_rmse": [725.706, 49.883, 66.486, 304.308, 127.821, 124.621, 36.206, 32.41, 71.138, 98.548, 36.441, 72.046, 28.203, 19.092, 42.28, 40.444, 18.512, 48.666, 11.841, 42.643, 13.952, 38.475, 13.725, 23.567, 30.635, 7.772, 13.008, 35.896, 47.286, 11.831, 10.187, 31.986, 19.344, 11.49, 19.94, 40.635, 17.611, 14.774, 33.128, 15.309, 14.418, 11.845, 37.308, 11.419, 21.655, 11.781, 38.584, 19.672, 23.238, 15.498, 7.969, 22.413, 9.375, 12.481, 14.034, 29.136, 7.211, 8.997, 9.841, 23.274, 21.242, 8.841, 5.102, 13.376, 9.225, 12.446, 34.543, 8.57, 16.391, 14.203, 21.536, 9.817, 5.996, 7.258, 20.623, 44.532, 25.981, 19.485, 14.821, 5.032, 22.182, 15.347, 18.344, 10.935, 5.039, 17.56, 11.543, 5.75, 5.966, 22.399, 5.263, 3.941, 14.357, 17.299, 13.872, 7.494, 6.511, 6.886, 6.029, 16.288], "train_underestimate": [384.665, 21.356, 31.027, 0.0, 64.932, 63.287, 13.136, 10.407, 33.316, 49.206, 14.555, 35.716, 11.013, 5.252, 18.789, 17.612, 5.32, 23.863, 1.925, 21.066, 4.632, 19.021, 5.354, 11.425, 15.389, 1.348, 5.743, 18.648, 24.725, 5.267, 0.326, 16.487, 9.601, 0.202, 0.0, 21.124, 8.782, 0.064, 17.093, 7.36, 0.065, 5.497, 19.275, 5.269, 0.0, 5.34, 19.898, 0.0, 11.884, 7.637, 0.247, 11.544, 4.19, 0.035, 6.922, 15.109, 2.997, 0.159, 4.546, 11.939, 10.882, 4.03, 0.515, 0.014, 0.101, 6.158, 17.904, 3.812, 0.0, 6.993, 11.041, 4.702, 2.358, 3.143, 10.48, 23.043, 0.0, 9.852, 7.072, 0.509, 11.406, 0.0, 9.26, 5.279, 0.38, 8.635, 5.67, 0.253, 2.383, 11.495, 1.88, 0.732, 7.26, 8.735, 6.923, 3.343, 0.116, 0.098, 2.485, 8.235], "train_overestimate": [0.0, 0.616, 0.0, 163.648, 0.0, 0.0, 2.195, 3.381, 0.0, 0.0, 0.745, 0.0, 0.466, 2.419, 0.03, 0.094, 2.134, 0.0, 3.146, 0.0, 0.713, 0.0, 0.219, 0.0, 0.0, 1.725, 0.108, 0.0, 0.0, 0.137, 4.158, 0.0, 0.0, 4.983, 9.892, 0.0, 0.009, 6.834, 0.0, 0.022, 6.735, 0.077, 0.0, 0.077, 10.758, 0.082, 0.0, 9.832, 0.0, 0.0, 3.25, 0.0, 0.09, 5.993, 0.009, 0.0, 0.169, 4.01, 0.061, 0.0, 0.0, 0.066, 1.624, 6.6, 4.293, 0.008, 0.0, 0.079, 8.205, 0.002, 0.0, 0.029, 0.179, 0.086, 0.0, 0.0, 13.427, 0.0, 0.004, 1.662, 0.0, 7.543, 0.0, 0.011, 1.881, 0.0, 0.005, 2.324, 0.129, 0.0, 0.224, 0.783, 0.0, 0.0, 0.0, 0.055, 3.016, 3.216, 0.096, 0.0], "train_difference": [384.665, 21.973, 31.027, 163.648, 64.932, 63.287, 15.331, 13.789, 33.316, 49.206, 15.301, 35.716, 11.478, 7.671, 18.82, 17.706, 7.454, 23.863, 5.071, 21.066, 5.345, 19.021, 5.573, 11.425, 15.389, 3.072, 5.851, 18.648, 24.725, 5.404, 4.484, 16.487, 9.601, 5.185, 9.892, 21.124, 8.791, 6.897, 17.093, 7.382, 6.8, 5.574, 19.275, 5.347, 10.758, 5.422, 19.898, 9.832, 11.884, 7.637, 3.497, 11.544, 4.28, 6.028, 6.931, 15.109, 3.166, 4.169, 4.607, 11.939, 10.882, 4.096, 2.139, 6.615, 4.394, 6.166, 17.904, 3.89, 8.205, 6.996, 11.041, 4.731, 2.537, 3.229, 10.48, 23.043, 13.427, 9.852, 7.076, 2.172, 11.406, 7.543, 9.26, 5.29, 2.261, 8.635, 5.675, 2.577, 2.512, 11.495, 2.104, 1.516, 7.26, 8.735, 6.923, 3.398, 3.131, 3.314, 2.581, 8.235], "val_mae": [676.965, 35.36, 50.07, 296.022, 109.969, 107.289, 29.346, 29.025, 53.706, 82.431, 25.943, 59.811, 19.442, 17.487, 29.784, 27.906, 16.726, 39.86, 12.421, 35.543, 10.242, 32.023, 9.557, 19.294, 26.151, 6.737, 10.164, 32.294, 42.826, 9.494, 8.548, 28.258, 16.226, 9.372, 17.954, 36.244, 15.05, 12.303, 29.014, 11.902, 12.366, 8.89, 32.481, 8.368, 19.68, 8.137, 33.315, 18.281, 19.559, 12.087, 6.783, 18.934, 6.229, 11.931, 10.624, 24.901, 4.455, 8.509, 6.497, 19.22, 17.368, 5.672, 4.604, 13.18, 9.167, 9.224, 29.556, 5.428, 15.887, 10.521, 17.662, 6.862, 3.682, 4.432, 16.567, 38.481, 25.059, 15.546, 10.466, 5.199, 18.425, 14.572, 14.487, 7.696, 5.322, 13.224, 8.344, 5.39, 3.611, 18.474, 3.453, 3.64, 11.197, 13.699, 10.556, 4.771, 6.816, 7.153, 3.777, 12.868], "val_rmse": [695.492, 48.915, 63.872, 297.554, 121.156, 118.233, 38.244, 35.864, 68.016, 93.528, 37.08, 68.906, 29.339, 22.687, 41.533, 39.974, 21.816, 46.966, 14.914, 41.335, 15.817, 37.229, 14.676, 23.123, 29.527, 9.264, 13.143, 34.36, 45.075, 11.795, 10.605, 30.436, 18.475, 11.504, 19.677, 38.497, 16.85, 14.652, 31.192, 14.267, 14.341, 10.813, 34.815, 10.299, 21.529, 10.646, 35.857, 19.848, 21.298, 13.948, 8.567, 20.293, 8.005, 13.234, 12.165, 26.463, 5.957, 9.982, 8.234, 20.796, 18.821, 7.271, 5.983, 14.392, 10.374, 10.526, 31.497, 7.186, 17.218, 12.282, 19.171, 8.216, 5.111, 6.04, 18.306, 41.151, 26.455, 17.342, 13.084, 6.193, 19.925, 16.293, 16.204, 9.361, 6.319, 15.566, 9.789, 6.917, 5.064, 20.026, 4.716, 4.528, 12.463, 15.308, 12.082, 6.355, 7.846, 8.178, 5.229, 14.36],