{"val_loss": [1.186991410027258, 1.0337500870227814, 0.9739373149350286, 0.9940538405440748, 0.9776437392923981, 1.2302138505736366, 0.7533023287774995, 1.0515409874496982, 0.8813138742931187, 1.441976190917194, 0.8266591323539615, 0.6865509851137176, 0.7679530703928321, 0.6539969469653443, 0.779496888932772, 0.6443362722406164, 0.7195749673526735, 0.6536873187869787, 0.8515239557716996, 0.6305436765542254, 0.6728201560210436, 0.646973920846358, 0.6682518786750734, 0.5650096963858232, 0.5868187580257654, 0.5699029539828189, 0.5509083578013815, 0.5648449753411114, 0.8525233488064259, 1.0111628269311042, 0.5159844204783439, 0.6024012744077482, 0.49878082651412115, 0.6981462065828964, 0.6867434302344918, 0.6237414013361559, 0.5281122725340538, 0.5133060400141403, 0.5587059317855164, 0.5290078282356262, 0.5455328198848293, 0.4628278791671619, 0.49177380648907276, 0.46573456543264913, 0.4922116226633079, 0.46549558505648747, 0.6460866154637188, 0.527720762253739, 0.510245690390002, 0.4545953355380334], "train_loss": [0.7886132979152438, 0.7100276652560058, 0.6694451872285654, 0.6362379143645164, 0.6340009528044378, 0.6128046314471451, 0.5700793899894987, 0.6372878515865175, 0.5893958102748218, 0.5541778311985881, 0.6073947261484649, 0.5324595101542813, 0.5119427644806771, 0.4696858031821195, 0.4811372555709126, 0.46804950737137474, 0.5301366054429599, 0.4451410930281137, 0.4634574141943109, 0.4120271389028145, 0.47580337997337624, 0.4809399043833165, 0.4258342449871537, 0.3975898426976405, 0.3954081790343651, 0.3842400944796113, 0.3661067717384582, 0.34468464581018493, 0.3533070462684331, 0.3354287573244411, 0.3908986304111145, 0.3546461517054757, 0.316068844259556, 0.3360231465416987, 0.3290563087843265, 0.34317022224532023, 0.3033765555716333, 0.32414381204502873, 0.3123250117702088, 0.2774082567625997, 0.31912288884230855, 0.2835102369862851, 0.27930967012481606, 0.29048428583969027, 0.2800131880194328, 0.25644318799730564, 0.34661281180000925, 0.33935087795083213, 0.25194317279062395, 0.2649849794278079], "train_size": 1276, "val_size": 320, "rand_seed": 3201, "shuffle": true, "loss_name": "mean_squared_error", "img_dim": [768, 1024, 3], "patch_dim": [256, 256, 3], "patches_per_image": 16, "density_map_sigma": 10, "density_map_multiplication_factor": 2000.0, "sub_experiment_name": "shanghai_tech/part_b/sigma_10_loss_mse_patch_16_256x256_epochs_50_lr_1e-4", "architecture": "UNet"}