{"val_loss": [0.036073390624663804, 0.02653440370569738, 0.022225605888982838, 0.018310852636572686, 0.016362077750140026, 0.014904303983732891, 0.01346424943767488, 0.02076432149689854, 0.01250539724505768, 0.012121790358168858], "train_mae": [12.686, 9.68, 11.425, 9.206, 6.184, 6.015, 4.417, 13.205, 4.396, 3.75], "train_rmse": [16.155, 11.963, 12.829, 11.712, 8.233, 8.013, 5.505, 14.922, 6.152, 4.633], "train_underestimate": [27.806, 5.541, 2.962, 21.59, 4.437, 13.456, 3.186, 0.751, 9.597, 3.403], "train_overestimate": [2.017, 17.217, 23.898, 0.052, 10.102, 0.686, 7.198, 30.294, 0.738, 5.412], "train_difference": [29.823, 22.758, 26.86, 21.642, 14.539, 14.142, 10.384, 31.045, 10.336, 8.815], "val_mae": [12.595, 9.894, 10.958, 11.479, 6.598, 7.066, 5.124, 13.58, 5.141, 3.997], "val_rmse": [16.291, 12.58, 12.814, 13.955, 8.357, 9.137, 6.357, 15.418, 6.895, 5.054], "val_underestimate": [26.732, 7.025, 4.69, 25.562, 5.59, 15.484, 4.313, 0.744, 11.107, 4.55], "val_overestimate": [1.354, 15.039, 19.746, 0.037, 9.124, 0.272, 7.113, 29.539, 0.357, 4.364], "val_difference": [28.087, 22.064, 24.436, 25.599, 14.714, 15.756, 11.426, 30.283, 11.464, 8.914], "train_loss": [0.050043030533836116, 0.03151779856351722, 0.024126820975992207, 0.01889384110018404, 0.016065393826680114, 0.014426970006445319, 0.01332635535852104, 0.01347820041051212, 0.011870134789237959, 0.010661483683559507], "train_size": 900, "val_size": 89, "rand_seed": 9001, "shuffle": true, "loss_name": "logcosh", "img_dim": [720, 1280, 3], "patch_dim": [128, 128, 3], "patches_per_image": 32, "density_map_sigma": 10, "density_map_multiplication_factor": 2000.0, "sub_experiment_name": "carpk/sigma_10_loss_logcosh_patch_32_128x128_10_epochs"}