{"val_loss": [0.031363705224874944, 0.027660566614940763, 0.017947973993917305, 0.01563293006943746, 0.013919248504357206, 0.012397618020056851, 0.010766483927404301, 0.011377309824133085, 0.010060375821517987, 0.00926933574050458, 0.00839292919004543, 0.007934490742627531, 0.007587440092013114, 0.0073212917745372075, 0.007598038122523576, 0.007034791358617238, 0.00585547306561946, 0.005672186571044019, 0.0054471390806914615, 0.005150997581141483, 0.005914043376429213, 0.005166155625677978, 0.00559723457101629, 0.005552941231548579, 0.004669153961003758, 0.004917729299955277, 0.004714377610879537, 0.00446963454143972, 0.004399853254047533, 0.004494334752154019, 0.004960319978029777, 0.004378338017785508, 0.004488529191197206, 0.0045104989516807515, 0.004135905680919273, 0.0044013733956186725, 0.004200277048059636, 0.004044312207649152, 0.005995673151725593, 0.004512373377413799, 0.004176973682155626, 0.00420025169215579, 0.004690412619513356, 0.004535691059168635, 0.003934445870173577, 0.0038815727893961594, 0.004199079118229242, 0.004145673235244531, 0.004049592313498983, 0.003978125046059076, 0.004998913135043242, 0.005267822953303241, 0.0044753264034322155, 0.0040359239937970415, 0.004300905275158584, 0.004041898295529083, 0.003912579779150999, 0.004596942549041059, 0.0038252673839451745, 0.004018837448610511, 0.003921946591516543, 0.0038613238349272353, 0.004000533878247047, 0.0044440241245966815, 0.0063372373406309634, 0.004234618004476134, 0.004903318119532842, 0.0050545950847057, 0.004584875515623328, 0.004448339435233113, 0.004192181861273841, 0.004097000031227556, 0.003835048628388904, 0.004161578383193248, 0.003973885516946514, 0.0037776342489653164, 0.004106315082430633, 0.0037866652839713627, 0.005019119888958003, 0.00460743042640388, 0.0037496800747855255, 0.0038859292674007723, 0.0039333322670750525, 0.003942068478661693, 0.004020534966710127, 0.003935402996527652, 0.0038441959623014554, 0.003819700639319813, 0.003858035934778551, 0.004134393458823777, 0.004327798616335106, 0.003779168921432251, 0.004957175726303831, 0.004555504633268963, 0.003816334792645648, 0.00401634528599162, 0.003843787789163697, 0.004340295351640735, 0.0038136842033256674, 0.0038740832420040127], "train_mae": [34.811, 22.371, 18.546, 13.977, 12.425, 18.959, 6.238, 33.372, 20.769, 20.273, 4.36, 5.242, 6.655, 12.348, 23.076, 22.408, 4.444, 6.869, 7.48, 4.064, 22.156, 11.707, 19.038, 19.337, 3.54, 12.56, 8.722, 3.406, 4.992, 7.921, 17.765, 8.585, 10.927, 14.365, 5.69, 12.694, 9.513, 5.088, 27.679, 13.953, 8.904, 8.255, 17.3, 12.696, 2.596, 3.097, 10.073, 12.487, 5.968, 4.045, 18.259, 22.597, 8.173, 7.919, 16.826, 5.342, 4.735, 4.665, 4.139, 7.116, 3.514, 4.38, 8.874, 7.652, 29.96, 12.286, 3.769, 5.765, 4.248, 15.302, 7.21, 14.218, 2.605, 7.579, 6.18, 2.901, 12.288, 2.728, 22.547, 15.563, 2.222, 8.139, 8.173, 2.529, 7.749, 7.23, 1.486, 1.31, 3.568, 9.066, 14.485, 1.962, 22.199, 14.13, 2.198, 9.923, 2.666, 9.501, 2.895, 4.464], "train_rmse": [38.942, 28.404, 21.38, 17.53, 14.933, 20.361, 8.346, 34.705, 22.118, 21.234, 5.624, 6.506, 8.311, 14.1, 24.732, 23.994, 5.926, 8.14, 8.96, 5.259, 23.063, 12.607, 19.871, 20.32, 4.628, 13.583, 9.878, 4.472, 6.474, 8.772, 18.477, 9.697, 12.069, 15.315, 6.699, 13.527, 10.729, 6.418, 29.015, 15.318, 9.72, 9.424, 17.982, 13.51, 3.374, 4.183, 10.676, 13.356, 7.054, 4.886, 19.915, 23.525, 9.626, 9.297, 17.382, 6.694, 5.5, 6.582, 4.707, 7.894, 4.145, 5.022, 9.769, 8.886, 31.758, 12.732, 5.265, 8.207, 5.495, 16.049, 8.912, 14.622, 3.088, 8.229, 6.973, 3.647, 13.236, 3.276, 23.257, 16.595, 3.111, 8.929, 8.636, 3.118, 8.274, 7.763, 2.146, 1.779, 3.922, 9.517, 15.267, 2.793, 23.196, 15.061, 3.162, 10.683, 3.215, 10.636, 3.534, 4.91], "train_underestimate": [0.936, 8.272, 2.7, 4.064, 2.762, 0.022, 3.022, 19.036, 11.847, 11.564, 1.468, 2.543, 0.347, 0.032, 0.0, 0.0, 1.928, 3.745, 4.155, 0.75, 12.638, 6.678, 0.0, 0.0, 1.46, 7.165, 4.953, 1.381, 2.679, 0.042, 0.0, 4.884, 6.233, 8.194, 3.174, 0.0, 5.418, 2.753, 15.788, 7.959, 5.079, 0.017, 0.0, 0.0, 0.994, 1.499, 0.0, 7.123, 3.372, 0.137, 0.0, 0.0, 0.0, 4.491, 9.598, 2.978, 0.054, 0.163, 0.169, 4.056, 1.932, 0.029, 5.062, 0.0, 17.089, 7.008, 1.951, 3.026, 0.18, 8.729, 4.062, 8.11, 0.341, 0.0, 0.0, 1.562, 7.009, 1.446, 0.0, 0.0, 0.177, 4.643, 4.662, 0.038, 0.0, 4.124, 0.242, 0.237, 2.031, 0.0, 8.262, 0.076, 0.0, 0.0, 0.243, 5.66, 1.49, 0.0, 1.615, 2.546], "train_overestimate": [18.921, 4.489, 7.879, 3.909, 4.326, 10.793, 0.536, 0.0, 0.0, 0.0, 1.019, 0.447, 3.45, 7.012, 13.163, 12.782, 0.607, 0.174, 0.111, 1.568, 0.0, 0.0, 10.859, 11.03, 0.559, 0.0, 0.022, 0.562, 0.168, 4.476, 10.133, 0.013, 0.0, 0.0, 0.071, 7.241, 0.008, 0.149, 0.0, 0.0, 0.0, 4.691, 9.868, 7.242, 0.487, 0.268, 5.746, 0.0, 0.032, 2.17, 10.415, 12.89, 4.662, 0.026, 0.0, 0.07, 2.647, 2.498, 2.192, 0.003, 0.072, 2.469, 0.0, 4.365, 0.0, 0.0, 0.199, 0.262, 2.244, 0.0, 0.05, 0.0, 1.145, 4.323, 3.525, 0.093, 0.0, 0.11, 12.861, 8.877, 1.091, 0.0, 0.0, 1.405, 4.42, 0.0, 0.606, 0.51, 0.004, 5.171, 0.0, 1.043, 12.662, 8.06, 1.011, 0.0, 0.031, 5.42, 0.036, 0.0], "train_difference": [19.857, 12.761, 10.579, 7.973, 7.087, 10.814, 3.558, 19.036, 11.847, 11.564, 2.487, 2.99, 3.796, 7.044, 13.163, 12.782, 2.535, 3.918, 4.266, 2.318, 12.638, 6.678, 10.859, 11.03, 2.019, 7.165, 4.975, 1.943, 2.848, 4.518, 10.133, 4.897, 6.233, 8.194, 3.246, 7.241, 5.426, 2.902, 15.788, 7.959, 5.079, 4.709, 9.868, 7.242, 1.481, 1.766, 5.746, 7.123, 3.404, 2.307, 10.415, 12.89, 4.662, 4.517, 9.598, 3.047, 2.701, 2.661, 2.361, 4.059, 2.004, 2.498, 5.062, 4.365, 17.089, 7.008, 2.15, 3.288, 2.423, 8.729, 4.113, 8.11, 1.486, 4.323, 3.525, 1.655, 7.009, 1.556, 12.861, 8.877, 1.268, 4.643, 4.662, 1.442, 4.42, 4.124, 0.847, 0.747, 2.035, 5.171, 8.262, 1.119, 12.662, 8.06, 1.254, 5.66, 1.521, 5.42, 1.651, 2.546], "val_mae": [31.373, 25.56, 16.768, 15.011, 12.185, 19.506, 5.508, 34.456, 21.307, 20.294, 4.124, 4.617, 7.567, 14.011, 25.34, 24.568, 4.512, 6.457, 7.659, 4.108, 23.077, 11.686, 20.331, 20.714, 4.033, 12.915, 8.829, 4.066, 5.641, 8.489, 19.265, 8.692, 11.241, 14.788, 5.539, 13.992, 9.925, 5.906, 29.22, 14.719, 8.579, 9.321, 18.936, 14.3, 3.571, 4.126, 10.968, 12.956, 6.504, 4.854, 20.437, 24.581, 9.487, 8.82, 17.509, 6.687, 5.521, 5.638, 4.925, 7.664, 4.477, 5.273, 9.998, 8.536, 32.632, 12.413, 5.118, 7.225, 4.86, 16.036, 9.026, 14.918, 3.736, 7.963, 6.717, 4.68, 13.945, 3.989, 23.733, 16.84, 3.704, 9.649, 9.256, 3.968, 7.706, 8.661, 3.55, 3.568, 5.189, 8.962, 16.652, 3.66, 23.412, 14.897, 3.597, 11.901, 4.787, 9.948, 5.28, 6.109], "val_rmse": [36.252, 31.434, 21.043, 18.877, 15.539, 20.562, 8.583, 35.93, 22.811, 21.369, 5.611, 6.112, 9.304, 15.505, 26.759, 25.94, 5.648, 7.826, 9.223, 5.187, 24.078, 12.712, 21.124, 21.595, 4.709, 14.094, 10.283, 4.695, 6.869, 9.505, 19.945, 10.11, 12.604, 15.934, 6.784, 14.76, 11.499, 7.359, 30.788, 16.433, 9.668, 10.56, 19.701, 15.175, 4.286, 5.096, 11.783, 14.372, 7.928, 6.2, 21.902, 25.518, 10.908, 10.702, 18.483, 8.168, 6.706, 7.352, 5.798, 9.137, 5.653, 6.238, 11.735, 9.844, 34.896, 13.449, 6.317, 9.973, 6.326, 17.277, 10.937, 15.72, 4.453, 8.964, 7.859, 5.843, 15.636, 5.054, 24.446, 17.83, 4.432, 11.338, 10.649, 4.718, 8.732, 10.276, 4.188, 4.356, 6.573, 9.91, 18.282, 4.306, 24.381, 15.954, 4.361, 13.688, 6.117, 11.197, 6.726, 7.522], "val_underestimate": [1.077, 10.017, 3.018, 4.915, 3.108, 0.141, 2.583, 18.175, 11.239, 10.705, 1.001, 1.949, 0.167, 0.014, 0.0, 0.0, 1.699, 3.261, 3.955, 0.664, 12.172, 6.164, 0.0, 0.0, 1.359, 6.812, 4.657, 1.365, 2.676, 0.016, 0.0, 4.585, 5.93, 7.8, 2.819, 0.0, 5.218, 2.809, 15.413, 7.764, 4.522, 0.001, 0.0, 0.0, 1.062, 1.636, 0.0, 6.834, 3.3, 0.136, 0.0, 0.0, 0.0, 4.556, 9.236, 3.271, 0.114, 0.131, 0.439, 3.997, 2.02, 0.194, 5.249, 0.0, 17.212, 6.547, 2.263, 3.438, 0.107, 8.459, 4.574, 7.869, 0.721, 0.0, 0.008, 2.098, 7.355, 1.78, 0.0, 0.0, 0.565, 5.058, 4.882, 0.537, 0.01, 4.553, 0.905, 1.005, 2.567, 0.0, 8.783, 0.644, 0.0, 0.0, 0.634, 6.277, 2.232, 0.0, 2.499, 3.136],