{"val_loss": [0.012573551166294945, 0.007697349592894575, 0.006305196989867707, 0.005093800400775055, 0.004580792160797703, 0.004176996217110072, 0.00403943529838418, 0.003912933363507263, 0.003718183975049922, 0.0038140104661579244, 0.00356994882642741, 0.0035730637034955886, 0.003549272596198231, 0.0036167722988062045, 0.0035872436387257445, 0.003838069590124683, 0.003612544314617278, 0.00343746174894477, 0.0035333523861077586, 0.003822581114541713, 0.003509543677056273, 0.003460490776281707, 0.003712903696092932, 0.003401256521000404, 0.003466822843013991, 0.0037508778486881056, 0.0035875506298705456, 0.003725426716603882, 0.0039951041229263256, 0.0036495957933261203, 0.0035293413298960433, 0.0036167365755722537, 0.0035995963212877135, 0.003673509512231653, 0.003527654780353057, 0.004480689923689675, 0.003484250675076813, 0.0035847334780151462, 0.0035606964467862984, 0.003583060479336887, 0.0035969667789888466, 0.0035940447698218727, 0.0037866336438633474, 0.0035505114387382897, 0.003658545157425882, 0.0035784734621605216, 0.003626313612080089, 0.003721426510007101, 0.003668704707706638, 0.00357788265420014], "train_loss": [0.043311737303156406, 0.009691005827335175, 0.006236711997189559, 0.005442526307888329, 0.004459208623302402, 0.0042282741887902375, 0.004210628911096137, 0.003781496376177529, 0.0038908836140763015, 0.0038176205816853326, 0.003466319602011936, 0.0035428382325335406, 0.003327272839669604, 0.0032773562488728203, 0.003574138034309726, 0.003221386399673065, 0.003081377610214986, 0.0029015098298259545, 0.0028653876433963887, 0.0031273599015548825, 0.0029141312079445925, 0.0026411914695927408, 0.0025120137852354674, 0.0025767496481421404, 0.0025818984977377113, 0.0024841725717124064, 0.0023435871062247315, 0.002384049357715412, 0.0022207953297765926, 0.0023634341450815555, 0.001967866732229595, 0.0018263575730088633, 0.0023972019989741966, 0.0017825837730924832, 0.0016634152798360446, 0.002254250579426298, 0.0018094065289915306, 0.0017849753439804772, 0.0015035296473797644, 0.0014303134976216825, 0.0015735599936306244, 0.0016705500984244281, 0.0013235084006737452, 0.0014905413390806643, 0.0013700454837817233, 0.0012540751067717792, 0.0014785758567086305, 0.0012940936503582634, 0.001193977810544311, 0.0012624408327610581], "train_size": 1024, "val_size": 576, "rand_seed": 642, "shuffle": true, "loss_name": "logcosh", "img_dim": [256, 256, 3], "patch_dim": [256, 256, 3], "patches_per_image": 1, "density_map_sigma": 5, "density_map_multiplication_factor": 100.0, "sub_experiment_name": "vgg_cells/n_64_sigma_5_randseed_642_loss_logcosh_full_img", "architecture": "FCRN_A"}