{"val_loss": [0.2022731937468052, 0.21942579787638453, 0.21596024516555998, 0.21405676214231384, 0.19722413582106432, 0.1814799505389399, 0.15844510619839033, 0.15650604406578672, 0.12218480909036265, 0.12397836448831691, 0.13193705160584715, 0.13805380194551414, 0.11459136536965768, 0.11944449113474952, 0.11557134416782194, 0.10172605297217767, 0.10240484680980444, 0.10290403477847576, 0.09921271219435665, 0.09530877228826284, 0.0937830719889866, 0.09248534900446732, 0.09429084271606472, 0.09070310110433234, 0.08812888825519218, 0.08192482983900441, 0.07821359216339058, 0.07636567370759116, 0.0772133603071173, 0.0752677373174164, 0.07270668307319283, 0.06868092726088232, 0.06942751838101281, 0.10471746946374576, 0.11101523434950246, 0.08385274321254757, 0.07947252349307139, 0.08009452931582928, 0.08142262272950676, 0.07629229976899093, 0.07232797813291351, 0.06681141169327828, 0.06454829416341251, 0.0630125075371729, 0.06333825747585958, 0.06235586256823606, 0.06316683099915583, 0.058784896714819804, 0.05767632518998451, 0.05964136661754714, 0.05656092153448197, 0.0582151781871087, 0.06001568497675988, 0.055359413019484945, 0.06187293626781967, 0.05654497149710854, 0.05360369529161188, 0.059880553227331906, 0.057986862750516996, 0.0521309211746686, 0.05802758157046305, 0.05995540046650502, 0.053072949302279286, 0.0517372971193658, 0.05614378168765041, 0.05388976229975621, 0.05074561066511604, 0.04995903610769245, 0.051242717490014106, 0.04908031473557154, 0.048573792498144835, 0.05173439594606558, 0.05305226824970709, 0.04768577135271496, 0.04797863701565398, 0.04773120809760359, 0.049834001447177596, 0.05489336057669587, 0.046604909727142915, 0.05406095594581631, 0.04819904122915533, 0.0599306083491279, 0.05892859854631954, 0.04876381024304363, 0.04795866868355208, 0.05320934144159158, 0.051823892527156405, 0.05100508453324437, 0.04728868484704031, 0.04790995352798038, 0.04941817937004897, 0.047774185271312795, 0.045280189305129975, 0.046494156691349216, 0.04579302891054087, 0.047145062384919986, 0.04508613018939892, 0.055642436206754714, 0.0456090352187554, 0.05101522337645292], "train_mae": [32.74, 74.999, 27.055, 77.261, 39.128, 35.567, 50.226, 81.721, 28.201, 44.984, 24.534, 72.283, 26.673, 17.749, 52.285, 23.074, 12.486, 43.108, 10.885, 37.967, 7.378, 41.006, 10.106, 42.965, 7.496, 31.322, 11.592, 12.154, 31.112, 5.558, 5.573, 11.013, 26.791, 62.097, 48.06, 45.703, 16.027, 41.384, 17.609, 37.357, 8.378, 25.167, 6.201, 20.574, 4.637, 22.807, 6.76, 16.495, 13.524, 4.991, 14.851, 21.698, 8.724, 4.161, 29.294, 5.357, 4.773, 27.74, 9.524, 7.609, 26.36, 12.992, 16.96, 14.611, 8.77, 21.211, 3.509, 5.582, 17.241, 8.8, 4.633, 7.015, 9.506, 5.958, 12.674, 12.61, 18.558, 26.363, 6.341, 13.465, 4.54, 30.956, 19.076, 14.127, 14.62, 10.797, 21.961, 8.797, 8.404, 15.847, 5.389, 12.783, 6.312, 3.557, 6.563, 16.2, 8.079, 16.761, 3.863, 23.11], "train_rmse": [43.23, 85.901, 34.473, 88.443, 51.591, 47.21, 62.522, 90.769, 38.997, 54.667, 27.57, 80.845, 37.075, 21.263, 60.359, 31.714, 15.986, 48.707, 12.694, 42.165, 9.384, 43.915, 12.235, 45.633, 9.538, 33.851, 14.267, 14.783, 33.449, 7.29, 7.176, 12.562, 28.329, 64.774, 51.252, 48.091, 17.827, 44.55, 19.225, 40.506, 10.204, 27.4, 8.139, 22.37, 6.378, 24.322, 8.382, 18.239, 15.292, 6.646, 16.477, 23.112, 10.129, 5.729, 30.697, 6.725, 6.477, 29.377, 10.868, 8.932, 27.941, 14.097, 18.499, 16.064, 10.075, 22.481, 5.058, 7.587, 18.822, 10.465, 6.209, 7.865, 10.423, 7.538, 14.067, 14.11, 20.122, 28.25, 7.743, 14.787, 6.265, 32.643, 19.952, 15.67, 15.652, 12.268, 23.849, 9.531, 9.53, 17.449, 6.196, 13.805, 7.76, 4.838, 7.724, 17.906, 9.942, 18.194, 5.393, 24.719], "train_underestimate": [17.265, 42.78, 10.845, 44.07, 21.47, 18.955, 28.649, 46.614, 15.645, 25.66, 1.945, 41.231, 14.868, 3.497, 29.824, 13.008, 3.475, 24.589, 1.534, 21.657, 1.661, 23.39, 0.236, 24.508, 0.58, 17.866, 6.435, 6.785, 17.747, 1.821, 2.202, 6.163, 15.282, 35.421, 0.0, 26.069, 0.0, 23.606, 0.057, 21.309, 0.408, 14.355, 2.951, 11.735, 1.074, 13.009, 0.337, 9.409, 7.699, 0.616, 8.471, 12.377, 0.148, 1.792, 16.71, 0.399, 2.361, 15.823, 0.11, 4.232, 15.036, 0.028, 9.674, 8.334, 0.123, 12.099, 1.315, 2.945, 9.835, 4.98, 2.458, 0.162, 0.051, 3.301, 7.229, 7.19, 10.586, 15.038, 3.553, 0.0, 2.253, 17.658, 0.0, 8.058, 8.339, 0.019, 12.527, 0.063, 4.773, 9.039, 0.219, 7.292, 3.557, 1.384, 3.707, 9.241, 4.564, 0.0, 1.961, 13.182], "train_overestimate": [1.411, 0.0, 4.587, 0.0, 0.849, 1.332, 0.0, 0.0, 0.441, 0.0, 12.049, 0.0, 0.347, 6.627, 0.0, 0.154, 3.647, 0.0, 4.675, 0.0, 2.547, 0.0, 5.528, 0.0, 3.696, 0.0, 0.177, 0.148, 0.0, 1.35, 0.977, 0.12, 0.0, 0.0, 27.414, 0.0, 9.142, 0.0, 9.987, 0.0, 4.371, 0.0, 0.586, 0.0, 1.571, 0.0, 3.519, 0.0, 0.015, 2.232, 0.001, 0.0, 4.828, 0.581, 0.0, 2.657, 0.361, 0.0, 5.322, 0.108, 0.0, 7.383, 0.0, 0.0, 4.879, 0.0, 0.687, 0.239, 0.0, 0.039, 0.184, 3.839, 5.371, 0.098, 0.0, 0.003, 0.0, 0.0, 0.064, 7.68, 0.337, 0.0, 10.881, 0.0, 0.0, 6.139, 0.0, 4.955, 0.021, 0.0, 2.855, 0.0, 0.044, 0.645, 0.036, 0.0, 0.044, 9.561, 0.242, 0.0], "train_difference": [18.675, 42.78, 15.432, 44.07, 22.319, 20.288, 28.649, 46.614, 16.086, 25.66, 13.995, 41.231, 15.214, 10.124, 29.824, 13.162, 7.122, 24.589, 6.209, 21.657, 4.208, 23.39, 5.765, 24.508, 4.276, 17.866, 6.612, 6.933, 17.747, 3.17, 3.179, 6.282, 15.282, 35.421, 27.414, 26.069, 9.142, 23.606, 10.044, 21.309, 4.779, 14.355, 3.537, 11.735, 2.645, 13.009, 3.856, 9.409, 7.714, 2.847, 8.471, 12.377, 4.976, 2.373, 16.71, 3.056, 2.723, 15.823, 5.432, 4.34, 15.036, 7.411, 9.674, 8.334, 5.003, 12.099, 2.002, 3.184, 9.835, 5.019, 2.643, 4.001, 5.422, 3.399, 7.23, 7.193, 10.586, 15.038, 3.617, 7.68, 2.59, 17.658, 10.881, 8.058, 8.339, 6.158, 12.527, 5.018, 4.794, 9.039, 3.074, 7.292, 3.6, 2.029, 3.744, 9.241, 4.608, 9.561, 2.203, 13.182], "val_mae": [40.877, 84.905, 31.155, 87.31, 48.612, 44.235, 58.905, 90.782, 35.238, 51.621, 21.308, 80.487, 33.24, 16.069, 58.917, 28.115, 11.924, 47.969, 9.622, 41.752, 6.714, 44.127, 11.117, 45.962, 8.047, 33.421, 11.605, 12.194, 32.97, 4.62, 4.472, 10.507, 27.766, 65.956, 53.1, 48.609, 17.613, 44.555, 18.851, 40.318, 8.992, 26.763, 5.451, 21.585, 4.518, 23.81, 7.495, 17.188, 13.914, 5.215, 15.328, 22.55, 9.58, 4.126, 30.638, 5.817, 4.555, 29.136, 10.603, 7.163, 27.69, 14.176, 17.653, 15.069, 9.804, 21.997, 4.051, 6.1, 18.059, 9.058, 4.897, 7.654, 10.472, 6.37, 13.118, 13.113, 19.56, 28.07, 6.543, 15.413, 5.311, 32.878, 20.822, 14.868, 15.025, 12.396, 23.429, 9.6, 8.339, 16.749, 6.007, 12.946, 6.678, 3.99, 6.781, 17.199, 8.793, 19.029, 4.446, 24.472], "val_rmse": [49.227, 95.506, 38.45, 98.145, 58.462, 53.419, 69.99, 99.501, 43.486, 60.59, 25.372, 88.727, 41.313, 20.569, 66.634, 35.267, 16.094, 53.462, 12.001, 45.978, 9.03, 47.132, 12.275, 48.729, 9.428, 35.981, 14.696, 15.18, 35.319, 6.895, 6.652, 12.173, 29.289, 68.713, 56.073, 51.081, 18.983, 47.738, 19.894, 43.48, 10.29, 29.02, 7.896, 23.422, 6.208, 25.392, 8.849, 18.955, 15.732, 6.689, 16.97, 24.011, 10.999, 5.37, 32.136, 7.218, 6.171, 30.858, 11.982, 8.629, 29.378, 15.218, 19.315, 16.63, 11.141, 23.396, 5.142, 7.846, 19.788, 10.905, 6.294, 8.795, 11.506, 7.839, 14.714, 14.828, 21.319, 30.127, 7.997, 16.598, 6.75, 34.762, 21.672, 16.63, 16.234, 13.693, 25.494, 10.638, 9.684, 18.554, 7.065, 14.272, 8.123, 5.371, 8.113, 19.195, 10.741, 20.279, 5.809, 26.309],