{"val_loss": [0.2020071035044061, 0.19256042047507232, 0.1167555929472049, 0.14704428944322798, 0.12666248178316486, 0.1009239891750945, 0.08504996127966377, 0.07959791159050332, 0.09574911226001051, 0.07484297423313062, 0.08110276382002565, 0.0650629421385626, 0.06019054011752208, 0.05808618509521087, 0.05750037833220429, 0.05682397007735239, 0.052755927563541465, 0.05139694476707114, 0.05192579701542854, 0.0554522228323751, 0.06737254766954316, 0.061453355786701046, 0.05228868339003788, 0.05398779740143153, 0.05522681358787748, 0.04907280993130472, 0.046730031414578356, 0.04901160946529773, 0.049383336367706455, 0.0447065940954619, 0.04642405195368661, 0.04551623171816269, 0.04714000556204054, 0.04464955653788315, 0.04649126105424431, 0.043239734446009, 0.04536355473101139, 0.05233676814370685, 0.04613674582085676, 0.04629923615397678, 0.04495741639079319, 0.04362694355141786, 0.0433803614642885, 0.04214277723804116, 0.0429513286281791, 0.04272137235643135, 0.04440768694298135, 0.04315649919832746, 0.04325412927816311, 0.04896167945116758, 0.04136669607315627, 0.042930737448235355, 0.042217531241476536, 0.04057322276963128, 0.04856593606786595, 0.04636046031696929, 0.04119372460991144, 0.04262143658060166, 0.04149335684875647, 0.04242014910818802, 0.0427169792043666, 0.04066826206528478, 0.04228453790872461, 0.040523853722131915, 0.039806261399967804, 0.03980661431948344, 0.04044508271747165, 0.041077115650599204, 0.04082536469731066, 0.03945195064362553, 0.040563559987478785, 0.040952143207606345, 0.0404336069089671, 0.040862835840218596, 0.041726383949733444, 0.04204365429985854, 0.03931406776731213, 0.042108468504415617, 0.04440427543078032, 0.03984332529620992, 0.048495192287696734, 0.04060339368879795, 0.0404604711673326, 0.04170733679913812, 0.03906581690534949, 0.04009865762458907, 0.039607247027258076, 0.03937945804662175, 0.04092744618861212, 0.03903698341714011, 0.03895093472157088, 0.03842712762869067, 0.039213563677751355, 0.042401304416772395, 0.04630239002613558, 0.04186408589076665, 0.04077698631832997, 0.04097111254102654, 0.04051852836791012, 0.03895642836060789], "train_mae": [77.54, 77.788, 33.577, 52.798, 38.925, 18.815, 30.104, 8.734, 58.478, 6.486, 47.088, 19.161, 15.779, 20.933, 7.592, 4.357, 17.072, 5.948, 22.501, 9.122, 25.093, 35.486, 19.608, 7.437, 29.336, 18.477, 11.398, 5.619, 5.856, 8.728, 19.585, 16.579, 20.01, 6.318, 20.754, 12.192, 4.913, 13.401, 19.807, 21.316, 17.505, 5.168, 5.196, 7.008, 2.809, 13.987, 18.558, 17.864, 17.506, 27.083, 12.833, 18.002, 16.825, 3.797, 13.506, 9.406, 5.367, 3.799, 3.137, 4.423, 4.491, 6.611, 17.735, 3.85, 7.99, 9.596, 4.877, 16.246, 2.487, 12.269, 15.189, 3.02, 2.547, 15.577, 17.775, 4.223, 9.133, 18.589, 23.115, 14.118, 27.603, 13.776, 14.68, 18.18, 7.015, 13.665, 9.642, 8.645, 3.233, 3.573, 11.516, 9.694, 3.388, 7.954, 13.501, 3.208, 3.27, 3.491, 4.242, 6.551], "train_rmse": [88.522, 89.435, 43.98, 55.064, 40.763, 21.334, 35.219, 11.105, 60.951, 8.293, 49.652, 22.167, 17.668, 23.844, 9.726, 5.852, 18.874, 7.657, 24.749, 10.506, 25.878, 39.312, 20.879, 9.325, 31.247, 20.98, 13.326, 7.021, 6.882, 10.4, 21.392, 18.289, 22.129, 7.885, 22.151, 14.154, 6.17, 13.97, 21.421, 23.52, 19.639, 6.342, 6.539, 8.432, 3.732, 16.356, 19.665, 19.65, 18.859, 28.615, 14.132, 19.98, 18.239, 4.678, 13.958, 11.09, 6.407, 4.771, 3.941, 5.206, 5.314, 7.612, 19.331, 4.742, 8.959, 11.499, 6.128, 17.62, 3.42, 13.728, 16.325, 3.894, 3.497, 17.159, 19.61, 5.014, 10.877, 20.067, 24.557, 15.887, 29.212, 15.899, 16.224, 19.647, 8.844, 14.543, 11.294, 9.785, 4.013, 4.417, 12.491, 11.121, 4.187, 8.897, 13.994, 4.024, 4.046, 4.617, 5.321, 7.638], "train_underestimate": [42.256, 42.391, 16.903, 0.024, 0.098, 0.761, 16.406, 4.484, 31.868, 0.527, 25.661, 10.388, 8.535, 11.362, 3.344, 0.902, 9.301, 2.636, 12.262, 0.079, 0.0, 19.338, 10.685, 1.552, 15.987, 10.069, 6.16, 0.976, 0.123, 4.626, 10.673, 9.035, 10.905, 2.743, 11.31, 6.609, 0.177, 0.0, 10.794, 11.616, 9.539, 2.546, 2.192, 3.637, 1.013, 7.604, 10.113, 9.735, 9.54, 14.759, 6.993, 9.81, 9.169, 1.862, 0.0, 0.03, 2.742, 0.747, 1.253, 0.257, 0.138, 3.535, 9.665, 1.863, 4.338, 5.128, 2.387, 8.853, 0.638, 6.686, 8.277, 0.505, 0.787, 8.489, 9.687, 0.346, 4.928, 10.13, 12.597, 7.694, 15.042, 7.507, 8.0, 9.907, 3.642, 7.447, 5.204, 4.703, 0.354, 1.608, 6.276, 5.265, 1.637, 0.018, 0.0, 0.264, 0.286, 0.315, 0.151, 3.51], "train_overestimate": [0.0, 0.0, 1.395, 28.748, 21.115, 9.493, 0.0, 0.275, 0.0, 3.007, 0.0, 0.054, 0.064, 0.045, 0.793, 1.472, 0.003, 0.606, 0.0, 4.893, 13.675, 0.0, 0.0, 2.501, 0.0, 0.0, 0.052, 2.086, 3.069, 0.13, 0.0, 0.0, 0.0, 0.7, 0.0, 0.035, 2.5, 7.303, 0.0, 0.0, 0.0, 0.27, 0.639, 0.183, 0.518, 0.018, 0.0, 0.0, 0.0, 0.0, 0.0, 0.0, 0.0, 0.207, 7.36, 5.096, 0.182, 1.324, 0.457, 2.153, 2.309, 0.067, 0.0, 0.235, 0.016, 0.101, 0.271, 0.0, 0.717, 0.0, 0.0, 1.141, 0.601, 0.0, 0.0, 1.955, 0.049, 0.0, 0.0, 0.0, 0.0, 0.001, 0.0, 0.0, 0.181, 0.0, 0.05, 0.008, 1.408, 0.339, 0.0, 0.018, 0.209, 4.317, 7.357, 1.484, 1.496, 1.587, 2.16, 0.06], "train_difference": [42.256, 42.391, 18.298, 28.773, 21.212, 10.253, 16.406, 4.76, 31.868, 3.535, 25.661, 10.442, 8.599, 11.407, 4.137, 2.374, 9.303, 3.241, 12.262, 4.971, 13.675, 19.338, 10.685, 4.053, 15.987, 10.069, 6.212, 3.062, 3.191, 4.756, 10.673, 9.035, 10.905, 3.443, 11.31, 6.644, 2.677, 7.303, 10.794, 11.616, 9.539, 2.817, 2.832, 3.819, 1.531, 7.622, 10.113, 9.735, 9.54, 14.759, 6.993, 9.81, 9.169, 2.069, 7.36, 5.126, 2.925, 2.07, 1.71, 2.41, 2.447, 3.603, 9.665, 2.098, 4.354, 5.23, 2.658, 8.853, 1.356, 6.686, 8.277, 1.646, 1.388, 8.489, 9.687, 2.301, 4.977, 10.13, 12.597, 7.694, 15.042, 7.507, 8.0, 9.907, 3.823, 7.447, 5.254, 4.711, 1.762, 1.947, 6.276, 5.283, 1.846, 4.335, 7.357, 1.748, 1.782, 1.902, 2.312, 3.57], "val_mae": [72.065, 72.228, 30.659, 52.792, 38.333, 18.101, 28.587, 8.186, 56.535, 6.781, 45.359, 18.004, 14.868, 19.426, 7.004, 5.206, 16.379, 5.698, 21.479, 8.725, 23.916, 33.774, 19.152, 6.927, 28.357, 17.698, 10.882, 5.231, 5.91, 8.196, 18.835, 16.061, 19.13, 5.522, 20.045, 11.55, 5.057, 12.825, 19.138, 20.445, 16.75, 4.806, 4.518, 6.566, 3.392, 13.258, 18.049, 17.112, 16.954, 26.133, 12.394, 17.176, 16.223, 4.202, 13.061, 8.582, 5.305, 4.107, 3.977, 5.063, 5.136, 6.531, 17.129, 4.298, 7.91, 9.086, 4.58, 15.749, 3.124, 11.911, 14.828, 3.615, 3.17, 15.114, 17.08, 4.773, 8.772, 17.958, 22.512, 13.792, 26.815, 13.211, 14.24, 17.735, 6.809, 13.517, 9.282, 8.664, 4.044, 4.062, 11.526, 9.672, 4.227, 7.163, 12.574, 4.07, 4.073, 3.933, 4.286, 6.705], "val_rmse": [82.091, 82.886, 38.773, 54.187, 39.624, 19.471, 32.511, 10.495, 58.627, 8.48, 47.496, 20.777, 16.967, 22.326, 8.931, 6.48, 18.066, 7.21, 23.592, 10.655, 25.121, 37.199, 20.54, 8.145, 30.083, 19.889, 12.746, 6.36, 6.917, 10.009, 20.491, 17.566, 21.053, 7.171, 21.354, 13.459, 6.859, 13.779, 20.635, 22.394, 18.612, 6.464, 6.244, 8.264, 4.752, 15.394, 19.198, 18.781, 18.307, 27.581, 13.781, 19.08, 17.622, 5.587, 13.927, 11.02, 6.849, 5.191, 5.35, 5.726, 5.835, 7.955, 18.655, 5.703, 9.329, 11.058, 6.269, 17.132, 4.628, 13.396, 15.996, 4.655, 4.649, 16.662, 18.774, 5.487, 10.583, 19.508, 23.983, 15.632, 28.421, 15.291, 15.931, 19.377, 8.678, 14.642, 11.115, 10.129, 4.929, 5.636, 12.929, 11.398, 5.591, 8.868, 13.599, 4.954, 5.182, 5.476, 5.788, 8.322], "val_underestimate": [41.174, 41.267, 15.98, 0.0, 0.0, 0.542, 16.333, 4.587, 32.3, 0.82, 25.915, 10.274, 8.495, 11.099, 3.167, 1.172, 9.358, 2.609, 12.272, 0.17, 0.0, 19.296, 10.942, 1.372, 16.202, 10.111, 6.202, 0.872, 0.242, 4.617, 10.761, 9.176, 10.93, 2.536, 11.453, 6.595, 0.419, 0.0, 10.934, 11.681, 9.57, 2.524, 2.055, 3.639, 1.296, 7.575, 10.312, 9.777, 9.686, 14.931, 7.081, 9.813, 9.269, 2.107, 0.0, 0.05, 2.85, 0.858, 1.646, 0.502, 0.413, 3.674, 9.786, 2.108, 4.512, 5.102, 2.392, 8.998, 0.909, 6.805, 8.472, 0.751, 1.086, 8.635, 9.758, 0.561, 4.966, 10.26, 12.862, 7.88, 15.32, 7.548, 8.136, 10.133, 3.729, 7.723, 5.252, 4.95, 0.703, 1.922, 6.585, 5.51, 2.081, 0.038, 0.0, 0.649, 0.64, 0.722, 0.417, 3.796],