{"val_loss": [0.03771932596444256, 0.02588130015000287, 0.021605270086891122, 0.0193066014132152, 0.01744650625106361, 0.019544425601553585, 0.014999691700925015, 0.015079730429634865, 0.014703629693637291, 0.013825935221070217, 0.012368083284753893, 0.012005811822341962, 0.011343191442493763, 0.01228040503984731, 0.012199578412239336, 0.0114254890423682, 0.012288291000812832, 0.010684587701689452, 0.010959130065101717, 0.011119563290978678, 0.010844570183609094, 0.010492907183813967, 0.010313656860186407, 0.01001097265139429, 0.009450649441633787, 0.012699907483895205, 0.00997311336040083, 0.010288573956737915, 0.009942259652436607, 0.009713380183610652, 0.010041817026730213, 0.01197895019625624, 0.009396696844810827, 0.009824487898084853, 0.008911669639120292, 0.009481265031758489, 0.009581499833277322, 0.009935144768355208, 0.009192322827099511, 0.010298153217364516, 0.012532967938265452, 0.010027623767705841, 0.008982041242739392, 0.008905568619310442, 0.008765899246403327, 0.009943076855658243, 0.009431155404955562, 0.00947400318303456, 0.008883439056161378, 0.008942941213414693, 0.011962195515580889, 0.010070584384569278, 0.010488080620739816, 0.009039372858953558, 0.00915927924021768, 0.009261047532264557, 0.009364060339673111, 0.009969699316166548, 0.008898683739567382, 0.008859497300970057, 0.008796715788776055, 0.009281498024291877, 0.009465429847801311, 0.008603763074562367, 0.008639227925515216, 0.008701470932768038, 0.00926628527748916, 0.009425948318999467, 0.008922659614149274, 0.009212262132981172, 0.008670076391556196, 0.010237314705995636, 0.010268906933358975, 0.0087953767247705, 0.008444742409564141, 0.008737307507544756, 0.009719939061647488, 0.009197572572803538, 0.00907579676196393, 0.008689141858162152, 0.009373266398648007, 0.008789309132326808, 0.009656257154549368, 0.00883057289239433, 0.00904346289139034, 0.008503577665477578, 0.008710594990083741, 0.008695506949960772, 0.009128617100133043, 0.010788580344524235, 0.009487236054458966, 0.009095657138257392, 0.008919110803011185, 0.008536694826842803, 0.009105173531376446, 0.009149878544525968, 0.0083617268052573, 0.008653044241428789, 0.008605306253432192, 0.009136256370564096], "train_mae": [17.011, 10.325, 14.614, 13.114, 24.622, 30.87, 20.451, 23.42, 16.253, 23.298, 9.748, 14.843, 11.316, 22.405, 19.855, 9.375, 14.475, 5.47, 4.336, 11.707, 11.001, 14.422, 6.919, 11.288, 7.014, 23.357, 8.864, 10.018, 3.725, 4.888, 11.579, 23.38, 3.915, 10.579, 4.758, 12.89, 4.307, 12.292, 6.945, 13.482, 25.177, 13.449, 2.895, 4.438, 3.765, 4.454, 12.829, 9.217, 3.695, 2.951, 15.852, 3.418, 14.591, 7.755, 4.071, 12.097, 9.448, 11.578, 4.019, 3.717, 5.653, 4.611, 8.427, 4.313, 5.348, 2.848, 4.942, 7.879, 3.299, 12.98, 7.685, 7.658, 21.138, 3.478, 3.281, 2.365, 11.925, 9.406, 2.991, 3.179, 12.464, 3.289, 10.527, 6.662, 8.89, 4.368, 6.636, 4.708, 10.122, 18.491, 8.367, 8.612, 4.694, 2.26, 9.31, 6.061, 2.205, 7.069, 2.743, 9.892], "train_rmse": [22.631, 12.746, 15.861, 14.341, 25.663, 31.594, 21.116, 24.775, 17.15, 23.847, 10.939, 16.692, 12.405, 23.346, 21.476, 10.583, 15.727, 6.473, 5.335, 12.579, 11.86, 14.984, 8.277, 12.15, 8.658, 24.655, 9.675, 11.758, 4.567, 5.983, 13.163, 24.068, 4.804, 11.278, 5.461, 13.904, 4.967, 13.57, 7.816, 15.928, 27.101, 15.063, 3.715, 4.987, 4.468, 5.755, 13.739, 10.029, 4.931, 4.038, 18.976, 4.642, 15.174, 8.807, 5.05, 12.981, 10.567, 12.97, 4.822, 4.825, 6.63, 5.485, 10.389, 4.993, 5.932, 3.444, 5.816, 8.55, 3.981, 13.75, 8.685, 8.819, 21.768, 4.577, 4.545, 3.166, 13.556, 10.073, 3.713, 3.946, 12.987, 3.944, 11.581, 7.254, 9.679, 5.048, 7.561, 6.083, 11.167, 19.41, 9.063, 9.345, 5.597, 3.059, 9.853, 7.188, 2.803, 8.296, 3.531, 10.808], "train_underestimate": [7.399, 5.847, 8.336, 7.478, 14.045, 17.608, 11.665, 0.0, 9.271, 13.289, 0.112, 8.466, 6.455, 12.78, 11.326, 5.319, 8.256, 0.269, 1.418, 6.678, 0.031, 8.226, 3.904, 6.439, 3.922, 13.323, 0.025, 5.691, 1.341, 2.722, 6.603, 13.336, 0.337, 0.016, 0.2, 7.353, 0.619, 7.012, 3.937, 7.689, 14.361, 7.672, 0.636, 0.403, 0.246, 2.415, 7.318, 5.258, 1.841, 1.215, 0.0, 1.435, 8.323, 4.416, 2.224, 6.9, 5.389, 6.604, 0.137, 2.01, 0.039, 2.581, 4.71, 0.145, 0.065, 0.337, 2.815, 4.467, 1.651, 7.404, 4.38, 3.567, 0.0, 1.176, 1.574, 0.927, 6.802, 5.365, 1.435, 0.841, 0.0, 0.428, 6.005, 0.033, 0.009, 0.268, 3.785, 2.628, 5.774, 10.548, 4.772, 4.913, 2.664, 1.029, 5.31, 3.446, 0.594, 4.027, 1.174, 5.642], "train_overestimate": [2.304, 0.042, 0.0, 0.002, 0.0, 0.0, 0.0, 13.359, 0.0, 0.0, 5.448, 0.0, 0.0, 0.0, 0.0, 0.028, 0.0, 2.851, 1.055, 0.0, 6.244, 0.0, 0.043, 0.0, 0.078, 0.0, 5.031, 0.024, 0.784, 0.065, 0.002, 0.0, 1.896, 6.018, 2.515, 0.0, 1.837, 0.0, 0.024, 0.001, 0.0, 0.0, 1.015, 2.128, 1.902, 0.126, 0.0, 0.0, 0.266, 0.468, 9.042, 0.515, 0.0, 0.008, 0.098, 0.0, 0.0, 0.0, 2.155, 0.111, 3.185, 0.049, 0.096, 2.316, 2.986, 1.287, 0.004, 0.028, 0.231, 0.0, 0.003, 0.801, 12.057, 0.808, 0.297, 0.422, 0.0, 0.0, 0.271, 0.972, 7.109, 1.448, 0.0, 3.768, 5.062, 2.224, 0.001, 0.057, 0.0, 0.0, 0.0, 0.0, 0.013, 0.26, 0.0, 0.012, 0.663, 0.005, 0.39, 0.0], "train_difference": [9.703, 5.89, 8.336, 7.48, 14.045, 17.608, 11.665, 13.359, 9.271, 13.289, 5.56, 8.466, 6.455, 12.78, 11.326, 5.348, 8.256, 3.12, 2.473, 6.678, 6.275, 8.226, 3.947, 6.439, 4.001, 13.323, 5.056, 5.715, 2.125, 2.788, 6.605, 13.336, 2.233, 6.034, 2.714, 7.353, 2.456, 7.012, 3.962, 7.69, 14.361, 7.672, 1.651, 2.531, 2.148, 2.54, 7.318, 5.258, 2.107, 1.683, 9.042, 1.95, 8.323, 4.424, 2.322, 6.9, 5.389, 6.604, 2.292, 2.12, 3.224, 2.63, 4.807, 2.46, 3.051, 1.624, 2.819, 4.494, 1.882, 7.404, 4.383, 4.368, 12.057, 1.984, 1.872, 1.349, 6.802, 5.365, 1.706, 1.814, 7.109, 1.876, 6.005, 3.8, 5.071, 2.492, 3.785, 2.686, 5.774, 10.548, 4.772, 4.913, 2.678, 1.289, 5.31, 3.458, 1.258, 4.032, 1.564, 5.642], "val_mae": [20.493, 10.296, 13.436, 11.949, 22.811, 31.354, 20.086, 25.666, 16.231, 22.963, 10.006, 16.055, 11.459, 23.363, 21.417, 9.472, 15.462, 5.418, 3.766, 11.906, 10.738, 14.425, 7.509, 11.69, 8.372, 24.976, 9.092, 11.543, 3.693, 5.053, 13.054, 24.326, 4.112, 10.699, 4.739, 14.202, 4.56, 13.707, 7.363, 15.85, 27.798, 15.155, 3.501, 4.316, 3.691, 5.221, 14.169, 10.243, 5.393, 4.479, 17.552, 4.342, 15.467, 9.137, 4.906, 13.695, 11.072, 13.308, 3.776, 5.285, 5.151, 5.444, 11.124, 4.45, 4.993, 3.866, 5.933, 8.501, 4.288, 14.763, 9.219, 6.872, 21.794, 4.584, 4.864, 3.884, 14.463, 10.757, 4.041, 3.314, 12.028, 3.919, 12.445, 5.875, 7.929, 4.22, 8.295, 7.583, 12.192, 20.976, 9.825, 10.54, 6.545, 4.222, 10.652, 8.187, 3.887, 9.483, 4.698, 12.089], "val_rmse": [25.528, 13.013, 14.622, 13.162, 23.744, 32.175, 20.788, 26.682, 17.147, 23.536, 11.01, 18.067, 12.639, 24.461, 23.206, 11.099, 16.9, 6.607, 4.732, 12.958, 11.813, 15.034, 8.856, 12.748, 9.745, 26.509, 10.023, 13.297, 4.379, 6.228, 14.947, 25.229, 5.177, 11.525, 5.555, 15.535, 5.774, 15.273, 8.709, 18.576, 30.083, 17.093, 4.181, 5.288, 4.465, 6.855, 15.359, 11.386, 6.558, 5.257, 19.994, 5.227, 16.253, 10.497, 6.032, 14.948, 12.705, 15.13, 4.985, 6.357, 6.26, 6.735, 13.232, 5.415, 5.9, 4.728, 7.236, 9.303, 5.086, 16.034, 10.714, 7.874, 22.306, 5.809, 6.106, 4.863, 16.652, 11.985, 4.875, 4.098, 12.663, 4.7, 14.092, 6.919, 8.827, 5.273, 9.71, 9.07, 13.846, 22.399, 11.002, 11.84, 8.02, 5.055, 11.521, 9.874, 4.696, 11.277, 5.677, 13.664],