{"val_loss": [0.048513848663252944, 0.03405736416906995, 0.031966419027679986, 0.027356988449087915, 0.025883045869276804, 0.030458084882839638, 0.018747952506493998, 0.02322019253145246, 0.01614243451588075, 0.014508422388804747, 0.01504168557414018, 0.014059068648802006, 0.013270728968029074, 0.012405624774092919, 0.012663075601106839, 0.011103057754499948, 0.010546985441846225, 0.010190184868406504, 0.010005495887633194, 0.011173773786354372, 0.009366017119164634, 0.009629857743515031, 0.01063111046781106, 0.009132750869920367, 0.008797044598716585, 0.008274943629444084, 0.007814676846678862, 0.008924743643386619, 0.010219049444833003, 0.011936215861864826, 0.010939937766285284, 0.008252369941842249, 0.006936133960741298, 0.006807888169800315, 0.006359457356773098, 0.006782572887673536, 0.006902642188566353, 0.006818795056246659, 0.006388291915166466, 0.006323528609594659, 0.0061170118432902895, 0.006814186545157367, 0.0069007411469048, 0.005883238473496235, 0.006554198625963181, 0.0057239931518458485, 0.005505514617064311, 0.0056941977613057726, 0.005464422473725041, 0.0064789348638013885, 0.006006379041697501, 0.006162976426661343, 0.005421141417601201, 0.005392296849202146, 0.005534001680857995, 0.005422346545588773, 0.0053543649247491405, 0.005184495638412259, 0.0056155847953906395, 0.0052844315103036076, 0.00787612859515802, 0.0056974385378827505, 0.006521580143324921, 0.005707317360622042, 0.0073203099206747375, 0.007051056399872965, 0.005886733817854239, 0.005088383583557408, 0.007116368601975196, 0.00526936595013146, 0.0060738424311720714, 0.005253845327602261, 0.006695500972187694, 0.005133867229554145, 0.004983084709452027, 0.005466238102492164, 0.004979445443228435, 0.004992479614242364, 0.005123318119919585, 0.005434609730454052, 0.004935574930106454, 0.0048466639435740515, 0.005060800969230887, 0.004689047077109161, 0.0052564398330800675, 0.004772647633217275, 0.004655087311916491, 0.005260241945507005, 0.004682097700424492, 0.007348353549947634, 0.004974559000830221, 0.0050250381875016235, 0.0048281907631248676, 0.005002710129380883, 0.004782050099867561, 0.00449064963236999, 0.0050135210005785615, 0.005780374249511892, 0.0045282126572120055, 0.005866160534103127], "train_mae": [112.105, 19.677, 24.122, 30.997, 71.706, 107.769, 43.583, 75.523, 27.846, 13.898, 32.967, 26.414, 25.095, 18.161, 31.638, 7.904, 7.08, 6.228, 12.35, 34.127, 5.729, 18.887, 37.57, 21.983, 21.242, 10.913, 9.312, 30.3, 43.793, 57.698, 48.309, 29.076, 7.254, 12.944, 6.948, 14.944, 19.97, 10.084, 8.266, 15.263, 12.234, 26.073, 27.735, 7.198, 25.184, 12.331, 6.5, 8.903, 7.322, 26.676, 19.849, 21.128, 12.927, 5.729, 13.009, 10.288, 8.418, 7.715, 17.354, 9.855, 42.972, 15.68, 28.576, 7.202, 37.583, 32.496, 18.506, 7.66, 30.669, 11.084, 27.058, 12.998, 30.865, 9.843, 5.733, 20.157, 8.638, 8.302, 14.912, 22.453, 14.108, 6.994, 13.878, 7.347, 21.341, 11.96, 4.009, 18.295, 4.627, 40.204, 14.584, 13.603, 10.638, 16.543, 8.191, 4.53, 16.872, 27.872, 4.952, 27.185], "train_rmse": [112.83, 24.351, 26.913, 35.117, 73.005, 108.282, 45.851, 80.815, 30.806, 18.549, 38.038, 28.467, 26.968, 22.528, 34.31, 9.273, 8.465, 7.746, 14.266, 35.713, 7.316, 20.021, 38.455, 22.978, 23.27, 12.126, 10.396, 30.947, 44.42, 58.601, 49.562, 30.358, 8.739, 14.788, 7.995, 16.329, 21.823, 12.093, 9.721, 16.965, 13.679, 27.917, 30.355, 8.929, 26.233, 14.01, 7.527, 10.9, 9.267, 27.595, 22.09, 23.54, 14.577, 7.333, 14.53, 11.826, 10.005, 9.38, 19.34, 11.65, 44.969, 17.913, 29.526, 8.794, 39.411, 34.652, 19.485, 9.398, 32.624, 12.867, 27.787, 15.221, 32.946, 11.126, 7.439, 21.307, 10.312, 9.693, 16.753, 23.639, 15.332, 8.429, 14.898, 8.887, 22.385, 12.909, 5.174, 18.999, 5.785, 40.884, 15.556, 14.487, 12.63, 17.942, 9.516, 5.304, 17.972, 29.076, 5.933, 27.637], "train_underestimate": [0.0, 4.795, 2.133, 0.474, 0.0, 0.0, 0.0, 39.56, 0.124, 5.562, 17.269, 0.0, 0.0, 9.5, 16.572, 0.872, 0.715, 0.779, 0.0, 0.0, 1.021, 9.893, 19.68, 11.515, 0.0, 5.556, 4.481, 15.872, 22.94, 30.223, 25.305, 15.23, 3.248, 0.026, 2.885, 7.81, 10.46, 2.91, 2.369, 7.972, 6.358, 13.657, 14.484, 1.251, 0.0, 6.377, 1.807, 0.133, 0.219, 0.0, 10.37, 11.021, 6.729, 0.521, 0.011, 0.076, 0.133, 3.768, 9.067, 4.456, 22.51, 8.208, 0.0, 0.14, 19.686, 17.022, 0.0, 3.823, 16.065, 5.711, 0.0, 6.659, 16.168, 0.031, 0.203, 10.559, 4.405, 0.055, 7.804, 11.761, 7.39, 0.084, 0.0, 3.686, 11.179, 6.265, 0.592, 0.0, 0.41, 21.059, 7.64, 0.0, 5.274, 8.666, 0.029, 1.831, 8.838, 14.6, 0.639, 0.0], "train_overestimate": [58.722, 5.512, 10.502, 15.762, 37.561, 56.452, 22.829, 0.0, 14.463, 1.718, 0.0, 13.836, 13.145, 0.012, 0.0, 3.268, 2.994, 2.483, 6.469, 17.876, 1.979, 0.0, 0.0, 0.0, 11.127, 0.161, 0.397, 0.0, 0.0, 0.0, 0.0, 0.0, 0.552, 6.754, 0.754, 0.019, 0.0, 2.373, 1.961, 0.023, 0.05, 0.0, 0.045, 2.52, 13.192, 0.082, 1.598, 4.53, 3.617, 13.973, 0.027, 0.046, 0.043, 2.48, 6.803, 5.313, 4.277, 0.273, 0.023, 0.706, 0.0, 0.006, 14.969, 3.633, 0.0, 0.0, 9.694, 0.19, 0.0, 0.096, 14.173, 0.149, 0.0, 5.125, 2.8, 0.0, 0.12, 4.294, 0.007, 0.0, 0.0, 3.58, 7.27, 0.163, 0.0, 0.0, 1.508, 9.583, 2.014, 0.0, 0.0, 7.126, 0.298, 0.0, 4.262, 0.541, 0.0, 0.0, 1.955, 14.24], "train_difference": [58.722, 10.307, 12.635, 16.237, 37.561, 56.452, 22.829, 39.56, 14.586, 7.28, 17.269, 13.836, 13.145, 9.513, 16.572, 4.14, 3.709, 3.262, 6.469, 17.876, 3.001, 9.893, 19.68, 11.515, 11.127, 5.716, 4.878, 15.872, 22.94, 30.223, 25.305, 15.23, 3.8, 6.78, 3.639, 7.828, 10.46, 5.282, 4.33, 7.995, 6.408, 13.657, 14.528, 3.771, 13.192, 6.459, 3.405, 4.663, 3.836, 13.973, 10.397, 11.067, 6.771, 3.001, 6.814, 5.389, 4.41, 4.041, 9.09, 5.162, 22.51, 8.213, 14.969, 3.772, 19.686, 17.022, 9.694, 4.013, 16.065, 5.806, 14.173, 6.808, 16.168, 5.156, 3.003, 10.559, 4.525, 4.349, 7.811, 11.761, 7.39, 3.663, 7.27, 3.848, 11.179, 6.265, 2.1, 9.583, 2.423, 21.059, 7.64, 7.126, 5.572, 8.666, 4.291, 2.373, 8.838, 14.6, 2.594, 14.24], "val_mae": [111.358, 24.555, 28.062, 35.672, 72.156, 105.838, 45.103, 68.132, 30.597, 16.016, 29.044, 27.402, 25.748, 16.278, 29.138, 8.421, 7.255, 6.354, 11.062, 30.596, 5.685, 18.83, 36.37, 21.918, 18.337, 11.025, 9.35, 29.993, 42.461, 55.161, 45.853, 27.8, 6.31, 12.48, 5.302, 13.878, 17.536, 13.065, 9.728, 13.311, 10.739, 22.467, 23.612, 9.098, 26.042, 10.662, 7.094, 11.15, 9.327, 26.926, 16.963, 18.106, 11.125, 7.128, 14.773, 11.239, 9.224, 7.015, 14.901, 10.379, 38.45, 13.724, 27.54, 7.528, 33.947, 28.908, 18.434, 6.937, 27.128, 9.796, 27.095, 11.646, 27.201, 10.537, 5.96, 18.123, 7.785, 9.531, 12.841, 19.98, 12.37, 7.99, 14.357, 6.637, 19.093, 10.787, 4.07, 19.225, 5.443, 37.481, 12.948, 14.462, 10.18, 14.589, 8.229, 3.475, 15.064, 24.997, 6.156, 27.065], "val_rmse": [112.23, 29.812, 32.596, 39.63, 73.763, 106.421, 47.454, 76.474, 32.989, 20.487, 36.781, 29.125, 27.349, 22.366, 33.128, 9.805, 8.508, 7.639, 12.75, 32.655, 6.962, 20.082, 37.58, 22.972, 20.698, 12.45, 10.965, 30.631, 43.276, 56.535, 47.746, 29.53, 8.575, 13.739, 7.189, 15.358, 20.289, 16.215, 12.454, 15.544, 12.369, 25.763, 28.187, 11.574, 26.818, 12.791, 9.021, 12.675, 10.688, 27.547, 20.497, 21.971, 13.332, 8.471, 16.205, 12.188, 10.248, 8.912, 17.986, 12.329, 41.973, 16.974, 28.356, 8.434, 37.133, 32.665, 19.164, 9.003, 30.633, 12.208, 27.624, 14.721, 30.898, 11.497, 6.973, 20.031, 9.898, 10.476, 15.696, 22.016, 14.236, 8.832, 15.129, 8.477, 20.786, 11.868, 5.158, 19.932, 6.364, 38.654, 14.4, 15.337, 12.623, 16.891, 9.172, 4.852, 16.862, 27.121, 7.299, 27.49],