{"val_loss": [1.1532766240484573, 0.6321950782747829, 0.06741109657484819, 0.07817150471622453, 0.063708710429423, 0.03586771287133589, 0.0431220616789206, 0.046734400449649376, 0.04212501027402194, 0.036185937714489066, 0.033963603214086854, 0.03629972503575332, 0.03802745948162149, 0.03577575944911908, 0.03317528486470966, 0.03268973867628066, 0.033216755508499986, 0.03283694919253535, 0.031034517362165975, 0.028990343884181452, 0.028273610603612137, 0.02765388462199446, 0.02492473092313637, 0.023822539800997165, 0.02161875621908728, 0.02072430796482984, 0.019234386300120282, 0.018337500843164677, 0.016863903633373624, 0.01733716977212359, 0.016126173829166767, 0.015644473461982084, 0.016092561199055874, 0.015310352243592633, 0.014531190020908765, 0.014570058946607305, 0.01384728234124315, 0.013258685344172752, 0.013344877372112344, 0.012815566856742781, 0.012504021123544696, 0.012527144335977295, 0.012103349853800061, 0.01171671151635511, 0.011660769338692156, 0.011706170256194822, 0.011493466893786235, 0.011151484049418393, 0.010696652256335844, 0.010498497207128607, 0.010550713803454796, 0.010723762111464405, 0.011344369381036171, 0.010989241161630215, 0.010259102427345864, 0.009613503428066479, 0.010001803744885632, 0.010256845418445985, 0.009224578238311498, 0.009222845379126203, 0.009807006017688443, 0.009055026830858825, 0.008587380374699612, 0.008825866039842367, 0.008995044185533463, 0.009130271987113006, 0.00835785485105589, 0.00796491130912567, 0.008067891775520848, 0.008265294514678638, 0.00860262054758256, 0.0081440794370685, 0.007810980249333251, 0.007332916327012593, 0.007162821208647288, 0.007230903819778606, 0.007787160513758221, 0.011375740372493644, 0.01333848964285982, 0.012419508218847434, 0.008223624910255346, 0.013041286475901656, 0.007478003598996164, 0.010907323407831, 0.007515405921046348, 0.009882751629715237, 0.007462069505195627, 0.008661662444116218, 0.008304500411374165, 0.007294478132868843, 0.008408594222547597, 0.006947679467403385, 0.008140190004590242, 0.006875036674661233, 0.007558077118386898, 0.006872669091749498, 0.007021368890384431, 0.0069863861580790184, 0.006522402615861639, 0.006867780334740768], "train_mae": [1229.905, 825.32, 172.351, 202.047, 166.472, 35.293, 81.652, 100.829, 78.476, 41.644, 21.927, 54.674, 71.879, 56.511, 30.28, 21.006, 30.52, 34.232, 25.781, 20.328, 34.743, 48.29, 34.948, 23.204, 19.692, 35.214, 30.905, 21.61, 17.884, 35.45, 20.111, 16.751, 24.331, 21.978, 14.472, 20.093, 17.889, 12.539, 18.769, 12.963, 10.668, 17.462, 11.344, 8.129, 13.612, 17.261, 18.303, 14.174, 7.605, 6.783, 12.314, 20.509, 28.246, 29.131, 16.281, 5.371, 22.247, 22.104, 10.011, 14.242, 23.676, 15.925, 4.953, 16.291, 22.172, 25.476, 15.039, 5.342, 11.356, 20.578, 24.636, 22.42, 16.003, 7.839, 5.203, 11.53, 23.63, 54.523, 70.007, 56.118, 22.367, 70.454, 6.035, 40.655, 6.474, 49.111, 18.316, 27.366, 25.671, 14.847, 31.758, 7.768, 31.761, 10.445, 23.683, 12.521, 18.674, 19.19, 10.468, 20.606], "train_rmse": [1239.344, 836.993, 178.344, 202.449, 166.841, 39.908, 88.987, 107.714, 85.981, 50.178, 25.584, 57.897, 73.937, 59.591, 33.715, 26.815, 38.912, 42.491, 33.817, 24.594, 39.327, 51.767, 39.419, 30.599, 25.228, 39.442, 34.879, 28.556, 22.368, 38.804, 26.831, 21.968, 27.3, 28.658, 19.094, 22.509, 23.929, 16.67, 20.927, 17.568, 14.524, 19.303, 15.292, 10.524, 15.199, 20.965, 19.657, 17.611, 9.026, 8.266, 15.315, 21.619, 30.588, 30.134, 18.732, 7.358, 23.426, 24.137, 11.789, 15.896, 25.32, 17.562, 6.756, 17.976, 23.616, 26.958, 16.751, 6.988, 13.17, 21.967, 26.185, 23.811, 17.679, 9.977, 6.993, 13.161, 24.957, 56.117, 71.653, 57.93, 23.91, 72.08, 7.768, 42.594, 8.418, 50.208, 19.52, 29.215, 27.489, 16.277, 32.782, 9.716, 33.306, 12.715, 24.697, 14.052, 20.559, 21.053, 11.993, 21.692], "train_underestimate": [0.0, 432.317, 90.28, 0.0, 0.0, 0.239, 42.771, 52.816, 41.107, 21.45, 3.355, 0.0, 0.0, 0.0, 1.327, 7.088, 14.904, 17.079, 11.919, 4.157, 0.299, 0.0, 0.262, 10.067, 6.466, 0.193, 0.521, 9.285, 4.602, 0.126, 9.056, 6.315, 0.54, 10.822, 5.24, 0.661, 8.711, 4.64, 0.366, 5.866, 4.279, 0.164, 5.343, 2.425, 0.212, 9.04, 0.0, 7.41, 0.736, 0.9, 6.405, 0.0, 14.796, 0.0, 8.528, 1.719, 0.0, 11.578, 0.101, 0.0, 12.402, 0.0, 1.376, 8.534, 0.0, 13.345, 0.0, 1.719, 5.823, 0.0, 12.905, 0.0, 8.383, 0.156, 0.804, 5.946, 0.0, 28.56, 0.0, 29.395, 11.716, 0.0, 2.538, 21.296, 2.85, 0.0, 0.0, 14.335, 13.447, 0.0, 0.0, 3.813, 16.637, 5.41, 0.0, 0.031, 9.782, 10.052, 0.119, 0.0], "train_overestimate": [644.246, 0.0, 0.0, 105.836, 87.201, 18.248, 0.0, 0.0, 0.0, 0.363, 8.131, 28.639, 37.652, 29.602, 14.535, 3.915, 1.083, 0.852, 1.586, 6.491, 17.9, 25.295, 18.044, 2.088, 3.849, 18.252, 15.667, 2.034, 4.765, 18.444, 1.478, 2.46, 12.205, 0.69, 2.341, 9.864, 0.659, 1.928, 9.466, 0.925, 1.309, 8.983, 0.599, 1.833, 6.918, 0.001, 9.587, 0.015, 3.248, 2.652, 0.046, 10.743, 0.0, 15.259, 0.0, 1.094, 11.654, 0.0, 5.143, 7.46, 0.0, 8.342, 1.218, 0.0, 11.614, 0.0, 7.878, 1.079, 0.126, 10.779, 0.0, 11.744, 0.0, 3.951, 1.922, 0.093, 12.378, 0.0, 36.671, 0.0, 0.0, 36.905, 0.623, 0.0, 0.541, 25.725, 9.594, 0.0, 0.0, 7.777, 16.635, 0.256, 0.0, 0.062, 12.405, 6.528, 0.0, 0.0, 5.364, 10.794], "train_difference": [644.246, 432.317, 90.28, 105.836, 87.201, 18.487, 42.771, 52.816, 41.107, 21.814, 11.486, 28.639, 37.652, 29.602, 15.861, 11.004, 15.987, 17.931, 13.505, 10.648, 18.199, 25.295, 18.307, 12.154, 10.315, 18.446, 16.189, 11.319, 9.368, 18.569, 10.534, 8.775, 12.745, 11.512, 7.581, 10.525, 9.371, 6.568, 9.832, 6.79, 5.588, 9.147, 5.942, 4.258, 7.13, 9.042, 9.587, 7.425, 3.984, 3.553, 6.451, 10.743, 14.796, 15.259, 8.528, 2.813, 11.654, 11.578, 5.244, 7.46, 12.402, 8.342, 2.594, 8.534, 11.614, 13.345, 7.878, 2.798, 5.948, 10.779, 12.905, 11.744, 8.383, 4.106, 2.725, 6.04, 12.378, 28.56, 36.671, 29.395, 11.716, 36.905, 3.161, 21.296, 3.391, 25.725, 9.594, 14.335, 13.447, 7.777, 16.635, 4.069, 16.637, 5.471, 12.405, 6.559, 9.782, 10.052, 5.483, 10.794], "val_mae": [1169.21, 776.209, 158.413, 196.509, 162.799, 40.64, 72.12, 90.313, 69.094, 37.235, 26.609, 57.815, 73.439, 59.437, 34.534, 25.801, 30.971, 32.692, 28.36, 25.163, 40.033, 51.826, 39.986, 26.667, 24.158, 39.783, 35.154, 24.813, 21.882, 38.654, 22.411, 19.85, 26.973, 22.229, 17.341, 22.355, 18.835, 14.986, 20.649, 14.381, 12.553, 18.624, 11.918, 9.727, 14.57, 15.712, 17.83, 13.122, 8.533, 7.679, 11.436, 19.221, 25.968, 27.03, 15.048, 5.714, 20.494, 20.611, 9.499, 13.077, 22.403, 14.374, 4.677, 15.763, 20.029, 24.231, 13.701, 4.684, 10.574, 18.95, 23.208, 20.638, 15.212, 7.551, 4.688, 10.713, 22.271, 50.836, 65.652, 52.068, 20.648, 65.843, 5.488, 37.396, 6.023, 46.052, 17.414, 25.195, 23.681, 14.195, 29.749, 7.298, 29.575, 9.907, 22.555, 12.545, 17.231, 17.668, 10.752, 19.865], "val_rmse": [1184.489, 795.104, 168.069, 197.018, 163.224, 44.636, 83.963, 101.424, 81.211, 48.957, 31.706, 61.29, 76.103, 62.853, 39.434, 31.301, 39.707, 42.57, 35.703, 30.348, 44.024, 55.153, 43.786, 33.209, 29.477, 43.236, 38.973, 31.117, 26.868, 41.431, 28.822, 24.879, 30.031, 29.61, 21.841, 24.923, 25.095, 19.066, 22.559, 19.084, 16.361, 20.103, 16.404, 12.305, 15.697, 20.958, 19.128, 17.775, 9.739, 9.012, 15.51, 20.332, 29.585, 28.027, 18.508, 7.751, 21.589, 23.518, 10.683, 14.319, 24.675, 15.695, 6.301, 17.743, 21.34, 26.239, 14.954, 6.634, 13.008, 20.11, 25.349, 21.837, 17.22, 8.771, 6.151, 12.736, 23.346, 53.451, 67.627, 55.029, 22.856, 67.892, 7.697, 40.493, 8.457, 47.251, 18.348, 28.026, 26.433, 15.248, 30.696, 9.741, 32.005, 12.666, 23.417, 13.527, 20.035, 20.474, 11.788, 20.752],