{"val_loss": [0.03450775651909997, 0.02463657638120852, 0.01946141431108117], "train_mae": [12.378, 8.81, 5.55], "train_rmse": [14.855, 12.071, 7.815], "train_underestimate": [4.565, 19.604, 6.88], "train_overestimate": [24.534, 1.107, 6.167], "train_difference": [29.099, 20.712, 13.047], "val_mae": [13.069, 10.522, 6.013], "val_rmse": [15.958, 14.059, 8.94], "val_underestimate": [6.303, 23.239, 9.24], "val_overestimate": [22.841, 0.225, 4.17], "val_difference": [29.144, 23.464, 13.41], "train_loss": [0.05125272052349626, 0.02881819192902185, 0.021554475981651597], "train_size": 900, "val_size": 89, "rand_seed": 9001, "shuffle": true, "loss_name": "logcosh", "img_dim": [720, 1280, 3], "patch_dim": [128, 128, 3], "patches_per_image": 32, "density_map_sigma": 10, "density_map_multiplication_factor": 2000.0, "sub_experiment_name": "carpk/sigma_10_loss_logcosh_patch_32_128x128_epochs_3", "architecture": "UNet"}