{"val_loss": [0.039361325344410884, 0.028902338182990532, 0.02381970852500958, 0.021100807656060507, 0.018827117000787593, 0.018332278759812602, 0.01916280095112311, 0.017532041685176972, 0.016733594566257934, 0.01588883160043173], "train_loss": [0.0634728099446996, 0.029446476390884425, 0.022232870852749328, 0.01863023295179624, 0.0164366121806961, 0.01487958226235302, 0.013695404420759586, 0.012742082593920512, 0.012017880570286556, 0.011387807929822883], "train_size": 14400, "val_size": 1424, "rand_seed": 9001, "shuffle": true, "loss_name": "mean_squared_error", "img_dim": [720, 1280, 3], "patch_dim": [720, 1280, 3], "patches_per_image": 1, "density_map_sigma": 10, "density_map_multiplication_factor": 2000.0, "sub_experiment_name": "carpk/sigma_10_loss_mse_full_img_epochs_10_lr_1e-4", "architecture": "UNet"}