{"val_loss": [0.010816153256789274, 0.006288303957155543, 0.006625988121146185, 0.005662244507809245, 0.00504593715616947, 0.004816526503953569, 0.004593456802788698, 0.004359380606782746, 0.004989976186312989, 0.004465367063483641, 0.00513436312405033, 0.004558947108200621, 0.004447430193442201, 0.0040658559936513055, 0.004087507067571792, 0.00421226091336447, 0.00401119534891383, 0.003996662486850469, 0.004074655822852733, 0.003850115191680208, 0.004233959185298505, 0.0039326081422961364, 0.004309126201352389, 0.003872838856884354, 0.0038685490063097164, 0.0039330908743175, 0.003784975636068232, 0.003887519597008256, 0.003967788526097138, 0.0038076954335659087], "train_loss": [0.04499351380582084, 0.009659444505814463, 0.007507911363063613, 0.006909186087796115, 0.005994278055368341, 0.0056059628495859215, 0.005676469596437528, 0.005268267121209647, 0.005028300656704232, 0.005491395491844742, 0.004929243137667072, 0.004859468699578429, 0.004914682769594947, 0.004624736677214969, 0.004585430340739549, 0.004334633687903988, 0.004268993256118847, 0.004435913088855159, 0.004445315071279765, 0.004194051460217452, 0.00430545173912833, 0.00415758449707937, 0.004152468432948808, 0.004199951370537747, 0.004138631920795888, 0.0038713740877938108, 0.0037818888540641638, 0.0037620419170707464, 0.00375902178529941, 0.0037701877645304194], "train_size": 512, "val_size": 1088, "rand_seed": 324, "shuffle": true, "loss_name": "logcosh", "img_dim": [256, 256, 3], "patch_dim": [128, 128, 3], "patches_per_image": 4, "density_map_sigma": 5, "density_map_multiplication_factor": 100.0, "sub_experiment_name": "vgg_cells/n_32_sigma_5_randseed_324_loss_logcosh_patch_4_128x128", "architecture": "UNet"}