{"val_loss": [0.08477802696020416, 0.05351913136461477], "train_mae": [8.957, 6.778], "train_rmse": [12.098, 9.008], "train_underestimate": [7.364, 11.737], "train_overestimate": [13.694, 4.198], "train_difference": [21.058, 15.935], "val_mae": [10.098, 7.458], "val_rmse": [13.514, 10.29], "val_underestimate": [8.325, 13.305], "val_overestimate": [14.193, 3.325], "val_difference": [22.518, 16.63], "train_loss": [0.22069745828656273, 0.06730515589627127], "train_size": 900, "val_size": 89, "rand_seed": 9001, "shuffle": true, "loss_name": "mean_squared_error", "img_dim": [720, 1280, 3], "patch_dim": [720, 1280, 3], "patches_per_image": 1, "density_map_sigma": 10, "density_map_multiplication_factor": 2000.0, "sub_experiment_name": "carpk/sigma_10_loss_mse_full_img_epochs_2", "architecture": "UNet"}