{"val_loss": [0.1363812598089377, 0.07316708264665471, 0.06432644893518752, 0.051743446124924555, 0.04035753787805637, 0.03615790201971928, 0.030841707484796643, 0.028962403354752395, 0.026023271209042933, 0.023437577170423336, 0.020693514444347885, 0.019303131964989007, 0.017961269257486694, 0.018251337473177247, 0.01614301320579317, 0.014822005863404937, 0.01411818584246147, 0.01477094251377922, 0.012871845599470867, 0.012051590789471649, 0.011518984366880937, 0.012521768234566681, 0.014474746926377216, 0.012419811294724544, 0.01126847592725729, 0.01065598572475008, 0.01054296701396298, 0.01043330545588914, 0.009887967873105986, 0.009947902341890667, 0.010952101341293504, 0.011030945907502124, 0.011046153758393807, 0.009846085760121545, 0.009237611873282326, 0.009473915793932974, 0.009020586620964523, 0.00873471722136148, 0.008768792652214566, 0.008513523802523397, 0.009620961797837582, 0.00869612058158964, 0.008937214617617428, 0.008792616368737072, 0.008924380927864049, 0.009140413610212918, 0.008470352629147884, 0.00818277770627497, 0.008253976521599624, 0.00897874311906182, 0.008326638690454679, 0.008301610269376801, 0.008930833065985806, 0.009119273105170578, 0.00903552310127351, 0.008152446108094106, 0.007942498383474432, 0.007907203405112442, 0.008248442609328777, 0.008394782910019986, 0.007892002965996249, 0.008611649203683354, 0.008068792735381672, 0.00846679700124595, 0.007870051104368435, 0.0076638855453994535, 0.007897141609444387, 0.007909212940527746, 0.007839161825055877, 0.007586509597280787, 0.007856094252525104, 0.007794090262096789, 0.008533574479062937, 0.007639622322231945, 0.007722425578524255, 0.007878578177446293, 0.007424114485426496, 0.007537139430900829, 0.007440989351986597, 0.007468389570324992, 0.008026736749646565, 0.007493631668492324, 0.009354932570002146, 0.007403886165573365, 0.008422381264002373, 0.00808121152739558, 0.007672856736462563, 0.008015112440463983, 0.007578063743292457, 0.007926487137511786, 0.0085387570822301, 0.01299089812932329, 0.012790470293516086, 0.010177234524033137, 0.010789187683258206, 0.009501899644318555, 0.007889756072674774, 0.00790557979295651, 0.007596767164715048, 0.00765706548312058], "train_mae": [164.117, 113.485, 57.977, 76.917, 17.195, 24.283, 21.632, 22.074, 14.678, 13.715, 9.146, 14.292, 8.077, 23.216, 12.855, 6.039, 9.035, 21.877, 10.56, 6.519, 4.954, 20.434, 32.233, 16.795, 13.813, 7.808, 11.67, 14.022, 4.432, 6.123, 20.871, 16.279, 22.937, 8.254, 6.484, 15.17, 9.323, 3.807, 5.279, 4.941, 19.254, 8.561, 7.338, 6.594, 13.92, 16.216, 10.329, 4.293, 5.046, 12.889, 8.333, 3.887, 14.283, 14.2, 10.124, 9.162, 7.523, 5.005, 6.78, 16.839, 7.283, 11.48, 4.286, 7.929, 7.277, 3.198, 2.973, 4.277, 5.528, 4.684, 11.239, 12.091, 14.475, 8.996, 4.412, 5.276, 2.96, 2.867, 2.166, 5.607, 6.438, 2.893, 14.7, 2.354, 10.64, 17.407, 2.319, 3.382, 1.887, 3.466, 15.888, 22.218, 32.66, 5.691, 20.782, 15.201, 4.943, 3.649, 5.967, 10.565], "train_rmse": [171.396, 113.923, 66.3, 77.777, 21.104, 27.306, 24.357, 24.591, 16.919, 15.518, 10.739, 16.923, 9.537, 24.518, 14.329, 7.589, 10.836, 24.459, 11.664, 8.017, 6.523, 21.21, 32.81, 17.751, 15.023, 9.108, 12.817, 15.019, 5.933, 7.57, 22.481, 18.463, 24.376, 10.003, 7.841, 16.132, 10.374, 4.999, 6.505, 6.034, 20.264, 9.623, 8.762, 7.712, 14.721, 17.116, 11.293, 5.344, 6.126, 14.038, 9.262, 4.879, 15.377, 15.656, 11.238, 10.244, 8.559, 5.995, 7.723, 17.704, 8.148, 12.353, 5.47, 9.182, 8.011, 4.071, 3.815, 5.235, 6.348, 5.53, 11.94, 12.863, 15.47, 9.757, 5.282, 6.161, 3.752, 3.548, 2.821, 6.223, 7.304, 3.591, 16.139, 3.106, 11.715, 17.914, 3.014, 3.934, 2.426, 4.121, 16.712, 23.736, 33.989, 6.664, 22.672, 16.249, 5.842, 4.329, 6.705, 11.137], "train_underestimate": [88.614, 0.0, 31.287, 0.0, 3.096, 0.809, 0.918, 0.558, 1.248, 0.939, 1.144, 7.708, 0.206, 0.0, 6.925, 2.911, 0.22, 0.009, 5.602, 0.508, 1.859, 11.034, 17.404, 9.069, 7.444, 4.033, 6.276, 7.568, 1.277, 0.627, 0.0, 0.018, 0.0, 0.34, 0.279, 8.191, 4.99, 0.815, 0.314, 2.404, 10.396, 4.564, 0.131, 3.481, 7.516, 8.756, 5.561, 2.001, 0.254, 0.0, 4.462, 1.512, 0.0, 0.0, 0.006, 0.013, 4.013, 2.564, 3.622, 9.092, 3.899, 6.199, 2.092, 0.006, 3.915, 0.493, 0.909, 0.205, 0.049, 2.451, 6.068, 6.529, 7.816, 4.85, 0.079, 0.046, 1.4, 1.35, 0.493, 3.005, 0.004, 0.177, 0.0, 0.876, 5.745, 9.399, 0.284, 1.778, 0.426, 0.031, 8.579, 11.996, 17.635, 2.88, 0.0, 0.0, 0.132, 1.782, 3.188, 5.705], "train_overestimate": [0.0, 61.276, 0.018, 41.531, 6.188, 12.302, 10.763, 11.361, 6.678, 6.466, 3.795, 0.009, 4.155, 12.535, 0.016, 0.35, 4.658, 11.803, 0.1, 3.012, 0.816, 0.0, 0.0, 0.0, 0.015, 0.183, 0.025, 0.003, 1.116, 2.679, 11.27, 8.772, 12.385, 4.117, 3.222, 0.0, 0.044, 1.24, 2.536, 0.264, 0.0, 0.058, 3.831, 0.079, 0.0, 0.0, 0.016, 0.317, 2.47, 6.96, 0.038, 0.587, 7.712, 7.667, 5.461, 4.934, 0.049, 0.138, 0.039, 0.0, 0.033, 0.0, 0.222, 4.275, 0.014, 1.234, 0.697, 2.105, 2.936, 0.078, 0.0, 0.0, 0.0, 0.007, 2.303, 2.803, 0.198, 0.199, 0.677, 0.022, 3.473, 1.385, 7.937, 0.395, 0.0, 0.0, 0.968, 0.048, 0.593, 1.84, 0.0, 0.0, 0.0, 0.192, 11.221, 8.208, 2.537, 0.188, 0.034, 0.0], "train_difference": [88.614, 61.276, 31.305, 41.531, 9.284, 13.111, 11.68, 11.919, 7.925, 7.405, 4.938, 7.717, 4.361, 12.535, 6.941, 3.261, 4.878, 11.812, 5.702, 3.52, 2.675, 11.034, 17.404, 9.069, 7.458, 4.216, 6.301, 7.571, 2.393, 3.306, 11.27, 8.79, 12.385, 4.456, 3.501, 8.191, 5.034, 2.056, 2.85, 2.668, 10.396, 4.622, 3.962, 3.56, 7.516, 8.756, 5.577, 2.318, 2.725, 6.96, 4.499, 2.099, 7.712, 7.667, 5.466, 4.947, 4.062, 2.702, 3.661, 9.092, 3.932, 6.199, 2.314, 4.281, 3.929, 1.726, 1.605, 2.309, 2.985, 2.529, 6.068, 6.529, 7.816, 4.857, 2.382, 2.848, 1.598, 1.548, 1.169, 3.028, 3.476, 1.562, 7.937, 1.271, 5.745, 9.399, 1.252, 1.826, 1.019, 1.871, 8.579, 11.996, 17.635, 3.073, 11.221, 8.208, 2.669, 1.97, 3.222, 5.705], "val_mae": [152.149, 113.701, 50.542, 78.274, 22.356, 28.417, 25.527, 25.386, 18.007, 16.406, 11.53, 12.59, 8.246, 22.248, 12.128, 5.881, 8.611, 20.311, 10.049, 6.183, 5.522, 19.211, 30.703, 15.372, 12.319, 6.529, 10.36, 12.72, 4.796, 6.011, 20.296, 15.704, 22.415, 7.939, 6.618, 13.56, 8.054, 4.045, 5.58, 4.194, 17.1, 7.211, 7.647, 5.334, 12.334, 14.266, 8.918, 3.824, 5.548, 13.226, 6.966, 4.174, 14.54, 14.156, 10.586, 9.707, 6.051, 4.262, 5.396, 14.885, 6.237, 9.717, 4.142, 8.634, 6.211, 4.132, 3.759, 4.699, 6.343, 3.904, 9.746, 10.578, 12.67, 7.763, 5.062, 5.852, 3.396, 3.282, 3.39, 4.743, 6.702, 3.924, 14.099, 3.31, 8.998, 15.913, 3.501, 3.7, 3.301, 4.043, 14.276, 20.022, 30.438, 5.769, 20.221, 15.376, 5.708, 3.556, 4.695, 8.818], "val_rmse": [162.601, 114.281, 63.102, 79.418, 25.815, 31.723, 28.55, 28.19, 20.319, 18.35, 12.853, 16.59, 9.78, 23.835, 13.993, 7.755, 10.943, 23.723, 11.261, 8.087, 6.667, 20.032, 31.397, 16.48, 13.698, 8.16, 11.615, 13.741, 5.961, 7.925, 22.249, 18.422, 24.175, 10.427, 8.378, 14.616, 9.22, 5.238, 7.11, 5.431, 18.367, 8.555, 9.402, 6.784, 13.3, 15.42, 10.11, 5.029, 7.097, 14.754, 8.259, 5.115, 15.932, 16.071, 12.124, 10.986, 7.602, 5.532, 6.834, 16.089, 7.401, 10.968, 5.494, 10.347, 7.259, 5.024, 4.9, 6.518, 7.596, 5.24, 10.884, 11.821, 14.192, 8.954, 6.436, 7.225, 4.356, 4.139, 4.148, 6.036, 8.208, 4.895, 16.154, 4.187, 10.876, 16.896, 4.329, 4.704, 4.009, 5.411, 15.786, 22.303, 32.371, 6.756, 23.032, 16.875, 7.015, 4.528, 6.046, 9.821],