{"val_loss": [0.017638361437146907, 0.011352762416208861, 0.00811632104748295, 0.006645844766407048, 0.005722839163140366, 0.005744956152043682, 0.005284482265350936, 0.004795416959763423, 0.0047147658619103505, 0.004526434222284211, 0.0044555815226939395, 0.004470722826547846, 0.004340218602117281, 0.004098961063230972, 0.004185498321128441, 0.004004258840295198, 0.0040008135350516946, 0.0043214035479596695, 0.0039555314815515885, 0.003959850063384853, 0.004716363648399505, 0.004539018098191317, 0.003820139406450514, 0.004287252820337445, 0.0038621479379798984, 0.004009860984939116, 0.0037670985947282614, 0.003813839611586231, 0.004799254467691165, 0.003720367008527854], "train_loss": [0.14247993545723148, 0.01312664893339388, 0.00944652859470807, 0.006993006260017864, 0.005747564791818149, 0.005549642679397948, 0.005148713054950349, 0.004576283834467176, 0.004378131357952952, 0.0041713693863130175, 0.0045097046458977275, 0.003939944217563607, 0.0038753352346247993, 0.003820925143372733, 0.0036655249059549533, 0.003594210123992525, 0.0035112271216348745, 0.0034508729877416044, 0.0033977310158661567, 0.0032779917819425464, 0.003344050950545352, 0.003409234697755892, 0.003220208382117562, 0.0031733341384097002, 0.0033406432703486644, 0.0030351008899742737, 0.0030151168757583946, 0.0029126047593308613, 0.003494274875265546, 0.0032145500736078247], "train_size": 512, "val_size": 1088, "rand_seed": 321, "shuffle": true, "loss_name": "logcosh", "img_dim": [256, 256, 3], "patch_dim": [256, 256, 3], "patches_per_image": 1, "density_map_sigma": 5, "density_map_multiplication_factor": 100.0, "sub_experiment_name": "vgg_cells/n_32_sigma_5_randseed_321_loss_logcosh_full_img", "architecture": "UNet"}