{"val_loss": [0.18122844025492668, 0.14004256721172068, 0.12236667590008841, 0.12235618382692337, 0.11314008550511466, 0.09696633161769973, 0.09289690686596765, 0.08867445432891448, 0.08403180767264631, 0.081213873397145, 0.07590702496882942, 0.07331844160540237, 0.07002986688166857, 0.06539740635909969, 0.07101123852448331, 0.06498672461344136, 0.058321765830947295, 0.0577771604164607, 0.059941010704884924, 0.05729724927287963, 0.05474209516412682, 0.05207582583857907, 0.051979438970900245, 0.05017528087935514, 0.04984718907831444, 0.049222669667667814, 0.047745226002815694, 0.057035062513831586, 0.04949464266084962, 0.04794931308262878, 0.04601495164550013, 0.04733602200738258, 0.04705909825861454, 0.04751631705504325, 0.045127655689915024, 0.050439135688874454, 0.049719280356334314, 0.04419670259166095, 0.051629700801438756, 0.04470239983250698, 0.046591600144488945, 0.043778672348707914, 0.04563726909044716, 0.044329373735106654, 0.043073852805213794, 0.04677711442733804, 0.04373154900450674, 0.04228119966056612, 0.041885193437337875, 0.04420225182548165, 0.04179741804384523, 0.0416093937949174, 0.04205664459408985, 0.042714017598579325, 0.05346937612113026, 0.04304935788321826, 0.0477846323305534, 0.04317531967535615, 0.04325224904136525, 0.04259430296305153, 0.04252554833268126, 0.04183889221813944, 0.04101857072156337, 0.04403633660533362, 0.049834846105012626, 0.0432011429220438, 0.045193269590122834, 0.042480946932401925, 0.04370275243288941, 0.042281120653367706, 0.04277446338286003, 0.04300112727408608, 0.04178550032277902, 0.04208335244200296, 0.041202749177399606, 0.041069747931841344, 0.04112114467554622, 0.04130872985762027, 0.042152216037114464, 0.04119177659352621, 0.041307830070662827, 0.047119366418984204, 0.05610664820091592, 0.05072314266322388, 0.044853695357839264, 0.04648108154328333, 0.04600231551254789, 0.04258755428923501, 0.04189527050281564, 0.04227015753794047, 0.04316594875935051, 0.04128221011099716, 0.04320396834777461, 0.041071019445856415, 0.04354519873029656, 0.04097104900413089, 0.04133380359659592, 0.04388222827886542, 0.040647940865407385, 0.041155734228798084], "train_mae": [21.243, 18.824, 21.728, 26.794, 23.729, 8.621, 31.608, 29.651, 26.73, 28.019, 21.895, 22.341, 21.924, 8.7, 10.7, 8.034, 9.713, 20.495, 9.958, 23.425, 18.785, 3.662, 16.553, 3.427, 12.5, 3.882, 9.929, 16.473, 3.65, 11.696, 5.507, 15.497, 2.864, 14.703, 6.343, 10.4, 21.701, 5.512, 13.863, 5.095, 16.317, 10.982, 5.621, 14.173, 8.658, 8.46, 13.294, 3.12, 3.626, 5.853, 7.506, 7.588, 2.421, 2.62, 17.663, 10.446, 21.394, 13.104, 2.952, 2.702, 12.333, 2.169, 4.747, 6.829, 23.457, 14.376, 12.214, 2.757, 3.479, 6.395, 2.1, 12.104, 1.956, 1.862, 1.933, 3.702, 3.352, 4.621, 2.52, 7.109, 5.171, 11.142, 29.436, 15.04, 6.599, 6.292, 9.103, 13.293, 10.786, 3.19, 5.732, 9.757, 5.551, 7.242, 6.419, 1.473, 1.468, 7.028, 6.603, 9.366], "train_rmse": [26.223, 21.625, 29.342, 28.905, 25.416, 12.653, 35.215, 32.921, 29.451, 30.424, 24.294, 24.066, 23.571, 10.119, 12.015, 9.728, 10.873, 21.66, 11.319, 24.587, 19.802, 4.913, 17.859, 4.67, 13.849, 5.319, 11.387, 17.31, 4.655, 12.722, 7.051, 17.225, 3.804, 15.851, 7.654, 11.324, 23.345, 6.772, 14.832, 6.138, 17.417, 12.152, 6.27, 15.385, 9.845, 9.278, 14.497, 4.284, 4.799, 6.465, 8.38, 8.54, 3.309, 3.632, 18.131, 11.41, 22.752, 14.574, 3.812, 3.355, 13.159, 3.01, 5.64, 7.433, 24.941, 15.061, 14.014, 3.79, 4.919, 7.619, 3.036, 13.203, 2.8, 2.539, 2.678, 4.815, 4.228, 5.811, 3.036, 8.059, 6.583, 11.918, 31.965, 16.167, 7.328, 7.061, 9.63, 14.26, 12.312, 3.962, 6.326, 10.439, 5.981, 8.289, 6.857, 1.966, 1.893, 7.47, 7.318, 10.48], "train_underestimate": [5.996, 2.698, 11.518, 0.219, 0.1, 3.709, 18.03, 16.913, 15.247, 15.982, 12.489, 12.744, 12.506, 4.82, 0.068, 0.155, 5.487, 11.691, 0.063, 13.362, 10.715, 1.306, 9.442, 1.314, 7.129, 1.669, 5.634, 0.0, 1.525, 6.672, 3.018, 8.84, 0.821, 8.386, 3.561, 0.018, 12.379, 3.07, 0.0, 2.821, 9.307, 6.261, 0.115, 8.084, 4.925, 0.03, 7.583, 1.411, 1.887, 0.094, 4.277, 4.319, 0.657, 1.204, 0.0, 5.959, 12.203, 7.475, 0.261, 0.341, 7.035, 0.612, 2.674, 0.022, 13.38, 8.2, 6.967, 1.167, 0.322, 3.614, 0.635, 6.904, 0.788, 0.319, 0.832, 2.061, 1.865, 2.601, 0.551, 4.055, 2.917, 0.0, 16.79, 8.579, 3.764, 0.026, 0.0, 7.583, 6.153, 0.09, 0.014, 5.565, 0.013, 4.131, 0.0, 0.598, 0.351, 0.0, 3.766, 5.343], "train_overestimate": [6.121, 8.04, 0.876, 15.064, 13.436, 1.208, 0.0, 0.0, 0.0, 0.0, 0.0, 0.0, 0.0, 0.143, 6.035, 4.428, 0.053, 0.0, 5.617, 0.0, 0.0, 0.782, 0.0, 0.64, 0.002, 0.546, 0.03, 9.396, 0.557, 0.0, 0.123, 0.0, 0.813, 0.0, 0.058, 5.914, 0.0, 0.074, 7.908, 0.086, 0.0, 0.003, 3.092, 0.0, 0.014, 4.795, 0.0, 0.368, 0.182, 3.245, 0.004, 0.01, 0.724, 0.291, 10.075, 0.0, 0.0, 0.0, 1.423, 1.2, 0.0, 0.625, 0.034, 3.874, 0.0, 0.0, 0.0, 0.406, 1.663, 0.034, 0.563, 0.0, 0.327, 0.743, 0.27, 0.051, 0.047, 0.035, 0.887, 0.0, 0.033, 6.355, 0.0, 0.0, 0.0, 3.563, 5.193, 0.0, 0.0, 1.729, 3.255, 0.0, 3.153, 0.0, 3.661, 0.242, 0.486, 4.009, 0.0, 0.0], "train_difference": [12.117, 10.737, 12.394, 15.283, 13.535, 4.917, 18.03, 16.913, 15.247, 15.982, 12.489, 12.744, 12.506, 4.963, 6.103, 4.583, 5.54, 11.691, 5.68, 13.362, 10.715, 2.089, 9.442, 1.955, 7.13, 2.214, 5.663, 9.396, 2.082, 6.672, 3.141, 8.84, 1.634, 8.386, 3.618, 5.932, 12.379, 3.144, 7.908, 2.906, 9.307, 6.265, 3.206, 8.084, 4.939, 4.825, 7.583, 1.779, 2.068, 3.338, 4.281, 4.328, 1.381, 1.495, 10.075, 5.959, 12.203, 7.475, 1.684, 1.541, 7.035, 1.237, 2.708, 3.895, 13.38, 8.2, 6.967, 1.572, 1.984, 3.648, 1.198, 6.904, 1.115, 1.062, 1.103, 2.112, 1.912, 2.636, 1.437, 4.055, 2.95, 6.355, 16.79, 8.579, 3.764, 3.589, 5.193, 7.583, 6.153, 1.819, 3.269, 5.565, 3.167, 4.131, 3.661, 0.84, 0.837, 4.009, 3.766, 5.343], "val_mae": [22.726, 16.985, 27.087, 25.92, 23.755, 9.061, 34.118, 31.695, 28.422, 29.835, 23.445, 23.551, 23.131, 8.378, 11.474, 9.069, 9.43, 21.412, 10.832, 24.654, 19.613, 4.236, 17.559, 4.112, 13.109, 4.616, 10.463, 17.797, 3.711, 11.921, 6.187, 16.641, 3.581, 15.245, 6.751, 11.505, 23.205, 5.84, 15.589, 5.014, 17.049, 11.457, 6.276, 14.87, 9.016, 9.397, 14.011, 4.059, 4.514, 6.422, 7.505, 7.804, 3.794, 3.525, 18.96, 10.915, 22.871, 14.162, 4.16, 3.966, 12.925, 3.803, 5.39, 7.539, 25.306, 15.028, 13.352, 3.93, 4.613, 7.579, 3.463, 13.1, 3.422, 3.64, 3.564, 5.137, 4.371, 6.008, 3.573, 8.281, 6.875, 12.03, 32.679, 15.911, 6.759, 7.133, 9.512, 14.3, 12.13, 4.277, 6.234, 10.873, 5.943, 8.876, 6.689, 3.426, 3.368, 7.145, 8.105, 11.267], "val_rmse": [27.928, 21.262, 33.119, 27.826, 25.025, 13.263, 37.668, 34.914, 31.09, 32.224, 25.836, 25.323, 24.853, 10.195, 12.588, 10.493, 10.719, 22.712, 12.06, 26.0, 20.823, 5.081, 19.043, 5.059, 14.729, 5.862, 12.273, 18.638, 4.718, 13.214, 7.607, 18.596, 4.42, 16.703, 8.315, 12.47, 25.109, 7.348, 16.593, 6.366, 18.415, 13.01, 7.307, 16.451, 10.687, 10.403, 15.597, 5.267, 5.773, 7.489, 8.954, 9.341, 4.815, 4.528, 19.579, 12.36, 24.558, 16.099, 5.228, 4.854, 14.28, 4.715, 6.836, 8.647, 27.219, 16.193, 15.549, 4.948, 5.965, 9.341, 4.198, 14.879, 4.216, 4.495, 4.438, 6.759, 5.679, 7.532, 4.644, 9.899, 8.541, 13.043, 35.537, 17.502, 8.135, 8.392, 10.46, 15.769, 14.146, 5.263, 7.36, 12.227, 6.876, 10.585, 7.737, 4.464, 4.351, 8.138, 9.634, 13.111], "val_underestimate": [7.367, 2.968, 13.249, 0.337, 0.214, 3.877, 17.996, 16.718, 14.992, 15.737, 12.366, 12.423, 12.201, 4.382, 0.055, 0.105, 4.94, 11.294, 0.027, 13.004, 10.346, 1.295, 9.262, 1.353, 6.914, 1.777, 5.513, 0.0, 1.189, 6.288, 3.024, 8.777, 0.787, 8.042, 3.434, 0.0, 12.24, 2.911, 0.0, 2.504, 8.993, 6.043, 0.115, 7.843, 4.724, 0.0, 7.391, 1.55, 1.979, 0.089, 3.95, 4.1, 0.946, 1.268, 0.0, 5.757, 12.064, 7.47, 0.367, 0.589, 6.818, 0.981, 2.678, 0.042, 13.348, 7.927, 7.029, 1.358, 0.342, 3.875, 0.81, 6.91, 1.052, 0.765, 1.215, 2.444, 2.058, 2.962, 0.904, 4.325, 3.398, 0.0, 17.237, 8.392, 3.517, 0.035, 0.028, 7.543, 6.379, 0.251, 0.084, 5.735, 0.119, 4.619, 0.068, 1.203, 1.038, 0.037, 4.245, 5.925],