{"val_loss": [0.0340810789962739, 0.018414291959844478, 0.018046355223406054, 0.012398235877400212, 0.010583184053151248, 0.010562966652085178, 0.009882240492313739, 0.010532512522735892, 0.009465413939324208, 0.008897510309705266, 0.009329597536028208, 0.008784345807725913, 0.008518817735926455, 0.008777316516393007, 0.008506602894259332, 0.008408829065956525, 0.008361506292405667, 0.009295484128112244, 0.00846662722223199, 0.008318454114083175, 0.008360956251635798, 0.008269485935468564, 0.008091692047754704, 0.008275793442711196, 0.008308547920225666, 0.008270170895128912, 0.008795887819562469, 0.008044270165959865, 0.008172933087634091, 0.008309052788010578, 0.008471621962396765, 0.008076718813754269, 0.008336178509934043, 0.008153016854420356, 0.010313481849152595, 0.008419489493462606, 0.008480671594952582, 0.008268638618473132, 0.008302656775817418, 0.008226150276540365, 0.008528805024980102, 0.008459321317988926, 0.008643132792713004, 0.008611878663133312, 0.009557845571988664, 0.008350699704048262, 0.00930638315185206, 0.00853504712762919, 0.008458083705287814, 0.010614756156226375, 0.00840231199173205, 0.008590822802539656, 0.008547184044598706, 0.008615938624037275, 0.00865010755316891, 0.008672977569504938, 0.00853697000739986, 0.00895973054886983, 0.009222725661553946, 0.008751060064241756, 0.009206639591260076, 0.008961943063291579, 0.00880641257329747, 0.00894523585662278, 0.0086372371772288, 0.00912557893510287, 0.008776339644908957, 0.008723244230875733, 0.00858549339803479, 0.008693281873598203, 0.008712721058044635, 0.008695002838471232, 0.008590182203786552, 0.008754573799807177, 0.009480090148725948, 0.008882690012089571, 0.008667741727953803, 0.009245831142430284, 0.00897738178031836, 0.008821236380350051, 0.019303674502831807, 0.008634065667138202, 0.008840085701093712, 0.008692340029584657, 0.008737124213035309, 0.008700339085812124, 0.009008650719503445, 0.008876982913029173, 0.008917010390885279, 0.008785113096059326, 0.008805975331092163, 0.009712899961717389, 0.008918826911313873, 0.00880626551588648, 0.008842991577289972, 0.008687413669677981, 0.00896388292534943, 0.008842405732543234, 0.008827673071209574, 0.009923327054517964], "train_loss": [0.4894054817268625, 0.021854874343262054, 0.013056115159997717, 0.011042832571547478, 0.009612385765649378, 0.008387101886910386, 0.00822920951031847, 0.00793462283036206, 0.00772168741968926, 0.007212105207145214, 0.0072965382860274985, 0.007165330120187718, 0.006937396283319686, 0.006631231859500986, 0.006662553358182777, 0.0062961505755083635, 0.006277982261963189, 0.006336100785119925, 0.0060088456302764826, 0.006379876322171185, 0.005976949825708289, 0.005664200005412567, 0.005957137611403596, 0.0054162507731234655, 0.0052423537090362515, 0.0053973972899257205, 0.0054025734643801115, 0.005286213519866578, 0.005283911115839146, 0.004930738195980666, 0.004861110599449603, 0.004568277145153843, 0.004697671072790399, 0.005125002560816938, 0.0046083435154287145, 0.004761362935823854, 0.004313791359891184, 0.004076761626492953, 0.004063667121954495, 0.004127485586650437, 0.004475352016015677, 0.003800944941758644, 0.0038603476896241773, 0.0033778298675315455, 0.0035200866477680393, 0.0037625132135872263, 0.003265835970523767, 0.0032063933213066775, 0.003241498918214347, 0.00318123129545711, 0.003474214481684612, 0.0029415397548291367, 0.002727905499341432, 0.0028957307076780125, 0.0028199534899613354, 0.002714587582886452, 0.0025674111202533823, 0.002384246228757547, 0.0028621244091482367, 0.0024530876962671755, 0.00246061216785165, 0.002312824019099935, 0.0021781316954729846, 0.002150854081264697, 0.0020490664483077126, 0.0024488669296260923, 0.003784238113439642, 0.002171606576666818, 0.0021306210328475572, 0.0020074575822945917, 0.0021276180559652857, 0.001899640928968438, 0.002140105896614841, 0.0018836585386452498, 0.0018934779491246445, 0.0034581345244077966, 0.0019476397828839254, 0.0018507088389014825, 0.001685515573626617, 0.0015825729224161478, 0.0027536102788872086, 0.0051055438234470785, 0.002049927548796404, 0.0016901786111702677, 0.0016040863338275813, 0.0015061663343658438, 0.0014703789584018523, 0.0015368425483757164, 0.0014295851560746087, 0.0014365238039317774, 0.0013984961096866755, 0.0034361779798928183, 0.002935413847808377, 0.0016701097429177025, 0.0014026317094248952, 0.0013888690027670236, 0.0013482250105880667, 0.0013324603332875995, 0.0012685126603173558, 0.0016903838077269029], "train_size": 1024, "val_size": 576, "rand_seed": 641, "shuffle": true, "loss_name": "mean_squared_error", "img_dim": [256, 256, 3], "patch_dim": [256, 256, 3], "patches_per_image": 1, "density_map_sigma": 5, "density_map_multiplication_factor": 100.0, "sub_experiment_name": "vgg_cells/n_64_sigma_5_randseed_641_loss_mse_full_img", "architecture": "FCRN_A"}