{"val_loss": [0.4871732303324868, 0.16874086528139956, 0.3029959907426554, 0.1804751430583351, 0.14741135706358097, 0.1398348150884404, 0.13594964321921854, 0.12710902204408364, 0.12055639977402546, 0.11984169165439465, 0.11835366575156941, 0.11892818095272079, 0.1089650877915761, 0.1044781153802486, 0.09879690715495278, 0.09667165500714499, 0.09280715712948757, 0.09143342729657888, 0.08447478448643404, 0.08381789363920689, 0.08455524045754881, 0.08280126032802988, 0.08005762302919346, 0.07584595439188621, 0.07796226102201377, 0.08163690923110527, 0.07215942357502439, 0.07250798767542138, 0.07516923552269444, 0.06875986592186724, 0.06859894458423643, 0.0688086561858654, 0.07126718863625736, 0.06359581347993191, 0.06696185992811532, 0.06531235383933082, 0.06689999729175777, 0.06009761364582707, 0.06609385164783281, 0.06445362424368367, 0.06829248916576891, 0.06589933435487397, 0.06481308281859931, 0.057514450211516195, 0.062000823316766936, 0.06365914007320124, 0.05624066484982476, 0.05839064328328652, 0.05465982991325505, 0.060805740218390435, 0.055067664642325216, 0.05497214452856604, 0.05240960361655144, 0.05360463894355823, 0.0651208958862459, 0.05488174145712572, 0.05664989711059367, 0.05542536318192587, 0.05307367528953096, 0.05203823813730303, 0.05189543617341448, 0.049952463520800364, 0.05902298578225514, 0.0533903166103889, 0.05260949516121079, 0.053636487874695486, 0.053321766639676166, 0.051675054929493106, 0.05206288071349263, 0.05263400124385953, 0.05063963832114549, 0.05113735438927131, 0.05112558537546326, 0.04788648126208607, 0.05129007817081669, 0.05089404850321658, 0.0490677719387938, 0.047493173028616345, 0.05034141006934292, 0.04812056475373752, 0.05144522265147637, 0.05038597831940826, 0.0485454444116091, 0.04919848881442757, 0.05046702724169282, 0.04703419255640577, 0.051034282646415866, 0.04896863473250585, 0.046337232212809956, 0.05255813699434785, 0.05103336074663436, 0.04745366900940152, 0.04795256358407, 0.04857634569463484, 0.046068035504397226, 0.04936243695042589, 0.04671079301110962, 0.04551042145227685, 0.051075896878233724, 0.04484049699214451], "train_mae": [316.584, 63.749, 180.674, 80.136, 15.492, 14.893, 32.038, 20.461, 14.744, 34.12, 22.389, 42.331, 17.217, 31.26, 10.473, 33.036, 9.827, 33.355, 8.765, 6.362, 30.722, 6.237, 25.709, 10.383, 5.568, 36.064, 10.311, 3.884, 29.45, 6.261, 3.954, 24.168, 31.435, 12.684, 11.071, 4.467, 25.558, 7.134, 8.439, 26.735, 32.004, 7.408, 26.802, 7.915, 8.308, 29.739, 12.494, 6.17, 13.695, 26.858, 8.741, 6.23, 5.279, 16.735, 33.797, 18.692, 11.31, 20.786, 5.097, 5.82, 16.758, 10.666, 19.267, 9.755, 14.822, 3.113, 16.566, 3.655, 17.368, 8.836, 16.229, 17.978, 9.013, 8.848, 19.35, 9.532, 14.912, 9.378, 10.08, 9.434, 17.809, 6.578, 13.852, 16.128, 8.259, 9.881, 21.142, 7.596, 7.073, 23.5, 12.474, 13.369, 13.547, 9.02, 6.558, 18.324, 3.691, 2.663, 22.258, 3.597], "train_rmse": [324.086, 70.717, 181.008, 86.392, 19.858, 19.095, 38.463, 26.044, 16.929, 39.79, 24.729, 47.559, 19.327, 35.988, 11.849, 36.317, 11.186, 36.052, 11.827, 8.859, 32.924, 7.604, 27.546, 12.362, 7.06, 37.562, 11.888, 5.578, 30.497, 7.863, 5.623, 25.138, 32.635, 13.957, 12.364, 6.105, 26.312, 8.54, 9.295, 27.639, 32.753, 8.684, 27.608, 9.402, 9.175, 30.788, 13.516, 7.479, 14.759, 27.825, 10.219, 7.831, 6.782, 17.917, 34.995, 19.734, 12.901, 21.689, 6.738, 7.094, 17.846, 11.732, 20.544, 11.064, 15.68, 4.516, 17.674, 5.122, 18.3, 9.615, 17.188, 18.996, 9.935, 9.982, 20.534, 10.294, 16.081, 10.545, 11.079, 11.028, 18.891, 7.156, 14.684, 16.964, 8.741, 11.284, 22.281, 8.65, 8.349, 24.973, 13.293, 14.24, 14.559, 9.782, 7.842, 19.393, 4.502, 3.669, 23.497, 4.743], "train_underestimate": [176.647, 35.571, 0.0, 44.714, 6.041, 5.826, 17.704, 10.281, 2.312, 18.96, 0.11, 23.62, 0.393, 17.443, 1.313, 18.434, 0.566, 18.612, 4.532, 2.689, 17.142, 0.748, 14.345, 5.698, 0.536, 20.123, 5.696, 1.09, 16.432, 3.273, 1.17, 13.485, 17.54, 7.077, 0.15, 2.061, 14.261, 3.853, 0.218, 14.918, 17.858, 0.206, 14.955, 4.361, 0.201, 16.594, 6.972, 0.228, 7.641, 14.986, 4.845, 0.187, 2.783, 9.338, 18.858, 10.43, 0.076, 11.598, 2.668, 0.205, 9.35, 5.952, 0.0, 5.443, 8.271, 0.571, 9.243, 0.313, 9.691, 0.114, 9.055, 10.031, 0.095, 4.929, 10.797, 0.082, 8.32, 5.232, 0.037, 5.246, 9.937, 0.15, 7.729, 8.999, 0.111, 5.505, 11.796, 0.081, 3.909, 13.113, 0.0, 7.46, 7.559, 0.042, 3.619, 10.224, 0.21, 0.763, 12.42, 1.622], "train_overestimate": [0.0, 0.0, 100.812, 0.0, 2.603, 2.485, 0.173, 1.136, 5.914, 0.079, 12.383, 0.0, 9.214, 0.0, 4.531, 0.0, 4.917, 0.0, 0.359, 0.861, 0.0, 2.732, 0.0, 0.096, 2.571, 0.0, 0.057, 1.078, 0.0, 0.221, 1.037, 0.0, 0.0, 0.0, 6.027, 0.431, 0.0, 0.128, 4.491, 0.0, 0.0, 3.927, 0.0, 0.056, 4.434, 0.0, 0.0, 3.215, 0.0, 0.0, 0.032, 3.289, 0.163, 0.0, 0.0, 0.0, 6.235, 0.0, 0.176, 3.043, 0.0, 0.0, 10.751, 0.0, 0.0, 1.166, 0.0, 1.726, 0.0, 4.816, 0.0, 0.0, 4.934, 0.008, 0.0, 5.237, 0.0, 0.0, 5.587, 0.018, 0.0, 3.52, 0.0, 0.0, 4.497, 0.008, 0.0, 4.158, 0.037, 0.0, 6.96, 0.0, 0.0, 4.99, 0.041, 0.0, 1.85, 0.723, 0.0, 0.385], "train_difference": [176.647, 35.571, 100.812, 44.714, 8.644, 8.31, 17.877, 11.417, 8.227, 19.038, 12.493, 23.62, 9.607, 17.443, 5.844, 18.434, 5.483, 18.612, 4.891, 3.55, 17.142, 3.48, 14.345, 5.794, 3.107, 20.123, 5.753, 2.167, 16.432, 3.493, 2.207, 13.485, 17.54, 7.077, 6.177, 2.492, 14.261, 3.981, 4.709, 14.918, 17.858, 4.134, 14.955, 4.417, 4.636, 16.594, 6.972, 3.443, 7.641, 14.986, 4.877, 3.476, 2.946, 9.338, 18.858, 10.43, 6.311, 11.598, 2.844, 3.247, 9.35, 5.952, 10.751, 5.443, 8.271, 1.737, 9.243, 2.039, 9.691, 4.93, 9.055, 10.031, 5.029, 4.937, 10.797, 5.319, 8.32, 5.232, 5.624, 5.264, 9.937, 3.671, 7.729, 8.999, 4.608, 5.513, 11.796, 4.238, 3.946, 13.113, 6.96, 7.46, 7.559, 5.033, 3.659, 10.224, 2.06, 1.486, 12.42, 2.007], "val_mae": [316.958, 66.076, 176.692, 82.321, 19.886, 19.152, 35.091, 24.631, 16.327, 36.604, 21.699, 45.166, 17.272, 34.322, 11.448, 36.202, 10.04, 36.678, 11.7, 8.787, 33.921, 6.624, 28.927, 13.37, 5.562, 39.188, 13.351, 5.289, 32.512, 8.888, 5.077, 27.141, 34.313, 15.733, 7.775, 6.565, 28.479, 9.724, 6.035, 29.569, 34.766, 4.999, 29.646, 10.728, 5.961, 32.495, 15.259, 4.363, 16.258, 29.364, 11.249, 4.699, 7.469, 19.298, 36.285, 21.206, 8.604, 23.327, 7.229, 4.206, 19.301, 13.148, 16.745, 12.202, 17.394, 3.962, 19.114, 3.515, 19.888, 6.211, 18.638, 20.313, 6.467, 11.226, 21.775, 6.856, 17.358, 11.862, 7.462, 11.992, 20.386, 4.465, 16.221, 18.527, 5.77, 12.369, 23.622, 5.256, 9.433, 26.08, 9.843, 15.843, 15.988, 6.429, 9.062, 20.882, 3.36, 4.059, 24.881, 5.584], "val_rmse": [327.814, 75.821, 177.23, 91.242, 24.987, 24.134, 43.707, 31.616, 20.086, 44.804, 23.929, 52.625, 19.228, 41.036, 13.86, 41.055, 11.708, 40.772, 16.343, 12.779, 37.232, 8.609, 31.658, 16.205, 7.24, 41.48, 15.407, 6.943, 34.058, 10.704, 6.59, 28.437, 36.054, 17.06, 9.431, 8.326, 29.493, 11.009, 7.092, 30.815, 35.827, 6.436, 30.8, 12.47, 7.093, 33.985, 16.111, 5.556, 17.415, 30.654, 12.893, 5.979, 9.109, 20.773, 37.941, 22.496, 10.629, 24.471, 9.04, 5.391, 20.6, 14.192, 18.303, 13.622, 18.43, 5.058, 20.557, 4.531, 21.097, 7.488, 19.836, 21.595, 7.921, 12.404, 23.279, 8.174, 18.85, 13.247, 8.907, 14.041, 21.857, 5.515, 17.222, 19.584, 6.893, 14.163, 25.215, 6.782, 11.027, 28.097, 10.94, 16.969, 17.321, 7.767, 10.76, 22.416, 4.186, 4.825, 26.634, 7.315],