{"val_loss": [0.01828874490071458, 0.011941720834917813, 0.008242815833535347, 0.006884640539818279, 0.006731642740894184, 0.005489185008413829, 0.005743783240498434, 0.005314793016569798, 0.005078408969947144, 0.004687936937390238, 0.005549557190961958, 0.004419183305424881, 0.004508500683668364, 0.004628405751538915, 0.004202195856872576, 0.00447311520426464, 0.004274926154239973, 0.00408127240895256, 0.00419295250557137, 0.004000297407294377, 0.005469713078502323, 0.004202040999082194, 0.003977563502463882, 0.003952635592694979, 0.004751088935068658, 0.003925988585198117, 0.004314280689761611, 0.003943530434031238, 0.003975991691999405, 0.0039973747947549465], "train_loss": [0.14406671340111643, 0.014377384854014963, 0.00952754403988365, 0.007543858504504897, 0.0061440123681677505, 0.005412489335867576, 0.004986880281649064, 0.00505112050450407, 0.004506212688283995, 0.004173359127889853, 0.004107558721443638, 0.0041663920928840525, 0.0039060301933204755, 0.0037419616055558436, 0.0037802147708134726, 0.0038012560908100568, 0.003619736758992076, 0.0034763921939884312, 0.003343045013025403, 0.0033423629065509886, 0.004076762284967117, 0.0036277816689107567, 0.0032676557384547777, 0.003069940132263582, 0.0033154148040921427, 0.0030434105137828737, 0.003519475372740999, 0.0029366136150201783, 0.0030667371829622425, 0.002708672880544327], "train_size": 512, "val_size": 1088, "rand_seed": 322, "shuffle": true, "loss_name": "logcosh", "img_dim": [256, 256, 3], "patch_dim": [256, 256, 3], "patches_per_image": 1, "density_map_sigma": 5, "density_map_multiplication_factor": 100.0, "sub_experiment_name": "vgg_cells/n_32_sigma_5_randseed_322_loss_logcosh_full_img", "architecture": "UNet"}