{"val_loss": [0.010720844241101682, 0.006024831384315298, 0.005766332155973133, 0.005424458712695923, 0.005097309595132376, 0.004703468566124987, 0.004812553717783885, 0.004572204525478203, 0.004732991718103424, 0.004805868468691996, 0.00442077205944871, 0.0044116660151808495, 0.004279622698252044, 0.004428789198249837, 0.004604708669325596, 0.004310501832454368, 0.004287387820012454, 0.004216967319937087, 0.004149638719051533, 0.004294581575878611, 0.0043716893653456485, 0.004400754839783379, 0.004050886775783308, 0.00417640714749723, 0.004099043520000123, 0.004130187732698687, 0.004224939575073626, 0.004370327206237966, 0.0041130880068117725, 0.004036466440084041], "train_loss": [0.016118744446430355, 0.005970174632238923, 0.004975269903297885, 0.004698175215708034, 0.004256729417193128, 0.0041030490547200316, 0.004126331835323072, 0.0038624496719421586, 0.00377924422855358, 0.003637096102011128, 0.0035436520661278337, 0.0035955566768279823, 0.003461210912973911, 0.0033480381571280304, 0.0032433924316137563, 0.003220681674520165, 0.003174719397975423, 0.003264529790612869, 0.0030956508494455193, 0.002998453774580412, 0.0029410054262370977, 0.002970470910440781, 0.002787369675388618, 0.0028207257414578635, 0.002762376362170471, 0.0027339315770404937, 0.0025893506144711864, 0.0025505956491542747, 0.002505545792701014, 0.0025198296766575368], "train_size": 1024, "val_size": 576, "rand_seed": 645, "shuffle": true, "loss_name": "logcosh", "img_dim": [256, 256, 3], "patch_dim": [128, 128, 3], "patches_per_image": 4, "density_map_sigma": 5, "density_map_multiplication_factor": 100.0, "sub_experiment_name": "vgg_cells/n_64_sigma_5_randseed_645_loss_logcosh_patch_4_128x128", "architecture": "UNet"}