{"val_loss": [0.17911804478396387, 0.193080082316609, 0.11141334616524332, 0.04004824786063503, 0.03244688364622347, 0.03185539447483333, 0.03124067820060779, 0.023921964744872907, 0.023362284142743137, 0.02359342935275944, 0.0207480483359712, 0.02007822600631591, 0.01844630967003896, 0.01733563741778626, 0.016023240421953446, 0.015076767098542084, 0.01456001733073636, 0.014954280252020587, 0.013991057324935408, 0.013591525966630262, 0.013142766081728041, 0.012840039439170677, 0.012565384461434887, 0.011956327683840166, 0.011829520144280703, 0.011248989927801578, 0.01150708255933269, 0.011288024875444962, 0.0112349879448576, 0.01052610676475417, 0.010207610088400543, 0.009741379180923104, 0.00954652507447035, 0.009522548318594037, 0.009339498366256627, 0.009296158290988602, 0.008501346325775719, 0.008905728683149552, 0.008351560866953257, 0.008383762676898828, 0.007868780208381769, 0.008094430627191769, 0.00743212438914377, 0.007446419546955868, 0.008641224529128522, 0.008546494303599876, 0.011313327166991419, 0.01112005889402045, 0.011601643715574242, 0.009067690318368156, 0.009300512463703533, 0.009624522391651921, 0.009671841696699095, 0.008270843043539892, 0.008260284317657351, 0.00907856841599021, 0.007895462851807037, 0.007584587533903473, 0.008133202520719566, 0.007572456869050203, 0.007367356923436198, 0.006706763813888435, 0.0066659669357571096, 0.006398915943196591, 0.006596152655273566, 0.00609820952762247, 0.006013295587549424, 0.006180569993482684, 0.006045133796493139, 0.005817923901999807, 0.005775117065401419, 0.005624059286406811, 0.005873421946650042, 0.005534526517080581, 0.0056057774790507905, 0.005443556345519884, 0.005385089701603112, 0.005361641748630277, 0.005405938483925317, 0.005329453833195765, 0.005147910481729709, 0.0051365065001471736, 0.005986787337700234, 0.005854227866032435, 0.00612448578227914, 0.005747330477735137, 0.006286158820490956, 0.005901093620409751, 0.005924408608253169, 0.005207757314886241, 0.005283556082491379, 0.004950130678480491, 0.0049074912231470294, 0.0046981787035132155, 0.004855642093496178, 0.004706000601051047, 0.004684048153542201, 0.004618755077792551, 0.0045466833655475915, 0.004687933913801852], "train_mae": [352.415, 395.878, 252.014, 136.114, 100.522, 60.411, 59.846, 17.572, 40.68, 58.268, 37.563, 19.271, 16.544, 36.216, 15.448, 14.912, 24.409, 19.677, 24.746, 12.104, 11.148, 16.189, 11.437, 13.54, 10.795, 14.023, 14.63, 27.545, 19.086, 20.881, 8.677, 7.443, 5.334, 10.334, 19.408, 17.031, 11.011, 5.774, 4.679, 8.81, 5.155, 6.906, 5.329, 12.896, 38.242, 21.153, 35.817, 30.349, 39.854, 7.043, 19.346, 33.77, 29.848, 9.982, 13.859, 23.379, 12.856, 11.069, 22.242, 22.296, 17.03, 12.857, 5.554, 13.608, 15.706, 11.53, 5.458, 12.349, 14.888, 4.281, 5.199, 7.003, 12.979, 13.076, 9.166, 12.332, 6.945, 5.703, 16.02, 10.148, 5.146, 12.857, 22.118, 27.019, 20.491, 26.324, 26.68, 28.113, 18.158, 14.971, 14.689, 12.131, 4.542, 3.545, 8.969, 9.594, 4.252, 4.509, 3.536, 6.108], "train_rmse": [360.312, 397.951, 258.813, 136.307, 100.912, 67.364, 66.561, 22.361, 43.288, 59.548, 40.314, 24.593, 19.477, 38.609, 17.894, 17.131, 27.07, 25.182, 26.827, 15.794, 13.306, 18.286, 15.159, 15.329, 14.473, 15.404, 18.628, 28.248, 22.071, 21.751, 11.68, 8.476, 7.894, 12.763, 20.25, 18.844, 12.061, 7.257, 6.798, 10.172, 6.972, 9.084, 7.115, 14.713, 39.307, 22.751, 40.068, 32.805, 40.392, 9.551, 21.746, 34.42, 31.139, 10.959, 14.559, 24.943, 13.582, 11.966, 23.613, 23.452, 18.355, 14.203, 7.305, 14.851, 17.26, 12.724, 7.539, 14.149, 16.273, 6.387, 6.886, 8.742, 14.521, 13.951, 10.993, 13.518, 8.644, 7.328, 17.266, 11.675, 6.712, 13.794, 23.245, 28.093, 21.954, 27.169, 27.899, 29.044, 19.33, 16.342, 15.725, 12.849, 6.301, 5.235, 10.409, 10.439, 5.753, 5.997, 5.037, 7.694], "train_underestimate": [196.64, 0.0, 140.618, 0.0, 0.0, 33.708, 33.393, 6.837, 0.0, 0.0, 0.0, 8.667, 4.621, 0.0, 3.812, 2.844, 0.104, 10.39, 0.049, 5.062, 3.274, 0.358, 5.282, 0.473, 5.184, 0.322, 8.112, 0.0, 10.65, 0.0, 4.704, 0.518, 2.5, 5.705, 0.019, 9.503, 0.171, 0.992, 1.663, 0.233, 0.557, 3.409, 2.386, 0.154, 0.0, 11.803, 0.0, 16.934, 0.0, 2.709, 10.795, 0.0, 16.655, 0.235, 0.144, 13.045, 0.168, 0.205, 12.41, 0.0, 9.502, 0.18, 2.459, 0.168, 8.764, 0.209, 0.457, 6.854, 0.111, 1.19, 2.233, 0.261, 7.238, 0.15, 5.015, 0.155, 3.632, 2.774, 0.058, 5.638, 2.449, 0.121, 12.341, 0.0, 11.434, 0.0, 14.887, 0.0, 10.132, 0.049, 8.196, 0.128, 2.092, 0.737, 4.997, 0.16, 1.948, 2.191, 0.641, 3.289], "train_overestimate": [0.0, 220.891, 0.0, 75.948, 56.089, 0.0, 0.0, 2.968, 22.698, 32.512, 20.959, 2.086, 4.61, 20.208, 4.808, 5.477, 13.515, 0.59, 13.758, 1.691, 2.946, 8.675, 1.1, 7.082, 0.839, 7.503, 0.051, 15.369, 0.0, 11.651, 0.137, 3.635, 0.476, 0.061, 10.81, 0.0, 5.973, 2.23, 0.947, 4.683, 2.32, 0.445, 0.587, 7.042, 21.338, 0.0, 19.985, 0.0, 22.237, 1.221, 0.0, 18.843, 0.0, 5.334, 7.589, 0.0, 7.006, 5.971, 0.0, 12.441, 0.0, 6.994, 0.641, 7.425, 0.0, 6.224, 2.588, 0.037, 8.196, 1.199, 0.668, 3.646, 0.004, 7.146, 0.1, 6.726, 0.243, 0.408, 8.881, 0.024, 0.423, 7.053, 0.0, 15.076, 0.0, 14.688, 0.0, 15.686, 0.0, 8.305, 0.0, 6.641, 0.443, 1.242, 0.008, 5.193, 0.424, 0.325, 1.333, 0.119], "train_difference": [196.64, 220.891, 140.618, 75.948, 56.089, 33.708, 33.393, 9.805, 22.698, 32.512, 20.959, 10.753, 9.231, 20.208, 8.62, 8.321, 13.62, 10.979, 13.808, 6.754, 6.22, 9.033, 6.382, 7.555, 6.024, 7.825, 8.163, 15.369, 10.65, 11.651, 4.841, 4.153, 2.976, 5.766, 10.829, 9.503, 6.144, 3.222, 2.611, 4.916, 2.876, 3.853, 2.973, 7.195, 21.338, 11.803, 19.985, 16.934, 22.237, 3.93, 10.795, 18.843, 16.655, 5.569, 7.733, 13.045, 7.174, 6.176, 12.41, 12.441, 9.502, 7.174, 3.099, 7.593, 8.764, 6.433, 3.045, 6.891, 8.307, 2.388, 2.901, 3.907, 7.242, 7.296, 5.114, 6.881, 3.875, 3.182, 8.939, 5.662, 2.871, 7.174, 12.341, 15.076, 11.434, 14.688, 14.887, 15.686, 10.132, 8.354, 8.196, 6.769, 2.535, 1.978, 5.005, 5.353, 2.373, 2.516, 1.973, 3.408], "val_mae": [352.547, 390.035, 252.954, 132.214, 96.78, 62.95, 62.283, 22.02, 38.454, 55.027, 35.752, 23.879, 19.132, 34.17, 17.421, 16.525, 23.857, 23.306, 23.407, 15.512, 13.035, 16.286, 14.694, 13.738, 13.821, 13.367, 17.539, 24.323, 22.091, 17.766, 11.415, 6.957, 7.703, 13.224, 16.366, 20.081, 7.893, 6.413, 6.259, 6.511, 4.975, 8.905, 6.622, 9.925, 35.416, 23.811, 33.343, 33.226, 36.7, 9.403, 22.766, 30.086, 33.429, 7.238, 10.326, 26.481, 9.549, 7.957, 25.312, 19.097, 19.957, 9.499, 6.837, 10.412, 18.401, 8.513, 4.946, 14.831, 11.97, 5.417, 6.585, 4.727, 15.748, 9.798, 11.755, 8.991, 9.112, 7.526, 12.833, 12.925, 6.889, 9.6, 24.949, 23.981, 23.324, 23.243, 29.556, 25.077, 21.016, 11.805, 17.571, 8.789, 6.621, 4.159, 11.878, 6.409, 6.099, 6.51, 3.97, 8.574], "val_rmse": [363.972, 393.176, 262.815, 132.577, 97.469, 72.649, 71.679, 27.823, 41.805, 57.16, 39.034, 30.148, 24.114, 37.256, 22.064, 20.567, 26.429, 30.059, 25.75, 20.191, 17.021, 18.137, 19.507, 15.42, 18.832, 14.764, 23.0, 25.548, 26.282, 19.155, 15.546, 8.303, 11.099, 16.466, 17.672, 22.493, 9.477, 8.227, 8.677, 7.883, 6.216, 11.642, 8.516, 11.649, 36.35, 25.814, 38.302, 36.66, 37.499, 12.827, 25.962, 30.953, 35.184, 8.725, 11.788, 28.549, 10.93, 9.395, 26.943, 20.272, 21.167, 11.041, 8.742, 11.685, 19.751, 9.717, 6.031, 16.583, 13.128, 6.829, 8.357, 6.036, 17.194, 10.828, 13.63, 10.239, 10.904, 9.31, 14.049, 14.257, 8.528, 10.682, 26.31, 24.974, 25.179, 24.013, 31.18, 25.937, 22.422, 13.283, 18.589, 9.854, 8.47, 5.26, 13.104, 7.536, 7.644, 7.939, 5.054, 10.289],