{"val_loss": [14.995141183628755, 0.12732060987721472, 0.10375041925512693, 0.3006416471565471, 0.2813872669768684, 0.15904691809897914, 0.1463930507135742, 0.1754163628553643, 0.08220086690476712, 0.1412965001209694, 0.13113244770861723, 0.07366694789379835, 0.11421051276299883, 0.08239105617737069, 0.07415803256170715, 0.08327814657241106, 0.0795006039826309, 0.06772359761902515, 0.06424570831415408, 0.06645131894551656, 0.06085907415870358, 0.056214854312951076, 0.06062631947262322, 0.05340203408644918, 0.05347998396438711, 0.04465058385668432, 0.04939440854222459, 0.04389634638038628, 0.04226926818270894, 0.04208576775101178, 0.038627912016475904, 0.04123391120639794, 0.037007898557931185, 0.03827162645757198, 0.03707986849579303, 0.03773706606315339, 0.03551954693873139, 0.03462756768909886, 0.03517197751823593, 0.03338108022752054, 0.03568019542623969, 0.03816919547834379, 0.03294585417846546, 0.0351688045570079, 0.032777813427588516, 0.034627555664080906, 0.03301233396974995, 0.031376154668738734, 0.03108139704529415, 0.03067506745676784, 0.031251329161665016, 0.02909904284238377, 0.029109973460435867, 0.029218716231886956, 0.028804642285275107, 0.028436806340537527, 0.027158761362764326, 0.028549600022790188, 0.026655295014600542, 0.026169701458831483, 0.027597177705234465, 0.025411622352240718, 0.025226105477058273, 0.026192856795044944, 0.02433391705648426, 0.02398544189739315, 0.025050879962851897, 0.023807777441106737, 0.023414601921103895, 0.02248810785000815, 0.022183589199010062, 0.023709718720056117, 0.02462509853135356, 0.030428523019723156, 0.027065415387315786, 0.02138332519269384, 0.025571749107364344, 0.023232603514128747, 0.02111401714329772, 0.0250647077405387, 0.020558206672670647, 0.022294970989391646, 0.020945565131328562, 0.02172391693902147, 0.020553901408086803, 0.01913717815049869, 0.021731735741281333, 0.019016092088456976, 0.018398086889646947, 0.02074438560178832, 0.018472083481302595, 0.017603963880580577, 0.018947455217130482, 0.018494911108385113, 0.01886648642282714, 0.016819856910254147, 0.016574486288899445, 0.017744282055098343, 0.017940842238364414, 0.022635445998543325], "train_mae": [2421.97, 114.124, 24.621, 302.254, 248.241, 142.897, 168.578, 204.785, 24.211, 134.673, 124.58, 22.271, 147.986, 87.874, 24.071, 52.487, 47.83, 22.126, 39.55, 66.621, 51.063, 20.539, 36.379, 24.004, 66.264, 23.243, 30.736, 18.738, 36.759, 45.482, 17.214, 26.383, 17.653, 34.296, 14.903, 20.942, 22.446, 20.618, 18.276, 11.497, 41.395, 38.925, 11.254, 39.992, 22.006, 24.499, 18.133, 25.164, 27.768, 13.28, 20.585, 18.245, 23.295, 14.388, 13.043, 26.789, 8.813, 18.083, 18.633, 15.144, 18.499, 12.112, 16.954, 16.486, 12.686, 12.332, 16.289, 22.089, 9.081, 4.8, 14.687, 21.388, 41.702, 52.169, 52.458, 8.009, 35.755, 34.838, 16.524, 33.035, 7.115, 34.414, 11.108, 20.028, 26.973, 9.543, 27.093, 18.587, 12.454, 25.588, 21.434, 5.054, 18.849, 27.341, 21.476, 10.568, 7.146, 16.691, 30.041, 43.146], "train_rmse": [2444.986, 121.865, 29.996, 302.977, 255.8, 149.827, 168.806, 205.128, 27.784, 141.938, 131.979, 25.412, 148.286, 88.982, 30.565, 61.548, 56.996, 27.432, 43.919, 68.308, 53.72, 23.372, 45.453, 30.83, 67.339, 26.817, 39.2, 23.393, 39.825, 47.437, 19.39, 33.853, 20.022, 36.209, 19.705, 27.003, 24.756, 22.862, 23.802, 14.984, 42.154, 43.194, 15.057, 40.904, 23.977, 29.024, 22.959, 26.752, 29.013, 17.665, 24.34, 19.601, 24.471, 18.286, 17.081, 27.71, 9.92, 21.457, 19.795, 16.154, 21.259, 13.058, 17.897, 19.152, 13.584, 13.205, 18.702, 22.773, 11.586, 6.346, 15.398, 22.965, 42.23, 53.63, 53.199, 9.976, 37.007, 35.479, 17.248, 34.477, 8.105, 34.958, 13.243, 21.727, 27.64, 10.486, 28.523, 19.455, 13.362, 27.041, 22.352, 6.651, 20.23, 28.351, 22.624, 11.923, 8.786, 17.924, 31.363, 44.06], "train_underestimate": [0.0, 63.678, 9.263, 0.0, 138.513, 79.733, 0.0, 0.0, 2.195, 75.145, 69.513, 4.647, 0.0, 0.0, 10.554, 29.238, 26.587, 8.613, 0.0, 0.0, 0.0, 4.438, 20.016, 11.584, 0.0, 0.902, 16.776, 7.284, 0.0, 0.0, 3.217, 14.449, 1.28, 0.0, 6.953, 11.5, 0.155, 0.22, 10.012, 4.452, 0.0, 21.719, 4.799, 0.0, 0.095, 13.635, 10.012, 0.0, 0.0, 7.192, 11.466, 0.121, 0.0, 7.952, 7.148, 0.0, 1.456, 10.07, 0.022, 0.154, 10.322, 0.262, 0.046, 9.199, 0.223, 0.228, 9.089, 0.0, 5.003, 1.163, 0.093, 11.934, 0.0, 29.109, 0.0, 4.387, 19.951, 0.0, 0.059, 18.433, 0.466, 0.0, 6.154, 11.175, 0.0, 0.264, 15.117, 0.03, 0.157, 14.278, 0.0, 0.781, 10.517, 0.0, 11.983, 0.175, 0.335, 9.313, 0.0, 24.075], "train_overestimate": [1351.404, 0.0, 4.475, 168.651, 0.0, 0.0, 94.063, 114.266, 11.314, 0.0, 0.0, 7.779, 82.573, 49.032, 2.878, 0.049, 0.101, 3.732, 22.068, 37.173, 28.492, 7.022, 0.283, 1.81, 36.974, 12.067, 0.374, 3.171, 20.51, 25.378, 6.388, 0.272, 8.569, 19.137, 1.362, 0.185, 12.369, 11.285, 0.186, 1.963, 23.098, 0.0, 1.48, 22.315, 12.184, 0.035, 0.106, 14.041, 15.494, 0.218, 0.019, 10.059, 12.998, 0.076, 0.13, 14.948, 3.461, 0.02, 10.375, 8.296, 0.0, 6.496, 9.414, 0.0, 6.856, 6.653, 0.0, 12.325, 0.064, 1.515, 8.101, 0.0, 23.269, 0.0, 29.27, 0.082, 0.0, 19.439, 9.161, 0.0, 3.504, 19.202, 0.044, 0.0, 15.05, 5.06, 0.0, 10.341, 6.792, 0.0, 11.96, 2.039, 0.0, 15.256, 0.0, 5.722, 3.653, 0.0, 16.762, 0.0], "train_difference": [1351.404, 63.678, 13.738, 168.651, 138.513, 79.733, 94.063, 114.266, 13.509, 75.145, 69.513, 12.426, 82.573, 49.032, 13.431, 29.287, 26.688, 12.346, 22.068, 37.173, 28.492, 11.46, 20.299, 13.394, 36.974, 12.969, 17.15, 10.455, 20.51, 25.378, 9.605, 14.721, 9.85, 19.137, 8.316, 11.685, 12.524, 11.505, 10.198, 6.415, 23.098, 21.719, 6.279, 22.315, 12.279, 13.67, 10.118, 14.041, 15.494, 7.41, 11.486, 10.181, 12.998, 8.028, 7.278, 14.948, 4.917, 10.09, 10.397, 8.45, 10.322, 6.758, 9.46, 9.199, 7.079, 6.881, 9.089, 12.325, 5.067, 2.679, 8.195, 11.934, 23.269, 29.109, 29.27, 4.469, 19.951, 19.439, 9.22, 18.433, 3.97, 19.202, 6.198, 11.175, 15.05, 5.325, 15.117, 10.371, 6.949, 14.278, 11.96, 2.82, 10.517, 15.256, 11.983, 5.897, 3.987, 9.313, 16.762, 24.075], "val_mae": [2400.505, 116.838, 29.424, 296.183, 249.887, 145.254, 163.826, 199.752, 25.393, 136.993, 126.998, 23.699, 143.341, 83.757, 29.024, 55.234, 50.68, 26.42, 39.019, 62.795, 48.204, 21.969, 40.426, 28.73, 62.468, 24.256, 35.197, 22.733, 35.309, 42.416, 18.397, 30.445, 18.4, 31.752, 18.756, 24.634, 21.59, 20.01, 21.93, 14.769, 37.786, 41.852, 14.827, 36.536, 20.75, 27.421, 21.375, 22.883, 24.889, 16.655, 23.599, 16.624, 20.512, 17.464, 16.24, 23.745, 9.88, 21.022, 16.31, 13.43, 21.544, 10.869, 14.35, 19.551, 11.133, 10.762, 19.372, 18.804, 12.16, 6.547, 11.505, 24.532, 38.157, 55.136, 48.866, 11.032, 38.77, 31.383, 13.054, 36.074, 6.551, 30.909, 14.215, 23.189, 23.482, 7.514, 30.239, 15.05, 9.349, 28.807, 17.868, 5.716, 22.154, 23.709, 24.777, 7.531, 5.547, 20.043, 26.338, 46.353], "val_rmse": [2434.775, 127.796, 36.603, 297.396, 260.791, 155.135, 164.269, 200.367, 30.057, 147.184, 137.333, 29.963, 143.914, 85.555, 36.984, 67.589, 63.075, 33.558, 42.818, 65.511, 51.583, 27.844, 51.721, 37.081, 64.303, 27.585, 45.404, 29.305, 38.308, 45.163, 23.178, 39.713, 21.38, 34.149, 25.102, 32.415, 23.7, 22.027, 28.987, 19.736, 39.233, 47.972, 19.841, 38.252, 22.699, 33.911, 27.898, 24.862, 26.793, 22.458, 29.002, 18.126, 22.345, 22.831, 21.63, 25.406, 12.249, 25.884, 17.936, 14.73, 25.559, 12.111, 15.894, 23.378, 12.384, 12.005, 22.844, 20.098, 15.588, 8.72, 13.025, 26.865, 38.855, 57.396, 49.765, 13.494, 40.676, 32.195, 14.513, 38.253, 7.816, 31.651, 17.082, 25.59, 24.398, 8.784, 32.312, 16.387, 10.854, 30.888, 19.057, 7.219, 23.933, 24.777, 26.218, 8.928, 6.547, 21.33, 27.658, 47.679],