{"val_loss": [14.9951410854564, 0.12732086560743697, 0.10375046620474142, 0.3006431896458654, 0.28138091086464767, 0.15905140455373945, 0.14638892813202212, 0.17541908801478498, 0.08220154178493164, 0.1412943780203076, 0.1311342964934952, 0.07366773464223918, 0.11420484177549095, 0.08239363424260826, 0.07415703297866617, 0.0832766429247225, 0.07950177974998951, 0.06772836631930926, 0.06425150261972756, 0.06645636819303036, 0.06085909831830684, 0.05621671227409559, 0.06063364400966641, 0.05337831617661697, 0.05356273994616726, 0.04463833754005678, 0.049501514925128394, 0.043925953590694594, 0.04231022616081378, 0.0421959632076323, 0.038624448797610754, 0.041237580261248, 0.03699415122323176, 0.03828630440265817, 0.036982577568029654, 0.03773578774074421, 0.03569491145967999, 0.03437891347772058, 0.03511150279904113, 0.03333507667240851, 0.03306277598911787, 0.03220340310979415, 0.033515063100768364, 0.03181043412426815, 0.03136239895213615, 0.03216815798762528, 0.03020803292062791, 0.029929447946522164, 0.029792649685131276, 0.028832688571556526, 0.028517158619840357, 0.028319387395373163, 0.027478808989090955, 0.027145239579326966, 0.02819331970942371, 0.027730224311680478, 0.028703352854148868, 0.02630864574080881, 0.025290469769114518, 0.026266074739396572, 0.025924704455332282, 0.025258826016558007, 0.024198471000144148, 0.024347841397256535, 0.025429513914894092, 0.023391364553176305, 0.022725951077197406, 0.022503722438533956, 0.022473379120449808, 0.025466320673277712, 0.026911717976498252, 0.030025091145516318, 0.02294111794874291, 0.0212200002210653, 0.02591179440017132], "train_loss": [1.1973190307617188, 15.187232971191406, 0.12083689868450165, 0.09971397370100021, 0.30624544620513916, 0.2721863389015198, 0.15151318907737732, 0.1464497447013855, 0.17668476700782776, 0.07789196074008942, 0.1339014172554016, 0.12394358962774277, 0.06931589543819427, 0.11391961574554443, 0.08032283931970596, 0.06940214335918427, 0.07771772146224976, 0.07408490777015686, 0.06319386512041092, 0.060928985476493835, 0.06391265988349915, 0.05796188861131668, 0.052188627421855927, 0.05571503937244415, 0.04896353930234909, 0.05133695900440216, 0.04130901023745537, 0.044988963752985, 0.039993904531002045, 0.03953773155808449, 0.03974289447069168, 0.035270802676677704, 0.03726085275411606, 0.034083228558301926, 0.036009788513183594, 0.03370027616620064, 0.03423713892698288, 0.0332898385822773, 0.03176411986351013, 0.03173883259296417, 0.030246280133724213, 0.030543643981218338, 0.029269658029079437, 0.030076732859015465, 0.029149943962693214, 0.02867870032787323, 0.02878512442111969, 0.027346190065145493, 0.027415357530117035, 0.026729431003332138, 0.02601182833313942, 0.02618984691798687, 0.025464851409196854, 0.024784207344055176, 0.024795595556497574, 0.02508161962032318, 0.025726016610860825, 0.025481238961219788, 0.02427075430750847, 0.022748416289687157, 0.02336801402270794, 0.024026185274124146, 0.022443290799856186, 0.021608080714941025, 0.022349882870912552, 0.022463835775852203, 0.021423902362585068, 0.02025800384581089, 0.020018035545945168, 0.020656175911426544, 0.02242172323167324, 0.02577771246433258, 0.02657761424779892, 0.021338853985071182, 0.019204750657081604], "train_mae": [638.9561157226562, 2421.9697265625, 114.123779296875, 24.62126922607422, 302.254638671875, 248.23690795898438, 142.90225219726562, 168.57217407226562, 204.78750610351562, 24.213665008544922, 134.66941833496094, 124.58137512207031, 22.26991844177246, 147.9773406982422, 87.88086700439453, 24.068336486816406, 52.477325439453125, 47.81739044189453, 22.12624740600586, 39.56147003173828, 66.632568359375, 51.06229019165039, 20.536426544189453, 36.401756286621094, 23.95688247680664, 66.59477996826172, 23.108495712280273, 31.074356079101562, 18.760560989379883, 36.794227600097656, 45.772308349609375, 17.38683319091797, 26.331920623779297, 17.34396743774414, 34.64961242675781, 14.549298286437988, 21.030487060546875, 24.28525161743164, 17.230077743530273, 17.832956314086914, 11.089795112609863, 21.741361618041992, 11.665935516357422, 16.5627384185791, 18.5576114654541, 17.55266571044922, 14.965700149536133, 11.10689640045166, 18.9827938079834, 10.732048034667969, 7.579866886138916, 17.122089385986328, 9.131683349609375, 6.802021026611328, 16.60775375366211, 17.20209503173828, 31.828235626220703, 25.602577209472656, 24.250564575195312, 5.580236434936523, 16.215566635131836, 28.127626419067383, 12.182536125183105, 5.236156463623047, 23.655662536621094, 21.202598571777344, 21.31523895263672, 4.93939208984375, 6.701337814331055, 21.936603546142578, 32.56822204589844, 51.75749969482422, 51.93001174926758, 31.746810913085938, 15.377145767211914], "val_mae": [2400.504940257353, 116.83816921009736, 29.424167408662683, 296.183666453642, 249.8828950769761, 145.2593106662526, 163.82071192124312, 199.7541945962345, 25.395625731524298, 136.98915408639346, 126.99950162102195, 23.69892120361328, 143.33241687101477, 83.76394776736988, 29.01963009553797, 55.224440069759595, 50.668502919814166, 26.41892971712, 39.028585209566, 62.806203842163086, 48.202829136567956, 21.970702900606042, 40.44438496757956, 28.677767248714673, 62.796460656558764, 24.1274808995864, 35.488331514246326, 22.779253679163315, 35.33677516264074, 42.68818025028004, 18.5189686943503, 30.404178955975702, 18.17309009327608, 32.05917807186351, 18.38723373413086, 24.71525349336512, 23.175132414873907, 17.26098341100356, 21.53729797812069, 14.214314516852884, 20.572702407836914, 12.820632261388441, 20.17277504416073, 17.923793904921588, 17.03966286603142, 18.445714389576633, 11.970441145055434, 17.49861459171071, 13.947298498714671, 9.996859943165498, 15.254084755392636, 12.220222697538489, 8.87855900035185, 14.768712324254652, 20.10286263858571, 28.60465408773983, 28.49640734055463, 21.004651013542624, 7.303589652566349, 19.23269541123334, 24.814098358154297, 15.258607752182904, 7.743022582110236, 20.370738309972428, 24.20465940587661, 18.073110804838294, 7.819045908310834, 9.636340421788832, 18.592582366045782, 35.598521513097424, 48.2110388138715, 54.849999988780304, 28.335559508379767, 11.832877664005055, 40.51394086725571], "train_rmse": [648.6131591796875, 2444.986328125, 121.86492919921875, 29.996116638183594, 302.9783935546875, 255.79571533203125, 149.83255004882812, 168.80014038085938, 205.12982177734375, 27.787607192993164, 141.93463134765625, 131.98019409179688, 25.41120719909668, 148.2772674560547, 88.98832702636719, 30.559608459472656, 61.539180755615234, 56.9854850769043, 27.430185317993164, 43.929107666015625, 68.31836700439453, 53.718116760253906, 23.36920166015625, 45.47608184814453, 30.765432357788086, 67.6579360961914, 26.657644271850586, 39.55257797241211, 23.451669692993164, 39.857398986816406, 47.71531677246094, 19.54727554321289, 33.80631637573242, 19.677804946899414, 36.53240203857422, 19.189075469970703, 27.10021209716797, 26.656280517578125, 19.372385025024414, 23.35702133178711, 14.396162986755371, 23.738418579101562, 13.159550666809082, 21.76188850402832, 20.50992774963379, 19.467365264892578, 19.759397506713867, 12.423587799072266, 20.466882705688477, 14.53970718383789, 9.966329574584961, 18.263832092285156, 12.442669868469238, 8.693851470947266, 17.70801544189453, 20.229068756103516, 32.34370803833008, 27.897558212280273, 24.90593719482422, 7.026337623596191, 18.42570686340332, 28.678142547607422, 14.690184593200684, 7.419985294342041, 24.29298210144043, 23.212196350097656, 21.99912452697754, 7.435483932495117, 9.097887992858887, 22.622596740722656, 34.01858901977539, 52.33256530761719, 53.34033203125, 32.40477752685547, 16.08063316345215],