{"val_loss": [0.2103909705248144, 0.17044786777761248, 0.14076552291711172, 0.14776525367051363, 0.10889952205535439, 0.10370917939063576, 0.09957973700430658, 0.09521968186729485, 0.09902284946292639, 0.07734085422837073, 0.07105252602034146, 0.07140208542760876, 0.08319533057510853, 0.07426244993176725, 0.0717238841785325, 0.06213797659923633, 0.060677334666252136, 0.05848978811668025, 0.06727569731366304, 0.06041981383330292, 0.058283796430461936, 0.05948583523018493, 0.05604785753207074, 0.05937952734529972, 0.0563638877744476, 0.05450011665622393, 0.053454383897284664, 0.05378681390235821, 0.059955541458394795, 0.05705409191755785, 0.05145611153501603, 0.05166111669192711, 0.05174291371885273, 0.050386782062964305, 0.050340109711719885, 0.050213936095436416, 0.0488095025324987, 0.05369978046251668, 0.04881484625447127, 0.048222657965703145, 0.049308182982107006, 0.047775714554720454, 0.05019937243519558, 0.07948785264872843, 0.05122186072791616, 0.057308220149328314, 0.04920435055262513, 0.048203409959872566, 0.048425357633580766, 0.048925230020864144, 0.0485039583614303, 0.04804550866699881, 0.04625694148449434, 0.04653349477383825, 0.051020553076846734, 0.04625141367109285, 0.05382926105004218, 0.0481889167179664, 0.04633549161048399, 0.04596770534084903, 0.04510283490849866, 0.04618949655236469, 0.04760626915635334, 0.04679152514371607, 0.047830067885418735, 0.04626245325845149, 0.044999691347281136, 0.04552762660508355, 0.04706520074978471, 0.04531971530781852, 0.04501767668666111, 0.04585883838848935, 0.05108342790562245, 0.044716823690881334, 0.045359945856034756, 0.04474975442927745, 0.04546372369966573, 0.045163427427825004, 0.044239758513867855, 0.04461205052211881, 0.046149172044048704, 0.044999314161638417, 0.05379219104846319, 0.04501504839087526, 0.04412322801848253, 0.045263661382098995, 0.04711632632339994, 0.04402368081112703, 0.04412676099066933, 0.04395477380603552, 0.04367199157261186, 0.047567432591070734, 0.04421746021964484, 0.043953556515690356, 0.045615667270289526, 0.043900907091382474, 0.044229215373181634, 0.044222347903996706, 0.044427172229107886, 0.04430640902784136], "train_mae": [29.303, 45.519, 35.219, 74.636, 14.111, 12.783, 40.917, 43.94, 51.867, 23.971, 20.327, 25.881, 40.284, 31.384, 10.925, 13.815, 16.18, 12.906, 32.65, 7.755, 5.273, 7.691, 18.683, 23.679, 5.208, 4.046, 4.648, 4.433, 11.33, 8.077, 6.28, 3.776, 4.042, 6.434, 5.27, 13.558, 5.936, 22.556, 13.622, 5.575, 9.638, 7.046, 16.027, 43.805, 12.976, 12.043, 3.82, 11.902, 14.115, 11.732, 3.663, 4.016, 7.167, 8.781, 21.247, 11.003, 10.348, 3.933, 13.312, 11.474, 6.767, 3.611, 3.401, 3.482, 4.701, 12.107, 7.705, 3.479, 16.586, 12.956, 4.341, 3.711, 22.49, 8.703, 3.509, 10.373, 13.07, 3.226, 8.559, 12.126, 3.445, 13.852, 25.825, 9.089, 5.38, 3.782, 17.433, 10.706, 6.663, 8.332, 6.479, 5.974, 10.817, 12.069, 4.175, 10.595, 12.432, 13.066, 11.545, 3.117], "train_rmse": [37.954, 56.461, 37.914, 82.304, 18.417, 15.189, 44.912, 46.155, 53.393, 25.366, 21.857, 28.648, 43.522, 34.204, 12.197, 15.584, 18.405, 15.486, 34.812, 9.456, 6.663, 9.222, 20.444, 25.361, 6.313, 5.18, 6.112, 5.447, 12.624, 9.062, 7.916, 5.004, 5.313, 8.062, 6.653, 15.557, 7.473, 24.515, 15.167, 6.929, 10.73, 8.662, 17.857, 47.26, 14.556, 12.933, 5.035, 14.303, 15.361, 13.497, 4.832, 4.958, 8.632, 10.46, 22.67, 13.045, 12.315, 5.024, 15.14, 13.077, 8.276, 4.73, 4.487, 4.437, 5.679, 13.165, 9.424, 4.565, 18.448, 14.647, 5.524, 4.498, 24.102, 10.213, 4.329, 11.67, 14.501, 4.198, 9.799, 14.331, 4.465, 15.371, 27.34, 10.082, 6.585, 4.951, 18.921, 12.547, 7.69, 9.949, 7.937, 7.737, 11.986, 13.44, 5.126, 11.85, 14.168, 14.552, 12.569, 3.93], "train_underestimate": [14.28, 26.358, 0.417, 43.267, 5.42, 2.368, 23.72, 25.473, 30.068, 13.896, 11.784, 15.003, 23.353, 18.194, 0.171, 8.009, 9.38, 7.438, 18.928, 2.938, 1.923, 0.52, 10.831, 13.727, 0.394, 0.732, 2.267, 0.871, 0.027, 0.135, 3.43, 1.305, 1.575, 3.086, 2.839, 7.86, 3.287, 13.076, 7.897, 2.457, 5.587, 3.914, 9.291, 25.394, 7.522, 0.0, 1.724, 6.865, 8.183, 6.797, 1.638, 1.051, 4.097, 5.057, 12.317, 6.354, 0.023, 0.561, 7.717, 6.652, 3.778, 1.504, 0.676, 0.871, 0.288, 7.018, 4.353, 1.516, 9.615, 7.511, 2.262, 0.438, 13.038, 5.026, 0.719, 6.013, 7.577, 1.263, 4.958, 7.021, 0.444, 8.03, 14.971, 5.269, 3.019, 1.8, 10.106, 6.192, 3.815, 4.779, 3.679, 0.166, 6.271, 6.997, 0.267, 6.142, 7.207, 7.575, 6.693, 1.018], "train_overestimate": [2.707, 0.03, 20.0, 0.0, 2.76, 5.043, 0.0, 0.0, 0.0, 0.0, 0.0, 0.0, 0.0, 0.0, 6.162, 0.0, 0.0, 0.044, 0.0, 1.558, 1.134, 3.938, 0.0, 0.0, 2.625, 1.614, 0.427, 1.699, 6.542, 4.547, 0.211, 0.884, 0.769, 0.644, 0.215, 0.0, 0.154, 0.0, 0.0, 0.776, 0.0, 0.171, 0.0, 0.0, 0.0, 6.982, 0.49, 0.035, 0.0, 0.004, 0.486, 1.277, 0.058, 0.033, 0.0, 0.025, 5.976, 1.719, 0.0, 0.0, 0.145, 0.589, 1.296, 1.148, 2.437, 0.0, 0.113, 0.501, 0.0, 0.0, 0.254, 1.713, 0.0, 0.019, 1.315, 0.0, 0.0, 0.607, 0.004, 0.008, 1.553, 0.0, 0.0, 0.0, 0.1, 0.392, 0.0, 0.014, 0.047, 0.051, 0.077, 3.297, 0.0, 0.0, 2.154, 0.0, 0.0, 0.0, 0.0, 0.789], "train_difference": [16.987, 26.388, 20.417, 43.267, 8.18, 7.41, 23.72, 25.473, 30.068, 13.896, 11.784, 15.003, 23.353, 18.194, 6.333, 8.009, 9.38, 7.481, 18.928, 4.496, 3.057, 4.459, 10.831, 13.727, 3.019, 2.345, 2.694, 2.57, 6.568, 4.682, 3.64, 2.189, 2.343, 3.73, 3.055, 7.86, 3.441, 13.076, 7.897, 3.232, 5.587, 4.085, 9.291, 25.394, 7.522, 6.982, 2.214, 6.9, 8.183, 6.801, 2.124, 2.328, 4.155, 5.09, 12.317, 6.378, 5.999, 2.28, 7.717, 6.652, 3.923, 2.093, 1.972, 2.019, 2.725, 7.018, 4.466, 2.017, 9.615, 7.511, 2.516, 2.151, 13.038, 5.045, 2.034, 6.013, 7.577, 1.87, 4.961, 7.03, 1.997, 8.03, 14.971, 5.269, 3.119, 2.192, 10.106, 6.206, 3.862, 4.83, 3.756, 3.463, 6.271, 6.997, 2.42, 6.142, 7.207, 7.575, 6.693, 1.807], "val_mae": [38.159, 57.927, 31.505, 87.663, 17.072, 13.249, 47.605, 48.832, 56.308, 26.03, 22.071, 29.897, 46.357, 36.205, 10.536, 15.447, 18.844, 15.663, 37.088, 8.101, 4.991, 6.749, 21.491, 26.966, 4.561, 3.357, 4.54, 3.676, 12.029, 7.599, 6.89, 2.818, 3.444, 6.982, 5.154, 16.065, 6.558, 26.133, 15.656, 5.78, 10.433, 8.182, 18.668, 50.591, 14.961, 12.392, 3.339, 14.485, 15.9, 13.972, 3.292, 3.371, 8.235, 10.464, 24.077, 13.338, 11.944, 3.134, 15.639, 13.465, 8.006, 3.293, 2.712, 2.206, 4.057, 13.62, 9.257, 3.239, 19.603, 15.414, 4.707, 3.038, 25.77, 10.264, 2.804, 12.018, 15.359, 2.789, 9.933, 14.938, 3.038, 16.159, 29.068, 10.355, 6.124, 3.916, 20.279, 12.896, 7.303, 10.19, 7.775, 6.416, 12.48, 14.084, 3.733, 12.359, 15.083, 15.554, 13.438, 2.719], "val_rmse": [47.011, 67.868, 34.945, 95.11, 23.011, 16.975, 51.962, 51.368, 58.013, 27.607, 23.558, 32.405, 49.508, 39.01, 11.537, 16.781, 20.64, 17.854, 39.078, 10.834, 7.0, 8.018, 23.02, 28.475, 5.498, 4.248, 5.967, 4.862, 12.836, 8.392, 8.29, 3.779, 4.693, 9.087, 5.998, 17.732, 7.761, 27.849, 16.794, 7.64, 11.003, 9.839, 20.245, 53.855, 16.468, 12.975, 4.203, 16.692, 16.789, 15.422, 4.195, 4.773, 9.383, 11.937, 25.305, 15.16, 13.131, 3.826, 17.17, 14.728, 9.455, 4.511, 3.371, 2.923, 4.754, 14.416, 11.012, 4.222, 21.257, 16.916, 5.841, 3.769, 27.261, 11.354, 3.852, 13.045, 16.612, 3.89, 10.771, 16.942, 3.708, 17.507, 30.449, 11.126, 7.168, 5.266, 21.582, 14.443, 7.966, 11.77, 9.214, 7.527, 13.367, 15.203, 4.356, 13.477, 16.702, 17.035, 14.414, 3.763],