{"val_loss": [0.02043734554643058, 0.014287852344697219, 0.010642339787463082, 0.008161054198567667, 0.00634351030780903, 0.006192726249376873, 0.005674357774028869, 0.005093697320155436, 0.005355710615677869, 0.004763458892685936, 0.0046633556156688, 0.005204071747571374, 0.0047635669987571684, 0.004517951058326563, 0.00450997459323416, 0.004884986382796128, 0.004542711410977063, 0.004337573650927344, 0.005158299251193325, 0.004353074948299122, 0.004647529392219868, 0.0044107801144598535, 0.004442537109967174, 0.004326015048344047, 0.004455645419565211, 0.004615610216473322, 0.004222445566376657, 0.0044125451987009215, 0.004228814195758947, 0.004202769403116904, 0.004109967436253261, 0.004148288653970453, 0.0042081727634628325, 0.0041233857343339715, 0.004532373343970582, 0.004149725950008039, 0.004177080949589521, 0.004110054951096946, 0.004251603139945313, 0.004262356129830176, 0.004420762894637044, 0.004128893421265649, 0.00402990823289763, 0.004536556932661744, 0.004226160486242032, 0.004158749441879028, 0.004311045007852954, 0.004056683514938734, 0.004083221839049228, 0.004326397178588463], "train_loss": [0.14204097085166723, 0.017454140353947878, 0.011575934593565762, 0.008093161333817989, 0.006468825347837992, 0.005401040005381219, 0.005104022973682731, 0.004720116150565445, 0.0044784644996980205, 0.004403919701871928, 0.003983393959060777, 0.00415340973995626, 0.004101722850464284, 0.0036372680770000443, 0.003780095539696049, 0.003444987021794077, 0.003389332974620629, 0.003357764617248904, 0.0034446530626155436, 0.0033766943961381912, 0.0030815200007054955, 0.002998302756168414, 0.0029405290551949292, 0.0031083617795957252, 0.0028341576107777655, 0.002823082046234049, 0.0026907210049103014, 0.003134818500257097, 0.002741914060607087, 0.002469712715537753, 0.002417390453047119, 0.002521316277125152, 0.0025371693445777055, 0.002717991628742311, 0.0023926371613924857, 0.002335888988454826, 0.0022538025295943953, 0.0021736369453719817, 0.0028602176353160758, 0.0022537144359375816, 0.002183263324695872, 0.0020286044309614226, 0.0022241333972488064, 0.0019720925811270718, 0.002303407614817843, 0.0018111171484633815, 0.001826164483645698, 0.0016482243518112227, 0.0016719346422178205, 0.002244315328425728], "train_size": 512, "val_size": 1088, "rand_seed": 321, "shuffle": true, "loss_name": "logcosh", "img_dim": [256, 256, 3], "patch_dim": [256, 256, 3], "patches_per_image": 1, "density_map_sigma": 5, "density_map_multiplication_factor": 100.0, "sub_experiment_name": "vgg_cells/n_32_sigma_5_randseed_321_loss_logcosh_full_img", "architecture": "FCRN_A"}