{"val_loss": [0.00998081830317353, 0.00610375278376844, 0.005926413831676815, 0.005807460554933641, 0.005369678946033887, 0.004809555134617018, 0.004696695738055175, 0.00468500982007005, 0.00459622267044324, 0.004545404181258431, 0.0044279706181602225, 0.0044410690270524356, 0.0052604951794873, 0.004295268733853043, 0.004318856399763985, 0.005061427136538173, 0.004214389628299721, 0.004053948392859585, 0.00410815285591953, 0.00414822607057003, 0.004565330503443393, 0.0040252080543188426, 0.004011985271544664, 0.004287832006358418, 0.004003934418238607, 0.004042651426757134, 0.003973814661228115, 0.003995244062774445, 0.004199554910134312, 0.0038943877894138603, 0.003943838937844061, 0.004132397143835346, 0.0038294832104250366, 0.004305889424305111, 0.004361968521205948, 0.0038864806473986177, 0.0039086049709487055, 0.00397108350722085, 0.0038832277822995606, 0.003848020599809174, 0.003948432481593045, 0.0038846144793484093, 0.003857827608793313, 0.003908338677533988, 0.0038001271926559103, 0.0038506023675461834, 0.0038172108222758704, 0.003725556992000801, 0.0037006152507969734, 0.003910652017272215], "train_loss": [0.033930141438759165, 0.00955082063228474, 0.0071332234583678655, 0.006160658909720951, 0.0058481005507928785, 0.005699488609025138, 0.00525822777308349, 0.005162250812645652, 0.005234657779510599, 0.00506866778141557, 0.004685724588853191, 0.005142478827110608, 0.0046548301816073945, 0.0045833600761397975, 0.0045361033280642005, 0.0044576554482773645, 0.004397704658913426, 0.00425798123342247, 0.004384601086712792, 0.004225312517519342, 0.004144898986851331, 0.004247816474162391, 0.004012264238554053, 0.0037926778895780444, 0.003915343702828977, 0.0038696125948263216, 0.003799184429226443, 0.0037365476300692535, 0.003929051751583756, 0.0036191780418448616, 0.0035270482339910814, 0.0035691771900019376, 0.0034966294315381674, 0.0034664954046093044, 0.003583812752367521, 0.003326095589727629, 0.0032702143016649643, 0.0034656059151529917, 0.0032046365849964786, 0.003106732837295567, 0.003058388274439494, 0.003013285418091982, 0.003110498527348682, 0.003051905504435126, 0.003181958622917591, 0.0028974545994060463, 0.0029521044134526164, 0.0027780994823842775, 0.0027545240191102494, 0.0027702463239620556], "train_size": 512, "val_size": 1088, "rand_seed": 324, "shuffle": true, "loss_name": "logcosh", "img_dim": [256, 256, 3], "patch_dim": [128, 128, 3], "patches_per_image": 4, "density_map_sigma": 5, "density_map_multiplication_factor": 100.0, "sub_experiment_name": "vgg_cells/n_32_sigma_5_randseed_324_loss_logcosh_patch_4_128x128", "architecture": "FCRN_A"}