{"val_loss": [0.1662354270617167, 0.18255760644872984, 0.11808321583602163, 0.0989215715477864, 0.10057589608348078, 0.08180951647874382, 0.07950064146684276, 0.07500045022202863, 0.0681961320547594, 0.06573474427892102, 0.06597427361541325, 0.06114005049069723, 0.07985026347968313, 0.06307168568794926, 0.06139124102062649, 0.05402623608501421, 0.0527911989742683, 0.05476221287002166, 0.052339483932074576, 0.05382615809018413, 0.049333393625501126, 0.047834511639343366, 0.059430144934190646, 0.046536083695375256, 0.048253723678903446, 0.053669149366517864, 0.045949056641095214, 0.047747849124587245, 0.04491880830998222, 0.04470748738903138, 0.044416999651326075, 0.051752259799589716, 0.05142988978574673, 0.04824957370551096, 0.0472439922288888, 0.043298556107199855, 0.04464452755120066, 0.043408690951764584, 0.042085042430294886, 0.042065704603576, 0.04675366274184651, 0.043225031863484115, 0.040854571387171745, 0.04146977405374249, 0.04116162145510316, 0.04272443630422155, 0.04638095934771829, 0.05362112597665853, 0.047989860746181674, 0.0425059722426037, 0.04271248164069322, 0.042749675559914775, 0.04229154277385937, 0.042129913344979286, 0.040402343237979546, 0.043110105053832136, 0.04034570392428173, 0.04192053366245495, 0.048235202259901494, 0.04054513532254431, 0.04015801971157392, 0.04160867460692922, 0.041111378361367516, 0.040025295327521034, 0.03927403734996915, 0.03852926644807061, 0.0386575096183353, 0.03829439181006617, 0.042313898706601724, 0.03814838743872113, 0.03857980984159642, 0.03813376919262939, 0.04491956397477123, 0.04593797969735331, 0.03986748276899258, 0.038367677531722516, 0.038701795869403414, 0.03836413431498739, 0.039923502028816275, 0.04112712066206667, 0.038499589492049485, 0.038361691352393895, 0.040947611391958266, 0.040431862283084125, 0.03838038972268502, 0.03822304127323958, 0.04194165797283252, 0.037460724357515574, 0.03797427642469605, 0.0479164180966715, 0.041962722626825176, 0.0437372030897273, 0.0436330484226346, 0.03752088774409559, 0.03834160008571214, 0.04178194018701712, 0.03725244032426013, 0.037405519280582666, 0.037767479868812695, 0.03702471094826857], "train_mae": [52.802, 46.214, 63.06, 20.728, 52.837, 10.206, 5.51, 5.538, 10.617, 8.59, 8.041, 5.476, 29.776, 32.17, 33.165, 17.815, 19.93, 26.797, 24.307, 7.211, 11.729, 8.903, 16.544, 11.709, 22.034, 12.655, 7.749, 23.646, 7.623, 18.15, 17.562, 12.289, 31.572, 6.804, 26.125, 6.334, 21.141, 13.213, 5.916, 12.96, 25.224, 3.572, 7.588, 5.571, 4.638, 19.851, 9.843, 28.506, 22.545, 18.191, 3.835, 4.313, 3.266, 4.252, 5.512, 4.508, 7.549, 20.153, 29.522, 16.889, 15.742, 18.845, 19.724, 14.858, 4.67, 10.989, 8.137, 11.686, 4.04, 9.568, 4.746, 11.354, 25.226, 27.915, 17.103, 11.602, 5.666, 4.778, 3.072, 4.297, 3.733, 13.415, 21.226, 17.689, 3.981, 4.151, 6.203, 8.999, 12.374, 15.361, 6.27, 9.286, 9.37, 4.718, 4.566, 6.236, 7.368, 8.16, 4.596, 7.765], "train_rmse": [61.998, 49.353, 71.009, 27.099, 57.569, 13.234, 7.172, 7.0, 11.898, 10.209, 9.911, 7.118, 32.183, 33.788, 34.51, 19.152, 21.31, 28.249, 25.958, 8.533, 13.77, 10.322, 17.507, 12.975, 24.092, 13.864, 9.221, 25.375, 8.798, 19.643, 18.621, 13.231, 33.091, 8.015, 28.161, 7.623, 22.803, 14.473, 7.449, 14.42, 26.382, 4.547, 9.007, 6.839, 6.009, 20.998, 10.643, 29.816, 23.631, 19.901, 5.109, 5.554, 4.42, 5.599, 6.864, 5.269, 8.653, 21.436, 30.825, 18.349, 17.063, 20.009, 21.187, 15.862, 6.04, 12.077, 9.207, 12.983, 4.692, 10.69, 5.945, 12.623, 26.912, 29.735, 18.455, 12.74, 6.745, 6.215, 3.732, 4.971, 4.983, 14.507, 22.852, 18.436, 5.246, 5.408, 7.174, 10.026, 13.8, 16.25, 7.126, 10.303, 10.266, 6.154, 5.878, 7.012, 8.354, 9.462, 5.766, 8.937], "train_underestimate": [28.421, 0.153, 34.049, 10.295, 28.529, 5.329, 1.111, 1.444, 5.629, 4.452, 0.489, 1.801, 0.0, 17.37, 17.907, 9.619, 10.761, 14.469, 13.124, 0.22, 6.221, 4.731, 0.0, 6.31, 11.897, 0.032, 4.094, 12.768, 4.072, 9.8, 9.483, 0.008, 17.047, 0.146, 14.106, 3.339, 11.415, 7.13, 3.072, 6.984, 13.62, 0.964, 4.023, 2.926, 2.2, 10.719, 0.007, 15.392, 12.173, 9.822, 1.826, 1.514, 1.291, 1.823, 2.893, 0.288, 4.05, 10.881, 15.94, 9.119, 8.5, 10.175, 10.65, 8.023, 2.316, 5.931, 4.363, 6.3, 0.391, 5.153, 2.47, 6.125, 13.621, 15.073, 9.235, 6.26, 3.007, 2.414, 0.561, 0.234, 1.857, 7.243, 11.461, 9.551, 1.965, 2.112, 0.07, 4.849, 6.673, 0.0, 0.04, 0.014, 0.02, 2.287, 2.362, 0.055, 3.963, 4.369, 2.421, 4.161], "train_overestimate": [0.089, 24.8, 0.0, 0.897, 0.0, 0.182, 1.864, 1.546, 0.104, 0.186, 3.852, 1.156, 16.077, 0.0, 0.0, 0.0, 0.0, 0.0, 0.0, 3.674, 0.112, 0.076, 8.933, 0.012, 0.0, 6.802, 0.09, 0.0, 0.044, 0.0, 0.0, 6.627, 0.0, 3.528, 0.0, 0.081, 0.0, 0.004, 0.122, 0.014, 0.0, 0.965, 0.074, 0.082, 0.304, 0.0, 5.308, 0.0, 0.0, 0.0, 0.245, 0.814, 0.473, 0.472, 0.084, 2.146, 0.026, 0.0, 0.0, 0.0, 0.0, 0.0, 0.0, 0.0, 0.206, 0.002, 0.03, 0.01, 1.79, 0.013, 0.092, 0.005, 0.0, 0.0, 0.0, 0.004, 0.052, 0.166, 1.098, 2.086, 0.158, 0.0, 0.0, 0.0, 0.184, 0.129, 3.28, 0.01, 0.008, 8.294, 3.346, 5.0, 5.039, 0.26, 0.103, 3.312, 0.015, 0.037, 0.061, 0.032], "train_difference": [28.511, 24.953, 34.049, 11.192, 28.529, 5.511, 2.975, 2.99, 5.733, 4.638, 4.342, 2.957, 16.077, 17.37, 17.907, 9.619, 10.761, 14.469, 13.124, 3.894, 6.333, 4.807, 8.933, 6.322, 11.897, 6.833, 4.184, 12.768, 4.116, 9.8, 9.483, 6.635, 17.047, 3.674, 14.106, 3.42, 11.415, 7.134, 3.194, 6.998, 13.62, 1.929, 4.097, 3.008, 2.505, 10.719, 5.315, 15.392, 12.173, 9.822, 2.071, 2.329, 1.764, 2.296, 2.976, 2.434, 4.076, 10.881, 15.94, 9.119, 8.5, 10.175, 10.65, 8.023, 2.522, 5.934, 4.394, 6.31, 2.181, 5.166, 2.562, 6.131, 13.621, 15.073, 9.235, 6.264, 3.059, 2.58, 1.658, 2.32, 2.015, 7.243, 11.461, 9.551, 2.15, 2.242, 3.349, 4.859, 6.682, 8.294, 3.386, 5.014, 5.059, 2.548, 2.465, 3.367, 3.978, 4.406, 2.482, 4.192], "val_mae": [45.144, 50.658, 55.681, 19.96, 47.707, 9.39, 6.285, 5.503, 10.244, 7.664, 7.641, 5.743, 28.242, 29.126, 30.069, 15.45, 17.275, 23.687, 21.042, 8.008, 9.358, 6.714, 18.055, 9.212, 18.447, 13.815, 5.667, 20.305, 5.621, 15.237, 14.786, 13.459, 28.032, 7.425, 22.622, 4.665, 17.974, 10.675, 4.569, 10.317, 22.082, 3.931, 5.718, 4.249, 3.799, 16.961, 11.517, 25.414, 19.677, 15.119, 3.526, 4.131, 3.143, 3.792, 4.385, 5.274, 5.669, 17.2, 26.217, 14.197, 12.97, 16.059, 16.683, 12.398, 3.787, 8.665, 5.943, 9.13, 4.82, 7.204, 3.775, 8.896, 22.067, 24.25, 14.456, 9.233, 4.424, 3.996, 3.191, 5.125, 3.342, 10.921, 18.221, 15.391, 3.496, 3.569, 7.236, 6.917, 9.771, 15.989, 7.242, 10.072, 10.42, 3.768, 3.818, 7.368, 5.651, 6.193, 3.733, 5.9], "val_rmse": [59.659, 54.08, 67.944, 28.585, 55.202, 14.172, 8.65, 7.843, 11.575, 9.782, 10.048, 6.931, 31.168, 31.47, 31.86, 16.945, 18.858, 25.475, 23.114, 9.176, 11.751, 8.133, 18.676, 10.566, 21.132, 14.933, 7.187, 22.532, 6.959, 17.096, 15.969, 14.277, 30.04, 8.983, 25.448, 6.0, 20.202, 12.221, 5.853, 12.217, 23.531, 4.628, 7.02, 5.08, 4.793, 18.424, 12.171, 27.26, 21.051, 17.411, 4.197, 5.271, 3.843, 5.077, 5.207, 6.178, 6.919, 18.841, 27.934, 16.122, 14.669, 17.559, 18.61, 13.641, 4.736, 10.026, 7.187, 10.802, 5.713, 8.612, 4.442, 10.514, 24.483, 26.786, 16.264, 10.666, 5.263, 5.114, 4.306, 6.127, 3.978, 12.229, 20.417, 16.289, 4.17, 4.208, 8.642, 8.137, 11.539, 17.214, 8.175, 11.461, 11.61, 5.032, 4.57, 8.287, 6.693, 7.631, 4.503, 7.205], "val_underestimate": [26.228, 0.485, 32.373, 9.643, 27.737, 5.114, 1.315, 1.508, 5.725, 4.156, 0.394, 1.887, 0.0, 16.934, 17.482, 8.982, 10.044, 13.772, 12.234, 0.054, 5.228, 3.84, 0.0, 5.356, 10.725, 0.0, 3.191, 11.805, 3.247, 8.859, 8.596, 0.0, 16.298, 0.014, 13.153, 2.53, 10.45, 6.207, 2.301, 5.998, 12.838, 0.533, 3.079, 2.15, 1.473, 9.861, 0.0, 14.776, 11.44, 8.79, 1.445, 0.947, 0.82, 1.26, 2.176, 0.071, 3.247, 10.0, 15.243, 8.254, 7.541, 9.337, 9.699, 7.208, 1.609, 5.038, 3.408, 5.305, 0.121, 4.174, 1.787, 5.169, 12.829, 14.099, 8.405, 5.368, 2.318, 1.81, 0.187, 0.043, 1.387, 6.35, 10.594, 8.948, 1.431, 1.581, 0.0, 4.009, 5.671, 0.0, 0.0, 0.0, 0.0, 1.593, 1.785, 0.0, 3.209, 3.501, 1.809, 3.369],