{"val_loss": [0.016910083353757405, 0.010641408486716339, 0.009493626778481378, 0.006394689254675005, 0.005338374735455385, 0.004878095072212198, 0.00467840695861977, 0.005781546388200642, 0.004201772123933016, 0.004607270114801769, 0.00410963871571071, 0.0039153522133454, 0.0046674521794664225, 0.0038182390984836862, 0.003760444739515044, 0.003896782843666562, 0.003988486460537601, 0.003864964937640573, 0.0037790140356853096, 0.003765821678611888, 0.004863442882196978, 0.0039249766967473345, 0.0036404560102763594, 0.003687431400762494, 0.004104576085570871, 0.00455799898447688, 0.003766882215880768, 0.0038274335861120455, 0.0037418449681033104, 0.0038569756982670855], "train_loss": [0.07837014843244106, 0.014309582868008874, 0.01129376825701911, 0.00830763328121975, 0.006093433083151467, 0.00536308201844804, 0.004905942099867389, 0.004795104105141945, 0.0046482026955345646, 0.00418820478807902, 0.004277246487617958, 0.004107417866180185, 0.004189807397779077, 0.003908663515176158, 0.00368267553858459, 0.003684441660880111, 0.0035116558356094174, 0.0035377012463868596, 0.003671460770419799, 0.0035128464369336143, 0.0033332202074234374, 0.003700071945786476, 0.003189688293787185, 0.002874736237572506, 0.0028235640274942853, 0.0032896776538109407, 0.003001665128977038, 0.0025550649042997975, 0.0023808623336663004, 0.002391393416473875], "train_size": 512, "val_size": 1088, "rand_seed": 323, "shuffle": true, "loss_name": "logcosh", "img_dim": [256, 256, 3], "patch_dim": [256, 256, 3], "patches_per_image": 1, "density_map_sigma": 5, "density_map_multiplication_factor": 100.0, "sub_experiment_name": "vgg_cells/n_32_sigma_5_randseed_323_loss_logcosh_full_img", "architecture": "UNet"}