{"val_loss": [0.09304121266422646, 0.08249120872593328, 0.05074888618474596, 0.04570424290938994, 0.04439736451702506, 0.038112482819915486, 0.03490604450298327, 0.03244534789929899, 0.03687398320880164, 0.03092586426482944], "train_mae": [8.41, 26.462, 6.919, 5.975, 10.113, 5.337, 3.627, 3.964, 9.15, 4.066], "train_rmse": [11.938, 28.649, 9.291, 8.157, 11.39, 7.034, 4.83, 5.386, 10.779, 5.622], "train_underestimate": [9.663, 0.835, 4.102, 4.977, 1.546, 8.844, 4.382, 7.479, 21.487, 7.944], "train_overestimate": [10.109, 61.376, 12.164, 9.071, 22.23, 3.703, 4.145, 1.84, 0.024, 1.616], "train_difference": [19.773, 62.211, 16.266, 14.048, 23.776, 12.546, 8.527, 9.318, 21.511, 9.56], "val_mae": [9.288, 26.723, 7.601, 6.435, 10.266, 5.309, 4.065, 4.767, 10.763, 4.608], "val_rmse": [13.057, 29.883, 10.077, 9.4, 11.67, 7.018, 5.625, 6.688, 12.514, 6.167], "val_underestimate": [10.798, 1.531, 6.206, 6.846, 2.656, 8.673, 5.849, 9.141, 23.987, 8.943], "val_overestimate": [9.914, 58.062, 10.744, 7.505, 20.237, 3.167, 3.216, 1.489, 0.014, 1.333], "val_difference": [20.712, 59.594, 16.95, 14.351, 22.892, 11.84, 9.064, 10.63, 24.001, 10.276], "train_loss": [0.15941560013116235, 0.07884080297313631, 0.0568624547843097, 0.04550236059197535, 0.03963869331016516, 0.03582920113979425, 0.03255062362192095, 0.03019530739586723, 0.04246937491336009, 0.02712604289020722], "train_size": 900, "val_size": 89, "rand_seed": 9001, "shuffle": true, "loss_name": "mean_squared_error", "img_dim": [720, 1280, 3], "patch_dim": [128, 128, 3], "patches_per_image": 32, "density_map_sigma": 10, "density_map_multiplication_factor": 2000.0, "sub_experiment_name": "carpk/sigma_10_loss_mse_patch_32_128x128_epochs_10", "architecture": "UNet"}