{"val_loss": [0.09165081281340524, 0.07056818657627936, 0.05290951609109225, 0.04911246548375387, 0.04258793968121322, 0.03801538234346368, 0.03845050992716229, 0.03707268398799253, 0.034917304920179124, 0.033177157183795165, 0.03188333081165224, 0.02954355599567964, 0.028721167978024886, 0.027907210862619825, 0.028375234622299003], "train_mae": [13.641, 10.206, 5.749, 8.042, 5.422, 5.344, 5.442, 8.003, 4.883, 5.627, 4.459, 3.5, 3.659, 3.803, 3.203], "train_rmse": [17.32, 12.675, 8.097, 11.388, 7.285, 6.812, 6.785, 8.977, 6.467, 6.974, 6.44, 4.852, 5.209, 5.266, 4.49], "train_underestimate": [29.278, 16.589, 6.027, 17.778, 4.985, 4.598, 4.237, 1.894, 7.839, 0.906, 7.867, 6.298, 7.798, 7.923, 3.875], "train_overestimate": [2.791, 7.404, 7.489, 1.129, 7.762, 7.966, 8.558, 16.921, 3.641, 12.323, 2.617, 1.93, 0.805, 1.017, 3.656], "train_difference": [32.069, 23.993, 13.515, 18.907, 12.747, 12.564, 12.795, 18.815, 11.48, 13.229, 10.484, 8.228, 8.603, 8.941, 7.531], "val_mae": [13.653, 10.268, 6.279, 11.292, 5.677, 5.192, 5.296, 7.646, 5.298, 6.451, 5.406, 3.856, 4.341, 4.74, 3.396], "val_rmse": [17.29, 12.964, 9.158, 14.224, 8.155, 7.43, 7.098, 8.784, 7.109, 7.659, 7.325, 5.459, 6.177, 6.151, 4.598], "val_underestimate": [27.818, 17.251, 7.966, 23.871, 6.459, 5.854, 5.093, 2.694, 9.066, 1.993, 10.123, 7.573, 9.162, 9.626, 4.781], "val_overestimate": [2.629, 5.647, 6.035, 1.311, 6.202, 5.724, 6.717, 14.358, 2.749, 12.392, 1.933, 1.026, 0.52, 0.943, 2.791], "val_difference": [30.447, 22.898, 14.001, 25.182, 12.661, 11.577, 11.811, 17.052, 11.815, 14.386, 12.056, 8.599, 9.682, 10.569, 7.573], "train_loss": [0.20327045247786574, 0.08188711678648057, 0.06005478124496424, 0.0497377927000505, 0.04389111417048197, 0.03839294440309459, 0.03363608131059057, 0.03225256726197485, 0.02898934423690662, 0.027548138750393667, 0.025672481865444248, 0.025034984409713718, 0.023694849771871102, 0.022263966229511423, 0.02163679448777758], "train_size": 900, "val_size": 89, "rand_seed": 9001, "shuffle": true, "loss_name": "mean_squared_error", "img_dim": [720, 1280, 3], "patch_dim": [128, 128, 3], "patches_per_image": 32, "density_map_sigma": 10, "density_map_multiplication_factor": 2000.0, "sub_experiment_name": "carpk/sigma_10_loss_mse_patch_32_128x128_epochs_15", "architecture": "UNet"}