{"val_loss": [0.03193596897643361, 0.022666359404598446, 0.01782178240639897, 0.015463695864823154, 0.011940637287539978, 0.010376449940368355, 0.01053850243175368, 0.00886142500969393, 0.008528717111938236, 0.012265578878321, 0.00856750570164877, 0.008020050833746448, 0.007889817721875528, 0.007791332699365311, 0.007944299419678454, 0.00769003656504912, 0.007709918418721131, 0.007740811578461195, 0.007607716911640155, 0.007512313065222663, 0.007603523411757231, 0.007349770755514756, 0.007500309353845831, 0.007410921641327578, 0.007512569763147279, 0.007430855150981669, 0.009185460951437777, 0.007418327417754507, 0.007425266590550617, 0.0074805130237056055], "train_loss": [0.20244114415254444, 0.029474830778781325, 0.021568416035734117, 0.017507041688077152, 0.013670389569597319, 0.011529565090313554, 0.01096625902573578, 0.009845175649388693, 0.009225264861015603, 0.009735779109178111, 0.009647594939451665, 0.00842386923613958, 0.00834725602180697, 0.007788047514623031, 0.007504150475142524, 0.007536353601608425, 0.007633397457539104, 0.006985203712247312, 0.007016788818873465, 0.006773282657377422, 0.006958935206057504, 0.006339295912766829, 0.006537341891089454, 0.00619173857558053, 0.006298015228821896, 0.005920466661336832, 0.005895922440686263, 0.005799463266157545, 0.005102536277263425, 0.005124233772221487], "train_size": 512, "val_size": 1088, "rand_seed": 325, "shuffle": true, "loss_name": "mean_squared_error", "img_dim": [256, 256, 3], "patch_dim": [256, 256, 3], "patches_per_image": 1, "density_map_sigma": 5, "density_map_multiplication_factor": 100.0, "sub_experiment_name": "vgg_cells/n_32_sigma_5_randseed_325_loss_mse_full_img", "architecture": "UNet"}