{"val_loss": [0.04128904891823528, 0.030420569314361167, 0.02453971759421299, 0.01755644256948418, 0.01377890667251503, 0.01315612030456952, 0.011935709279307904, 0.011116865639076637, 0.011135427360975026, 0.010681121044078335, 0.013192490084667738, 0.010519596992654603, 0.009803852396811742, 0.009832178987220259, 0.00907900929568688, 0.009288827049364472, 0.009754359944268157, 0.008763626776913846, 0.008570518906815457, 0.009176812627094263, 0.008507059114409084, 0.008327516357145641, 0.008238786205230794, 0.00818752487494374, 0.011448962478907025, 0.008105884124447852, 0.008128433942628736, 0.008365881957027288, 0.008170146653676913, 0.008173211510866703], "train_loss": [0.5779675082303584, 0.031685838010162115, 0.02596299967262894, 0.01988470382639207, 0.01490070961881429, 0.013289617840200663, 0.011394184548407793, 0.010441295919008553, 0.009645003243349493, 0.009366355850943364, 0.00992197149025742, 0.009732880236697383, 0.00864524717326276, 0.008379181861528195, 0.008053511031903327, 0.00810826412634924, 0.0078120908729033545, 0.0075702845642808825, 0.007457958738086745, 0.00720875097613316, 0.0073204163199989125, 0.007138236949685961, 0.006891491953865625, 0.006961318489629775, 0.0072678971191635355, 0.007060555639327504, 0.0066117614769609645, 0.006784466793760657, 0.006514848762890324, 0.006266118245548569], "train_size": 512, "val_size": 1088, "rand_seed": 322, "shuffle": true, "loss_name": "mean_squared_error", "img_dim": [256, 256, 3], "patch_dim": [256, 256, 3], "patches_per_image": 1, "density_map_sigma": 5, "density_map_multiplication_factor": 100.0, "sub_experiment_name": "vgg_cells/n_32_sigma_5_randseed_322_loss_mse_full_img", "architecture": "UNet"}