{"val_loss": [0.38169791425267857, 0.20135854226019648, 0.1635024259901709, 0.1509181565294663, 0.13637667666706774, 0.12904486515455776, 0.10894875187012884, 0.10510368013961448, 0.09538236094845666, 0.08681090310629871, 0.08302876798229085, 0.07707171907855405, 0.0732897301721904, 0.07521178542325895, 0.0711971398236023, 0.07259649938593309, 0.07215590795709027, 0.06527945404458377, 0.06789983146720463, 0.0630260787697302, 0.06148004335247808, 0.0660542060310642, 0.05868571261978812, 0.05967593022311727, 0.05563538449092044, 0.05367488626183735, 0.05950597311473555, 0.05242632091459301, 0.05705649648896522, 0.05974145026670562, 0.054560536777393684, 0.049552475516166955, 0.05126484912923641, 0.0468801525938842, 0.04730497124708361, 0.04561033467244771, 0.044802267414828144, 0.044237134202073015, 0.04540121369063854, 0.04571187315094802, 0.04235744921283589, 0.04471178006173836, 0.04749644206215938, 0.04609018315871557, 0.04402812756597996, 0.04436034585038821, 0.04547753200555841, 0.04340125868717829, 0.04127957263133592, 0.040680359221167035, 0.042304167420499854, 0.04194769413313932, 0.039488985358426966, 0.046885211382889085, 0.049426576795263424, 0.04065298066577978, 0.042081527411937714, 0.042958729124317564, 0.039356914452380605, 0.04012263721475998, 0.04535238243018588, 0.042403568358471, 0.04148467035136289, 0.040960624607072935, 0.038219144826547966, 0.04000464531903466, 0.04160257077051534, 0.039760677661332816, 0.03766766511317757, 0.03836763200039665, 0.041330254481484495, 0.038707674118793674, 0.03913687914609909, 0.03755697530383865, 0.03719237079429957, 0.038829677272588015, 0.03706984454765916, 0.041520856579558715, 0.044402399048623115, 0.04536064119181699, 0.046296480370478496, 0.04289213143703011, 0.0402970373009642, 0.04369641116095914, 0.037510070639352, 0.039212018354899354, 0.0384771806291408, 0.037217105066196784, 0.03697813886942135, 0.03885838880928026, 0.03741920108182563, 0.036578718262414135, 0.04230936523526907, 0.03832029095954365, 0.03707569056294031, 0.03734951466321945, 0.046280642919656306, 0.03927215395702256, 0.041675912940667734, 0.03901358197132746], "train_mae": [274.442, 69.152, 65.89, 24.721, 39.719, 18.711, 22.223, 39.069, 41.805, 34.775, 33.103, 11.015, 17.079, 32.818, 10.613, 5.289, 5.919, 10.099, 31.557, 25.519, 3.803, 38.603, 5.433, 10.108, 8.312, 24.1, 19.204, 4.358, 5.373, 16.597, 4.073, 6.266, 22.422, 11.702, 3.482, 13.351, 5.209, 12.322, 3.707, 19.412, 8.767, 20.048, 7.406, 5.669, 16.534, 16.252, 7.529, 15.688, 3.567, 12.607, 18.727, 5.853, 3.325, 15.454, 28.213, 13.888, 6.469, 21.583, 5.479, 3.26, 26.073, 7.985, 5.974, 13.827, 3.316, 3.446, 17.745, 3.8, 6.87, 6.908, 9.231, 12.227, 5.167, 4.784, 7.077, 5.148, 8.537, 9.184, 14.519, 25.777, 23.336, 21.028, 14.616, 10.224, 3.793, 3.038, 10.321, 3.101, 8.922, 6.793, 10.994, 2.915, 13.077, 11.595, 6.58, 2.397, 19.443, 3.342, 15.286, 12.204], "train_rmse": [283.226, 70.761, 74.149, 28.39, 47.363, 21.513, 27.991, 43.257, 45.997, 38.296, 36.444, 14.925, 19.878, 34.939, 12.793, 7.307, 7.448, 12.165, 33.162, 26.85, 5.305, 40.666, 6.956, 11.249, 9.963, 25.394, 20.439, 5.386, 6.451, 17.792, 5.297, 7.626, 23.862, 13.006, 4.426, 14.78, 6.639, 13.683, 4.683, 20.441, 10.279, 21.561, 8.324, 7.16, 17.683, 17.634, 8.297, 16.67, 4.544, 13.899, 20.129, 6.627, 4.2, 15.971, 29.294, 14.886, 7.226, 22.979, 6.714, 4.007, 27.727, 8.98, 6.899, 14.901, 4.112, 4.24, 19.027, 4.932, 7.945, 8.136, 10.264, 13.343, 5.969, 5.868, 8.134, 6.038, 9.735, 10.248, 15.845, 26.987, 24.131, 22.552, 16.314, 10.783, 4.818, 3.699, 11.088, 4.078, 10.092, 7.579, 12.093, 3.613, 13.618, 12.255, 7.292, 2.942, 20.651, 4.53, 16.143, 13.521], "train_underestimate": [146.235, 0.0, 35.109, 0.922, 20.984, 1.303, 11.422, 20.818, 22.276, 18.53, 17.639, 5.583, 9.079, 17.487, 5.522, 1.544, 0.653, 5.235, 16.815, 13.598, 1.138, 20.569, 0.27, 0.055, 4.352, 12.841, 0.0, 1.86, 0.233, 0.0, 0.593, 3.271, 11.948, 6.235, 0.587, 7.114, 2.499, 6.565, 0.353, 10.344, 4.653, 10.682, 0.048, 2.88, 8.81, 8.66, 0.038, 8.359, 1.479, 6.717, 9.978, 0.057, 1.304, 0.0, 15.033, 7.4, 0.052, 11.5, 2.787, 0.725, 13.893, 0.021, 0.056, 7.368, 1.461, 0.252, 9.455, 1.411, 3.641, 3.618, 0.002, 6.515, 0.056, 2.431, 3.76, 0.05, 4.536, 0.002, 7.736, 13.735, 12.435, 11.205, 7.788, 5.448, 1.707, 0.492, 5.499, 1.356, 4.746, 0.009, 5.858, 1.359, 0.0, 6.178, 3.506, 0.719, 0.0, 1.509, 8.145, 6.503], "train_overestimate": [0.0, 36.847, 0.0, 12.25, 0.18, 8.667, 0.419, 0.0, 0.0, 0.0, 0.0, 0.286, 0.021, 0.0, 0.133, 1.274, 2.501, 0.146, 0.0, 0.0, 0.889, 0.0, 2.626, 5.331, 0.077, 0.0, 10.233, 0.462, 2.63, 8.844, 1.578, 0.068, 0.0, 0.0, 1.268, 0.0, 0.277, 0.0, 1.622, 0.0, 0.018, 0.0, 3.898, 0.141, 0.0, 0.0, 3.974, 0.0, 0.421, 0.0, 0.0, 3.061, 0.468, 8.234, 0.0, 0.0, 3.395, 0.0, 0.132, 1.012, 0.0, 4.233, 3.127, 0.0, 0.306, 1.584, 0.0, 0.614, 0.019, 0.062, 4.917, 0.0, 2.697, 0.118, 0.011, 2.693, 0.013, 4.891, 0.0, 0.0, 0.0, 0.0, 0.0, 0.0, 0.314, 1.127, 0.0, 0.297, 0.008, 3.61, 0.0, 0.195, 6.968, 0.0, 0.0, 0.558, 10.36, 0.272, 0.0, 0.0], "train_difference": [146.235, 36.847, 35.109, 13.173, 21.164, 9.97, 11.842, 20.818, 22.276, 18.53, 17.639, 5.869, 9.1, 17.487, 5.655, 2.818, 3.154, 5.381, 16.815, 13.598, 2.027, 20.569, 2.895, 5.386, 4.429, 12.841, 10.233, 2.322, 2.863, 8.844, 2.17, 3.339, 11.948, 6.235, 1.855, 7.114, 2.775, 6.565, 1.975, 10.344, 4.671, 10.682, 3.946, 3.021, 8.81, 8.66, 4.012, 8.359, 1.901, 6.717, 9.978, 3.118, 1.772, 8.234, 15.033, 7.4, 3.447, 11.5, 2.92, 1.737, 13.893, 4.255, 3.183, 7.368, 1.767, 1.836, 9.455, 2.025, 3.661, 3.681, 4.918, 6.515, 2.753, 2.549, 3.771, 2.743, 4.549, 4.894, 7.736, 13.735, 12.435, 11.205, 7.788, 5.448, 2.021, 1.619, 5.499, 1.652, 4.754, 3.619, 5.858, 1.553, 6.968, 6.178, 3.506, 1.277, 10.36, 1.781, 8.145, 6.503], "val_mae": [249.465, 73.986, 53.747, 31.277, 30.632, 23.654, 17.114, 32.757, 35.302, 29.498, 28.23, 8.377, 14.044, 29.055, 8.574, 6.556, 7.856, 7.964, 28.326, 23.056, 5.173, 34.103, 5.9, 9.607, 7.123, 21.689, 17.631, 5.612, 6.536, 15.029, 5.581, 6.388, 19.975, 10.459, 4.403, 11.809, 4.757, 10.968, 4.69, 17.849, 7.841, 17.856, 6.91, 5.126, 14.978, 14.596, 7.102, 14.494, 3.847, 11.381, 16.825, 5.607, 3.664, 14.266, 26.173, 12.858, 6.104, 19.491, 5.203, 3.987, 23.476, 6.656, 5.27, 12.811, 3.803, 4.23, 16.144, 4.372, 6.813, 6.512, 7.551, 11.321, 4.667, 4.935, 7.126, 4.387, 8.223, 7.356, 13.216, 23.862, 22.316, 19.014, 12.893, 10.693, 4.1, 4.01, 10.173, 3.742, 8.696, 5.335, 10.477, 4.012, 10.941, 11.576, 7.424, 3.559, 15.975, 4.166, 14.603, 11.468], "val_rmse": [260.241, 75.625, 64.557, 33.977, 40.746, 25.856, 24.258, 38.012, 40.579, 33.881, 32.419, 13.572, 17.727, 31.594, 11.902, 8.215, 8.966, 11.28, 30.262, 24.721, 6.736, 36.511, 8.129, 11.593, 9.446, 23.268, 19.956, 6.796, 7.579, 17.195, 6.55, 8.003, 21.745, 12.098, 5.457, 13.619, 6.741, 12.751, 5.606, 19.127, 9.726, 19.802, 8.259, 7.125, 16.507, 16.386, 8.46, 15.772, 5.145, 13.108, 18.664, 6.76, 4.96, 15.106, 27.586, 14.27, 7.214, 21.322, 6.87, 4.905, 25.62, 8.179, 6.657, 14.333, 4.836, 4.986, 17.873, 5.785, 8.276, 8.396, 9.094, 12.992, 5.818, 6.649, 8.667, 5.622, 9.962, 8.955, 15.112, 25.581, 23.535, 21.143, 15.401, 11.52, 5.515, 5.05, 11.344, 5.355, 10.523, 6.493, 12.321, 5.33, 11.879, 12.855, 8.702, 4.89, 17.471, 6.448, 15.879, 13.527], "val_underestimate": [148.836, 0.0, 32.066, 1.048, 17.946, 1.268, 9.339, 19.544, 21.062, 17.599, 16.843, 4.524, 8.379, 17.334, 5.049, 1.666, 0.976, 4.652, 16.9, 13.756, 1.545, 20.347, 0.668, 0.149, 4.113, 12.94, 0.0, 2.551, 0.511, 0.0, 0.959, 3.548, 11.918, 6.213, 0.945, 7.025, 2.367, 6.535, 0.687, 10.649, 4.591, 10.653, 0.124, 2.758, 8.936, 8.708, 0.084, 8.648, 1.641, 6.79, 10.038, 0.151, 1.491, 0.0, 15.615, 7.671, 0.124, 11.629, 2.871, 0.95, 14.006, 0.03, 0.134, 7.644, 1.903, 0.562, 9.632, 1.547, 3.986, 3.729, 0.007, 6.749, 0.179, 2.7, 4.181, 0.18, 4.824, 0.022, 7.883, 14.237, 13.314, 11.344, 7.692, 6.38, 2.032, 0.873, 6.061, 1.754, 5.106, 0.073, 6.233, 2.103, 0.0, 6.907, 4.382, 1.444, 0.0, 1.939, 8.712, 6.832],