{"val_loss": [0.05790139269083738, 0.08957496751099825, 0.10022752233507003, 0.058312474065186345, 0.07037481955964775, 0.047332613756332326, 0.06059688252999502, 0.04380402560619747, 0.04454152483273955, 0.03634153553010786, 0.03683491590816308, 0.032712351024041283, 0.030977502876125714, 0.03026159929440302, 0.029334513840320355, 0.028332043274798813, 0.027198500027332234, 0.025379880167105618, 0.024126587778001148, 0.02316003811874372, 0.022204977521837196, 0.021500394364599797, 0.023636890657465246, 0.020833233569967833, 0.01991573422599365, 0.019378576571505296, 0.019034262821900055, 0.018875295946867588, 0.0188158225363997, 0.01853647723328322, 0.018249054624260786, 0.01725219006595366, 0.016983040978255516, 0.017830482827882993, 0.016476955168935305, 0.015550579916795386, 0.014784522655913058, 0.016838641919414785, 0.01935558851726134, 0.01778267482843469, 0.01667689164990888, 0.015432693865424132, 0.015431429184151484, 0.015053867533638635, 0.014775162727078971, 0.014590665081735043, 0.014033528055091771, 0.01352370749844019, 0.012758945138878463, 0.012056770330459318, 0.011632044097709963, 0.011726878367720501, 0.011496842801160015, 0.011750388822025237, 0.011674589042633991, 0.010796438553370535, 0.010442095093072994, 0.010263301541700083, 0.010111907178618233, 0.009945326142341775, 0.00970252461197293, 0.009790915247696616, 0.010024474810480195, 0.009587707333540654, 0.0102798728758524, 0.00962618091280627, 0.009282361390753923, 0.010121528586537084, 0.009125847285544938, 0.00987027124638724, 0.009377124147517058, 0.008933045942445888, 0.00948809293571257, 0.008791337387211731, 0.011390161885441664, 0.008934249401243185, 0.01026414694976719, 0.012437202426714493, 0.011237591241404195, 0.010820714116562158, 0.010126493878059965, 0.010759973360965139, 0.009294607109896949, 0.008875656694940785, 0.008560847419122344, 0.008662165447329992, 0.008686379241921446, 0.008606644292526385, 0.008768359185470379, 0.008316313635612674, 0.008635027351213949, 0.00919199303504737, 0.008288026955115664, 0.00829377568751464, 0.008769951644353569, 0.00813672655631843, 0.00864887488184168, 0.00889052332529579, 0.008051302759935531, 0.008566085190977901], "train_mae": [41.109, 110.512, 161.851, 36.481, 73.115, 29.573, 100.812, 37.771, 33.797, 19.945, 47.009, 13.211, 13.072, 29.39, 19.336, 24.646, 15.696, 14.652, 9.025, 9.618, 9.573, 7.632, 35.074, 13.679, 8.332, 6.223, 6.777, 11.485, 14.361, 17.651, 18.363, 12.956, 15.922, 26.18, 19.274, 12.919, 6.427, 31.46, 45.676, 40.108, 30.974, 28.433, 28.148, 26.769, 25.491, 27.139, 25.055, 22.486, 17.558, 13.504, 11.93, 13.212, 12.667, 15.456, 19.011, 9.81, 7.315, 6.287, 5.315, 6.921, 5.211, 8.542, 13.744, 6.443, 15.249, 9.304, 5.854, 14.684, 4.241, 17.501, 9.659, 4.553, 14.582, 4.382, 25.852, 4.546, 21.31, 31.107, 26.71, 23.103, 21.717, 20.901, 12.091, 4.971, 4.43, 5.611, 6.598, 7.551, 9.804, 4.26, 11.263, 15.833, 4.984, 6.851, 12.285, 4.165, 13.027, 13.246, 3.428, 13.051], "train_rmse": [48.797, 116.823, 162.138, 43.827, 79.783, 33.556, 101.314, 40.863, 40.238, 22.353, 48.438, 17.738, 17.537, 31.442, 24.133, 26.733, 20.229, 16.335, 12.003, 11.138, 10.81, 9.504, 35.918, 16.448, 9.722, 8.326, 8.941, 13.149, 16.644, 19.017, 20.16, 14.462, 17.296, 27.616, 20.624, 14.531, 7.794, 32.528, 46.541, 41.214, 32.237, 29.358, 29.394, 27.865, 26.702, 28.147, 26.126, 23.768, 18.868, 15.073, 13.392, 14.76, 14.29, 17.026, 20.238, 11.451, 8.715, 7.47, 6.959, 8.392, 6.274, 10.179, 15.063, 8.237, 16.314, 10.798, 6.982, 15.751, 5.775, 18.503, 10.95, 6.133, 15.741, 5.396, 26.749, 6.092, 22.404, 32.103, 27.651, 24.464, 22.581, 21.942, 13.367, 6.794, 5.306, 6.882, 7.967, 8.922, 10.929, 5.136, 12.438, 16.596, 6.154, 8.265, 13.269, 4.952, 14.131, 14.103, 4.467, 14.221], "train_underestimate": [21.176, 57.888, 0.0, 18.604, 38.299, 0.312, 0.0, 0.0, 17.45, 1.076, 0.0, 4.836, 5.179, 0.0, 9.671, 0.05, 7.836, 0.451, 2.953, 1.838, 1.268, 1.64, 0.0, 7.055, 0.576, 2.419, 2.874, 0.171, 7.438, 0.0, 9.619, 0.075, 0.018, 13.713, 0.0, 6.73, 2.765, 0.0, 23.926, 0.0, 16.225, 0.0, 14.744, 0.0, 13.353, 0.0, 13.124, 0.0, 9.197, 0.038, 6.229, 0.038, 6.635, 0.006, 9.958, 0.077, 3.542, 2.803, 0.429, 3.347, 2.087, 4.399, 7.199, 0.127, 0.0, 4.844, 2.637, 0.0, 0.45, 9.168, 0.035, 0.359, 7.638, 1.229, 0.0, 0.299, 11.163, 0.0, 13.991, 0.0, 11.376, 0.0, 6.334, 0.187, 1.531, 2.498, 0.09, 3.912, 0.006, 1.634, 5.9, 0.0, 2.22, 3.495, 0.0, 1.604, 6.824, 0.0, 0.653, 6.836], "train_overestimate": [0.357, 0.0, 84.78, 0.505, 0.0, 15.179, 52.807, 19.785, 0.253, 9.372, 24.624, 2.084, 1.669, 15.395, 0.458, 12.86, 0.386, 7.224, 1.775, 3.2, 3.747, 2.358, 18.372, 0.11, 3.789, 0.84, 0.676, 5.845, 0.085, 9.246, 0.0, 6.712, 8.322, 0.0, 10.096, 0.037, 0.602, 16.479, 0.0, 21.009, 0.0, 14.894, 0.0, 14.022, 0.0, 14.216, 0.0, 11.779, 0.0, 7.036, 0.02, 6.882, 0.0, 8.09, 0.0, 5.061, 0.29, 0.49, 2.355, 0.279, 0.642, 0.076, 0.0, 3.248, 7.988, 0.03, 0.429, 7.692, 1.772, 0.0, 5.024, 2.026, 0.0, 1.067, 13.542, 2.082, 0.0, 16.295, 0.0, 12.102, 0.0, 10.948, 0.0, 2.417, 0.789, 0.441, 3.366, 0.043, 5.13, 0.598, 0.0, 8.294, 0.391, 0.094, 6.435, 0.578, 0.0, 6.939, 1.143, 0.0], "train_difference": [21.534, 57.888, 84.78, 19.109, 38.299, 15.491, 52.807, 19.785, 17.703, 10.448, 24.624, 6.92, 6.847, 15.395, 10.129, 12.91, 8.222, 7.675, 4.727, 5.038, 5.015, 3.998, 18.372, 7.165, 4.364, 3.26, 3.55, 6.016, 7.523, 9.246, 9.619, 6.787, 8.34, 13.713, 10.096, 6.767, 3.367, 16.479, 23.926, 21.009, 16.225, 14.894, 14.744, 14.022, 13.353, 14.216, 13.124, 11.779, 9.197, 7.074, 6.249, 6.92, 6.635, 8.096, 9.958, 5.138, 3.832, 3.293, 2.784, 3.625, 2.729, 4.475, 7.199, 3.375, 7.988, 4.874, 3.066, 7.692, 2.222, 9.168, 5.059, 2.385, 7.638, 2.296, 13.542, 2.381, 11.163, 16.295, 13.991, 12.102, 11.376, 10.948, 6.334, 2.604, 2.32, 2.939, 3.456, 3.955, 5.136, 2.231, 5.9, 8.294, 2.611, 3.589, 6.435, 2.182, 6.824, 6.939, 1.796, 6.836], "val_mae": [36.316, 99.46, 158.252, 32.725, 64.236, 34.322, 100.145, 41.098, 29.676, 23.474, 48.444, 16.309, 15.399, 31.206, 17.669, 26.417, 14.544, 16.471, 10.643, 10.707, 10.176, 7.979, 33.476, 12.243, 8.447, 5.665, 5.864, 11.909, 12.598, 17.843, 16.409, 13.32, 16.575, 23.466, 19.284, 11.163, 5.067, 31.125, 42.228, 39.121, 27.785, 28.323, 25.44, 26.29, 22.898, 26.953, 22.714, 22.272, 15.53, 13.759, 10.858, 13.703, 10.845, 15.912, 16.75, 10.617, 5.666, 4.559, 6.097, 5.412, 3.785, 6.927, 11.599, 7.219, 15.928, 7.647, 4.308, 15.199, 4.7, 15.474, 10.392, 5.049, 12.727, 3.75, 25.307, 5.129, 18.879, 30.167, 24.155, 22.171, 19.723, 20.527, 10.434, 5.333, 3.31, 4.478, 7.293, 6.361, 10.261, 3.235, 9.7, 15.816, 4.039, 5.775, 12.28, 3.096, 11.288, 13.357, 3.469, 11.329], "val_rmse": [46.997, 109.67, 158.595, 42.698, 75.031, 38.03, 100.715, 44.105, 38.716, 26.552, 50.217, 20.064, 19.327, 33.457, 23.757, 28.363, 20.1, 17.844, 13.434, 12.793, 11.904, 10.088, 34.275, 16.203, 9.569, 8.123, 8.643, 13.029, 15.811, 18.866, 18.83, 14.379, 17.539, 25.631, 20.19, 13.106, 6.866, 31.867, 43.655, 39.996, 29.906, 28.93, 27.431, 27.062, 24.779, 27.656, 24.246, 23.162, 17.231, 14.725, 12.103, 14.663, 12.671, 16.933, 18.291, 11.532, 7.398, 6.302, 7.093, 7.082, 5.162, 8.579, 13.161, 8.335, 16.683, 9.273, 5.845, 15.969, 5.664, 16.647, 11.172, 5.93, 14.015, 4.841, 26.199, 6.092, 20.357, 31.148, 25.498, 23.63, 20.795, 21.44, 11.882, 6.535, 4.52, 5.991, 8.225, 7.796, 11.067, 4.46, 11.105, 16.474, 5.541, 7.244, 13.094, 4.319, 12.726, 14.115, 4.435, 12.858],