{"val_loss": [0.05883565700302521, 0.039818954860998526, 0.03028617732019888, 0.024163976622124512, 0.021893021560067102, 0.019447001434552174, 0.019117957886515394, 0.01980468452287217, 0.019814233916501205, 0.01692713368942754, 0.014661169287541674, 0.018069518147967756, 0.018900717944941588, 0.014400991106716296, 0.012305585777438764, 0.012154658920028143, 0.011300309412440078, 0.012091766939395003, 0.011501701031294134, 0.011262744471120337, 0.015093371854163706, 0.01221206372267463, 0.011344514198652986, 0.010807202430441976, 0.011573808060752021, 0.010692586714867502, 0.014265253001617061, 0.010319714460314976, 0.010432134330686595, 0.010331898656052848, 0.01146462328162872, 0.01173662379409911, 0.010675591125618666, 0.0119733004960128, 0.010031474320890589, 0.009726713915976385, 0.010079653151074631, 0.009613325929320935, 0.009562890181162706, 0.009907059875937799, 0.010582709878993532, 0.0096321111648447, 0.009343971769946316, 0.013079195955975188, 0.010485310430845452, 0.009504082224642238, 0.009223001944418583, 0.009337797702755779, 0.009395960905951344, 0.010267135273251269, 0.009160674591031339, 0.009476825847135236, 0.009628786873589788, 0.010749977017338905, 0.009389160834770236, 0.011819612299506035, 0.009440694049569882, 0.00931975120652674, 0.009061614284291863, 0.009291213710740622, 0.010823859606817778, 0.009908134117722511, 0.009619648167346086, 0.008893251050418863, 0.00926187246417006, 0.008851727891144238, 0.009173592106283953, 0.010960809789442768, 0.011546999229014747, 0.009353423154809408, 0.010917421495024528, 0.010043424903415143, 0.008907913262697143, 0.009153129849841611, 0.008910752237877913, 0.009816048175303472, 0.008846454988492446, 0.009214110795356747, 0.009056429326948192, 0.009887360754267624, 0.010110665701277968, 0.0088470819626107, 0.008765323113443123, 0.009853600964157118, 0.008502979775787227, 0.008986498972970165, 0.00920415674853656, 0.008829557084633658, 0.009528280513930239, 0.009836033575185057, 0.008798196394410398, 0.009442008695461683, 0.011740764719434083, 0.009249928918304957, 0.00977066955399803, 0.009135384125531547, 0.008717063284065161, 0.008938290528021753, 0.009023982274811715, 0.009462667777875645], "train_mae": [23.05, 46.668, 15.94, 9.586, 8.544, 7.131, 13.858, 25.906, 25.402, 8.118, 8.11, 27.164, 30.876, 15.782, 5.077, 10.371, 5.153, 12.558, 7.084, 4.229, 24.235, 8.577, 3.972, 4.338, 18.614, 4.083, 25.453, 4.455, 11.074, 8.605, 17.445, 9.631, 11.516, 12.577, 4.404, 4.092, 3.806, 4.482, 3.515, 7.237, 13.684, 6.711, 8.803, 25.324, 9.569, 9.07, 5.436, 5.622, 4.618, 11.582, 5.988, 5.915, 5.463, 18.5, 3.132, 22.031, 3.833, 8.573, 4.012, 6.149, 14.381, 7.819, 3.692, 4.571, 4.151, 3.249, 6.5, 18.858, 13.545, 6.883, 14.607, 17.292, 3.743, 4.949, 2.906, 13.14, 5.211, 8.826, 2.712, 14.339, 14.01, 2.701, 3.061, 8.881, 2.728, 6.696, 6.073, 2.591, 10.906, 11.611, 3.395, 2.509, 17.233, 3.484, 8.65, 6.824, 6.122, 2.695, 4.323, 11.475], "train_rmse": [27.121, 48.678, 20.615, 11.969, 9.731, 8.96, 15.832, 28.195, 28.144, 9.754, 9.422, 28.906, 31.883, 16.94, 6.367, 12.412, 6.64, 13.542, 8.17, 5.291, 25.044, 10.705, 5.073, 5.442, 19.22, 5.131, 26.2, 5.54, 12.328, 9.53, 18.895, 12.476, 13.552, 13.961, 5.681, 5.155, 4.632, 5.731, 4.575, 8.32, 15.227, 7.795, 9.626, 27.189, 11.148, 10.315, 6.746, 6.803, 5.606, 12.898, 7.029, 7.375, 6.797, 19.395, 3.997, 23.876, 4.836, 9.38, 4.718, 6.908, 15.221, 9.441, 4.46, 5.386, 5.224, 4.099, 7.19, 20.505, 15.972, 7.573, 15.621, 17.896, 4.771, 6.084, 3.773, 14.45, 5.929, 9.689, 3.54, 14.905, 15.326, 3.511, 3.887, 10.513, 3.635, 7.517, 7.311, 3.113, 11.583, 13.723, 4.407, 3.331, 18.012, 4.487, 9.662, 7.639, 7.027, 3.381, 5.258, 12.341], "train_underestimate": [2.783, 0.0, 7.338, 3.458, 0.281, 3.927, 8.033, 15.018, 0.0, 2.381, 4.312, 15.747, 17.899, 9.149, 0.935, 5.921, 2.532, 0.004, 0.17, 0.928, 14.049, 4.534, 1.311, 1.544, 0.0, 1.123, 14.755, 1.177, 6.42, 0.058, 10.113, 0.094, 6.658, 7.291, 2.168, 1.535, 0.769, 2.247, 0.706, 4.164, 7.933, 3.791, 0.011, 14.68, 5.545, 5.253, 2.733, 3.213, 2.467, 6.714, 3.405, 3.046, 0.107, 10.725, 0.586, 12.772, 0.316, 4.97, 0.329, 0.039, 8.337, 4.453, 1.541, 0.253, 0.169, 1.68, 0.026, 10.932, 0.0, 0.025, 8.468, 10.024, 1.569, 2.763, 1.18, 7.618, 0.094, 5.117, 1.072, 8.312, 0.0, 0.811, 1.339, 5.098, 1.312, 3.882, 3.247, 0.353, 0.0, 6.707, 0.276, 0.604, 9.99, 1.617, 5.014, 3.95, 3.531, 0.472, 2.399, 6.652], "train_overestimate": [10.58, 27.054, 1.902, 2.099, 4.673, 0.207, 0.001, 0.0, 14.726, 2.325, 0.389, 0.0, 0.0, 0.0, 2.009, 0.091, 0.455, 7.276, 3.937, 1.524, 0.0, 0.438, 0.991, 0.971, 10.791, 1.244, 0.0, 1.405, 0.0, 4.931, 0.0, 5.489, 0.018, 0.0, 0.385, 0.837, 1.437, 0.351, 1.331, 0.031, 0.0, 0.1, 5.092, 0.0, 0.002, 0.005, 0.419, 0.046, 0.21, 0.0, 0.067, 0.383, 3.059, 0.0, 1.229, 0.0, 1.905, 0.0, 1.996, 3.526, 0.0, 0.079, 0.6, 2.397, 2.237, 0.203, 3.742, 0.0, 7.852, 3.966, 0.0, 0.0, 0.601, 0.106, 0.504, 0.0, 2.928, 0.0, 0.5, 0.0, 8.122, 0.755, 0.436, 0.051, 0.269, 0.0, 0.274, 1.149, 6.322, 0.025, 1.692, 0.851, 0.0, 0.402, 0.0, 0.006, 0.018, 1.091, 0.107, 0.0], "train_difference": [13.363, 27.054, 9.241, 5.557, 4.953, 4.134, 8.034, 15.018, 14.726, 4.706, 4.701, 15.747, 17.899, 9.149, 2.943, 6.012, 2.987, 7.28, 4.107, 2.451, 14.049, 4.972, 2.302, 2.515, 10.791, 2.367, 14.755, 2.583, 6.42, 4.988, 10.113, 5.583, 6.676, 7.291, 2.553, 2.372, 2.207, 2.598, 2.038, 4.195, 7.933, 3.891, 5.103, 14.68, 5.547, 5.258, 3.151, 3.259, 2.677, 6.714, 3.471, 3.429, 3.167, 10.725, 1.816, 12.772, 2.222, 4.97, 2.326, 3.564, 8.337, 4.533, 2.14, 2.65, 2.406, 1.883, 3.768, 10.932, 7.852, 3.99, 8.468, 10.024, 2.17, 2.869, 1.684, 7.618, 3.021, 5.117, 1.572, 8.312, 8.122, 1.566, 1.775, 5.149, 1.581, 3.882, 3.521, 1.502, 6.322, 6.731, 1.968, 1.454, 9.99, 2.02, 5.014, 3.956, 3.549, 1.562, 2.506, 6.652], "val_mae": [21.529, 41.672, 20.788, 11.225, 8.741, 7.551, 16.024, 29.287, 29.549, 6.849, 6.781, 30.536, 33.335, 16.788, 4.545, 11.859, 5.484, 12.948, 6.569, 4.363, 25.357, 9.799, 3.641, 4.617, 18.9, 3.532, 27.339, 4.45, 12.541, 8.234, 20.104, 11.971, 13.871, 14.443, 5.012, 4.077, 3.4, 4.918, 2.817, 7.978, 16.068, 6.433, 8.881, 29.225, 11.458, 10.451, 6.107, 6.413, 4.585, 13.483, 5.963, 6.827, 5.875, 20.531, 2.977, 25.655, 3.392, 9.613, 3.397, 5.663, 16.053, 9.584, 3.379, 3.885, 3.943, 3.951, 5.816, 22.523, 15.51, 6.397, 16.878, 19.293, 4.421, 6.527, 3.52, 16.16, 4.921, 10.791, 3.473, 15.824, 15.113, 2.843, 4.064, 11.429, 3.265, 8.081, 8.069, 2.763, 10.755, 15.083, 2.782, 2.776, 19.57, 3.47, 11.164, 8.708, 8.299, 2.279, 5.248, 14.255], "val_rmse": [26.492, 44.885, 26.397, 15.321, 9.408, 9.99, 18.253, 31.933, 31.338, 8.371, 7.805, 32.399, 34.258, 17.998, 5.802, 13.676, 7.045, 13.829, 7.866, 5.344, 25.884, 12.542, 4.476, 6.071, 19.439, 4.515, 27.946, 5.554, 13.529, 9.004, 21.57, 14.014, 15.672, 15.706, 6.616, 5.24, 4.166, 6.406, 3.956, 9.162, 17.671, 7.126, 9.638, 31.239, 12.849, 11.348, 7.811, 7.471, 5.106, 14.763, 6.687, 8.845, 7.067, 21.383, 3.935, 27.365, 4.593, 10.227, 4.008, 6.407, 16.784, 11.32, 3.993, 4.547, 5.071, 4.914, 6.548, 24.271, 17.143, 7.134, 18.008, 19.93, 5.972, 8.189, 5.026, 17.868, 5.713, 11.777, 4.824, 16.216, 16.086, 3.877, 5.708, 13.233, 4.172, 8.67, 10.047, 3.738, 11.381, 17.303, 3.789, 3.435, 20.321, 4.15, 12.324, 9.496, 9.595, 2.849, 5.995, 15.319], "val_underestimate": [4.302, 0.012, 9.58, 4.578, 0.538, 3.858, 8.235, 15.051, 0.0, 1.114, 3.246, 15.693, 17.132, 8.628, 0.792, 6.073, 2.553, 0.0, 0.009, 1.141, 13.031, 4.92, 1.223, 1.773, 0.0, 0.701, 14.05, 1.405, 6.445, 0.0, 10.332, 0.068, 7.128, 7.423, 2.367, 1.692, 0.722, 2.362, 0.331, 4.1, 8.258, 3.235, 0.0, 15.019, 5.888, 5.371, 3.02, 3.283, 2.133, 6.929, 3.056, 3.405, 0.043, 10.551, 0.4, 13.185, 0.169, 4.94, 0.312, 0.083, 8.25, 4.924, 1.247, 0.288, 0.087, 1.885, 0.125, 11.575, 0.0, 0.141, 8.674, 9.915, 2.015, 3.329, 1.624, 8.305, 0.099, 5.546, 1.553, 8.132, 0.0, 1.135, 1.959, 5.874, 1.561, 4.153, 4.122, 0.771, 0.0, 7.751, 0.176, 0.899, 10.057, 1.606, 5.737, 4.475, 4.265, 0.565, 2.675, 7.326],