{"val_loss": [0.0973974329032255, 0.09733870767810371, 0.09732378437445405, 0.09741757345500957, 0.09738529620043347, 0.09746432300196604, 0.09743675196103835, 0.09736576027582201, 0.09741700239730684, 0.09745877792828539, 0.09734518692064821, 0.0973314405157325, 0.09737002271949576, 0.09732957724272535, 0.0974212610738331], "train_mae": [42.421, 42.516, 42.528, 42.453, 42.479, 42.604, 42.592, 42.559, 42.454, 42.421, 42.511, 42.522, 42.491, 42.542, 42.45], "train_rmse": [44.936, 45.025, 45.036, 44.965, 44.99, 45.108, 45.096, 45.065, 44.966, 44.935, 45.02, 45.03, 45.001, 45.049, 44.963], "train_underestimate": [99.73, 99.954, 99.983, 99.807, 99.867, 100.162, 100.132, 100.055, 99.808, 99.731, 99.942, 99.968, 99.895, 100.016, 99.8], "train_overestimate": [0.0, 0.0, 0.0, 0.0, 0.0, 0.0, 0.0, 0.0, 0.0, 0.0, 0.0, 0.0, 0.0, 0.0, 0.0], "train_difference": [99.73, 99.954, 99.983, 99.807, 99.867, 100.162, 100.132, 100.055, 99.808, 99.731, 99.942, 99.968, 99.895, 100.016, 99.8], "val_mae": [44.726, 44.823, 44.835, 44.761, 44.786, 44.912, 44.899, 44.866, 44.761, 44.728, 44.818, 44.829, 44.798, 44.849, 44.758], "val_rmse": [46.763, 46.855, 46.867, 46.795, 46.819, 46.939, 46.927, 46.896, 46.795, 46.764, 46.85, 46.861, 46.831, 46.88, 46.792], "val_underestimate": [99.741, 99.957, 99.984, 99.817, 99.874, 100.154, 100.125, 100.052, 99.818, 99.745, 99.945, 99.97, 99.901, 100.015, 99.81], "val_overestimate": [0.0, 0.0, 0.0, 0.0, 0.0, 0.0, 0.0, 0.0, 0.0, 0.0, 0.0, 0.0, 0.0, 0.0, 0.0], "val_difference": [99.741, 99.957, 99.984, 99.817, 99.874, 100.154, 100.125, 100.052, 99.818, 99.745, 99.945, 99.97, 99.901, 100.015, 99.81], "train_loss": [0.11257588079032656, 0.1003371391346607, 0.09792948497738609, 0.098477740912543, 0.09902793900931202, 0.09938759917863435, 0.09889915841228179, 0.0994666358346189, 0.09866703119416748, 0.099333231608406, 0.09913592180496683, 0.09775624375885349, 0.0986162068327475, 0.09794297351198718, 0.09869624528519731], "train_size": 900, "val_size": 89, "rand_seed": 9001, "shuffle": true, "loss_name": "mean_absolute_error", "img_dim": [720, 1280, 3], "patch_dim": [128, 128, 3], "patches_per_image": 32, "density_map_sigma": 10, "density_map_multiplication_factor": 2000.0, "sub_experiment_name": "carpk/sigma_10_loss_mae_patch_32_128x128_epochs_15"}