{"val_loss": [0.015475420881961731, 0.01597955987906769, 0.012291728287285272, 0.015439241595837908, 0.012302769130959254, 0.011342462024509182, 0.01058483062176189, 0.010717804312460229, 0.014097309398089742, 0.010768086146627966, 0.013321789831227053, 0.010162991693101099, 0.010170493552626189, 0.009983111563390898, 0.01691618262824098, 0.009392131029825477, 0.010009853697637381, 0.010139311318198452, 0.009972894677452536, 0.010836214636381354, 0.009855518625651408, 0.009609461508565195, 0.010177969322184153, 0.009321480974904262, 0.010496767984376574, 0.010566011202172376, 0.010008865289920423, 0.00951331741331766, 0.010025403598976683, 0.009169892488393493, 0.009565233689095799, 0.010054104904055648, 0.009482063501814587, 0.009161680366661231, 0.009591486567539201, 0.009139835576610899, 0.01028107620327824, 0.0096537569354243, 0.009323244247853937, 0.009464244643418674, 0.009403325047565482, 0.013872641355798502, 0.008971401335252772, 0.008956976622559724, 0.009001216362068791, 0.009115385020373247, 0.009436090237916991, 0.009508495318692035, 0.009424249932837685, 0.009215692260719758], "train_loss": [0.1508972268711659, 0.012549243634566665, 0.010313096335266891, 0.009669941451647901, 0.008749992454795574, 0.008509710264661408, 0.008128921262141375, 0.008020295814276324, 0.00832133454423456, 0.007733146215286979, 0.007534533854595793, 0.00773295040926314, 0.007381091384559113, 0.00743919631895551, 0.0074518076030472, 0.007393606884761539, 0.00673635685507179, 0.006951293836209516, 0.006880730140437663, 0.006741080143910949, 0.006520556520626997, 0.006441428487960366, 0.0065290568654745584, 0.0063612630156058, 0.006120450812886702, 0.00614833183317387, 0.006048858089343412, 0.0061372743866741075, 0.006231978076357336, 0.006009589282257366, 0.005976478573757049, 0.0056898366992754745, 0.00579173245569109, 0.005512562984222313, 0.005429601299510978, 0.005531508442800259, 0.005317902827300713, 0.005206505067690159, 0.005335088293577428, 0.005388697004036658, 0.005170512959921325, 0.005280762222355406, 0.005025913919780578, 0.004901480075204745, 0.004799317294782668, 0.004638190167952416, 0.004816996432055021, 0.0046835146645207715, 0.004662545266910456, 0.004503204910179193], "train_size": 1024, "val_size": 576, "rand_seed": 641, "shuffle": true, "loss_name": "mean_squared_error", "img_dim": [256, 256, 3], "patch_dim": [128, 128, 3], "patches_per_image": 4, "density_map_sigma": 5, "density_map_multiplication_factor": 100.0, "sub_experiment_name": "vgg_cells/n_64_sigma_5_randseed_641_loss_mse_patch_4_128x128", "architecture": "FCRN_A"}