{"val_loss": [0.017265794495162683, 0.013955531886798175, 0.012036145425453369, 0.012061859529138828, 0.011017781760731142, 0.010797029562026082, 0.010938219900304426, 0.011283766350364507, 0.010424678214702807, 0.01055656446785886, 0.010071764653023112, 0.010609298868682041, 0.010475610976451813, 0.01012429428050786, 0.01052164435471544, 0.009535987540908132, 0.010638429927389047, 0.010241799057944768, 0.010700199351655707, 0.009697737616483614, 0.009275226815589122, 0.011500671990183441, 0.009477272384780614, 0.009450051722726331, 0.010568555915193024, 0.010191150380301729, 0.0096155749221604, 0.00981019454916855, 0.009305755615463972, 0.010035408741209216, 0.009449101539252701, 0.009765217302831135, 0.009133025334853705, 0.00934610644011021, 0.00978164520509179, 0.009083868958946873, 0.009749405418511338, 0.009741052918292957, 0.009103651893787578, 0.009648652310311768, 0.009161917541657912, 0.009069886991306298, 0.009041195365878392, 0.00899267829299788, 0.00906020900583826, 0.009791965378503341, 0.009976750888300658, 0.009139992068917814, 0.009130044727903118, 0.009023779008607057], "train_loss": [0.09203019731830864, 0.013109035275192582, 0.01159576836744236, 0.009628780742787058, 0.00904406855806883, 0.009478033856794355, 0.00856537390518497, 0.008246655625043786, 0.007909071588073857, 0.0081266867055092, 0.00751099453009374, 0.007511630869885266, 0.007503883341087203, 0.007282084598045913, 0.007219758731480397, 0.006997127870818076, 0.006822448674029147, 0.006916225486747862, 0.0071149362811411265, 0.0065841098767123185, 0.006797593432565918, 0.006484632756837527, 0.006429256370211078, 0.006161163745673548, 0.0063387187947228085, 0.006338272244647669, 0.006139662134046375, 0.0062299455821630545, 0.005931240048084874, 0.005805456463349401, 0.005948258103671833, 0.005682707304003998, 0.0054928210583966575, 0.0056202988598670345, 0.005511885279247508, 0.005289417257699824, 0.005226220451731933, 0.005110542518650618, 0.00529470925903297, 0.005102713689666416, 0.005009484458241786, 0.005043366383688408, 0.004735166722639406, 0.004927240619053919, 0.004679683819631464, 0.00476431748484174, 0.004495809415857366, 0.0046175801144272555, 0.0045328812766456394, 0.00430931079426955], "train_size": 1024, "val_size": 576, "rand_seed": 645, "shuffle": true, "loss_name": "mean_squared_error", "img_dim": [256, 256, 3], "patch_dim": [128, 128, 3], "patches_per_image": 4, "density_map_sigma": 5, "density_map_multiplication_factor": 100.0, "sub_experiment_name": "vgg_cells/n_64_sigma_5_randseed_645_loss_mse_patch_4_128x128", "architecture": "FCRN_A"}