{"val_loss": [0.14906781983068762, 0.08585576847305193, 0.06170297581154634, 0.05965586381909602, 0.07691375604447197, 0.05690359507742174, 0.05745302442022983, 0.04778059748658801, 0.07435848295469494, 0.06364950340460329, 0.04765157545368899, 0.033959445324452484, 0.034677198348457325, 0.039930523879935634, 0.03599110911326373, 0.03117173437631744, 0.03272113106761347, 0.03267616914201747, 0.029746216776616433, 0.029720736626426086, 0.029480404973797062, 0.02782703297870124, 0.026858839713146582, 0.02608080321977682, 0.02574217989219024, 0.024911519824801123, 0.025259576737880707, 0.02449591985136709, 0.024877404198324418, 0.02394012502832886, 0.023846714408136904, 0.022780712618602112, 0.022330053095870158, 0.021541311254943993, 0.021065758486442706, 0.020743051639703268, 0.02014342839966583, 0.019749604788718417, 0.019553482217495057, 0.0188090949839748, 0.019010628388701555, 0.017871605656931504, 0.01764383212224964, 0.017387246740434098, 0.018973793286611054, 0.016371974714702982, 0.01694007563706049, 0.016186567810911906, 0.016043044955414885, 0.015038761686917175, 0.014735183288233684, 0.01527727352838744, 0.015054744182099752, 0.013736652919118676, 0.01730295372715987, 0.013699194738257895, 0.017951005391831344, 0.014912581228760673, 0.013624683453920572, 0.01325637727688231, 0.013087482232710017, 0.015453750699046342, 0.014633863315205364, 0.0160260692184024, 0.012909736624672352, 0.012349062674569295, 0.012123181549695265, 0.012221776613253443, 0.01247087015893639, 0.01189263307434671, 0.011737745375071159, 0.012072007028002511, 0.011484316947376904, 0.011449051178608309, 0.012121125237386236, 0.01297489572864245, 0.011532822216395289, 0.011000624121687211, 0.012475181699675672, 0.010905778316287872, 0.010796153893940808, 0.011279366461916225, 0.010635074471150908, 0.010568633617367595, 0.01050001393784495, 0.010641493177150978, 0.010301237850559546, 0.010385944179314025, 0.010739122924860567, 0.010129190337679842, 0.0116263523197952, 0.014614117557785529, 0.01101646525100531, 0.011868708886836162, 0.012910704279099317, 0.013589082545984317, 0.012429936501361868, 0.013733743333860356, 0.012504175723092082, 0.012698267408482292], "train_mae": [178.628, 72.383, 44.3, 20.192, 61.804, 27.502, 58.689, 31.95, 104.185, 119.226, 54.871, 23.968, 42.493, 42.282, 55.389, 12.125, 19.15, 46.054, 11.224, 13.745, 34.293, 10.279, 10.104, 13.31, 8.637, 15.835, 11.696, 24.374, 17.475, 27.251, 16.07, 21.076, 7.743, 7.394, 8.543, 5.332, 7.908, 10.292, 6.192, 8.231, 11.715, 4.657, 6.897, 10.077, 37.0, 10.505, 14.705, 17.972, 10.106, 5.44, 5.215, 14.613, 15.262, 7.968, 42.909, 8.256, 38.014, 29.24, 8.999, 8.19, 8.901, 27.921, 31.768, 33.567, 18.032, 4.621, 4.418, 13.521, 10.659, 10.985, 4.93, 11.652, 12.633, 13.069, 16.422, 22.516, 17.842, 7.653, 19.095, 8.023, 3.954, 11.247, 4.357, 3.814, 4.243, 14.336, 7.574, 4.515, 11.745, 7.623, 24.752, 43.274, 13.021, 15.772, 30.176, 29.782, 30.576, 33.929, 30.162, 25.77], "train_rmse": [185.201, 79.757, 47.122, 23.256, 69.112, 31.498, 60.122, 38.404, 108.805, 119.446, 59.794, 26.704, 43.642, 47.187, 55.993, 14.408, 24.516, 46.807, 14.798, 18.112, 35.318, 13.675, 11.948, 15.017, 11.612, 17.022, 15.361, 25.335, 20.53, 28.029, 18.876, 22.067, 10.534, 8.707, 9.728, 7.562, 9.18, 11.218, 8.436, 9.395, 13.714, 6.732, 8.804, 11.857, 37.754, 11.909, 16.115, 18.942, 12.002, 7.416, 7.343, 16.235, 16.773, 9.652, 43.844, 9.949, 38.836, 30.233, 10.62, 9.967, 10.526, 28.793, 32.661, 34.313, 19.277, 6.178, 6.505, 14.472, 12.213, 12.443, 6.577, 13.134, 13.75, 14.014, 17.414, 23.391, 18.824, 8.949, 20.024, 9.517, 5.609, 12.661, 5.889, 5.354, 5.571, 15.172, 8.739, 6.169, 12.898, 8.863, 25.659, 44.121, 14.003, 16.694, 31.344, 30.38, 31.333, 34.417, 30.743, 26.54], "train_underestimate": [99.67, 40.388, 0.0, 2.424, 34.485, 0.444, 0.0, 17.664, 58.133, 0.0, 30.617, 0.146, 0.0, 23.592, 0.0, 3.251, 10.374, 0.0, 4.657, 7.006, 0.0, 4.274, 2.448, 0.642, 3.451, 0.256, 6.366, 0.0, 9.751, 0.0, 8.967, 0.0, 4.052, 0.655, 0.473, 1.9, 0.5, 0.313, 3.118, 0.373, 6.481, 0.993, 3.55, 5.533, 0.0, 0.191, 8.205, 0.065, 5.528, 0.632, 0.648, 8.154, 8.516, 0.287, 0.0, 4.397, 21.211, 0.0, 4.908, 0.248, 0.241, 15.579, 0.0, 18.729, 0.045, 1.584, 0.719, 0.128, 5.937, 0.167, 2.158, 6.497, 0.133, 0.12, 9.163, 12.564, 0.005, 0.21, 10.655, 0.197, 0.703, 6.276, 1.912, 0.679, 1.663, 0.058, 0.191, 2.121, 6.553, 0.17, 0.0, 0.0, 7.265, 8.801, 0.0, 16.618, 0.0, 18.932, 0.0, 14.379], "train_overestimate": [0.0, 0.0, 24.718, 8.843, 0.0, 14.901, 32.747, 0.163, 0.0, 66.525, 0.0, 13.227, 23.71, 0.0, 30.906, 3.515, 0.311, 25.697, 1.605, 0.663, 19.134, 1.462, 3.19, 6.785, 1.368, 8.58, 0.16, 13.6, 0.0, 15.205, 0.0, 11.76, 0.269, 3.47, 4.294, 1.075, 3.913, 5.429, 0.337, 4.22, 0.056, 1.606, 0.298, 0.089, 20.645, 5.671, 0.0, 9.963, 0.111, 2.404, 2.262, 0.0, 0.0, 4.159, 23.942, 0.21, 0.0, 16.315, 0.114, 4.322, 4.726, 0.0, 17.726, 0.0, 10.016, 0.994, 1.746, 7.416, 0.01, 5.963, 0.592, 0.004, 6.917, 7.173, 0.0, 0.0, 9.95, 4.06, 0.0, 4.28, 1.503, 0.0, 0.519, 1.449, 0.704, 7.941, 4.035, 0.398, 0.0, 4.083, 13.811, 24.146, 0.0, 0.0, 16.837, 0.0, 17.061, 0.0, 16.83, 0.0], "train_difference": [99.67, 40.388, 24.718, 11.267, 34.485, 15.345, 32.747, 17.827, 58.133, 66.525, 30.617, 13.374, 23.71, 23.592, 30.906, 6.765, 10.685, 25.697, 6.263, 7.669, 19.134, 5.736, 5.638, 7.427, 4.82, 8.836, 6.526, 13.6, 9.751, 15.205, 8.967, 11.76, 4.321, 4.126, 4.767, 2.975, 4.413, 5.742, 3.455, 4.593, 6.537, 2.598, 3.848, 5.623, 20.645, 5.862, 8.205, 10.028, 5.639, 3.035, 2.91, 8.154, 8.516, 4.446, 23.942, 4.607, 21.211, 16.315, 5.021, 4.57, 4.967, 15.579, 17.726, 18.729, 10.061, 2.579, 2.465, 7.544, 5.947, 6.129, 2.751, 6.502, 7.049, 7.292, 9.163, 12.564, 9.955, 4.27, 10.655, 4.477, 2.206, 6.276, 2.431, 2.128, 2.367, 7.999, 4.226, 2.519, 6.553, 4.253, 13.811, 24.146, 7.265, 8.801, 16.837, 16.618, 17.061, 18.932, 16.83, 14.379], "val_mae": [180.189, 74.783, 41.982, 21.581, 64.351, 28.197, 55.227, 34.97, 105.947, 115.729, 57.024, 23.79, 39.618, 44.556, 52.459, 14.159, 22.706, 43.227, 14.481, 17.129, 31.51, 13.385, 11.796, 13.895, 11.319, 14.89, 14.475, 21.622, 20.37, 24.194, 18.945, 18.456, 10.27, 7.827, 8.253, 7.365, 7.641, 8.625, 8.614, 7.065, 14.657, 5.984, 9.303, 12.958, 33.428, 7.457, 17.811, 14.395, 12.968, 5.183, 4.938, 17.836, 18.45, 5.408, 39.2, 10.881, 41.023, 25.695, 11.888, 5.369, 5.733, 31.138, 28.142, 36.745, 14.388, 5.488, 4.409, 9.798, 13.862, 7.303, 6.595, 14.822, 8.925, 9.443, 19.441, 25.389, 14.624, 4.999, 21.904, 5.172, 4.29, 14.16, 6.035, 4.081, 5.379, 11.052, 4.949, 6.467, 14.519, 4.844, 21.632, 40.106, 15.734, 18.362, 27.192, 32.405, 27.556, 36.475, 27.263, 28.291], "val_rmse": [189.64, 84.948, 45.432, 26.043, 74.456, 31.592, 57.595, 43.567, 112.788, 116.093, 64.21, 26.344, 41.66, 51.622, 53.538, 18.242, 29.127, 44.572, 19.153, 22.622, 33.392, 17.961, 15.332, 15.647, 15.653, 16.238, 19.526, 23.22, 24.702, 25.601, 22.963, 20.007, 14.364, 9.486, 9.676, 10.565, 9.125, 9.977, 11.728, 8.42, 17.325, 8.035, 11.732, 15.015, 34.242, 9.126, 19.129, 15.687, 15.149, 6.521, 6.15, 19.316, 19.834, 6.746, 40.058, 12.345, 42.094, 26.588, 13.096, 6.799, 7.253, 32.091, 28.931, 37.574, 15.562, 6.873, 5.708, 11.054, 15.084, 8.827, 8.132, 16.026, 10.243, 10.643, 20.296, 26.435, 15.515, 6.156, 22.925, 6.448, 5.44, 15.573, 7.596, 5.24, 6.719, 11.984, 5.999, 8.232, 15.596, 5.98, 22.369, 40.89, 16.489, 19.333, 28.17, 33.205, 28.197, 37.139, 27.742, 29.365],