{"val_loss": [0.13753282547824913, 0.0979806822207239, 0.09285861533135176, 0.07525758062385851, 0.0738240789829029, 0.0739556686538789, 0.0758052807715204, 0.05843289310319556, 0.05616784763212005, 0.0544759017518825, 0.05405476353027754, 0.05391583498567343, 0.04983200313937333, 0.045349601863159075, 0.04562426824122667, 0.047248490827365056, 0.050368786013374724, 0.043584316296295986, 0.0425714239374631, 0.04837740342029267, 0.044514626212832004, 0.0435628080740571, 0.04121627317120632, 0.04119626877622472, 0.04031939131932126, 0.04255429360394677, 0.041362532104055084, 0.04080125420457787, 0.0420693957971202, 0.04536415724497703, 0.03968447048424019, 0.04418914351198408, 0.042769026218189135, 0.03946649862660302, 0.039630932474715844, 0.03860319410968158, 0.04044012673613098, 0.04136898565209574, 0.041067363073428474, 0.03956087176791496, 0.04241628903481695, 0.04170428490680125, 0.0430411436698503, 0.0430642940207488, 0.039018168631527156, 0.03952423265824715, 0.0376093991411229, 0.03930317651894358, 0.039747231329480805, 0.03843798162415624, 0.03959556663822797, 0.04084629430952999, 0.03751039510178897, 0.040692350102795496, 0.04107173304590914, 0.0394601647535132, 0.038286473446836077, 0.03938310412276122, 0.039546771026733846, 0.03806363366958168, 0.03936282291801439, 0.03690027497294876, 0.038058948806590505, 0.03780384987799658, 0.03868804049367706, 0.03829713677987456, 0.03903385691551699, 0.03931020045032104, 0.03750030406647258, 0.03711538751506143, 0.037009607845296465, 0.03804025850776169, 0.0412315361512204, 0.03738174872058961, 0.03909411679746376, 0.038720300369378596, 0.038346381651030645, 0.038164229753116764, 0.038110126172088914, 0.03726292903431588, 0.04227676635815038, 0.03730492894020346, 0.037159194548924766, 0.039501953611357346, 0.04128656810563472, 0.038216343563463956, 0.037713027817921504, 0.037435350836151175, 0.036851489192081824, 0.037125078236891165, 0.04129148233267996, 0.03972033400916391, 0.04742766031995416, 0.03770285048004654, 0.03734622512840562, 0.03901610885643297, 0.03727287483505077, 0.03830473233635227, 0.03957922104746103, 0.03725776826548907], "train_mae": [14.743, 25.271, 7.076, 25.544, 31.942, 42.749, 42.966, 22.224, 19.903, 18.516, 28.908, 17.114, 5.102, 13.014, 19.616, 6.033, 5.818, 8.55, 9.133, 28.37, 17.694, 3.423, 13.661, 14.588, 7.36, 18.586, 3.03, 15.551, 3.174, 9.133, 4.208, 23.414, 4.101, 10.191, 7.18, 6.202, 16.332, 13.721, 3.797, 12.444, 20.616, 3.394, 13.396, 5.299, 14.399, 15.672, 9.356, 8.079, 2.933, 9.346, 3.254, 18.014, 8.277, 4.498, 5.71, 14.036, 10.288, 15.745, 14.663, 4.953, 7.021, 7.408, 8.551, 10.293, 2.622, 5.344, 3.407, 3.384, 4.284, 7.58, 7.283, 13.401, 5.512, 4.014, 5.007, 2.703, 2.599, 3.224, 2.856, 9.35, 8.39, 5.414, 8.083, 2.566, 6.653, 2.671, 7.803, 5.753, 8.274, 10.136, 19.625, 5.433, 25.847, 5.016, 3.811, 16.62, 9.92, 3.236, 3.416, 7.829], "train_rmse": [17.899, 28.49, 8.812, 26.637, 32.845, 44.262, 43.648, 23.087, 21.305, 19.444, 30.497, 18.331, 6.286, 14.652, 21.288, 6.987, 7.113, 10.117, 10.199, 30.115, 19.523, 4.272, 14.977, 15.57, 8.563, 20.534, 3.85, 16.715, 3.978, 10.127, 5.531, 24.463, 5.266, 11.055, 8.406, 7.387, 17.502, 14.771, 4.587, 13.465, 21.429, 4.445, 14.123, 6.445, 15.739, 16.562, 10.583, 8.86, 3.546, 10.902, 3.922, 18.76, 9.275, 5.344, 6.602, 16.093, 11.207, 16.592, 15.307, 5.872, 8.229, 8.488, 9.36, 11.182, 3.313, 6.282, 4.176, 4.28, 5.225, 8.473, 8.29, 14.552, 6.312, 4.997, 5.965, 3.428, 3.372, 3.967, 3.6, 10.203, 8.975, 6.54, 9.014, 3.221, 7.674, 3.378, 8.898, 6.607, 9.294, 10.893, 20.277, 6.293, 26.866, 6.037, 4.821, 17.599, 10.815, 3.981, 4.268, 8.582], "train_underestimate": [2.711, 13.645, 1.547, 13.792, 17.247, 23.082, 23.199, 12.0, 10.747, 9.998, 15.609, 9.241, 0.245, 7.003, 10.592, 0.131, 0.114, 4.506, 4.909, 15.319, 9.554, 1.243, 7.376, 7.876, 3.923, 10.036, 1.084, 8.397, 1.087, 0.017, 2.063, 12.642, 1.783, 5.503, 3.82, 3.289, 8.819, 7.409, 1.834, 6.719, 11.132, 0.716, 7.233, 0.083, 7.775, 8.462, 5.035, 4.362, 0.68, 5.02, 0.568, 9.727, 4.455, 0.105, 0.031, 7.572, 5.555, 8.502, 7.917, 2.596, 3.741, 3.98, 4.617, 5.558, 0.884, 2.857, 1.251, 1.666, 2.176, 4.093, 3.92, 7.236, 0.043, 2.067, 2.674, 1.124, 0.91, 1.306, 1.23, 5.049, 0.016, 2.848, 4.365, 0.468, 0.077, 0.895, 4.213, 3.106, 4.467, 5.473, 10.597, 0.078, 13.956, 2.669, 1.908, 8.974, 5.356, 1.363, 1.629, 4.227], "train_overestimate": [5.25, 0.0, 2.273, 0.0, 0.0, 0.0, 0.0, 0.0, 0.0, 0.0, 0.0, 0.0, 2.511, 0.023, 0.0, 3.127, 3.027, 0.111, 0.022, 0.0, 0.0, 0.606, 0.0, 0.0, 0.051, 0.0, 0.552, 0.0, 0.627, 4.914, 0.209, 0.0, 0.431, 0.0, 0.058, 0.059, 0.0, 0.0, 0.216, 0.0, 0.0, 1.117, 0.0, 2.778, 0.0, 0.0, 0.017, 0.0, 0.904, 0.026, 1.189, 0.0, 0.014, 2.324, 3.052, 0.006, 0.0, 0.0, 0.0, 0.078, 0.05, 0.02, 0.0, 0.0, 0.531, 0.028, 0.588, 0.161, 0.137, 0.0, 0.013, 0.0, 2.933, 0.1, 0.029, 0.335, 0.493, 0.435, 0.312, 0.0, 4.514, 0.075, 0.0, 0.918, 3.516, 0.547, 0.0, 0.0, 0.0, 0.0, 0.0, 2.855, 0.0, 0.04, 0.15, 0.0, 0.0, 0.384, 0.215, 0.0], "train_difference": [7.961, 13.645, 3.82, 13.792, 17.247, 23.082, 23.199, 12.0, 10.747, 9.998, 15.609, 9.241, 2.755, 7.027, 10.592, 3.258, 3.142, 4.617, 4.931, 15.319, 9.554, 1.848, 7.376, 7.876, 3.974, 10.036, 1.636, 8.397, 1.714, 4.931, 2.272, 12.642, 2.214, 5.503, 3.877, 3.349, 8.819, 7.409, 2.05, 6.719, 11.132, 1.833, 7.233, 2.861, 7.775, 8.462, 5.052, 4.362, 1.584, 5.046, 1.757, 9.727, 4.469, 2.429, 3.083, 7.578, 5.555, 8.502, 7.917, 2.674, 3.791, 4.0, 4.617, 5.558, 1.416, 2.886, 1.84, 1.827, 2.313, 4.093, 3.933, 7.236, 2.976, 2.167, 2.704, 1.46, 1.403, 1.741, 1.542, 5.049, 4.53, 2.923, 4.365, 1.386, 3.592, 1.442, 4.213, 3.106, 4.467, 5.473, 10.597, 2.933, 13.956, 2.708, 2.058, 8.974, 5.356, 1.747, 1.845, 4.227], "val_mae": [18.697, 22.921, 9.13, 23.994, 30.082, 39.519, 40.383, 20.221, 17.442, 16.75, 25.796, 14.661, 5.659, 10.675, 16.761, 7.093, 6.494, 7.073, 7.061, 24.942, 14.808, 3.403, 10.984, 12.13, 5.576, 15.352, 3.005, 12.882, 3.154, 10.329, 3.662, 20.549, 4.049, 8.035, 5.742, 4.955, 13.565, 11.313, 3.402, 10.317, 18.39, 3.607, 11.609, 5.923, 11.937, 13.757, 7.689, 7.152, 2.88, 7.642, 3.437, 16.15, 6.969, 4.725, 6.328, 11.965, 8.621, 13.949, 13.039, 4.449, 5.862, 6.254, 7.45, 9.192, 3.144, 5.03, 3.69, 3.363, 4.135, 6.484, 6.49, 11.425, 6.131, 3.753, 4.764, 3.174, 2.889, 3.294, 3.078, 8.358, 8.408, 5.055, 6.954, 2.763, 6.313, 3.051, 6.927, 5.573, 7.531, 9.189, 18.435, 5.01, 24.314, 4.893, 4.135, 15.438, 9.274, 3.279, 3.685, 7.08], "val_rmse": [21.666, 27.667, 10.398, 25.535, 31.346, 41.763, 41.291, 21.347, 19.503, 17.862, 27.967, 16.338, 6.666, 13.151, 19.148, 7.918, 7.828, 8.636, 8.516, 27.522, 17.53, 4.306, 12.824, 13.43, 6.968, 18.224, 3.921, 14.635, 4.249, 11.476, 4.381, 22.006, 5.032, 9.212, 6.922, 5.964, 15.223, 12.771, 4.19, 11.83, 19.55, 5.447, 12.626, 7.38, 13.965, 14.97, 9.359, 7.962, 4.082, 9.741, 4.394, 17.172, 8.286, 5.81, 7.218, 14.723, 9.881, 15.138, 13.895, 5.38, 7.128, 7.356, 8.47, 10.562, 4.061, 5.805, 4.498, 4.223, 4.918, 7.689, 7.645, 13.121, 6.987, 4.549, 5.754, 3.976, 3.742, 4.023, 3.716, 9.631, 9.095, 6.328, 8.32, 3.42, 7.652, 3.74, 8.391, 6.492, 9.014, 10.292, 19.407, 6.256, 25.981, 5.791, 4.873, 17.029, 10.75, 4.192, 4.421, 8.271], "val_underestimate": [3.046, 13.326, 1.899, 13.95, 17.489, 22.976, 23.478, 11.756, 10.141, 9.738, 14.998, 8.524, 0.15, 6.188, 9.745, 0.031, 0.063, 3.724, 4.079, 14.501, 8.609, 0.888, 6.386, 7.053, 3.081, 8.926, 0.646, 7.49, 0.607, 0.0, 1.471, 11.947, 1.279, 4.671, 3.045, 2.594, 7.886, 6.577, 1.495, 5.998, 10.692, 0.556, 6.749, 0.028, 6.94, 7.998, 4.416, 4.074, 0.418, 4.362, 0.287, 9.389, 3.997, 0.014, 0.0, 6.915, 5.012, 8.11, 7.581, 2.351, 3.212, 3.521, 4.296, 5.344, 0.929, 2.635, 1.133, 1.556, 2.022, 3.724, 3.654, 6.642, 0.008, 1.841, 2.576, 1.212, 0.911, 1.269, 1.218, 4.858, 0.0, 2.676, 4.012, 0.466, 0.01, 0.913, 3.979, 3.105, 4.34, 5.343, 10.718, 0.0, 14.136, 2.631, 1.971, 8.975, 5.392, 1.217, 1.801, 4.113],