{"val_loss": [0.012960451048355835, 0.010811562729941215, 0.009995167720868873, 0.01081321106418424, 0.009126782748353435, 0.008576760584320355, 0.009224049658466052, 0.008739805714059103, 0.008301884008081592, 0.00892803189829768, 0.008291744259218426, 0.008913504752854351, 0.00817071457378107, 0.007466743620979186, 0.010501159625063237, 0.007587786720654953, 0.007970672592111643, 0.007318852597866983, 0.007154911476997465, 0.007766197238702767, 0.00719834281335352, 0.00788930967691057, 0.007223116631293023, 0.007170444611498776, 0.007367563173627584, 0.007137677127805849, 0.007261540927477957, 0.006832774911243986, 0.007108058212098613, 0.007083020873122021], "train_loss": [0.07915208626582171, 0.013607943552415236, 0.011147488165079267, 0.010220450294582406, 0.010183470491028856, 0.009620007201192493, 0.008978268555438262, 0.009011553877826373, 0.008578332331126148, 0.00855010643681453, 0.008211595423745166, 0.008112301758956164, 0.007919207290797203, 0.007681728669012955, 0.007925676133709203, 0.007658635757252341, 0.00737678156747279, 0.007358467129961355, 0.007175733137955831, 0.007343338895225315, 0.007243384547109599, 0.006792356711230241, 0.006827444422015105, 0.006524807609821437, 0.006609552702684596, 0.006461748348556284, 0.0063060644733923255, 0.006061036024220812, 0.0060830883603557595, 0.006103203058046347], "train_size": 1024, "val_size": 576, "rand_seed": 642, "shuffle": true, "loss_name": "mean_squared_error", "img_dim": [256, 256, 3], "patch_dim": [128, 128, 3], "patches_per_image": 4, "density_map_sigma": 5, "density_map_multiplication_factor": 100.0, "sub_experiment_name": "vgg_cells/n_64_sigma_5_randseed_642_loss_mse_patch_4_128x128", "architecture": "UNet"}