{"val_loss": [0.25836363807320595, 0.33249516105827165, 0.27723246484118347, 0.17784090383964427, 0.1754070978392573, 0.16869043317787788, 0.1509256440707866, 0.14288941211998463, 0.13469181089278529, 0.12169156628934776, 0.11421527384835131, 0.11069382113568924, 0.11909000739893492, 0.10473730732851169, 0.09951550973688855, 0.09496945378315799, 0.090683864100891, 0.0853276530499844, 0.08196195253335378, 0.0844420193530181, 0.08733038204338621, 0.08114518438849379, 0.07702408550197587, 0.07501128285794574, 0.07392826331231524, 0.07307381927967072, 0.07382640308317016, 0.07480335361598169, 0.07056690747027888, 0.06832244923776563, 0.06922866502667174, 0.06771568696507636, 0.06765823970165323, 0.06372387140222333, 0.06385675631463528, 0.07202889814096339, 0.05955885860192425, 0.0624248197521357, 0.056754683418308985, 0.06382394872386665, 0.060379827312906, 0.05321792833616629, 0.05245724523111301, 0.053606073618592584, 0.06753568334833664, 0.056721820194712454, 0.05386215185417848, 0.05528103009633282, 0.059472713674254274, 0.061397887081565225, 0.06200635542764383, 0.05657590928432696, 0.055860026191700905, 0.05213522957637906, 0.053239912369891125, 0.04869556218823966, 0.047580866855295265, 0.046660869354929996, 0.04768673448330339, 0.04690669707077391, 0.04610149135046145, 0.04585241567453041, 0.04491623343132874, 0.04649595625917701, 0.0453357331947807, 0.044782694566118365, 0.04499182795338771, 0.04442096227670417, 0.04901553865741281, 0.04350616128238685, 0.05177734658012495, 0.056384125094422526, 0.04997021682998713, 0.04977613002719248, 0.047049338929355145, 0.04798294581911143, 0.045529400245012605, 0.043674957007169724, 0.04299223444917623, 0.04426062027649844, 0.045150032020447886, 0.04227600969812449, 0.049075660542311036, 0.05394317543901065, 0.046709483242867625, 0.04786715812652426, 0.04480005669243196, 0.04375794847660205, 0.042349827421062136, 0.042445867842830276, 0.04516555618166047, 0.0426250046447796, 0.04151741582352449, 0.04389673520756118, 0.041092287803835725, 0.04401102659347303, 0.0422773546374896, 0.04144016045200474, 0.043706044883412475, 0.041370578000650686], "train_mae": [140.005, 235.299, 141.458, 59.438, 66.654, 22.362, 21.069, 33.985, 14.911, 19.054, 13.126, 26.791, 34.022, 31.106, 9.646, 30.725, 10.786, 22.679, 17.361, 8.081, 41.094, 6.757, 26.022, 14.467, 16.365, 19.748, 6.478, 32.517, 6.908, 12.675, 26.583, 5.334, 6.702, 7.093, 25.645, 41.267, 16.081, 9.47, 15.836, 35.515, 31.795, 13.69, 5.073, 6.148, 27.912, 21.726, 4.572, 20.512, 8.619, 33.674, 19.246, 29.456, 9.531, 24.422, 8.427, 16.354, 5.017, 6.647, 17.765, 3.719, 4.266, 15.538, 10.832, 4.166, 3.665, 15.269, 16.787, 3.922, 11.288, 6.066, 29.881, 21.28, 26.796, 11.022, 20.706, 7.292, 17.021, 3.938, 5.089, 17.925, 5.715, 5.217, 27.236, 20.47, 23.174, 8.403, 17.547, 3.331, 8.766, 12.026, 7.078, 15.133, 5.973, 5.49, 8.015, 20.236, 3.336, 3.477, 19.668, 3.353], "train_rmse": [140.304, 241.941, 141.832, 67.019, 73.46, 24.947, 27.774, 40.737, 19.151, 24.866, 17.543, 31.787, 35.066, 35.002, 11.323, 34.296, 14.677, 26.375, 21.271, 9.682, 44.096, 8.807, 28.751, 17.12, 18.629, 21.877, 8.557, 34.536, 8.885, 14.507, 28.119, 6.838, 8.748, 8.414, 26.755, 42.439, 17.389, 11.317, 16.964, 36.573, 32.921, 14.801, 6.075, 7.727, 29.123, 22.883, 5.802, 21.891, 9.946, 35.024, 20.087, 30.372, 10.764, 25.484, 9.794, 17.552, 6.109, 7.858, 18.848, 4.461, 5.259, 16.719, 12.19, 5.132, 4.434, 16.251, 17.892, 4.686, 12.085, 7.247, 31.058, 21.898, 27.881, 12.025, 21.661, 8.525, 17.864, 4.772, 6.312, 19.237, 6.723, 6.4, 28.423, 21.122, 24.46, 9.444, 18.654, 4.352, 9.832, 12.991, 8.105, 16.342, 7.326, 6.625, 9.296, 21.404, 4.2, 4.177, 20.727, 4.003], "train_underestimate": [0.0, 123.254, 0.0, 31.134, 34.914, 1.898, 9.595, 17.433, 4.212, 9.005, 4.999, 13.958, 0.0, 16.294, 2.084, 16.094, 5.124, 11.88, 9.07, 1.291, 21.526, 1.498, 13.631, 7.489, 8.539, 10.344, 2.526, 17.033, 3.01, 6.545, 13.925, 1.757, 0.22, 3.353, 13.433, 21.616, 8.424, 0.062, 8.295, 18.603, 16.655, 7.171, 2.165, 0.194, 0.0, 11.38, 1.589, 10.745, 0.039, 17.639, 0.0, 15.429, 0.013, 12.792, 0.003, 8.566, 2.375, 3.408, 9.306, 1.091, 1.742, 8.139, 5.674, 0.415, 0.848, 7.998, 8.793, 1.339, 0.0, 3.112, 15.652, 0.0, 14.036, 0.0, 10.846, 0.011, 8.916, 1.589, 2.449, 9.39, 0.102, 2.602, 14.266, 0.0, 12.139, 0.0, 9.192, 0.558, 4.592, 6.299, 0.0, 7.927, 3.002, 0.004, 4.196, 10.6, 0.409, 1.233, 10.303, 1.137], "train_overestimate": [73.337, 0.0, 74.098, 0.0, 0.0, 9.816, 1.441, 0.369, 3.599, 0.976, 1.877, 0.076, 17.821, 0.0, 2.969, 0.0, 0.526, 0.0, 0.024, 2.942, 0.0, 2.041, 0.0, 0.089, 0.033, 0.0, 0.867, 0.0, 0.609, 0.095, 0.0, 1.036, 3.291, 0.362, 0.0, 0.0, 0.0, 4.899, 0.0, 0.0, 0.0, 0.0, 0.493, 3.027, 14.621, 0.0, 0.806, 0.0, 4.476, 0.0, 10.081, 0.0, 4.98, 0.0, 4.411, 0.0, 0.253, 0.074, 0.0, 0.857, 0.492, 0.0, 0.0, 1.767, 1.071, 0.0, 0.0, 0.715, 5.913, 0.066, 0.0, 11.147, 0.0, 5.773, 0.0, 3.809, 0.0, 0.474, 0.217, 0.0, 2.892, 0.13, 0.0, 10.723, 0.0, 4.402, 0.0, 1.187, 0.0, 0.0, 3.708, 0.0, 0.127, 2.872, 0.002, 0.0, 1.338, 0.588, 0.0, 0.62], "train_difference": [73.337, 123.254, 74.098, 31.134, 34.914, 11.713, 11.036, 17.802, 7.811, 9.981, 6.876, 14.034, 17.821, 16.294, 5.053, 16.094, 5.65, 11.88, 9.094, 4.233, 21.526, 3.539, 13.631, 7.578, 8.572, 10.344, 3.393, 17.033, 3.619, 6.64, 13.925, 2.794, 3.511, 3.715, 13.433, 21.616, 8.424, 4.961, 8.295, 18.603, 16.655, 7.171, 2.657, 3.221, 14.621, 11.38, 2.395, 10.745, 4.515, 17.639, 10.081, 15.429, 4.993, 12.792, 4.414, 8.566, 2.628, 3.482, 9.306, 1.948, 2.234, 8.139, 5.674, 2.182, 1.92, 7.998, 8.793, 2.054, 5.913, 3.178, 15.652, 11.147, 14.036, 5.773, 10.846, 3.82, 8.916, 2.063, 2.666, 9.39, 2.994, 2.733, 14.266, 10.723, 12.139, 4.402, 9.192, 1.745, 4.592, 6.299, 3.708, 7.927, 3.129, 2.876, 4.198, 10.6, 1.747, 1.821, 10.303, 1.756], "val_mae": [137.678, 217.61, 138.94, 51.351, 58.172, 26.105, 23.413, 30.099, 18.876, 19.968, 15.527, 23.302, 34.067, 27.829, 10.68, 27.785, 10.463, 20.761, 16.04, 8.234, 38.364, 7.338, 24.086, 13.255, 15.277, 18.454, 6.274, 30.069, 6.173, 11.631, 24.707, 4.878, 6.55, 6.008, 23.872, 38.364, 14.735, 9.204, 14.754, 32.783, 29.218, 12.605, 4.359, 6.32, 26.673, 19.609, 3.977, 18.868, 8.815, 30.53, 18.947, 26.853, 9.784, 21.92, 9.391, 14.182, 4.179, 5.524, 15.456, 3.579, 3.806, 13.402, 9.251, 4.842, 3.871, 13.455, 14.747, 3.677, 11.391, 5.228, 27.021, 20.735, 24.24, 10.812, 18.708, 7.81, 15.327, 3.399, 4.347, 15.705, 6.332, 4.515, 24.527, 19.595, 20.811, 8.879, 15.741, 3.311, 7.7, 10.523, 7.568, 13.186, 5.259, 6.044, 7.098, 18.025, 3.591, 3.041, 17.612, 3.124], "val_rmse": [138.012, 228.371, 139.362, 63.448, 69.184, 30.268, 29.265, 39.398, 22.754, 25.519, 19.407, 30.502, 35.244, 33.538, 12.951, 33.015, 15.234, 25.964, 21.329, 10.109, 42.804, 9.315, 28.069, 17.078, 18.416, 21.42, 8.982, 33.217, 8.998, 14.165, 26.993, 6.788, 7.663, 7.938, 25.482, 40.283, 16.491, 10.431, 16.14, 34.532, 31.041, 13.933, 5.668, 7.674, 28.089, 21.486, 5.535, 20.917, 9.741, 32.794, 19.812, 28.367, 10.854, 23.619, 10.445, 15.996, 5.544, 6.995, 17.133, 4.624, 5.108, 15.194, 10.997, 5.759, 4.742, 14.927, 16.462, 4.798, 12.163, 6.647, 28.899, 21.386, 25.999, 11.731, 20.179, 8.67, 16.516, 4.474, 5.722, 17.652, 7.115, 5.881, 26.422, 20.395, 22.801, 9.632, 17.33, 4.38, 9.004, 11.89, 8.384, 14.943, 6.688, 6.861, 8.577, 19.833, 4.404, 4.072, 19.253, 4.155],