{"val_loss": [1.9094542380836275, 0.21345973697801432, 0.10935808169758982, 0.09751753871225649, 0.09346553057225214, 0.06393402312985724, 0.07213425191326274, 0.06555940904137161, 0.05822160995254914, 0.055515597470932536, 0.050840071557710566, 0.048237835626221366, 0.041879276667411126, 0.03991862013936043, 0.0362008607480675, 0.035116875621800624, 0.036882016704314284, 0.03180086498873101, 0.030767354415729642, 0.02883685514744785, 0.027884538026733532, 0.0269866224585308, 0.02615124108787212, 0.025454206702609856, 0.024508641256640356, 0.023641716740611527, 0.02327755167304228, 0.022380784205678437, 0.022375700646080077, 0.021354434740108747, 0.01977082087089204, 0.020046085662518937, 0.018319352517007954, 0.019196483759312995, 0.016800808836705983, 0.01844711706507951, 0.016009047019502357, 0.016628404755869672, 0.01788169055038856, 0.01510660583153367, 0.015613058969999353, 0.014351571728992794, 0.013761932625331812, 0.014764521736651659, 0.012786990859442286, 0.013809953454054065, 0.012655513878497813, 0.012374793366891228, 0.011910593770961795, 0.012128859396196075, 0.011255491531402286, 0.012493086448456679, 0.011187914700713009, 0.011939238181285974, 0.01338402757472876, 0.011530097108334303, 0.010378184152715322, 0.013282026772180365, 0.013043599681825273, 0.01036153151653707, 0.011615287557813443, 0.013531640055589378, 0.011194689561509423, 0.01033904446133723, 0.009944141247413225, 0.009739267575140629, 0.010100211139716622, 0.009804105735383928, 0.009428618443457203, 0.009128914124125408, 0.009722308928353919, 0.009562659924591167, 0.008844006489703638, 0.011449281624259634, 0.009114395807652423, 0.009021322023020022, 0.011851982976723876, 0.009641646562765041, 0.008665398565224476, 0.0091140417530874, 0.01037957788988327, 0.008896237604656361, 0.008622239832119603, 0.009560877825909605, 0.008490117674227804, 0.008521126091687216, 0.008765774093464844, 0.00833301588621301, 0.009127631508615903, 0.009186681799797548, 0.008166297151344933, 0.010510606956409497, 0.008723874822155468, 0.008076313637300499, 0.010046123400873816, 0.01083082652055762, 0.008503592644248985, 0.008224848534963611, 0.008799680683296174, 0.009465912596270856], "train_mae": [894.301, 269.01, 132.093, 134.865, 99.421, 24.003, 75.597, 40.019, 21.463, 37.0, 27.417, 45.981, 32.623, 39.976, 30.951, 32.409, 43.609, 24.538, 21.213, 11.308, 11.582, 9.772, 8.384, 8.612, 6.544, 6.266, 14.411, 12.384, 22.656, 19.519, 4.934, 22.863, 11.892, 27.484, 8.076, 32.438, 19.52, 25.095, 34.237, 21.611, 28.187, 18.01, 14.508, 27.964, 10.109, 23.939, 17.68, 16.715, 12.939, 18.599, 9.108, 24.465, 12.648, 22.389, 31.505, 21.997, 6.052, 34.768, 34.311, 7.849, 24.514, 36.431, 20.6, 14.191, 9.746, 8.038, 16.145, 13.406, 7.987, 4.09, 14.467, 15.469, 3.701, 30.548, 12.467, 9.763, 34.498, 19.862, 5.064, 13.853, 23.7, 8.931, 7.059, 16.295, 8.738, 8.181, 14.215, 7.311, 18.831, 19.565, 5.388, 30.127, 15.979, 4.61, 26.902, 30.339, 12.38, 9.486, 15.934, 23.317], "train_rmse": [902.727, 270.011, 140.332, 135.277, 107.393, 28.269, 77.133, 49.131, 26.593, 41.211, 34.459, 48.807, 40.813, 42.469, 38.683, 39.275, 44.892, 30.694, 23.472, 14.689, 13.275, 11.288, 11.373, 9.926, 8.238, 7.925, 15.746, 14.997, 23.487, 21.047, 6.81, 23.655, 13.685, 28.627, 9.294, 33.583, 20.452, 26.285, 35.473, 22.545, 29.18, 19.312, 15.794, 28.917, 11.375, 25.107, 18.545, 17.685, 13.954, 19.483, 10.322, 25.477, 14.139, 23.128, 32.484, 22.951, 7.388, 35.791, 35.006, 9.309, 25.418, 37.498, 21.598, 15.179, 11.156, 9.595, 16.977, 14.499, 9.125, 5.178, 15.677, 16.377, 4.748, 31.612, 13.314, 10.626, 35.59, 20.6, 6.092, 14.715, 24.783, 10.686, 8.639, 17.076, 10.128, 9.509, 15.123, 8.717, 19.971, 20.285, 6.385, 31.086, 16.858, 5.517, 28.043, 31.117, 13.885, 10.709, 16.929, 24.243], "train_underestimate": [0.0, 0.0, 70.385, 0.0, 52.976, 2.124, 0.0, 20.651, 4.539, 0.528, 12.585, 0.102, 16.736, 0.119, 16.368, 17.265, 0.0, 12.995, 0.32, 3.998, 1.233, 1.287, 3.537, 0.871, 1.613, 1.466, 0.053, 6.577, 0.0, 10.401, 2.089, 0.0, 6.312, 14.645, 4.199, 0.0, 0.0, 13.372, 18.243, 0.0, 0.0, 9.596, 7.731, 0.0, 5.359, 12.756, 0.0, 0.0, 6.886, 9.91, 0.088, 0.0, 0.012, 11.93, 16.787, 0.0, 0.239, 18.526, 0.0, 4.071, 13.062, 0.0, 10.977, 0.0, 5.167, 4.205, 0.0, 7.143, 0.097, 0.494, 7.708, 0.0, 1.085, 16.277, 0.008, 0.06, 18.382, 0.0, 0.249, 7.381, 0.0, 4.673, 3.62, 0.0, 4.644, 4.339, 0.0, 3.866, 10.034, 0.0, 0.183, 16.053, 0.0, 0.335, 14.334, 0.0, 6.596, 5.055, 0.0, 12.424], "train_overestimate": [476.524, 143.341, 0.0, 71.862, 0.0, 10.666, 40.282, 0.672, 6.898, 19.187, 2.024, 24.399, 0.647, 21.182, 0.124, 0.004, 23.237, 0.08, 10.983, 2.027, 4.939, 3.92, 0.93, 3.718, 1.874, 1.873, 7.626, 0.022, 12.072, 0.0, 0.54, 12.182, 0.024, 0.0, 0.105, 17.284, 10.401, 0.0, 0.0, 11.515, 15.019, 0.0, 0.0, 14.9, 0.028, 0.0, 9.421, 8.907, 0.008, 0.0, 4.765, 13.036, 6.728, 0.0, 0.0, 11.721, 2.986, 0.0, 18.283, 0.111, 0.0, 19.412, 0.0, 7.562, 0.026, 0.078, 8.603, 0.0, 4.159, 1.686, 0.0, 8.242, 0.887, 0.0, 6.635, 5.142, 0.0, 10.583, 2.449, 0.0, 12.628, 0.086, 0.142, 8.683, 0.012, 0.021, 7.574, 0.029, 0.0, 10.425, 2.689, 0.0, 8.514, 2.122, 0.0, 16.166, 0.0, 0.0, 8.491, 0.0], "train_difference": [476.524, 143.341, 70.385, 71.862, 52.976, 12.79, 40.282, 21.324, 11.436, 19.715, 14.609, 24.501, 17.383, 21.301, 16.492, 17.269, 23.237, 13.075, 11.303, 6.026, 6.172, 5.207, 4.467, 4.589, 3.487, 3.339, 7.679, 6.599, 12.072, 10.401, 2.629, 12.182, 6.336, 14.645, 4.303, 17.284, 10.401, 13.372, 18.243, 11.515, 15.019, 9.596, 7.731, 14.9, 5.386, 12.756, 9.421, 8.907, 6.894, 9.91, 4.853, 13.036, 6.74, 11.93, 16.787, 11.721, 3.225, 18.526, 18.283, 4.182, 13.062, 19.412, 10.977, 7.562, 5.193, 4.283, 8.603, 7.143, 4.256, 2.179, 7.708, 8.242, 1.972, 16.277, 6.643, 5.202, 18.382, 10.583, 2.698, 7.381, 12.628, 4.759, 3.761, 8.683, 4.656, 4.359, 7.574, 3.895, 10.034, 10.425, 2.871, 16.053, 8.514, 2.456, 14.334, 16.166, 6.596, 5.055, 8.491, 12.424], "val_mae": [852.529, 262.936, 114.965, 136.168, 84.759, 31.325, 80.485, 29.776, 26.627, 45.346, 22.444, 52.419, 24.406, 45.676, 23.243, 24.723, 46.44, 18.524, 25.588, 11.329, 14.3, 11.786, 7.462, 10.496, 7.451, 7.288, 15.961, 10.02, 22.725, 17.522, 5.386, 22.486, 10.236, 25.273, 8.231, 29.907, 18.344, 22.997, 31.551, 20.162, 26.111, 16.47, 13.436, 25.912, 10.083, 22.016, 16.978, 15.856, 12.434, 17.545, 9.122, 22.794, 11.456, 21.401, 29.388, 20.508, 6.495, 32.408, 32.632, 7.377, 22.893, 33.731, 19.105, 13.247, 9.114, 7.466, 15.358, 12.396, 7.755, 4.79, 13.171, 14.508, 4.401, 28.277, 11.983, 9.702, 31.931, 18.67, 5.756, 13.158, 21.521, 7.585, 6.137, 15.302, 7.938, 7.511, 13.019, 6.893, 17.151, 18.279, 5.993, 27.981, 14.531, 5.503, 24.704, 28.145, 10.832, 8.684, 14.179, 21.689], "val_rmse": [862.77, 264.21, 125.419, 136.676, 94.953, 34.445, 82.101, 42.305, 30.952, 48.539, 31.242, 54.701, 35.351, 47.644, 33.455, 33.97, 47.855, 26.644, 27.117, 15.067, 15.857, 13.351, 11.096, 11.773, 9.399, 9.19, 17.2, 13.735, 24.119, 19.568, 7.799, 23.935, 12.862, 26.681, 9.952, 32.025, 20.321, 24.399, 32.897, 22.224, 28.205, 18.128, 15.155, 27.967, 11.636, 23.368, 18.867, 17.978, 13.991, 18.809, 11.426, 24.88, 14.384, 22.376, 30.446, 22.477, 8.709, 33.511, 33.997, 9.249, 23.982, 35.584, 20.344, 15.221, 10.872, 9.413, 16.997, 13.897, 9.71, 6.456, 14.674, 16.175, 5.907, 29.431, 13.467, 11.138, 33.134, 19.986, 6.943, 14.282, 23.279, 9.807, 8.245, 16.697, 9.657, 9.148, 14.584, 8.488, 18.485, 19.524, 7.097, 29.072, 16.024, 6.319, 26.042, 29.387, 12.819, 10.34, 15.851, 22.807],