{"val_loss": [29.767777389950222, 0.07626550199670924, 0.07322573811850613, 0.0769984530698922, 0.06822328398832017, 0.06956996944629484, 0.06263520713481638, 0.06532557701898946, 0.05121567395205299, 0.04739087038776941, 0.041500321227229305, 0.04088078351277444, 0.043326094177448086, 0.03891618032422331, 0.03626986836186714, 0.030708589875656698, 0.029777217630503908, 0.032012260208527245, 0.029712091743325193, 0.029115793916086357, 0.026319006483794913, 0.025776784194426403, 0.02474248721005602, 0.024144362684132323, 0.02321202729621695, 0.023859062038051587, 0.02148331911303103, 0.02038527126165314, 0.02071592048741877, 0.021015087155521743, 0.01814941874343074, 0.019019064027816057, 0.01658560807764944, 0.017511090509490006, 0.01701406526586248, 0.015814295646527574, 0.017222698946069512, 0.01438200203443153, 0.015371555061493482, 0.013712167701063057, 0.019445452166514263, 0.015957901280166373, 0.01313018323465561, 0.018009744429339964, 0.018907864927314222, 0.01640103633205096, 0.015390394514219629, 0.014145663835936122, 0.012665124144405127, 0.012153990004056444, 0.012424319859645847, 0.012764369059974948, 0.012428473506588489, 0.011907335073273215, 0.011218828233217614, 0.012710988663861321, 0.011660256558874002, 0.01087497060911523, 0.012178776106641939, 0.012243793779311495, 0.010696068334962346, 0.011595962245741652, 0.013537352393743478, 0.011256718561829379, 0.010636486197149174, 0.011589849503555646, 0.011251430990847034, 0.010699226934876706, 0.01006142978116663, 0.010193646937194798, 0.011394953309920512, 0.010022100714397512, 0.009749067106491162, 0.009623888401418097, 0.009764961639626158], "train_loss": [0.11507885903120041, 16.41588544845581, 0.08601183444261551, 0.08208916336297989, 0.07859766483306885, 0.07376687228679657, 0.07043237425386906, 0.0664843749254942, 0.0656651183962822, 0.05759892985224724, 0.054100437089800835, 0.04741264320909977, 0.04429114982485771, 0.04152802377939224, 0.04075000621378422, 0.03923223912715912, 0.037060290575027466, 0.035690962336957455, 0.034681180492043495, 0.0335634034126997, 0.031493608839809895, 0.02949485369026661, 0.02800607029348612, 0.026874511502683163, 0.025895501486957073, 0.024799165315926075, 0.024537257850170135, 0.022857332602143288, 0.021865581162273884, 0.02230228018015623, 0.02214930672198534, 0.019588681869208813, 0.019809404388070107, 0.018148958683013916, 0.020321818068623543, 0.017450732178986073, 0.017809847369790077, 0.01781616546213627, 0.016163171268999577, 0.01708302553743124, 0.015580326318740845, 0.017494979314506054, 0.019345066510140896, 0.016703416593372822, 0.01728894840925932, 0.017174710519611835, 0.016200930811464787, 0.015449639409780502, 0.01512060221284628, 0.014408526942133904, 0.013970542699098587, 0.013369675260037184, 0.012930074706673622, 0.012722363229840994, 0.012969492934644222, 0.012244654819369316, 0.012662590947002172, 0.01253879489377141, 0.012040482833981514, 0.011946330778300762, 0.012576346285641193, 0.011958126910030842, 0.011557694524526596, 0.013012013398110867, 0.012959114741533995, 0.011446620337665081, 0.0111952880397439, 0.010991854593157768, 0.011032527778297663, 0.010613605845719576, 0.010339406318962574, 0.010984886437654495, 0.010407177731394768, 0.0097533343359828, 0.009507434442639351], "train_mae": [95.74132442474365, 2063.9533081054688, 49.37063217163086, 48.20741081237793, 43.33331108093262, 26.315654754638672, 46.90186309814453, 32.96016025543213, 59.25126647949219, 44.509939193725586, 49.09268760681152, 47.85552978515625, 28.82646656036377, 39.258334159851074, 41.6859188079834, 43.363975524902344, 37.22175931930542, 29.688865184783936, 38.233449935913086, 31.88038444519043, 32.82946300506592, 18.04689073562622, 19.998650074005127, 11.768305778503418, 16.156902313232422, 10.886306285858154, 18.401533126831055, 10.51438283920288, 8.387402534484863, 22.545907974243164, 27.660080909729004, 11.873505115509033, 20.459796905517578, 9.045855045318604, 31.530198097229004, 15.128187656402588, 22.49856472015381, 24.493379592895508, 13.919757843017578, 25.814948081970215, 16.725595235824585, 27.19025182723999, 40.342491149902344, 25.71049165725708, 27.874484539031982, 27.067179203033447, 25.652217864990234, 24.38542938232422, 23.891754150390625, 18.787221431732178, 16.404391646385193, 14.211228847503662, 12.446024417877197, 13.159104824066162, 17.86967897415161, 12.32637071609497, 15.298940181732178, 19.188176155090332, 11.870673775672913, 13.223746538162231, 22.405600547790527, 15.483308792114258, 16.430254459381104, 25.458364486694336, 24.56654453277588, 17.35011386871338, 13.148595333099365, 12.827617168426514, 16.6668701171875, 11.897499084472656, 11.787674903869629, 18.47300148010254, 14.114629745483398, 7.160503625869751, 4.495161056518555], "val_mae": [3351.8165283203125, 53.4069521162245, 29.104773627387154, 70.46019681294759, 27.450976689656574, 71.53102599249945, 33.58631621466743, 89.73504914177789, 26.31667158338759, 53.61098713344998, 41.51686647203233, 28.225191328260635, 66.70919439527724, 38.734956953260635, 47.5763905843099, 16.535641140407986, 13.254317177666557, 36.38250266181098, 21.73384518093533, 31.90332497490777, 10.814194149441189, 18.371169832017685, 9.759927537706163, 15.069640265570747, 8.851199044121635, 26.228065914577908, 7.955577638414171, 7.227314631144206, 22.2494085099962, 29.097385194566513, 9.064427905612522, 22.47339979807536, 6.488810221354167, 24.116139305962456, 24.502816730075413, 14.678176456027561, 26.684431076049805, 7.829640494452582, 21.82146347893609, 9.028790156046549, 41.61637549930148, 32.27781422932943, 8.6162232293023, 38.35134898291694, 45.82871288723416, 30.99532084994846, 29.996665954589844, 22.028558519151474, 12.288329654269749, 5.73448732164171, 10.593528111775717, 18.42315419514974, 16.08536942799886, 13.20282236735026, 6.7953552669949, 21.12670135498047, 15.211274252997505, 5.953134536743164, 20.76233779059516, 22.424346288045246, 7.317460166083442, 19.805021709865994, 31.496313730875652, 12.507808473375109, 11.385257297092014, 19.4584715101454, 17.476741154988606, 15.179140090942383, 6.93612543741862, 11.83066431681315, 23.456093470255535, 8.852504306369358, 8.246969011094835, 6.600899378458659, 9.735176086425781], "train_rmse": [101.1299467086792, 2097.4540100097656, 55.80746841430664, 53.80066680908203, 47.327818870544434, 33.036288261413574, 50.41890335083008, 40.65307140350342, 63.68174171447754, 50.21134948730469, 55.36406326293945, 50.01629447937012, 36.15690994262695, 41.272873878479004, 46.42912673950195, 48.24122619628906, 39.61606979370117, 34.303749084472656, 39.55533409118652, 37.04651641845703, 34.10551071166992, 23.002591133117676, 21.750986576080322, 15.848199367523193, 17.51691770553589, 14.937306880950928, 20.614590644836426, 13.059195041656494, 10.590889930725098, 24.090370178222656, 29.015206336975098, 13.43645429611206, 21.560855865478516, 10.451851606369019, 32.506052017211914, 16.340079069137573, 23.69709587097168, 25.909186363220215, 15.314406871795654, 26.77283763885498, 17.702086448669434, 28.335116863250732, 41.569541931152344, 26.90470600128174, 29.264256954193115, 28.78113842010498, 26.987605094909668, 25.470826148986816, 25.175259590148926, 20.181332111358643, 17.77387833595276, 15.65971040725708, 13.560795068740845, 14.472154140472412, 19.236092567443848, 13.395461320877075, 16.661097526550293, 20.2930908203125, 13.41241717338562, 14.393300294876099, 23.484871864318848, 16.70898675918579, 17.369876861572266, 26.576626777648926, 25.959030151367188, 18.255733013153076, 14.181003332138062, 14.064769744873047, 17.8357515335083, 12.891291618347168, 13.012389659881592, 19.521970748901367, 15.095027446746826, 8.274930953979492, 5.668458461761475],