{"val_loss": [0.036716370477100434, 0.027053499468759203, 0.0200318984394328, 0.017210030342253407, 0.015870464112860767, 0.014481013797725855], "train_mae": [12.953, 9.808, 6.544, 5.268, 6.391, 4.058], "train_rmse": [14.828, 11.779, 8.763, 7.076, 7.917, 6.05], "train_underestimate": [17.87, 4.474, 8.055, 5.236, 3.582, 6.824], "train_overestimate": [12.583, 18.584, 7.329, 7.148, 11.444, 2.716], "train_difference": [30.453, 23.058, 15.384, 12.384, 15.025, 9.539], "val_mae": [12.678, 9.181, 7.387, 5.592, 6.212, 5.006], "val_rmse": [14.326, 11.13, 10.175, 8.125, 7.976, 7.35], "val_underestimate": [16.122, 5.608, 11.66, 7.088, 5.079, 9.106], "val_overestimate": [12.151, 14.866, 4.813, 5.383, 8.773, 2.056], "val_difference": [28.272, 20.474, 16.473, 12.471, 13.852, 11.162], "train_loss": [0.04947203940955256, 0.032891762367152196, 0.024205629880885277, 0.018933656737596418, 0.017250049174310535, 0.014665874655034309], "train_size": 900, "val_size": 89, "rand_seed": 9001, "shuffle": true, "loss_name": "logcosh", "img_dim": [720, 1280, 3], "patch_dim": [128, 128, 3], "patches_per_image": 32, "density_map_sigma": 10, "density_map_multiplication_factor": 2000.0, "sub_experiment_name": "carpk/sigma_10_loss_logcosh_patch_32_128x128_6_epochs"}