{"val_loss": [0.007236565368253246, 0.005818152826274551, 0.008166592355539452, 0.008283690845726395, 0.005621284660972176, 0.0054479508667605436, 0.004903118606509654, 0.004955004081542332, 0.0069377613334735445, 0.004991528734939897, 0.005605957368970849, 0.004735322433892482, 0.00478716777817883, 0.0046438389652192, 0.007197367883135384, 0.004470617836583794, 0.0046961384644722175, 0.004562816054708997, 0.004701529898941064, 0.004635776007287657, 0.004812179755390389, 0.0044865844421211575, 0.004820019174884591, 0.004406450041137254, 0.004781730022134272, 0.005143603589102794, 0.00489733619764997, 0.004438844640491071, 0.0049726786908447845, 0.004434455977085842, 0.0044897292957304874, 0.00435550127561631, 0.004566859107298014, 0.0043287484065028066, 0.004528321829032696, 0.004284939182677287, 0.004602601741983865, 0.004658916898935988, 0.004283167442635103, 0.004359204164453938, 0.0041339744409722495, 0.005443855825231165, 0.00413644906570375, 0.004182307814112897, 0.00422463125626867, 0.004244966275210673, 0.004372783328815583, 0.004386909427214252, 0.0042822339400016875, 0.004149326571273882], "train_loss": [0.03260945215697575, 0.005665290175784321, 0.004888012915216677, 0.004562248155252746, 0.004126245028601261, 0.004067836210651876, 0.0038084431412244157, 0.003787992321576894, 0.003912593298537104, 0.0036149964585092675, 0.0035357531819499854, 0.00359740159001376, 0.003458759426848701, 0.00351742122484211, 0.003583652908446311, 0.0036211384594935225, 0.0032080382984531752, 0.003417257081309799, 0.003221371975087095, 0.003127751942429313, 0.0030665377357763646, 0.0030423489670283743, 0.003095547090879336, 0.00301077629910651, 0.0028989419347453804, 0.0029508501738746418, 0.002852860492112086, 0.00287061560084112, 0.0028137166245869594, 0.002763623385817482, 0.002786590871437511, 0.0026135720663660322, 0.0026607830077409744, 0.0025426348979635804, 0.0024874703626664996, 0.0024618880593152426, 0.002483315628069249, 0.0023695851077718544, 0.0024702371686089464, 0.002446798796654548, 0.002358215079311776, 0.0024265563038170512, 0.0023119763700378826, 0.0021631420318044547, 0.002129459618117835, 0.002138221281938968, 0.0021123267413258873, 0.0021338929973353515, 0.002054270002645353, 0.0020681776477431413], "train_size": 1024, "val_size": 576, "rand_seed": 641, "shuffle": true, "loss_name": "logcosh", "img_dim": [256, 256, 3], "patch_dim": [128, 128, 3], "patches_per_image": 4, "density_map_sigma": 5, "density_map_multiplication_factor": 100.0, "sub_experiment_name": "vgg_cells/n_64_sigma_5_randseed_641_loss_logcosh_patch_4_128x128", "architecture": "FCRN_A"}