{"val_loss": [0.18534967359155416, 0.17194915341679007, 0.20375443031080068, 0.1919935113750398, 0.17297990517690778, 0.15113816030789168, 0.14140738383866847, 0.12822677539661526, 0.12397215978708118, 0.12306066281162202, 0.11503807408735156, 0.10655834141653031, 0.10233246025163681, 0.11692147215362639, 0.1018006325699389, 0.09356331997551023, 0.09307399855460971, 0.09409108306281269, 0.13504022960551082, 0.091296945954673, 0.09367362228222191, 0.09206753550097346, 0.08979755030013621, 0.08820416713133454, 0.08986113010905683, 0.09317727021407336, 0.09842052343301474, 0.10373662004712969, 0.09493532828055322, 0.09224004570860415], "train_mae": [51.884, 75.084, 92.964, 55.883, 84.357, 37.275, 30.813, 34.45, 24.311, 51.588, 44.085, 34.974, 19.295, 43.656, 23.872, 18.153, 22.05, 13.524, 46.277, 24.82, 25.764, 21.044, 10.76, 11.11, 8.888, 30.803, 11.177, 33.612, 15.762, 11.244], "train_rmse": [75.111, 109.247, 132.065, 66.816, 117.41, 51.708, 51.478, 50.226, 38.341, 78.256, 67.25, 52.386, 33.376, 65.662, 32.044, 29.518, 36.481, 21.605, 54.946, 38.886, 42.665, 32.032, 16.897, 16.59, 14.649, 38.658, 17.454, 55.993, 27.311, 15.076], "train_underestimate": [22.492, 60.354, 74.823, 7.811, 68.133, 12.056, 14.573, 12.012, 14.172, 41.485, 35.269, 28.058, 8.937, 34.224, 5.989, 12.073, 16.672, 7.922, 0.503, 19.824, 20.216, 16.825, 6.812, 5.559, 5.318, 24.883, 6.805, 26.139, 11.845, 1.235], "train_overestimate": [19.422, 0.304, 0.278, 37.334, 0.015, 18.057, 10.32, 15.819, 5.467, 0.191, 0.345, 0.196, 6.651, 1.044, 13.296, 2.592, 1.141, 3.003, 36.882, 0.227, 0.598, 0.176, 1.881, 3.416, 1.862, 0.002, 2.224, 1.014, 0.889, 7.848], "train_difference": [41.915, 60.657, 75.102, 45.145, 68.148, 30.113, 24.893, 27.831, 19.64, 41.675, 35.614, 28.254, 15.587, 35.268, 19.285, 14.665, 17.813, 10.925, 37.385, 20.051, 20.814, 17.001, 8.692, 8.975, 7.18, 24.884, 9.029, 27.153, 12.733, 9.083], "val_mae": [47.194, 69.628, 86.763, 55.787, 78.977, 34.092, 27.516, 32.554, 22.295, 48.549, 40.716, 32.962, 18.113, 41.673, 23.487, 18.374, 21.862, 15.436, 47.569, 26.086, 24.985, 22.056, 15.947, 16.832, 14.79, 35.213, 18.46, 31.808, 20.171, 18.055], "val_rmse": [64.552, 98.173, 118.935, 62.706, 106.011, 44.245, 42.521, 42.554, 34.956, 70.079, 59.644, 47.36, 26.36, 61.357, 28.369, 28.907, 35.793, 24.644, 55.645, 40.824, 41.354, 34.527, 25.815, 26.27, 23.854, 48.085, 28.411, 53.947, 35.281, 24.436], "val_underestimate": [18.652, 58.612, 72.784, 6.524, 66.521, 10.004, 12.335, 9.714, 13.468, 40.784, 34.072, 27.529, 7.764, 34.874, 4.942, 12.681, 16.728, 9.458, 0.523, 21.573, 20.201, 18.113, 10.621, 10.155, 10.547, 29.609, 14.256, 25.198, 15.081, 6.538], "val_overestimate": [21.099, 0.035, 0.294, 40.464, 0.0, 18.711, 10.841, 17.705, 5.311, 0.109, 0.222, 0.234, 7.493, 0.227, 14.84, 2.795, 1.686, 3.543, 39.543, 0.4, 0.844, 0.465, 2.811, 4.022, 1.91, 0.05, 1.292, 1.593, 1.908, 8.67], "val_difference": [39.751, 58.646, 73.079, 46.989, 66.521, 28.715, 23.176, 27.42, 18.779, 40.892, 34.294, 27.764, 15.257, 35.101, 19.783, 15.476, 18.414, 13.001, 40.066, 21.972, 21.045, 18.577, 13.432, 14.177, 12.457, 29.659, 15.548, 26.791, 16.99, 15.208], "train_loss": [0.2280029041459784, 0.19718963066698053, 0.2053647689986974, 0.20977907304186375, 0.19032968981482554, 0.16995125595713034, 0.16519549257063773, 0.14780763956950976, 0.14041688739380334, 0.1338776799821062, 0.13112693509901874, 0.12097358253085985, 0.11644842168025207, 0.11075773455086164, 0.1192421031271806, 0.10071997835475485, 0.10065418629528722, 0.09003624883334851, 0.09573026440484682, 0.09714327747205971, 0.09030686305486597, 0.08561293641541852, 0.07425394083256834, 0.07649867801083018, 0.06659054369083606, 0.06383348882663994, 0.06169361429056153, 0.05569378316722577, 0.05701483656594064, 0.05684765810729005], "train_size": 320, "val_size": 80, "rand_seed": 3201, "shuffle": true, "loss_name": "logcosh", "img_dim": [768, 1024, 3], "patch_dim": [768, 1024, 3], "patches_per_image": 1, "density_map_sigma": 10, "density_map_multiplication_factor": 2000.0, "sub_experiment_name": "shanghai_tech/part_b/sigma_10_loss_logcosh_full_img_epochs_30"}