{"val_loss": [0.019439012290806405, 0.013419121270999312, 0.015440484599417282, 0.011730676723851098, 0.009126247650581516, 0.0077455627356862854, 0.0064432554419100695, 0.0062042876379564404, 0.006690517514167975, 0.0062555670382506735, 0.006416283444397979, 0.0058865530202941345, 0.00619269098711407, 0.005126254380835841, 0.0051689205348439925, 0.005081990701405125, 0.0058236565123984795, 0.005609110987279564, 0.0061661863356776946, 0.005192302662180737, 0.005454069585539401, 0.0052241516694064355, 0.00566584691275946, 0.005423422757303342, 0.007294240857138195, 0.005329051061481651, 0.005024949952106302, 0.005542101542232558, 0.005224404255083452, 0.004537201053204222, 0.00458814844993564, 0.004452069595572539, 0.004606415569368336, 0.004854677728467828, 0.004733008487770955, 0.005092586836932848, 0.005118942077388056, 0.0043740041825609905, 0.004485002355067991, 0.004656990204239264, 0.004631126731207284, 0.004668375743979898, 0.00500838310431896, 0.004341834195656702, 0.004668951988504786, 0.004288584008463658, 0.00456125565203062, 0.004456610027571312, 0.004584832128279636, 0.004314637274041565, 0.004494198869603376, 0.0044622087023324436, 0.004660307358588195, 0.0052027261392342755, 0.004506828404070499, 0.0043833230706190485, 0.00432027558498602, 0.004627168715362334, 0.004597378501784988, 0.004412243189613542, 0.004582406581094902, 0.004565634598192345, 0.004498739904698191, 0.004311074505999891, 0.004779020844984593, 0.0043934623083461905, 0.0043408086753010545, 0.004303667563362978, 0.004655326267109356, 0.0054282664900205824, 0.004715449841266188, 0.00459410439685194, 0.004583851389017784, 0.004519215380747078, 0.004565543527456207, 0.004289810544125632, 0.004279423970729113, 0.004844694729803855, 0.00477688788345808, 0.004417161893798038, 0.004271559274962379, 0.004127783503564488, 0.004225824830225772, 0.0042254157742718235, 0.004393863992946636, 0.0042864111924750935, 0.004371173395257857, 0.004358620654481153, 0.004291635271834416, 0.004335239670278194, 0.00432622537159154, 0.005021596345209723, 0.004450104653693011, 0.004436307505885553, 0.004334025275764159, 0.004917269527342998, 0.0049220721961723436, 0.005090619972583631, 0.004429773487370565, 0.004183052149730631], "train_mae": [16.197, 13.475, 62.823, 42.005, 11.032, 10.479, 6.729, 5.171, 25.58, 15.879, 25.076, 10.916, 18.455, 5.396, 10.412, 4.765, 11.713, 18.28, 29.271, 9.083, 13.962, 7.895, 19.773, 20.213, 29.514, 16.619, 15.586, 22.348, 5.343, 3.601, 10.564, 6.117, 4.848, 17.144, 15.744, 13.541, 20.479, 3.734, 3.192, 7.395, 5.862, 7.863, 10.067, 3.076, 10.565, 3.351, 8.074, 7.294, 13.385, 7.759, 10.961, 2.816, 7.675, 18.851, 6.18, 3.551, 2.504, 7.409, 14.022, 4.31, 13.492, 7.503, 9.123, 3.064, 6.56, 2.7, 5.413, 3.23, 15.653, 17.199, 3.129, 3.599, 2.73, 5.123, 13.324, 2.558, 4.454, 15.502, 12.29, 7.558, 3.693, 2.569, 3.238, 4.922, 3.064, 4.247, 4.029, 2.591, 2.543, 2.738, 4.908, 16.646, 5.95, 7.8, 8.292, 15.086, 18.619, 20.709, 11.407, 2.609], "train_rmse": [20.452, 15.08, 63.363, 42.658, 13.597, 12.417, 8.338, 6.682, 27.493, 16.996, 25.714, 11.968, 19.407, 6.617, 12.231, 6.368, 13.139, 19.313, 30.145, 10.092, 15.794, 9.187, 20.706, 20.735, 30.714, 17.985, 16.212, 23.069, 6.359, 4.851, 11.301, 7.839, 5.818, 18.714, 16.275, 14.843, 21.804, 5.191, 4.035, 8.606, 6.759, 8.853, 12.051, 4.079, 12.469, 4.634, 8.97, 8.105, 14.223, 8.502, 11.52, 3.611, 8.498, 19.872, 7.783, 4.232, 3.206, 9.122, 14.515, 5.596, 13.896, 8.537, 9.994, 4.02, 7.921, 3.518, 6.124, 4.016, 16.506, 18.222, 4.12, 4.636, 3.491, 6.023, 13.76, 3.28, 5.149, 16.776, 13.306, 8.83, 4.788, 3.332, 3.859, 5.622, 3.785, 5.719, 5.204, 3.314, 3.217, 3.468, 5.547, 17.765, 6.68, 8.885, 9.082, 16.11, 19.434, 22.065, 12.108, 3.213], "train_underestimate": [4.886, 0.134, 35.835, 23.96, 5.944, 4.21, 3.546, 1.099, 14.591, 0.0, 0.0, 0.039, 10.527, 2.908, 5.813, 2.275, 0.0, 10.427, 16.697, 5.13, 7.928, 0.049, 11.279, 0.0, 16.835, 9.48, 0.0, 12.748, 0.217, 1.359, 0.0, 3.001, 1.126, 9.779, 8.98, 0.0, 11.681, 1.851, 0.717, 4.173, 3.226, 4.232, 5.711, 0.999, 6.003, 1.692, 4.603, 4.154, 7.635, 0.009, 0.0, 1.156, 4.378, 10.753, 3.319, 0.275, 0.659, 4.165, 7.998, 2.23, 0.0, 4.264, 5.204, 1.534, 0.037, 0.694, 0.226, 0.857, 8.929, 9.811, 1.356, 1.917, 1.208, 2.782, 7.6, 0.492, 0.16, 8.843, 7.01, 4.304, 1.997, 1.161, 0.249, 0.067, 0.286, 2.071, 2.091, 0.452, 0.315, 0.332, 2.772, 9.495, 3.379, 4.449, 4.73, 8.605, 10.62, 11.813, 6.507, 0.307], "train_overestimate": [4.353, 7.552, 0.0, 0.0, 0.348, 1.767, 0.292, 1.85, 0.0, 9.057, 14.304, 6.188, 0.0, 0.17, 0.126, 0.443, 6.681, 0.0, 0.0, 0.051, 0.036, 4.454, 0.0, 11.53, 0.0, 0.0, 8.89, 0.0, 2.831, 0.695, 6.026, 0.488, 1.639, 0.0, 0.0, 7.724, 0.0, 0.279, 1.104, 0.046, 0.118, 0.253, 0.031, 0.756, 0.023, 0.22, 0.002, 0.006, 0.0, 4.417, 6.252, 0.451, 0.0, 0.0, 0.206, 1.75, 0.769, 0.061, 0.0, 0.228, 7.696, 0.015, 0.0, 0.214, 3.705, 0.846, 2.862, 0.985, 0.0, 0.0, 0.429, 0.136, 0.349, 0.141, 0.0, 0.967, 2.381, 0.0, 0.0, 0.007, 0.109, 0.304, 1.598, 2.741, 1.461, 0.352, 0.207, 1.026, 1.135, 1.23, 0.028, 0.0, 0.015, 0.0, 0.0, 0.0, 0.0, 0.0, 0.0, 1.181], "train_difference": [9.239, 7.687, 35.835, 23.96, 6.293, 5.977, 3.838, 2.95, 14.591, 9.057, 14.304, 6.227, 10.527, 3.078, 5.939, 2.718, 6.681, 10.427, 16.697, 5.181, 7.964, 4.503, 11.279, 11.53, 16.835, 9.48, 8.89, 12.748, 3.048, 2.054, 6.026, 3.489, 2.766, 9.779, 8.98, 7.724, 11.681, 2.13, 1.821, 4.218, 3.344, 4.485, 5.742, 1.755, 6.026, 1.912, 4.606, 4.161, 7.635, 4.426, 6.252, 1.606, 4.378, 10.753, 3.525, 2.026, 1.428, 4.226, 7.998, 2.458, 7.696, 4.28, 5.204, 1.748, 3.742, 1.54, 3.087, 1.842, 8.929, 9.811, 1.785, 2.053, 1.557, 2.922, 7.6, 1.459, 2.54, 8.843, 7.01, 4.311, 2.106, 1.465, 1.847, 2.807, 1.748, 2.423, 2.298, 1.478, 1.45, 1.562, 2.8, 9.495, 3.394, 4.449, 4.73, 8.605, 10.62, 11.813, 6.507, 1.488], "val_mae": [17.825, 14.599, 63.132, 40.871, 9.188, 9.472, 6.514, 5.321, 27.079, 17.155, 25.332, 11.274, 19.007, 5.072, 12.164, 6.086, 13.113, 19.112, 30.576, 8.78, 15.635, 8.992, 20.71, 20.738, 31.294, 18.302, 15.275, 23.453, 5.602, 4.591, 10.656, 8.258, 5.163, 19.363, 16.383, 14.316, 22.575, 5.381, 3.453, 8.159, 5.651, 7.036, 12.296, 4.106, 12.819, 4.922, 7.934, 7.749, 14.97, 7.663, 10.572, 3.88, 8.142, 20.773, 8.61, 3.834, 3.752, 9.497, 14.6, 6.302, 13.023, 8.83, 10.313, 4.299, 6.451, 3.515, 5.107, 4.275, 17.377, 18.922, 3.902, 4.635, 3.792, 5.636, 14.216, 3.466, 4.676, 17.503, 14.079, 9.248, 5.472, 3.815, 3.849, 4.998, 3.636, 6.214, 6.157, 3.288, 3.663, 3.686, 5.522, 18.882, 7.148, 9.54, 9.781, 17.082, 20.563, 23.517, 12.993, 3.546], "val_rmse": [22.147, 15.505, 63.673, 41.49, 11.319, 10.883, 7.958, 6.677, 29.039, 17.873, 25.867, 12.195, 20.023, 6.031, 13.573, 7.102, 14.093, 20.347, 31.661, 9.888, 17.545, 10.003, 21.838, 21.217, 32.689, 19.786, 16.063, 24.389, 6.602, 5.499, 11.372, 9.44, 6.547, 21.174, 17.097, 15.422, 24.151, 6.376, 4.19, 9.738, 6.537, 8.241, 14.322, 4.904, 14.891, 6.024, 8.905, 8.743, 16.189, 8.611, 11.325, 4.68, 9.159, 22.23, 9.946, 4.621, 4.588, 11.355, 15.219, 7.564, 13.658, 10.32, 11.481, 5.315, 7.755, 4.162, 6.007, 5.767, 18.725, 20.253, 4.877, 5.97, 4.76, 6.744, 14.855, 4.127, 5.588, 19.242, 15.773, 11.385, 6.97, 4.94, 4.704, 5.908, 4.403, 7.784, 7.432, 4.011, 4.346, 4.333, 6.748, 20.499, 8.601, 11.174, 11.209, 18.689, 21.856, 25.473, 14.39, 4.268],