{"val_loss": [0.022849848476956442, 0.014323695911621649, 0.011422876193844585, 0.009487246469183851, 0.010136595330348226, 0.009460028636870751, 0.008200359721134495, 0.007991075512917532, 0.007669235532982081, 0.007708733712206595, 0.00741702773484576, 0.0073989408592751715, 0.008067168877055842, 0.008256362996891968, 0.007287280296522012, 0.009358928797559606, 0.007009468603630214, 0.007614851101202981, 0.007169593999302985, 0.00722463287416354, 0.006906795530691549, 0.007315586690512848, 0.007277274925905254, 0.007054494935194573, 0.007388513898856925, 0.007008557580371012, 0.006848995499038008, 0.00687851881856558, 0.00846505386531741, 0.006915466511094969, 0.007548312884157187, 0.0070167305117744645, 0.006833579675609751, 0.006945339090331497, 0.006946880074691662, 0.00726969772202008, 0.007230710890427063, 0.0070747208135597045, 0.007416367246656187, 0.007013602229562821, 0.00756621255782698, 0.007612018657002611, 0.007498470326835458, 0.00718430810209409, 0.007993732632611581, 0.007198966702263634, 0.0071554317506120745, 0.007259214560488342, 0.007123340461880111, 0.007173831298536647, 0.01340031529212461, 0.007142092661928877, 0.0072225844307670034, 0.007140349983779338, 0.0073211188614045065, 0.007241660616475403, 0.007106471313414254, 0.007694529400800497, 0.007292433227525584, 0.007171496390987563, 0.007235962640859523, 0.007163718411700554, 0.007283404981434514, 0.007289084305335159, 0.007390910287843629, 0.007163362494692491, 0.007362517296011599, 0.007359347633812124, 0.007313854697915506, 0.007337411533929601, 0.007191315339393138, 0.0072820577467306675, 0.0074466716355851125, 0.007252126579260221, 0.008189315294051388, 0.007464282595012466, 0.007076614598190645, 0.007247952643713991, 0.007304539230568076, 0.007505878387342414, 0.007507301942799434, 0.007160045338322461, 0.00724538845558224, 0.0072715458724511945, 0.0072006508083480485, 0.007349158425414417, 0.007214875831575935, 0.007213003955055481, 0.00725802208540295, 0.007383656514826321, 0.0074494157975601005, 0.007290863985569255, 0.007257349945171477, 0.007149559342603122, 0.007414105581321767, 0.007533739663712267, 0.007289450865048113, 0.007386811747791298, 0.007414912560408184, 0.007208058857536849], "train_loss": [0.10339485926670022, 0.018097365988069214, 0.014318236120743677, 0.011247234826441854, 0.00994840991916135, 0.00901093929860508, 0.009050309694430325, 0.008100468206976075, 0.008136846518027596, 0.007915086709544994, 0.007388221158180386, 0.007367532409261912, 0.007349722865910735, 0.006974433614232112, 0.007282923434104305, 0.007068515653372742, 0.00668776422389783, 0.006197184193297289, 0.006287859701842535, 0.006935388606507331, 0.006235339358681813, 0.005880381526367273, 0.005577874944719952, 0.005499834103829926, 0.005453064470202662, 0.0058343210112070665, 0.005394048952439334, 0.005303624377120286, 0.00527428017812781, 0.00508422749771853, 0.0050768411019816995, 0.005132975715241628, 0.004395104413561057, 0.004455590184079483, 0.004478278508031508, 0.004379769194201799, 0.0045431897924572695, 0.003911097315722145, 0.0036728135382873006, 0.0036050216112926137, 0.0035824121041514445, 0.003555918072379427, 0.0033687635659589432, 0.00327926796671818, 0.0035591079395089764, 0.003352766143507324, 0.0029006745062361006, 0.002788481615425553, 0.0028960509880562313, 0.0025833481158770155, 0.0033340250301989727, 0.004311186454287963, 0.002678621567611117, 0.002605247103929287, 0.0023273918486665934, 0.002235788659163518, 0.002322225413081469, 0.002272135096063721, 0.002319708168215584, 0.002000479651542264, 0.0028144312545919092, 0.0021240911974018672, 0.002032799366133986, 0.0019912977440981194, 0.0019707976698555285, 0.0019203795291105052, 0.001808857379728579, 0.0022189118717506062, 0.0019190486873412738, 0.001658543833400472, 0.0019155881145707099, 0.0017237723332073074, 0.0017759682159521617, 0.0015968830321071437, 0.0016814841492305277, 0.003040189569219365, 0.0015929788405628642, 0.0016207795415539294, 0.0019752102216443745, 0.0018573350171209313, 0.0018671414018172072, 0.0015159979866439244, 0.0013559484505094588, 0.0013571008603321388, 0.0013665312617376912, 0.0012420509974617744, 0.0013208341006247792, 0.0016965888116828864, 0.0013058404656476341, 0.0012546164434752427, 0.0012197536252642749, 0.0026071847987623187, 0.0014808714513492305, 0.001176178184323362, 0.0012059589671480353, 0.0013691726544493577, 0.0012416011340974364, 0.0011133120869999402, 0.0014009462956892094, 0.001286471082494245], "train_size": 1024, "val_size": 576, "rand_seed": 642, "shuffle": true, "loss_name": "mean_squared_error", "img_dim": [256, 256, 3], "patch_dim": [256, 256, 3], "patches_per_image": 1, "density_map_sigma": 5, "density_map_multiplication_factor": 100.0, "sub_experiment_name": "vgg_cells/n_64_sigma_5_randseed_642_loss_mse_full_img", "architecture": "FCRN_A"}