{"val_loss": [0.009901981188758166, 0.007378206625135671, 0.007034488569522235, 0.00542538740517236, 0.005375288406118189, 0.007465774301475475, 0.005233338465854211, 0.004866810528255883, 0.0045184400282510875, 0.004456447019359022, 0.004855353320903412, 0.004447510780450744, 0.004387070258684724, 0.005421328058325932, 0.004429836966771879, 0.004367632716714391, 0.004424189294963178, 0.004371215921470567, 0.004447743486119126, 0.004605311018595411, 0.004133448355573551, 0.004075288294830791, 0.0048173823290519925, 0.0042491797135238915, 0.003984971551343573, 0.003967224036868548, 0.0045572016711315985, 0.003956599599191309, 0.0046864891851060644, 0.004176827745087554], "train_loss": [0.03341198741691187, 0.010372189841291402, 0.00734477314290416, 0.006210493182152277, 0.005432781477793469, 0.005401017346230219, 0.005779857690868084, 0.004731649542009109, 0.0047148813064268325, 0.004455125351341849, 0.0045939691735839006, 0.004498362051890581, 0.004167380621765915, 0.004383367408991035, 0.00423176108415646, 0.004094016238923359, 0.0041718040010891855, 0.004480305849938304, 0.0038184913209988736, 0.003975449364588712, 0.003908319067704724, 0.0037294324229151243, 0.003924399179595639, 0.0036705439415527508, 0.0038293466614049976, 0.003467686710791895, 0.003591121260797081, 0.003578377615667705, 0.0034756983295665123, 0.003450590003922116], "train_size": 512, "val_size": 1088, "rand_seed": 323, "shuffle": true, "loss_name": "logcosh", "img_dim": [256, 256, 3], "patch_dim": [128, 128, 3], "patches_per_image": 4, "density_map_sigma": 5, "density_map_multiplication_factor": 100.0, "sub_experiment_name": "vgg_cells/n_32_sigma_5_randseed_323_loss_logcosh_patch_4_128x128", "architecture": "UNet"}