{"val_loss": [0.015042851995531237, 0.007456981938637053, 0.00644310132948329, 0.005762877005562426, 0.006310098829464337, 0.005360777263002305, 0.007973769473691765, 0.005154791225697195, 0.004848651367865386, 0.004849902306994088, 0.004926959597736748, 0.004567156328769617, 0.004991801607556066, 0.004687966626560784, 0.004901181281531856, 0.004605577535478326, 0.0049574415137184965, 0.004428309124063269, 0.004267656888313307, 0.004222549925276218, 0.00432939460134709, 0.0043699923636963565, 0.004628565812762484, 0.004669900014478652, 0.004981430652472174, 0.004182682659922969, 0.0042580526040932026, 0.004352446259070027, 0.004410520249781685, 0.004213396722019859], "train_loss": [0.04506046301321476, 0.010148992951144464, 0.006374879652867094, 0.005371713865315542, 0.005348438269720646, 0.004703125894593541, 0.004637331079720752, 0.0044452349429775495, 0.004229063277307432, 0.004032852055388503, 0.004015577629616018, 0.003897971403603151, 0.004012365616290481, 0.003970535311054846, 0.003657805391412694, 0.0035856678614436532, 0.003775659504754003, 0.0036410416514627286, 0.0033926957821677206, 0.0035312493064338923, 0.003319529896543827, 0.003417328800424002, 0.003276798529441294, 0.0035744785991482786, 0.003296579164270952, 0.003336053296152386, 0.003165125956911652, 0.0030832290367470705, 0.003045299934456125, 0.0029935923994344193], "train_size": 512, "val_size": 1088, "rand_seed": 322, "shuffle": true, "loss_name": "logcosh", "img_dim": [256, 256, 3], "patch_dim": [128, 128, 3], "patches_per_image": 4, "density_map_sigma": 5, "density_map_multiplication_factor": 100.0, "sub_experiment_name": "vgg_cells/n_32_sigma_5_randseed_322_loss_logcosh_patch_4_128x128", "architecture": "UNet"}