{"val_loss": [0.09745982351402442, 0.07543742439399163, 0.05204496320544018, 0.037614121515717774, 0.030617461384584505, 0.026765190452958148, 0.033669113000440926, 0.022278750004867714, 0.01980498451222148, 0.024061721956564322, 0.023280641736669674, 0.016967597068287432, 0.015878161480132904, 0.018146596629069082, 0.014957440603110526, 0.013605704692761518, 0.016012142684000235, 0.013405758130829781, 0.019637667004846864, 0.015204537103676962, 0.014977177061761418, 0.017345751454639766, 0.013513146149408486, 0.014505329108538313, 0.011990496740003841, 0.012513851442943431, 0.011726698256097734, 0.014730135729122493, 0.011992275973574983, 0.01204985976477878, 0.013731060122760633, 0.011490978041870726, 0.011408766983853033, 0.011290772003121674, 0.0118060673509414, 0.011462976780927015, 0.013549934270688228, 0.012077480955566797, 0.011432308147454428, 0.012724148749839514, 0.010485922445594851, 0.011139485402964056, 0.010908268586111566, 0.010993411764502525, 0.010583505836418934, 0.010618535193821622, 0.010950195590137608, 0.010854140777761737, 0.010398528823215101, 0.010143857138852278, 0.010363697100223767, 0.009639613957713462, 0.010662733713009706, 0.010357809964463942, 0.00979312190449693, 0.009507026187040739, 0.009720941151802739, 0.010353343997849151, 0.010692155221477151, 0.010946376637245217, 0.011200331756198365, 0.009703525371151045, 0.009830058228948878, 0.011900702090416517, 0.010056832106783986, 0.009775628620344732, 0.009716168440516211, 0.009832809381704364, 0.009732397738844156, 0.009114954057925692, 0.009887628503040306, 0.00925056756629298, 0.009767053564751728, 0.009992319683078676, 0.00941205812462916, 0.009298269022514837, 0.009486340872374259, 0.009755923283389874, 0.013031909669128558, 0.010324854720642583, 0.009575929428036842, 0.010783827236284398, 0.009406847808147885, 0.01052396088036605, 0.009070935096436491, 0.009825092122708965, 0.009126408737049334, 0.00930768768173746, 0.008952478794122322, 0.008906568326185353, 0.009397118345886055, 0.00998642965633836, 0.009120174418462234, 0.008685561116888292, 0.00899692785525177, 0.00892789975558925, 0.009598297442102598, 0.009270803401401887, 0.01084157868495418, 0.009636436343296535], "train_mae": [95.16, 55.467, 55.994, 41.49, 20.998, 12.608, 48.998, 16.018, 12.695, 43.918, 39.853, 18.248, 14.778, 33.478, 17.91, 10.21, 24.432, 6.267, 39.519, 9.001, 11.356, 34.01, 7.251, 21.895, 4.021, 13.384, 4.076, 25.743, 6.57, 11.554, 24.081, 5.862, 9.586, 7.3, 16.735, 13.588, 27.454, 12.338, 4.985, 18.542, 8.116, 6.76, 5.773, 12.576, 6.592, 8.212, 11.683, 14.17, 6.374, 3.115, 6.516, 4.726, 10.176, 7.081, 4.378, 4.143, 4.513, 10.485, 15.842, 16.571, 18.126, 8.494, 9.951, 23.294, 4.915, 4.555, 10.438, 3.983, 11.537, 3.461, 10.754, 7.389, 5.046, 12.034, 4.011, 4.231, 7.503, 12.232, 26.499, 8.556, 8.582, 14.364, 4.945, 13.461, 7.656, 13.599, 5.554, 6.468, 6.308, 6.415, 8.652, 12.879, 5.089, 3.615, 3.996, 4.076, 12.852, 4.503, 8.225, 4.632], "train_rmse": [97.026, 59.337, 59.191, 43.684, 23.265, 16.416, 51.728, 17.475, 13.962, 45.006, 41.241, 19.197, 15.958, 34.463, 18.857, 11.52, 25.415, 8.071, 41.657, 11.274, 13.269, 35.466, 8.785, 23.122, 5.629, 14.478, 5.475, 27.234, 8.11, 12.865, 25.296, 7.334, 11.055, 8.742, 17.954, 14.808, 28.918, 13.815, 6.665, 20.08, 9.638, 7.86, 7.463, 14.09, 8.072, 9.757, 13.134, 15.618, 7.643, 4.426, 7.89, 6.126, 11.991, 8.638, 5.775, 5.551, 5.441, 12.3, 17.004, 17.819, 19.806, 9.916, 11.373, 24.805, 6.54, 5.723, 11.229, 5.464, 12.659, 4.802, 12.367, 8.703, 6.237, 12.817, 5.114, 5.393, 8.198, 13.535, 28.015, 10.551, 9.353, 14.974, 6.211, 14.857, 8.324, 14.516, 6.889, 7.783, 7.29, 7.785, 9.625, 14.522, 6.294, 4.339, 5.259, 4.782, 13.916, 5.487, 9.312, 5.495], "train_underestimate": [0.0, 0.217, 0.091, 0.049, 0.499, 7.106, 27.949, 9.137, 7.241, 25.051, 22.732, 10.409, 8.428, 19.096, 10.216, 5.709, 13.936, 0.491, 0.0, 4.89, 0.074, 19.4, 0.393, 12.489, 1.368, 7.634, 1.431, 14.684, 3.563, 0.064, 13.736, 3.079, 5.396, 4.031, 9.546, 7.751, 15.66, 0.043, 2.176, 10.576, 4.537, 0.258, 3.086, 7.158, 3.557, 4.556, 6.65, 8.081, 3.537, 1.033, 3.612, 2.461, 5.768, 3.924, 2.276, 2.03, 0.635, 5.939, 9.036, 9.452, 10.339, 4.814, 5.657, 13.287, 2.511, 0.273, 0.037, 1.719, 6.578, 1.6, 6.113, 4.183, 0.164, 0.0, 2.108, 2.263, 0.079, 6.978, 15.116, 4.781, 4.874, 0.0, 2.696, 7.678, 0.09, 7.757, 2.963, 3.616, 3.552, 3.569, 4.924, 7.346, 2.794, 0.312, 2.059, 0.233, 7.331, 2.318, 0.066, 0.392], "train_overestimate": [54.28, 31.421, 31.849, 23.618, 11.479, 0.085, 0.0, 0.0, 0.0, 0.0, 0.0, 0.0, 0.001, 0.0, 0.0, 0.115, 0.0, 3.084, 22.542, 0.244, 6.403, 0.0, 3.743, 0.0, 0.925, 0.0, 0.894, 0.0, 0.185, 6.526, 0.0, 0.264, 0.072, 0.133, 0.0, 0.0, 0.0, 6.995, 0.668, 0.0, 0.093, 3.598, 0.206, 0.016, 0.203, 0.129, 0.014, 0.001, 0.099, 0.744, 0.105, 0.235, 0.036, 0.115, 0.222, 0.334, 1.939, 0.042, 0.0, 0.0, 0.0, 0.031, 0.019, 0.0, 0.292, 2.325, 5.918, 0.553, 0.003, 0.374, 0.021, 0.031, 2.714, 6.865, 0.18, 0.151, 4.201, 0.0, 0.0, 0.099, 0.022, 8.193, 0.125, 0.0, 4.277, 0.0, 0.205, 0.073, 0.046, 0.09, 0.011, 0.0, 0.108, 1.75, 0.22, 2.092, 0.0, 0.251, 4.625, 2.251], "train_difference": [54.28, 31.639, 31.94, 23.666, 11.978, 7.192, 27.949, 9.137, 7.241, 25.051, 22.732, 10.409, 8.429, 19.096, 10.216, 5.824, 13.936, 3.575, 22.542, 5.134, 6.477, 19.4, 4.136, 12.489, 2.293, 7.634, 2.325, 14.684, 3.748, 6.59, 13.736, 3.344, 5.468, 4.164, 9.546, 7.751, 15.66, 7.038, 2.844, 10.576, 4.63, 3.856, 3.293, 7.174, 3.76, 4.684, 6.664, 8.083, 3.636, 1.777, 3.717, 2.696, 5.804, 4.039, 2.497, 2.363, 2.574, 5.981, 9.036, 9.452, 10.339, 4.845, 5.676, 13.287, 2.804, 2.598, 5.954, 2.272, 6.581, 1.974, 6.134, 4.215, 2.878, 6.865, 2.288, 2.413, 4.28, 6.978, 15.116, 4.88, 4.895, 8.193, 2.821, 7.678, 4.367, 7.757, 3.168, 3.689, 3.598, 3.659, 4.935, 7.346, 2.903, 2.062, 2.28, 2.325, 7.331, 2.568, 4.691, 2.642], "val_mae": [93.058, 52.204, 53.409, 40.01, 19.7, 15.063, 52.429, 16.243, 12.152, 45.268, 41.338, 17.778, 14.145, 34.155, 17.468, 9.417, 24.82, 6.662, 43.399, 9.003, 12.724, 35.771, 7.614, 22.611, 4.316, 13.259, 3.704, 26.902, 6.335, 12.787, 24.918, 5.86, 9.818, 7.35, 16.996, 13.622, 28.69, 13.999, 5.556, 19.475, 8.292, 7.046, 6.347, 13.09, 7.161, 8.983, 12.059, 14.532, 6.334, 4.119, 6.752, 5.395, 11.19, 8.122, 4.918, 4.949, 4.791, 11.58, 16.514, 17.381, 19.34, 9.163, 10.549, 24.715, 5.817, 5.067, 11.201, 4.873, 11.986, 4.497, 11.861, 7.999, 5.413, 13.065, 4.344, 4.743, 7.739, 12.922, 28.17, 9.945, 8.067, 15.068, 5.605, 14.346, 7.818, 14.141, 7.081, 7.418, 6.42, 7.623, 9.021, 14.186, 6.032, 4.233, 5.183, 4.7, 13.82, 4.773, 9.086, 5.226], "val_rmse": [95.078, 56.12, 56.421, 41.884, 22.044, 18.746, 55.486, 18.007, 13.486, 46.524, 42.895, 18.795, 15.341, 35.182, 18.374, 10.376, 25.8, 8.332, 45.262, 11.8, 14.306, 37.391, 8.819, 23.88, 5.26, 14.327, 4.805, 28.481, 7.855, 13.86, 26.197, 7.218, 11.336, 8.645, 18.361, 14.884, 30.299, 15.135, 7.005, 21.216, 9.866, 8.416, 7.591, 14.637, 8.27, 10.251, 13.587, 16.209, 7.54, 4.778, 8.002, 6.36, 12.976, 9.365, 5.797, 5.904, 6.021, 13.438, 17.931, 18.905, 21.317, 10.673, 12.15, 26.45, 7.256, 6.378, 12.072, 6.288, 13.512, 5.386, 13.685, 9.482, 6.821, 13.841, 5.087, 5.793, 8.818, 14.576, 29.966, 11.816, 9.219, 15.738, 6.964, 16.03, 8.938, 15.348, 8.377, 8.82, 7.727, 9.206, 10.451, 16.284, 7.34, 5.159, 6.353, 5.544, 15.308, 5.569, 10.198, 6.482],