{"val_loss": [0.061288148712585956, 0.036739998770987284, 0.02970179744229159, 0.04155529195935849, 0.03198499618755544, 0.028623596600749913, 0.026085714015233165, 0.023781188188449424, 0.02369877985021209, 0.021402967210366008, 0.02024146231740494, 0.018873406444018817, 0.01714282699258012, 0.017385802752174, 0.016930218820241007, 0.01493320512749693, 0.014396716231096755, 0.019598944270161584, 0.012691756504971315, 0.012954859980655944, 0.013494876254459514, 0.01171949940309038, 0.011606867623734562, 0.011242753928801155, 0.01131428312510252, 0.011366005130933927, 0.011422085312112947, 0.011702367957160972, 0.011199921027154607, 0.011246958959792904, 0.012063245634849677, 0.010837862692663775, 0.010293638737707892, 0.01345784856376293, 0.013138302868944319, 0.011963588161640526, 0.013280816554256222, 0.010122519243262051, 0.011855768306893022, 0.009902250473661459, 0.010249270153615405, 0.009487133993602851, 0.01031321709331892, 0.009566676542710732, 0.009627138647963019, 0.010368489567875205, 0.01027126345947823, 0.012522474595564692, 0.010126624927472542, 0.009453821307568647, 0.00957196403760463, 0.009255802310208845, 0.009280913540244322, 0.009289280662093969, 0.009229468561791103, 0.010097571686321102, 0.00864481830435312, 0.0086739697281326, 0.008728942101109116, 0.010037140831734766, 0.008794625741703546, 0.009108612461097758, 0.00950815437210943, 0.008586991759811473, 0.008591086442774051, 0.008755059491651243, 0.008707106705782387, 0.008411185730330865, 0.00845766525633414, 0.011743691530736053, 0.008838792215101421, 0.00871725067811306, 0.008179492923184572, 0.00912063239786007, 0.008235580424832948, 0.009352420330020216, 0.008975905835327199, 0.009310210246921462, 0.008530662360820262, 0.008648021458237268, 0.011269430869587642, 0.008090073862523936, 0.0085423168972792, 0.008289687410818742, 0.008681563790613675, 0.008929362393888262, 0.011915808927048655, 0.00939595269943204, 0.00842458802028833, 0.009299590101684718, 0.008533627126941128, 0.00920411744428908, 0.008304467643885052, 0.008145414125037324, 0.008148059978232007, 0.008522605951464571, 0.007996736046419862, 0.008513152657542378, 0.00770378451082198, 0.008248561767258626], "train_mae": [23.38, 55.78, 29.454, 77.083, 48.822, 40.272, 29.144, 10.386, 24.001, 10.101, 12.342, 18.244, 5.451, 24.748, 31.039, 11.909, 15.163, 44.893, 6.243, 12.892, 25.464, 5.182, 12.93, 6.438, 9.036, 11.803, 6.47, 11.474, 11.128, 12.375, 23.049, 16.593, 5.507, 31.845, 33.697, 25.244, 36.236, 8.089, 19.093, 10.703, 14.596, 7.128, 18.336, 5.527, 7.218, 16.513, 13.861, 34.192, 9.419, 6.572, 10.245, 7.288, 4.476, 8.876, 6.261, 20.647, 4.482, 3.65, 10.253, 19.534, 6.741, 14.031, 11.056, 4.2, 5.702, 3.848, 6.544, 3.099, 6.236, 30.899, 4.119, 4.962, 4.7, 13.858, 5.637, 15.835, 8.903, 16.198, 14.606, 8.295, 29.032, 5.065, 5.417, 2.874, 15.097, 10.767, 29.194, 13.215, 4.316, 12.742, 11.153, 12.935, 5.336, 8.939, 4.199, 13.877, 3.712, 13.046, 3.688, 4.368], "train_rmse": [27.522, 58.012, 33.519, 82.537, 54.059, 45.205, 34.065, 14.297, 25.34, 11.651, 15.003, 20.304, 7.095, 25.959, 32.463, 13.335, 16.516, 46.142, 7.667, 15.025, 27.609, 6.607, 15.272, 7.946, 10.976, 13.642, 7.837, 15.025, 12.476, 14.425, 24.976, 17.689, 6.786, 33.139, 34.44, 26.485, 38.234, 9.55, 21.443, 12.467, 16.817, 8.614, 19.889, 6.91, 9.253, 17.299, 16.096, 34.483, 12.109, 7.808, 11.777, 8.655, 5.824, 9.834, 7.593, 21.322, 5.868, 4.542, 11.758, 20.289, 8.52, 14.535, 12.17, 5.266, 6.794, 4.875, 7.9, 3.889, 7.506, 31.844, 4.861, 6.038, 5.427, 14.465, 6.722, 16.428, 11.236, 16.677, 15.87, 9.013, 29.82, 6.068, 6.425, 3.533, 16.769, 11.93, 31.049, 14.765, 5.342, 13.64, 11.874, 14.117, 6.381, 9.884, 5.146, 14.726, 4.417, 13.692, 4.294, 5.406], "train_underestimate": [5.397, 0.0, 0.126, 38.344, 24.286, 20.033, 14.497, 4.764, 0.0, 0.332, 6.092, 9.075, 2.124, 12.31, 15.44, 0.074, 7.517, 22.331, 1.45, 6.283, 12.667, 0.85, 6.128, 2.766, 4.068, 0.083, 2.036, 5.293, 5.483, 0.13, 11.465, 0.0, 1.442, 15.841, 0.0, 12.557, 18.025, 3.857, 9.431, 5.174, 7.232, 3.233, 9.121, 2.408, 1.094, 8.214, 0.151, 17.008, 0.753, 3.124, 5.01, 3.416, 1.745, 0.033, 2.039, 10.271, 1.88, 1.013, 5.024, 9.717, 3.1, 0.0, 5.5, 1.808, 2.088, 1.668, 2.95, 0.713, 2.975, 15.37, 0.74, 2.306, 0.602, 6.894, 1.062, 7.877, 4.088, 0.0, 7.265, 0.014, 14.442, 0.182, 2.656, 0.971, 7.51, 0.0, 14.522, 0.0, 1.8, 0.0, 5.548, 6.435, 2.605, 4.447, 0.164, 6.903, 0.876, 6.489, 0.417, 2.006], "train_overestimate": [6.233, 27.747, 14.526, 0.0, 0.0, 0.0, 0.0, 0.402, 11.939, 4.693, 0.048, 0.0, 0.587, 0.0, 0.0, 5.85, 0.025, 0.0, 1.655, 0.13, 0.0, 1.727, 0.304, 0.436, 0.427, 5.788, 1.182, 0.414, 0.053, 6.026, 0.0, 8.254, 1.298, 0.0, 16.762, 0.0, 0.0, 0.167, 0.067, 0.149, 0.029, 0.313, 0.0, 0.341, 2.496, 0.0, 6.744, 0.0, 3.933, 0.145, 0.087, 0.209, 0.481, 4.382, 1.075, 0.0, 0.35, 0.803, 0.076, 0.0, 0.253, 6.98, 0.0, 0.282, 0.748, 0.246, 0.305, 0.828, 0.127, 0.0, 1.309, 0.162, 1.736, 0.0, 1.742, 0.0, 0.341, 8.058, 0.0, 4.112, 0.0, 2.338, 0.038, 0.458, 0.0, 5.356, 0.0, 6.574, 0.347, 6.338, 0.0, 0.0, 0.049, 0.0, 1.924, 0.0, 0.971, 0.0, 1.418, 0.166], "train_difference": [11.63, 27.747, 14.651, 38.344, 24.286, 20.033, 14.497, 5.166, 11.939, 5.025, 6.139, 9.075, 2.712, 12.31, 15.44, 5.924, 7.542, 22.331, 3.105, 6.413, 12.667, 2.578, 6.432, 3.202, 4.495, 5.871, 3.218, 5.708, 5.535, 6.156, 11.465, 8.254, 2.739, 15.841, 16.762, 12.557, 18.025, 4.024, 9.498, 5.324, 7.261, 3.546, 9.121, 2.749, 3.59, 8.214, 6.895, 17.008, 4.686, 3.269, 5.096, 3.625, 2.227, 4.415, 3.114, 10.271, 2.229, 1.816, 5.1, 9.717, 3.353, 6.98, 5.5, 2.089, 2.837, 1.914, 3.255, 1.542, 3.102, 15.37, 2.049, 2.468, 2.338, 6.894, 2.804, 7.877, 4.429, 8.058, 7.265, 4.126, 14.442, 2.52, 2.695, 1.43, 7.51, 5.356, 14.522, 6.574, 2.147, 6.338, 5.548, 6.435, 2.654, 4.447, 2.089, 6.903, 1.846, 6.489, 1.835, 2.173], "val_mae": [22.189, 61.896, 36.276, 62.451, 37.729, 30.598, 21.225, 6.366, 25.607, 11.242, 9.522, 15.115, 5.267, 22.372, 27.747, 10.384, 13.746, 40.359, 5.037, 10.095, 21.436, 4.888, 10.113, 5.614, 6.615, 12.288, 6.771, 7.567, 10.468, 13.445, 19.08, 16.61, 5.202, 28.083, 34.249, 22.557, 31.404, 7.16, 15.627, 8.759, 11.935, 5.977, 15.333, 4.912, 8.854, 15.24, 17.374, 33.626, 11.368, 5.443, 8.013, 5.962, 4.124, 8.228, 5.694, 19.309, 4.389, 3.757, 8.659, 17.788, 5.994, 13.66, 9.711, 4.355, 5.443, 4.594, 5.61, 3.337, 5.44, 27.94, 4.23, 4.732, 4.987, 13.151, 5.843, 15.195, 6.868, 16.263, 13.139, 7.589, 26.623, 5.643, 6.084, 3.6, 12.795, 8.102, 24.867, 9.963, 4.65, 13.31, 10.805, 11.141, 5.359, 8.727, 3.472, 12.753, 3.811, 12.524, 3.915, 4.412], "val_rmse": [26.584, 62.887, 37.996, 67.724, 42.539, 34.97, 25.375, 9.58, 26.56, 12.37, 11.66, 16.645, 6.75, 23.275, 28.665, 12.862, 14.962, 41.353, 6.706, 12.105, 23.111, 6.259, 12.482, 6.969, 8.646, 13.716, 8.061, 10.508, 11.899, 14.926, 21.118, 17.552, 6.472, 29.608, 34.813, 23.796, 33.171, 8.752, 18.141, 10.63, 14.177, 7.582, 17.221, 6.427, 11.111, 16.226, 19.125, 33.976, 14.221, 6.936, 9.887, 7.611, 5.365, 9.147, 7.254, 20.166, 5.689, 4.717, 10.488, 18.823, 7.652, 14.282, 11.128, 5.647, 6.669, 5.549, 7.219, 4.201, 6.855, 29.101, 5.218, 6.019, 6.014, 13.934, 7.224, 15.928, 9.036, 16.832, 14.652, 8.54, 27.537, 6.649, 7.161, 4.421, 14.87, 9.643, 26.978, 11.952, 5.719, 14.272, 11.718, 12.716, 6.639, 9.989, 4.563, 14.113, 5.11, 13.453, 4.734, 5.635],