{"val_loss": [0.02440381773501738, 0.015747765835436037, 0.009990601653650325, 0.008924611757821468, 0.008670690838496538, 0.007916497027407685, 0.007500838687418663, 0.007198639735684588, 0.007197009713005779, 0.0069517138801731765, 0.007209860053788159, 0.007111242360527588, 0.007371794556901377, 0.006788212214208518, 0.006813767558317825, 0.0066146221446009195, 0.006763099119780236, 0.006866181874203094, 0.006559854575243662, 0.006890132335077699, 0.006658518678401985, 0.006468094123799044, 0.00678738657168449, 0.0068063715645823525, 0.006834237904210265, 0.006611378839604893, 0.00677220183044685, 0.006695419565302372, 0.006894780794431831, 0.0069146703382203765], "train_loss": [0.0790002555877436, 0.01988752504985314, 0.013604171428596601, 0.010668973947758786, 0.010230196479824372, 0.008852576545905322, 0.00830964688793756, 0.008060648098762613, 0.007902855759311933, 0.007531109040428419, 0.007573257171316072, 0.00734185085457284, 0.007194543708465062, 0.00689630785927875, 0.006771499676688109, 0.007090421182510909, 0.006572366721229628, 0.006498655639006756, 0.006335803358524572, 0.006063467764761299, 0.0059254113511997275, 0.0058162307177553885, 0.005746943032136187, 0.006346581292746123, 0.005531553186301608, 0.004998825112124905, 0.0048837569229363, 0.00498725452052895, 0.004567861375107896, 0.004696512503869599], "train_size": 1024, "val_size": 576, "rand_seed": 643, "shuffle": true, "loss_name": "mean_squared_error", "img_dim": [256, 256, 3], "patch_dim": [256, 256, 3], "patches_per_image": 1, "density_map_sigma": 5, "density_map_multiplication_factor": 100.0, "sub_experiment_name": "vgg_cells/n_64_sigma_5_randseed_643_loss_mse_full_img", "architecture": "UNet"}