{"val_loss": [0.22580930744023883, 0.20224266652675235, 0.20225218289038716, 0.15861648266368053, 0.1391613918411381, 0.11631364583530847, 0.17339789023732438, 0.11548131392063464, 0.10344625631456866, 0.10506186196032692, 0.13404099862365162, 0.09590472987688639, 0.0956637411213973, 0.09317732268177412, 0.11799979867304072, 0.0909024210756316, 0.09294892053174622, 0.08714406553874998, 0.09925417410319343, 0.09576554930604556, 0.08214203914737, 0.0797482531189042, 0.07479676976799965, 0.0754711682743886, 0.0820103618042434, 0.07058678945416913, 0.08796839076368247, 0.09265855294378365, 0.06844651605933905, 0.0819280860836015, 0.06649226892520399, 0.0665439343189492, 0.062053900349008685, 0.06998524371096317, 0.06297464030520881, 0.05885897417936255, 0.057752078289494795, 0.059807593824670595, 0.0635178289924036, 0.06240577028845163, 0.05579379140673315, 0.06956739060799866, 0.08658233074033085, 0.06423452017171417, 0.061240717549534404, 0.06085964642903384, 0.05808365816140876, 0.05460725042640286, 0.05456250344457872, 0.05237780700382941, 0.051928329555427324, 0.05132370170972803, 0.05081578133189503, 0.06594408730811932, 0.05324617143282119, 0.05123731913045049, 0.050406798829927164, 0.05134538339231821, 0.04958337224910364, 0.055589855045956725, 0.049559139482238716, 0.048861894646988195, 0.05420687134542009, 0.05208621552104459, 0.05070499391021097, 0.05031552373924676, 0.04892492740798522, 0.05266533441403333, 0.048813497291549164, 0.04827020295402583, 0.04681926845189403, 0.048198993838227844, 0.04889923120465349, 0.047008509446373754, 0.04826863329200184, 0.04793238694615224, 0.04812888631268459, 0.04702825441627818, 0.04738512835191453, 0.05032888572553501, 0.04586211071514031, 0.04754437774638919, 0.04623268284451436, 0.046736056615105444, 0.04551997747929657, 0.04587914501590764, 0.04539633117725744, 0.04814711544553146, 0.05307042138541446, 0.05072321238763192, 0.047327199841246885, 0.05502623059403371, 0.04474348062649369, 0.045340456506785226, 0.04483359564534005, 0.04412526294917745, 0.05075288903625572, 0.056357803343630886, 0.0527939551290782, 0.0459551100673921], "train_mae": [33.684, 25.609, 30.922, 44.055, 18.763, 23.939, 103.371, 48.334, 17.284, 13.541, 44.847, 15.854, 29.294, 36.833, 69.805, 40.314, 8.973, 7.999, 54.203, 52.585, 5.104, 5.881, 9.934, 4.759, 12.55, 16.362, 51.189, 55.444, 22.25, 14.781, 13.862, 24.946, 12.029, 13.668, 3.443, 9.067, 18.353, 5.033, 32.848, 29.742, 16.014, 16.708, 31.128, 4.361, 24.753, 27.287, 25.876, 18.646, 20.233, 17.349, 6.13, 15.786, 10.914, 19.524, 3.428, 6.584, 8.655, 19.469, 5.367, 8.926, 13.64, 11.018, 26.098, 5.961, 20.769, 4.202, 6.424, 24.313, 17.503, 3.101, 8.121, 17.673, 2.93, 14.26, 3.486, 18.378, 2.523, 9.962, 16.79, 23.196, 9.957, 3.783, 4.556, 14.418, 8.731, 14.787, 9.903, 3.862, 27.954, 8.039, 19.736, 29.963, 8.492, 6.672, 7.721, 6.546, 6.516, 31.735, 26.686, 15.826], "train_rmse": [37.346, 33.69, 34.618, 54.454, 23.773, 32.303, 110.206, 55.466, 23.859, 16.21, 45.681, 21.566, 33.029, 40.3, 73.073, 42.929, 10.558, 11.079, 56.767, 54.991, 6.964, 7.363, 11.468, 6.295, 14.827, 18.034, 53.063, 58.011, 23.373, 16.221, 14.82, 26.529, 13.73, 14.767, 5.305, 11.243, 20.357, 6.623, 35.01, 31.664, 17.469, 17.523, 36.282, 5.587, 26.295, 29.245, 27.457, 20.701, 21.949, 18.934, 7.586, 17.527, 13.34, 20.594, 4.811, 8.114, 10.239, 20.85, 6.661, 9.834, 14.584, 12.099, 28.044, 6.805, 21.635, 5.157, 7.574, 26.425, 18.741, 4.281, 9.361, 18.497, 4.311, 15.713, 4.559, 20.138, 3.702, 10.679, 18.015, 24.956, 10.929, 4.97, 5.598, 16.436, 9.581, 15.62, 10.873, 4.715, 29.296, 8.791, 21.311, 31.848, 9.547, 7.45, 8.836, 7.592, 7.145, 33.775, 28.139, 17.056], "train_underestimate": [0.951, 12.503, 1.056, 25.258, 4.242, 12.674, 59.377, 27.763, 8.941, 1.022, 0.0, 8.981, 16.827, 21.157, 40.096, 23.156, 0.412, 4.292, 31.134, 30.205, 2.231, 2.869, 5.705, 1.909, 0.109, 9.398, 29.403, 31.847, 12.781, 0.008, 7.962, 14.329, 6.861, 0.034, 0.856, 5.012, 10.542, 0.376, 18.868, 17.084, 9.198, 0.0, 0.0, 1.106, 14.218, 15.674, 14.863, 10.71, 11.622, 9.965, 3.332, 9.067, 6.102, 0.0, 1.388, 3.643, 4.874, 11.183, 2.882, 0.098, 7.835, 6.297, 14.991, 0.183, 11.93, 0.298, 3.578, 13.965, 10.054, 1.229, 4.566, 10.151, 0.682, 8.191, 0.663, 10.556, 0.653, 5.722, 9.644, 13.324, 5.691, 1.708, 2.464, 8.259, 4.957, 8.493, 5.638, 0.287, 16.057, 0.08, 11.337, 17.211, 4.804, 3.756, 4.337, 3.659, 0.111, 18.229, 15.328, 9.091], "train_overestimate": [18.398, 2.207, 16.706, 0.047, 6.536, 1.077, 0.0, 0.0, 0.987, 6.756, 25.76, 0.126, 0.0, 0.0, 0.0, 0.0, 4.742, 0.302, 0.0, 0.0, 0.701, 0.509, 0.002, 0.825, 7.1, 0.0, 0.0, 0.0, 0.0, 8.483, 0.0, 0.0, 0.048, 7.817, 1.121, 0.197, 0.0, 2.515, 0.0, 0.0, 0.0, 9.597, 17.88, 1.399, 0.0, 0.0, 0.0, 0.0, 0.0, 0.0, 0.189, 0.0, 0.167, 11.215, 0.581, 0.139, 0.098, 0.0, 0.201, 5.029, 0.0, 0.032, 0.0, 3.241, 0.0, 2.116, 0.112, 0.0, 0.0, 0.552, 0.099, 0.0, 1.001, 0.0, 1.339, 0.0, 0.796, 0.0, 0.0, 0.0, 0.028, 0.465, 0.153, 0.023, 0.058, 0.0, 0.051, 1.932, 0.0, 4.538, 0.0, 0.0, 0.074, 0.077, 0.098, 0.101, 3.631, 0.0, 0.0, 0.0], "train_difference": [19.348, 14.71, 17.762, 25.305, 10.777, 13.751, 59.377, 27.763, 9.928, 7.778, 25.76, 9.107, 16.827, 21.157, 40.096, 23.156, 5.154, 4.594, 31.134, 30.205, 2.932, 3.378, 5.706, 2.734, 7.209, 9.398, 29.403, 31.847, 12.781, 8.49, 7.962, 14.329, 6.91, 7.851, 1.978, 5.208, 10.542, 2.891, 18.868, 17.084, 9.198, 9.597, 17.88, 2.505, 14.218, 15.674, 14.863, 10.71, 11.622, 9.965, 3.521, 9.067, 6.269, 11.215, 1.969, 3.782, 4.972, 11.183, 3.083, 5.127, 7.835, 6.329, 14.991, 3.424, 11.93, 2.414, 3.69, 13.965, 10.054, 1.781, 4.665, 10.151, 1.683, 8.191, 2.002, 10.556, 1.449, 5.722, 9.644, 13.324, 5.719, 2.173, 2.617, 8.282, 5.015, 8.493, 5.689, 2.218, 16.057, 4.618, 11.337, 17.211, 4.878, 3.832, 4.435, 3.76, 3.743, 18.229, 15.328, 9.091], "val_mae": [32.129, 31.32, 30.311, 49.308, 21.799, 28.361, 109.352, 52.171, 20.088, 16.067, 45.695, 17.462, 30.405, 38.19, 72.348, 41.294, 11.374, 8.641, 55.574, 53.763, 6.324, 6.249, 9.044, 5.894, 15.86, 15.232, 51.685, 56.601, 20.956, 17.946, 11.719, 23.951, 10.655, 16.603, 5.367, 8.567, 17.56, 7.085, 33.087, 29.66, 14.974, 18.683, 37.066, 5.55, 24.269, 27.193, 25.386, 18.068, 19.677, 16.53, 5.325, 15.095, 11.148, 22.342, 4.061, 5.949, 8.074, 19.135, 4.879, 10.651, 12.509, 9.928, 26.592, 7.23, 20.294, 5.514, 5.759, 24.86, 17.199, 3.87, 7.706, 17.133, 4.049, 14.037, 4.588, 18.679, 3.776, 8.789, 16.617, 23.695, 9.393, 3.857, 4.219, 14.681, 7.859, 14.277, 9.312, 4.947, 28.537, 9.339, 20.11, 30.943, 8.053, 5.884, 7.559, 6.414, 7.578, 32.854, 27.268, 15.794], "val_rmse": [36.844, 39.41, 34.59, 60.819, 26.714, 37.042, 117.363, 60.551, 27.403, 18.113, 47.069, 24.261, 35.274, 42.705, 76.484, 44.795, 13.237, 12.614, 58.91, 56.929, 8.675, 8.302, 11.115, 7.604, 18.483, 17.861, 54.199, 59.908, 22.774, 19.699, 13.285, 26.208, 12.923, 17.844, 6.82, 10.903, 20.121, 8.489, 35.728, 32.108, 16.922, 19.565, 42.343, 7.003, 26.322, 29.735, 27.422, 20.65, 21.857, 18.581, 6.975, 17.297, 13.698, 23.486, 5.278, 7.891, 10.102, 20.924, 6.414, 11.854, 13.914, 11.608, 29.092, 8.411, 21.577, 6.705, 7.506, 27.616, 18.986, 4.857, 9.528, 18.398, 5.243, 16.058, 5.459, 21.027, 4.669, 9.902, 18.409, 26.046, 11.046, 4.929, 5.375, 17.413, 9.377, 15.57, 11.03, 6.023, 30.422, 10.431, 22.281, 33.45, 9.905, 7.215, 9.258, 7.987, 8.625, 35.523, 29.313, 17.643],