{"val_loss": [3.628691189429339, 0.32234473789439483, 1.4845558177022373, 0.4667591099791667, 1.054799735546112, 0.8575996300753426, 0.30692896926227736, 0.2974136629525353, 0.3869738526204053, 0.32744667459936705, 0.24120649027035518, 0.21316827789825551, 0.2120791997979669, 0.2166405370568528, 0.21675601360552452, 0.21091861518866875, 0.20439428748453364, 0.20110046852599173, 0.20046566295273163, 0.19859077003510558, 0.19272583383409417, 0.18488862266873612, 0.1763123640900149, 0.1669539980152074, 0.15503600809504003, 0.14152878183214104, 0.12710616233594277, 0.12201496224631281, 0.1378845862825127, 0.18781056496150353, 0.11799344869659227, 0.163014728904647, 0.1320963280604166, 0.13687952158643918, 0.1413047724567792, 0.1270859369679409, 0.11657694677877076, 0.11871987137505237, 0.11449151721728199, 0.11122323550722178, 0.1139008857528953, 0.11130614496548386, 0.1072062392554739, 0.10901430380695007, 0.10571805667132139, 0.10404880574959166, 0.10303886426503167, 0.09914829193011802, 0.09825846377541037, 0.0980787576888414, 0.09504725603277192, 0.09379609214032397, 0.09202787389650065, 0.09366748454597067, 0.09027490019798279, 0.08918257550719906, 0.08984309259582968, 0.08711920037646503, 0.0866255362463348, 0.0874820898341782, 0.08439955476890593, 0.08312720038435038, 0.08369551620939199, 0.08517033354762722, 0.09466923269278862, 0.08400826988851323, 0.07985662148498437, 0.0875095722868162, 0.07907200670417618, 0.0806861544466194, 0.08117514229653512, 0.07862969937131685, 0.0788908580537228, 0.07591012032592998, 0.07921402030350531, 0.07461131029926679, 0.07432376297519487, 0.07649674880153992, 0.07207830792621654, 0.07223024476757821, 0.07532134328914039, 0.0705828637103824, 0.0692853878306992, 0.07019212581765126, 0.07053545492646449, 0.0782231719178312, 0.07387853432994555, 0.07216672763666686, 0.06618133242077687, 0.067522370694753, 0.0720246528439662, 0.065727015491575, 0.06477290720624082, 0.0687284252661116, 0.06509134740404346, 0.06345844025011449, 0.06403308150851551, 0.06401565681923838, 0.06675002652713481, 0.06214276046546943], "train_mae": [2398.803, 168.376, 976.818, 301.727, 693.436, 561.557, 143.25, 188.48, 251.25, 211.897, 139.679, 72.392, 31.536, 23.137, 24.08, 22.83, 31.196, 50.526, 70.547, 79.49, 74.531, 61.966, 47.343, 37.91, 37.307, 41.684, 30.948, 19.977, 55.939, 93.326, 17.547, 95.984, 58.775, 18.823, 20.988, 18.502, 36.541, 50.43, 40.973, 19.675, 13.196, 13.515, 25.927, 42.606, 36.66, 19.699, 15.294, 17.673, 27.434, 29.628, 17.941, 11.737, 18.119, 29.93, 13.171, 11.255, 29.599, 16.669, 9.345, 30.499, 10.135, 15.927, 26.097, 8.201, 48.297, 7.832, 8.438, 40.294, 8.426, 4.607, 30.443, 24.329, 4.681, 13.438, 30.204, 7.943, 5.309, 28.518, 11.631, 4.923, 30.339, 5.268, 13.691, 21.665, 6.116, 38.382, 14.618, 30.052, 10.875, 4.553, 31.542, 4.546, 6.695, 27.547, 4.386, 14.733, 19.164, 5.357, 27.512, 4.233], "train_rmse": [2421.553, 168.601, 992.393, 309.842, 698.08, 564.766, 143.606, 196.285, 259.11, 219.497, 147.225, 81.203, 39.753, 26.437, 27.521, 26.942, 39.37, 59.953, 79.259, 87.861, 82.903, 70.715, 56.408, 47.088, 46.449, 50.849, 39.547, 25.785, 63.36, 93.673, 22.473, 102.761, 66.562, 21.481, 24.155, 23.076, 44.269, 56.88, 47.161, 25.828, 15.912, 17.511, 32.18, 48.399, 43.24, 25.71, 19.697, 23.309, 33.58, 35.132, 23.287, 15.621, 23.239, 34.717, 17.343, 14.887, 32.739, 19.765, 12.323, 32.997, 12.999, 18.514, 28.325, 9.421, 50.961, 9.117, 10.715, 42.417, 10.517, 6.389, 32.187, 26.099, 6.512, 15.519, 32.127, 10.155, 7.583, 30.415, 13.711, 7.035, 32.098, 7.147, 15.462, 23.197, 8.242, 40.055, 16.445, 31.521, 12.526, 6.746, 32.974, 6.355, 8.544, 29.055, 6.5, 16.257, 20.626, 7.487, 28.941, 6.27], "train_underestimate": [0.0, 0.0, 545.042, 168.357, 0.0, 0.0, 0.0, 105.167, 140.192, 118.233, 77.938, 40.393, 15.963, 4.957, 3.444, 7.068, 15.901, 28.045, 39.363, 44.354, 41.587, 34.576, 26.28, 20.798, 20.465, 23.104, 16.713, 8.874, 31.212, 0.0, 7.294, 53.557, 32.795, 4.586, 1.735, 7.139, 20.303, 28.139, 22.862, 10.474, 4.274, 5.598, 14.401, 23.773, 20.456, 9.971, 6.467, 8.992, 15.295, 16.532, 9.77, 5.396, 9.937, 16.7, 6.894, 5.815, 16.515, 9.301, 4.983, 17.018, 5.537, 8.887, 14.561, 0.377, 26.948, 0.357, 4.565, 22.483, 4.58, 0.942, 16.987, 13.575, 0.824, 7.498, 16.853, 4.253, 2.471, 15.912, 6.443, 2.065, 16.929, 2.331, 7.639, 12.089, 0.312, 21.416, 0.1, 16.769, 6.049, 0.768, 17.6, 1.81, 3.495, 15.37, 0.701, 8.22, 10.693, 0.346, 15.351, 0.794], "train_overestimate": [1338.478, 93.95, 0.0, 0.0, 386.921, 313.336, 79.93, 0.0, 0.0, 0.0, 0.0, 0.0, 1.633, 7.953, 9.992, 5.671, 1.505, 0.147, 0.0, 0.0, 0.0, 0.0, 0.136, 0.355, 0.352, 0.155, 0.555, 2.273, 0.0, 52.074, 2.497, 0.0, 0.0, 5.916, 9.976, 3.185, 0.086, 0.0, 0.0, 0.504, 3.088, 1.943, 0.066, 0.0, 0.0, 1.021, 2.067, 0.869, 0.013, 0.0, 0.24, 1.152, 0.173, 0.0, 0.455, 0.465, 0.0, 0.0, 0.231, 0.0, 0.118, 0.0, 0.0, 4.199, 0.0, 4.013, 0.144, 0.0, 0.122, 1.628, 0.0, 0.0, 1.788, 0.0, 0.0, 0.179, 0.492, 0.0, 0.047, 0.682, 0.0, 0.608, 0.0, 0.0, 3.101, 0.0, 8.057, 0.0, 0.019, 1.772, 0.0, 0.727, 0.241, 0.0, 1.746, 0.0, 0.0, 2.643, 0.0, 1.568], "train_difference": [1338.478, 93.95, 545.042, 168.357, 386.921, 313.336, 79.93, 105.167, 140.192, 118.233, 77.938, 40.393, 17.596, 12.91, 13.436, 12.739, 17.406, 28.192, 39.363, 44.354, 41.587, 34.576, 26.417, 21.153, 20.817, 23.259, 17.268, 11.147, 31.212, 52.074, 9.791, 53.557, 32.795, 10.503, 11.711, 10.324, 20.389, 28.139, 22.862, 10.978, 7.363, 7.541, 14.467, 23.773, 20.456, 10.992, 8.534, 9.861, 15.308, 16.532, 10.01, 6.549, 10.11, 16.7, 7.349, 6.28, 16.515, 9.301, 5.214, 17.018, 5.655, 8.887, 14.561, 4.576, 26.948, 4.37, 4.708, 22.483, 4.702, 2.57, 16.987, 13.575, 2.612, 7.498, 16.853, 4.432, 2.962, 15.912, 6.49, 2.747, 16.929, 2.939, 7.639, 12.089, 3.413, 21.416, 8.157, 16.769, 6.068, 2.54, 17.6, 2.537, 3.736, 15.37, 2.447, 8.22, 10.693, 2.989, 15.351, 2.362], "val_mae": [2377.539, 163.957, 972.632, 302.865, 684.574, 553.718, 138.621, 190.339, 252.527, 213.421, 141.738, 75.003, 36.561, 24.687, 25.107, 26.168, 36.127, 53.291, 73.232, 82.117, 77.201, 64.728, 50.148, 41.936, 41.361, 45.06, 35.498, 24.285, 59.061, 89.126, 21.322, 98.743, 61.764, 20.224, 21.854, 22.178, 39.673, 53.551, 44.147, 23.377, 15.222, 16.679, 29.18, 45.752, 39.893, 23.71, 18.798, 21.451, 30.974, 33.058, 21.367, 14.776, 21.549, 33.253, 16.104, 14.003, 32.803, 19.951, 12.177, 33.608, 13.239, 19.179, 29.269, 6.56, 51.305, 6.068, 11.47, 43.306, 11.44, 5.326, 33.525, 27.467, 5.244, 16.693, 33.345, 10.985, 7.889, 31.726, 14.852, 7.058, 33.499, 7.357, 16.893, 24.734, 4.924, 41.241, 11.305, 32.921, 13.798, 4.604, 34.384, 6.087, 9.164, 30.452, 4.377, 17.763, 22.149, 4.428, 30.394, 4.333], "val_rmse": [2411.426, 164.385, 995.256, 314.521, 691.631, 558.654, 139.266, 201.352, 263.721, 224.205, 152.323, 87.003, 46.272, 31.09, 31.015, 32.63, 45.791, 66.039, 85.05, 93.535, 88.594, 76.53, 62.414, 53.232, 52.605, 56.972, 45.753, 31.736, 69.041, 89.779, 27.935, 108.045, 72.188, 25.73, 25.746, 28.53, 49.982, 62.287, 52.455, 31.098, 20.112, 22.188, 37.312, 53.552, 48.623, 31.26, 24.845, 28.684, 38.939, 40.378, 28.405, 20.301, 28.24, 39.691, 21.965, 19.204, 37.08, 23.886, 16.136, 37.063, 16.808, 22.469, 32.322, 8.123, 55.097, 7.63, 14.123, 46.311, 13.778, 7.054, 35.928, 29.833, 7.067, 19.147, 36.004, 13.5, 10.324, 34.295, 17.26, 9.264, 35.866, 9.258, 18.74, 26.601, 6.304, 43.558, 13.363, 34.856, 15.219, 5.904, 36.285, 7.706, 10.976, 32.416, 5.813, 19.322, 23.85, 5.737, 32.253, 5.765],