{"val_loss": [0.030433981231694548, 0.016686169655740206, 0.013723401655357414, 0.013227821095985264, 0.01257714528529665, 0.011132842343666946, 0.012711544637568295, 0.010982493161624434, 0.012509737519448047, 0.010006995703674072, 0.01104678276768776, 0.010195141632293063, 0.009995261218350874, 0.009997136331388474, 0.010395383530361442, 0.009754981872153139, 0.010136065793524133, 0.00934977650317973, 0.009061602105729809, 0.009069414470265174, 0.009183653676753986, 0.009476591246793224, 0.009132159893531078, 0.00968478593559292, 0.010387494306889814, 0.009087862557648537, 0.009124782858206719, 0.009217348795787342, 0.009523698995026815, 0.009091891491099138], "train_loss": [0.17166379671834875, 0.023743373247270938, 0.014173869454680244, 0.01203222101321444, 0.011261302941420581, 0.009989935871999478, 0.00976145749882562, 0.00929455539517221, 0.00898051739204675, 0.008414981584792258, 0.008536644316336606, 0.008293657396279741, 0.008343786721525248, 0.008197421666409355, 0.007905128997663269, 0.007831312002963386, 0.008182559162378311, 0.007662364969291957, 0.007184963928011712, 0.007618506524522672, 0.007158368696764228, 0.007245392054755939, 0.006979021238294081, 0.007018703583526076, 0.006984263123740675, 0.007109591007974814, 0.0068221619967516745, 0.006502504586023861, 0.006280949246502132, 0.006311857338005211], "train_size": 512, "val_size": 1088, "rand_seed": 322, "shuffle": true, "loss_name": "mean_squared_error", "img_dim": [256, 256, 3], "patch_dim": [128, 128, 3], "patches_per_image": 4, "density_map_sigma": 5, "density_map_multiplication_factor": 100.0, "sub_experiment_name": "vgg_cells/n_32_sigma_5_randseed_322_loss_mse_patch_4_128x128", "architecture": "UNet"}