{"val_loss": [1.3252075324300676, 1.0833788603777066, 0.9180919158738107, 1.0174964184639976, 0.8822907389840111, 0.9380152715137229, 0.7644554899539798, 1.1587160974275321, 0.7501126015558839, 0.8180199079914019, 0.7926429187180475, 0.6855772458715365, 0.7757110165664927, 0.6554376771207899, 0.6886561390012502, 0.7663480827119201, 0.9261483290698379, 0.692299693566747, 0.6979262597858906, 0.9000385943800211, 0.6116368215996772, 0.6775229722494259, 0.8600587078835815, 0.5820460617076606, 0.5655878807185217, 0.5841380138415844, 0.5934036381775514, 0.6500199146335944, 0.5264010598650202, 0.9530166602460668, 0.529057090729475, 0.5116884400369599, 0.6633255935041233, 0.5154195291921496, 0.7673403740627691, 0.5245674516074359, 0.6059327334864065, 0.4856129687279463, 0.6609545617364347, 0.49611574350856247, 0.5222440543002449, 0.6807085835142062, 0.4992677241563797, 0.4755965594900772, 1.0247634699335322, 0.49481891668401656, 0.47202927477192136, 0.4527232805150561, 0.48698169040726497, 0.5195402196492068], "train_loss": [0.8510603997695806, 0.6842413452865562, 0.6780826329920722, 0.6747454266679885, 0.6388809459942114, 0.6066597867705991, 0.609961793042696, 0.5659367126722158, 0.5327571228585939, 0.6838953390536497, 0.6248552214549884, 0.5071659691355901, 0.5876852582540176, 0.5069201511438924, 0.5937469466450714, 0.48569526702317417, 0.5160738033210409, 0.46751510895617876, 0.4873389443441011, 0.4647397903775137, 0.45073956719652214, 0.4449763458811891, 0.4021200020439911, 0.4182200091635534, 0.3928162715796288, 0.38958420513159825, 0.3890838428425273, 0.3643622265575413, 0.39959441310489624, 0.4962680440157583, 0.36106962516033864, 0.336224382035624, 0.3562911510041281, 0.3601035218135538, 0.33613099802291274, 0.35371812201706476, 0.35394820891799506, 0.32147943627068826, 0.3149998096225865, 0.33507737578520536, 0.2912439763776631, 0.30000218584824084, 0.28412942503070604, 0.29108208194723556, 0.2521816143615691, 0.3151784561046028, 0.30621370933015707, 0.29612273531440403, 0.24687628449688206, 0.302595572223519], "train_size": 1276, "val_size": 320, "rand_seed": 3201, "shuffle": true, "loss_name": "mean_squared_error", "img_dim": [768, 1024, 3], "patch_dim": [256, 256, 3], "patches_per_image": 16, "density_map_sigma": 10, "density_map_multiplication_factor": 2000.0, "sub_experiment_name": "shanghai_tech/part_b/sigma_10_loss_mse_patch_16_256x256_epochs_50_lr_1e-4", "architecture": "FCRN_A"}