{"val_loss": [0.3155914838943217, 0.19826210869683158, 0.18290410563349724, 0.14772974741127756, 0.11443114032347997, 0.11382980913751656, 0.10089850280847815, 0.09427483876546223, 0.08962438493553135, 0.08739019030084212, 0.08375304192304611, 0.07959180283877584, 0.0787915490153763, 0.07509421940065092, 0.07298276190542513, 0.07102571293297741, 0.07272690679464075, 0.07059772416121429, 0.06310887189788951, 0.06205733637842867, 0.060381917075978384, 0.06901447800919414, 0.061177930484215416, 0.05315599021398359, 0.055371992807421416, 0.054578731302171946, 0.05391383124515414, 0.0482433571273254, 0.056909749646567635, 0.0483077140007582, 0.04662786894995305, 0.0502172497411569, 0.04808293479598231, 0.0536037917352385, 0.047597597249680094, 0.04556988919567731, 0.04361651429078645, 0.04527323439510332, 0.04781030480646425, 0.043266457971185446, 0.04226553331439694, 0.041872524915056095, 0.05629410113518437, 0.0426826756964955, 0.04954507460610734, 0.04490229539159271, 0.042328481665915914, 0.0452561455571817, 0.04102571588009596, 0.04065673156744904, 0.03985219893770085, 0.042486099914337196, 0.04480250190115637, 0.042474038226322994, 0.043974545473853745, 0.0394705795786447, 0.04427530306080977, 0.03978693179993166, 0.039212364341235824, 0.04229134595435527, 0.0415748723058237, 0.038828254108213715, 0.03898442453808255, 0.03945896872836682, 0.03815788563547863, 0.03889729121389488, 0.03865978835771481, 0.03783194410304228, 0.04768030842145284, 0.039906872902065516, 0.04662677604291174, 0.03898088064872556, 0.03925405202123026, 0.03832393103382654, 0.03821770417400532, 0.037562742467141814, 0.037921017993034586, 0.04655477642599079, 0.038487637932929725, 0.038599470682028264, 0.04090912381394042, 0.03865188184297747, 0.03876807468218936, 0.038494403991434306, 0.04125458752322528, 0.03992810736720761, 0.03739859536290169, 0.04295317011160983, 0.04005690265653862, 0.04133293084386322, 0.03892102221854859, 0.03767486263273491, 0.038124063724858895, 0.03694240081434449, 0.036992551344964236, 0.04469190708672007, 0.0380687708966434, 0.04097481454826064, 0.04081331452147828, 0.0377826431973113], "train_mae": [168.932, 90.842, 24.123, 32.717, 32.465, 27.467, 31.697, 24.037, 24.085, 30.249, 11.399, 23.3, 31.629, 11.491, 11.269, 8.434, 5.786, 7.633, 17.311, 23.599, 4.121, 40.213, 9.882, 10.378, 24.913, 7.013, 25.869, 10.292, 17.312, 15.867, 11.79, 9.18, 19.323, 16.301, 18.706, 3.931, 5.563, 3.111, 6.728, 11.625, 7.855, 7.951, 35.111, 3.724, 14.948, 19.472, 15.09, 8.362, 6.713, 4.355, 7.728, 18.913, 22.739, 5.23, 21.394, 7.879, 9.953, 11.724, 9.338, 7.198, 17.746, 5.623, 3.745, 3.228, 8.611, 13.076, 12.144, 6.401, 27.811, 6.259, 14.066, 11.04, 13.815, 3.465, 6.384, 4.382, 11.255, 26.713, 11.424, 2.844, 7.32, 3.537, 13.783, 2.753, 9.162, 14.989, 5.254, 8.668, 7.372, 15.083, 3.699, 2.885, 2.636, 5.689, 5.32, 24.781, 11.594, 8.07, 7.923, 11.687], "train_rmse": [169.323, 100.898, 28.531, 42.709, 42.208, 30.355, 39.431, 31.086, 29.518, 34.366, 16.336, 26.985, 34.922, 14.378, 14.284, 11.25, 7.506, 9.083, 19.549, 25.616, 5.427, 42.53, 11.076, 12.17, 26.524, 8.345, 27.62, 11.63, 18.171, 16.963, 13.463, 10.249, 20.368, 17.237, 19.934, 5.037, 7.187, 4.106, 7.679, 13.17, 9.408, 9.844, 37.661, 4.94, 15.97, 20.875, 16.792, 9.153, 8.236, 5.665, 9.185, 20.945, 24.575, 6.081, 23.224, 9.259, 10.536, 12.755, 10.593, 7.994, 19.416, 7.014, 4.755, 4.049, 10.313, 14.5, 13.575, 7.594, 29.7, 7.179, 14.611, 12.115, 14.879, 4.429, 7.71, 5.755, 12.532, 28.486, 13.071, 3.721, 8.159, 4.473, 15.264, 3.427, 9.789, 16.545, 6.045, 9.361, 8.413, 15.699, 4.331, 3.737, 3.471, 7.116, 6.163, 26.514, 13.111, 8.725, 8.454, 12.699], "train_underestimate": [0.0, 49.505, 4.692, 16.802, 17.236, 0.526, 17.274, 13.086, 13.125, 16.484, 5.699, 12.698, 17.237, 6.076, 5.921, 4.199, 0.84, 0.251, 9.434, 12.86, 1.059, 21.914, 0.021, 5.599, 13.577, 0.064, 14.097, 5.581, 0.0, 8.647, 6.402, 0.012, 10.53, 0.0, 10.194, 0.217, 2.741, 0.393, 0.029, 6.323, 4.222, 4.231, 19.134, 1.436, 0.0, 10.612, 8.223, 0.001, 3.551, 1.948, 4.164, 10.307, 12.392, 0.063, 11.659, 4.274, 0.0, 6.389, 5.083, 0.027, 9.671, 2.903, 1.717, 0.603, 4.677, 7.126, 6.618, 3.444, 15.156, 3.371, 0.0, 6.016, 7.528, 1.32, 3.441, 2.115, 6.133, 14.557, 6.226, 1.22, 0.0, 1.627, 7.511, 0.494, 0.0, 8.168, 2.814, 0.003, 4.015, 8.22, 0.335, 1.27, 0.955, 3.044, 2.88, 13.505, 6.318, 0.0, 0.0, 6.369], "train_overestimate": [92.061, 0.0, 8.454, 1.028, 0.456, 14.442, 0.0, 0.013, 0.0, 0.0, 0.513, 0.0, 0.0, 0.187, 0.22, 0.397, 2.313, 3.909, 0.0, 0.0, 1.186, 0.0, 5.364, 0.056, 0.0, 3.758, 0.0, 0.028, 9.434, 0.0, 0.023, 4.991, 0.0, 8.883, 0.0, 1.925, 0.29, 1.303, 3.638, 0.012, 0.058, 0.102, 0.0, 0.593, 8.146, 0.0, 0.0, 4.556, 0.107, 0.425, 0.048, 0.0, 0.0, 2.787, 0.0, 0.019, 5.424, 0.0, 0.006, 3.896, 0.0, 0.161, 0.323, 1.156, 0.016, 0.0, 0.0, 0.044, 0.0, 0.04, 7.666, 0.0, 0.0, 0.568, 0.038, 0.273, 0.0, 0.0, 0.0, 0.33, 3.989, 0.301, 0.0, 1.007, 4.993, 0.0, 0.049, 4.72, 0.003, 0.0, 1.681, 0.303, 0.481, 0.056, 0.019, 0.0, 0.0, 4.398, 4.318, 0.0], "train_difference": [92.061, 49.505, 13.146, 17.83, 17.692, 14.968, 17.274, 13.099, 13.125, 16.484, 6.212, 12.698, 17.237, 6.262, 6.141, 4.596, 3.153, 4.16, 9.434, 12.86, 2.246, 21.914, 5.385, 5.656, 13.577, 3.822, 14.097, 5.609, 9.434, 8.647, 6.425, 5.003, 10.53, 8.883, 10.194, 2.142, 3.032, 1.695, 3.667, 6.335, 4.28, 4.333, 19.134, 2.029, 8.146, 10.612, 8.223, 4.557, 3.658, 2.374, 4.212, 10.307, 12.392, 2.85, 11.659, 4.293, 5.424, 6.389, 5.089, 3.923, 9.671, 3.064, 2.041, 1.759, 4.693, 7.126, 6.618, 3.488, 15.156, 3.411, 7.666, 6.016, 7.528, 1.888, 3.479, 2.388, 6.133, 14.557, 6.226, 1.55, 3.989, 1.927, 7.511, 1.501, 4.993, 8.168, 2.863, 4.724, 4.017, 8.22, 2.016, 1.572, 1.436, 3.1, 2.899, 13.505, 6.318, 4.398, 4.318, 6.369], "val_mae": [167.22, 85.061, 20.449, 30.298, 30.512, 27.52, 29.557, 22.426, 22.814, 29.049, 9.444, 22.442, 30.374, 10.485, 10.118, 7.355, 6.321, 8.293, 16.604, 22.619, 4.724, 38.421, 10.52, 9.61, 23.803, 7.955, 24.614, 9.618, 16.936, 15.182, 10.957, 9.388, 18.504, 15.882, 17.819, 4.806, 4.927, 4.05, 7.363, 10.882, 7.214, 7.264, 33.307, 3.651, 14.493, 18.465, 14.125, 8.618, 6.206, 3.985, 7.126, 17.708, 21.606, 6.035, 20.221, 7.425, 9.999, 11.154, 8.78, 7.614, 16.826, 5.225, 3.728, 3.778, 8.101, 12.369, 11.51, 6.234, 26.52, 6.284, 13.827, 10.634, 13.204, 3.55, 6.226, 4.1, 10.693, 25.548, 10.945, 3.364, 7.358, 3.632, 13.021, 3.477, 8.901, 14.311, 5.442, 8.982, 7.202, 14.634, 4.295, 3.265, 3.254, 5.763, 5.341, 23.826, 11.246, 7.829, 7.651, 11.384], "val_rmse": [167.642, 94.221, 25.652, 37.662, 37.721, 29.381, 35.774, 27.806, 26.712, 31.934, 13.735, 24.951, 32.764, 13.208, 13.011, 10.218, 7.547, 9.63, 18.596, 24.401, 6.387, 40.563, 11.633, 11.689, 25.326, 9.148, 26.284, 11.297, 18.316, 16.378, 12.77, 10.856, 19.655, 17.412, 19.075, 5.893, 6.698, 5.253, 8.374, 12.641, 8.93, 9.058, 35.622, 5.051, 16.063, 19.808, 15.7, 9.715, 7.851, 5.541, 8.692, 19.595, 23.31, 6.802, 21.93, 8.954, 11.005, 12.389, 10.263, 8.364, 18.409, 6.858, 5.23, 4.651, 9.7, 13.846, 13.038, 7.697, 28.289, 7.769, 14.831, 11.926, 14.474, 4.881, 7.721, 5.78, 12.213, 27.31, 12.645, 4.644, 8.534, 5.122, 14.603, 4.38, 9.989, 15.896, 6.773, 9.739, 8.605, 15.506, 5.006, 4.726, 4.547, 7.324, 6.675, 25.581, 12.91, 8.943, 8.548, 12.615], "val_underestimate": [0.0, 48.599, 3.057, 15.904, 16.635, 0.364, 16.864, 12.776, 13.035, 16.597, 5.245, 12.822, 17.354, 5.98, 5.751, 3.982, 1.011, 0.516, 9.486, 12.923, 1.27, 21.951, 0.219, 5.487, 13.599, 0.342, 14.063, 5.495, 0.0, 8.674, 6.26, 0.113, 10.572, 0.0, 10.181, 0.462, 2.512, 0.657, 0.237, 6.216, 4.067, 4.021, 19.03, 1.4, 0.0, 10.55, 8.07, 0.07, 3.404, 1.775, 3.997, 10.117, 12.344, 0.295, 11.553, 4.21, 0.018, 6.373, 5.009, 0.14, 9.613, 2.782, 1.714, 0.718, 4.572, 7.067, 6.576, 3.458, 15.152, 3.546, 0.0, 6.076, 7.544, 1.295, 3.448, 2.019, 6.107, 14.597, 6.25, 1.438, 0.082, 1.675, 7.44, 0.709, 0.023, 8.177, 2.994, 0.086, 4.077, 8.361, 0.511, 1.42, 1.135, 3.127, 2.972, 13.612, 6.425, 0.055, 0.054, 6.504],