{"val_loss": [0.02908851478337858, 0.016370015046370954, 0.013394916492817335, 0.01276925261674264, 0.012200937604254303, 0.015348478616514886, 0.010889676151718423, 0.01248538203392801, 0.010773810004192294, 0.01207648125337608, 0.010346699744439, 0.010326306901868735, 0.010753639477864936, 0.009589537911190693, 0.01044453784582883, 0.009678836863767012, 0.009865173461388195, 0.010662177329804227, 0.010083782766527934, 0.009639084637670107, 0.009912136472634944, 0.009494367957385667, 0.01033841266283108, 0.008938469449811451, 0.009873378960893367, 0.009205279802485807, 0.00932818537352004, 0.009833963438081007, 0.00950454981327365, 0.010077380558119757], "train_loss": [0.21492185922397766, 0.021445080237754155, 0.014766627671633614, 0.011844567205116618, 0.011609931956627406, 0.011068903495470295, 0.010335417169699213, 0.009679010989202652, 0.009402341405802872, 0.009501876200374682, 0.009210939926560968, 0.008828122901832103, 0.00867799830302829, 0.008236308849518537, 0.00844999345645192, 0.008181528239219915, 0.008279019120891462, 0.007993109511517105, 0.007612717476149555, 0.007969247531946166, 0.007945864335852093, 0.0075645972465281375, 0.007439369153871667, 0.007453548920238973, 0.007436034617057885, 0.007122647386495373, 0.007276225396708469, 0.00681563943362562, 0.006661440698735532, 0.006818931429734221], "train_size": 512, "val_size": 1088, "rand_seed": 321, "shuffle": true, "loss_name": "mean_squared_error", "img_dim": [256, 256, 3], "patch_dim": [128, 128, 3], "patches_per_image": 4, "density_map_sigma": 5, "density_map_multiplication_factor": 100.0, "sub_experiment_name": "vgg_cells/n_32_sigma_5_randseed_321_loss_mse_patch_4_128x128", "architecture": "UNet"}