{"val_loss": [0.025085126570261577, 0.0410668480429141, 0.024090969962451386, 0.01615178751457921, 0.01392481294597554, 0.013321191421709955, 0.012994726277504335, 0.0122050864087856, 0.01173302622662638, 0.011574796763906145, 0.011512499227298094, 0.011371825232773143, 0.011897771078271462, 0.01368519092690857, 0.014514041886500576, 0.011277448057251819, 0.009616356579285553, 0.009165926675503963, 0.008784663586137706, 0.00876593860961935, 0.009111178771811812, 0.008457624367164338, 0.008649402000146973, 0.00762516274527811, 0.007067332328434157, 0.008210995152373524, 0.007105898985173553, 0.006646274373291389, 0.006424757453393848, 0.006310495462350766, 0.007157652755267918, 0.006683691021274118, 0.006181306239929707, 0.006189272132948698, 0.005898280187359299, 0.005998033446410452, 0.006007260901456261, 0.00568718247300507, 0.005703605322838377, 0.0063916936753016405, 0.005689741492353599, 0.006536866033189546, 0.006045239638564561, 0.005754585607278654, 0.005735280742074418, 0.005602637997499722, 0.005665549737921751, 0.006141076384879211, 0.0052405981268213294, 0.00554494366309989, 0.005860995071570334, 0.005158667726551785, 0.005192755445879062, 0.005673151149976012, 0.00551548831315492, 0.0053721596658065475, 0.00505409629412872, 0.005113988008815795, 0.005425410312668914, 0.00507769501179128, 0.005240977260708699, 0.004881664081682067, 0.005930434472461724, 0.005095641089343082, 0.005130058094544117, 0.007149462172117851, 0.005466318328056813, 0.004913886945680989, 0.004890387400176705, 0.004828265674672473, 0.004995067985659903, 0.004780225265730063, 0.005642171986811959, 0.004858545097864836, 0.005026171423891997, 0.005344507027663948, 0.0048157158975407266, 0.005019543408279252, 0.0046006351168377, 0.005245154131176498, 0.005264255225055796, 0.0071105999009245455, 0.005178772061994737, 0.005020024302853819, 0.0050741964660119265, 0.004736930553061778, 0.004958408211892033, 0.005565335575203576, 0.004611102235845893, 0.005049076792441637, 0.004467433571870274, 0.004683868779787137, 0.004705319182796623, 0.004646620100281914, 0.004479872658574844, 0.006429399173665682, 0.004837492770200376, 0.005544544300338363, 0.005188831206931568, 0.004915670183596804], "train_mae": [44.508, 117.664, 56.909, 24.717, 23.001, 13.747, 6.925, 8.064, 4.689, 18.967, 25.698, 23.097, 31.481, 49.463, 56.969, 32.602, 13.989, 8.806, 16.067, 17.151, 19.565, 16.78, 28.73, 8.514, 5.284, 27.293, 5.253, 5.042, 6.444, 5.763, 18.45, 4.587, 4.896, 6.436, 5.827, 12.618, 9.562, 8.158, 4.552, 20.731, 9.442, 7.533, 7.097, 11.674, 12.437, 12.985, 14.385, 18.562, 5.494, 7.241, 15.163, 7.92, 3.922, 10.567, 15.593, 13.698, 5.725, 3.616, 8.719, 12.275, 13.931, 3.541, 23.545, 15.638, 6.425, 34.048, 12.358, 4.363, 4.978, 3.325, 10.288, 4.308, 16.079, 4.522, 10.988, 18.208, 8.378, 11.626, 3.284, 5.663, 19.193, 28.384, 4.603, 3.629, 15.916, 3.589, 3.344, 9.173, 5.664, 11.467, 4.191, 3.817, 8.354, 5.916, 3.883, 21.206, 14.477, 19.42, 20.092, 15.937], "train_rmse": [46.539, 122.867, 62.211, 30.277, 24.465, 16.403, 9.043, 9.205, 6.476, 20.507, 26.642, 23.918, 32.35, 50.394, 57.805, 33.307, 15.149, 10.539, 17.095, 18.16, 21.039, 17.598, 29.32, 10.31, 6.839, 28.033, 6.97, 6.623, 8.163, 7.506, 20.135, 5.899, 5.99, 8.216, 7.292, 14.073, 11.221, 9.738, 5.899, 21.877, 10.612, 8.92, 8.444, 13.076, 14.029, 14.134, 15.491, 20.063, 6.823, 8.567, 16.65, 8.934, 4.975, 12.389, 16.418, 14.535, 6.89, 4.511, 10.181, 13.162, 15.337, 4.541, 24.269, 16.522, 7.45, 34.944, 13.975, 5.443, 6.179, 4.212, 11.551, 5.486, 17.255, 5.608, 11.828, 18.943, 9.253, 12.637, 3.993, 6.866, 19.858, 29.561, 5.47, 4.541, 16.57, 4.564, 4.042, 10.616, 6.783, 12.314, 4.929, 4.574, 9.435, 7.132, 4.604, 23.353, 14.884, 20.658, 20.815, 16.721], "train_underestimate": [0.0, 65.654, 31.754, 13.586, 0.025, 7.593, 2.41, 0.593, 1.263, 10.583, 14.339, 12.888, 17.566, 27.599, 31.787, 18.191, 7.806, 4.761, 8.965, 9.57, 0.0, 9.363, 16.03, 0.26, 2.523, 15.229, 0.57, 2.166, 3.171, 0.597, 10.295, 0.759, 1.384, 2.621, 2.718, 7.039, 5.012, 0.124, 1.029, 11.567, 0.109, 4.044, 3.789, 6.485, 6.917, 7.245, 0.0, 10.357, 0.293, 3.928, 8.461, 0.105, 1.655, 5.844, 0.0, 7.643, 2.873, 1.269, 4.791, 0.0, 7.773, 1.467, 13.137, 0.0, 3.491, 18.998, 6.896, 2.167, 2.417, 1.321, 5.741, 0.204, 8.972, 0.326, 6.131, 10.16, 4.635, 6.487, 0.45, 2.897, 0.0, 15.838, 0.258, 1.788, 8.881, 1.618, 0.404, 5.056, 2.903, 6.399, 1.308, 0.221, 4.656, 3.074, 0.207, 11.833, 0.0, 10.836, 11.211, 8.893], "train_overestimate": [24.834, 0.0, 0.0, 0.205, 12.81, 0.077, 1.454, 3.906, 1.354, 0.0, 0.0, 0.0, 0.0, 0.0, 0.0, 0.0, 0.0, 0.153, 0.0, 0.0, 10.917, 0.0, 0.0, 4.49, 0.425, 0.0, 2.361, 0.647, 0.424, 2.619, 0.0, 1.801, 1.348, 0.97, 0.533, 0.002, 0.324, 4.428, 1.51, 0.0, 5.159, 0.159, 0.172, 0.029, 0.022, 0.0, 8.027, 0.0, 2.773, 0.112, 0.0, 4.314, 0.533, 0.052, 8.7, 0.0, 0.321, 0.748, 0.074, 6.849, 0.0, 0.509, 0.0, 8.725, 0.094, 0.0, 0.0, 0.268, 0.36, 0.534, 0.0, 2.2, 0.0, 2.197, 0.0, 0.0, 0.04, 0.0, 1.383, 0.263, 10.709, 0.0, 2.311, 0.237, 0.0, 0.385, 1.462, 0.063, 0.257, 0.0, 1.031, 1.909, 0.005, 0.226, 1.959, 0.0, 8.078, 0.0, 0.0, 0.0], "train_difference": [24.834, 65.654, 31.754, 13.791, 12.834, 7.67, 3.864, 4.5, 2.616, 10.583, 14.339, 12.888, 17.566, 27.599, 31.787, 18.191, 7.806, 4.914, 8.965, 9.57, 10.917, 9.363, 16.03, 4.75, 2.948, 15.229, 2.931, 2.814, 3.595, 3.216, 10.295, 2.559, 2.732, 3.591, 3.251, 7.04, 5.336, 4.552, 2.54, 11.567, 5.268, 4.203, 3.96, 6.514, 6.939, 7.245, 8.027, 10.357, 3.066, 4.04, 8.461, 4.419, 2.188, 5.896, 8.7, 7.643, 3.194, 2.018, 4.865, 6.849, 7.773, 1.976, 13.137, 8.725, 3.585, 18.998, 6.896, 2.435, 2.778, 1.855, 5.741, 2.404, 8.972, 2.523, 6.131, 10.16, 4.674, 6.487, 1.833, 3.16, 10.709, 15.838, 2.569, 2.025, 8.881, 2.003, 1.866, 5.119, 3.16, 6.399, 2.338, 2.13, 4.661, 3.301, 2.167, 11.833, 8.078, 10.836, 11.211, 8.893], "val_mae": [41.635, 119.491, 59.18, 27.65, 21.093, 16.098, 8.75, 8.353, 6.371, 21.772, 28.556, 25.831, 34.293, 52.243, 59.611, 35.488, 17.057, 11.596, 19.111, 20.134, 16.455, 19.713, 31.643, 6.587, 7.702, 29.983, 4.468, 6.737, 8.559, 4.662, 20.905, 4.554, 4.901, 8.781, 7.219, 14.842, 11.776, 6.219, 4.844, 22.906, 7.279, 9.555, 9.047, 14.136, 14.753, 15.162, 12.146, 20.687, 5.188, 9.267, 17.376, 6.207, 5.165, 12.904, 13.052, 15.893, 7.441, 4.704, 10.943, 10.015, 16.086, 5.101, 25.651, 13.268, 8.492, 36.063, 14.668, 6.132, 6.923, 4.947, 12.598, 3.547, 18.273, 5.01, 13.389, 20.61, 10.693, 14.092, 3.735, 7.608, 16.767, 30.635, 4.2, 5.571, 18.179, 5.31, 3.671, 11.403, 7.603, 13.63, 5.324, 3.299, 10.708, 8.127, 3.725, 23.352, 11.983, 21.595, 22.176, 18.202], "val_rmse": [44.651, 127.024, 66.725, 35.035, 23.085, 19.931, 12.288, 9.72, 8.584, 24.008, 29.934, 26.934, 35.65, 53.736, 60.976, 36.569, 18.293, 13.176, 20.149, 21.049, 18.422, 20.613, 32.374, 8.305, 9.397, 30.962, 5.541, 8.299, 10.468, 5.745, 23.162, 5.601, 5.971, 10.764, 8.777, 16.04, 13.857, 7.525, 6.047, 24.407, 8.653, 11.147, 10.205, 15.865, 16.541, 16.295, 13.082, 22.709, 6.137, 10.693, 19.369, 7.466, 6.495, 15.331, 14.011, 16.869, 9.384, 6.012, 12.903, 10.986, 17.998, 6.568, 26.649, 14.266, 9.62, 37.408, 16.791, 7.514, 8.794, 6.372, 14.18, 4.551, 19.976, 5.845, 14.481, 21.685, 11.43, 15.468, 4.419, 9.298, 17.573, 32.441, 4.831, 6.645, 19.053, 6.619, 4.376, 13.296, 9.174, 14.742, 6.738, 4.018, 12.026, 9.817, 4.373, 26.193, 12.661, 23.378, 23.209, 19.343],