{"val_loss": [0.018747847788391583, 0.01588612842169823, 0.011838320662516506, 0.010939429786958499, 0.011165466857669849, 0.011264268754732458, 0.010362292619295962, 0.010070069962643579, 0.00973864659681567, 0.011904915642339297, 0.009806440308845291, 0.009937082078573035, 0.009923499396083772, 0.010108278348424291, 0.009380320845391706, 0.009590959761731533, 0.009848353313120443, 0.011475842635667909, 0.009928527661233803, 0.010081105486379884, 0.009134248658584612, 0.009085205269204581, 0.0091212655728062, 0.009318898310286587, 0.009962699081168265, 0.010478643348809177, 0.010593224652337894, 0.008976459560168829, 0.009257044813744465, 0.00914467991323262], "train_loss": [0.057005112463230034, 0.012074565054717823, 0.01017687004423351, 0.008968739724878105, 0.008681412856276438, 0.00822096528190741, 0.007792834309839236, 0.008092627385849482, 0.0075142802534173825, 0.00789813688970753, 0.007417990478643333, 0.0071379450791937415, 0.007141809271161037, 0.007241920918204414, 0.006952751357857778, 0.006711740299579105, 0.006696975246995862, 0.006520526772874291, 0.0067530588785302825, 0.006458383719291305, 0.006171225604703068, 0.005971377140667755, 0.005957856592431199, 0.005898098442230548, 0.005988806405184732, 0.005926478153014614, 0.005555866278882604, 0.005557543488066585, 0.005411789571553527, 0.005254741349745018], "train_size": 1024, "val_size": 576, "rand_seed": 641, "shuffle": true, "loss_name": "mean_squared_error", "img_dim": [256, 256, 3], "patch_dim": [128, 128, 3], "patches_per_image": 4, "density_map_sigma": 5, "density_map_multiplication_factor": 100.0, "sub_experiment_name": "vgg_cells/n_64_sigma_5_randseed_641_loss_mse_patch_4_128x128", "architecture": "UNet"}