{"val_loss": [0.0060838627086923225, 0.005381291367787829, 0.004523626530095094, 0.00474781484081177, 0.004469512899352897, 0.005982109648256382, 0.004248416141409608, 0.005458708011954311, 0.004747655804142899, 0.004295876697344486, 0.004049703023055271, 0.004027249185734642, 0.004310904569340184, 0.004218899117808582, 0.0037853005716088875, 0.004034670533757081, 0.003868625231815612, 0.004129056254896568, 0.003741805790418261, 0.0037962624464853434, 0.0038678786060902188, 0.004017105856190837, 0.004169062201375103, 0.003880691666280553, 0.0039377777326687164, 0.0039437009288829155, 0.0041644387538326555, 0.0037862826274148473, 0.004005399363146959, 0.004063765951690989, 0.003833951454099507, 0.0049249687888530186, 0.004048181964107143, 0.004132614446461957, 0.004061720233949018, 0.004142105515812646, 0.004205569753745901, 0.004071851689736327, 0.0041087768181063845, 0.004059943194180151, 0.004552780044630506, 0.003995444210987544, 0.004374920549303675, 0.004158656266150097, 0.00414241619020888, 0.003923039416097001, 0.0038537022398183276, 0.003979114323556132, 0.00398121549278585, 0.0038266267353416574], "train_loss": [0.015433868703439657, 0.005790736118797213, 0.005238248371824739, 0.004525724405084475, 0.004513107530328853, 0.00434120175168573, 0.004067871938332246, 0.0038912118325242773, 0.004126962417103641, 0.003808289270637033, 0.003912608848622767, 0.003670968462301971, 0.003713479899943195, 0.003453708131928579, 0.003511541934130946, 0.0034428183216732577, 0.0034079132587976346, 0.0032512546181351354, 0.0033575166280570556, 0.003183491819527262, 0.003152001320358977, 0.0031225269565311464, 0.0031044267843753914, 0.003128079590624111, 0.002924487455857161, 0.002880165593978745, 0.002846621284788853, 0.0028914120962326706, 0.0027691922914527822, 0.002728146273511811, 0.0026728216830633755, 0.002683483696728217, 0.0026757461969282303, 0.002557349425387656, 0.0025436657811042096, 0.002499064829407871, 0.002406762557939146, 0.0024559760640840977, 0.0023866740889388893, 0.0024527059636056947, 0.0023014455587144766, 0.0022582074989259127, 0.0022761112504667835, 0.0024004688432341936, 0.002227319311714382, 0.0022571292793145403, 0.0021522481574720587, 0.0020872865770797944, 0.0020923413853779493, 0.002080249128766809], "train_size": 1024, "val_size": 576, "rand_seed": 644, "shuffle": true, "loss_name": "logcosh", "img_dim": [256, 256, 3], "patch_dim": [128, 128, 3], "patches_per_image": 4, "density_map_sigma": 5, "density_map_multiplication_factor": 100.0, "sub_experiment_name": "vgg_cells/n_64_sigma_5_randseed_644_loss_logcosh_patch_4_128x128", "architecture": "FCRN_A"}