{"val_loss": [9.394053999115439, 0.08193205127163845, 0.31838369281852946, 0.220225948621245, 0.13505804724991322, 0.09621845037840746, 0.07912271009648547, 0.08866019168978229, 0.09872712479794726, 0.08758617482860298, 0.07803191359647933, 0.07605363938080914, 0.07720335772918428, 0.07681498906629927, 0.0743659574757604, 0.07190390928264927, 0.0723107859821004, 0.07486617515849717, 0.07433786834864055, 0.06888594450976919, 0.065207633189857, 0.06358444907099885, 0.06166086441782467, 0.0592953305801048, 0.058898103259065575, 0.05569762172287002, 0.05105935990372125, 0.048268670079243535, 0.04646598098470884, 0.04520009389585432, 0.04152637248968377, 0.0400944669621394, 0.03956107778803391, 0.03724090668701512, 0.03983436576912508, 0.033679306370151395, 0.0328833634745987, 0.03515202984871233, 0.030331623411792165, 0.03002167567062904, 0.03517468429773169, 0.02827917188679909, 0.027989633751156574, 0.0312623136320754, 0.02629932573558215, 0.027341913185356295, 0.02865752040901605, 0.025235699886894402, 0.02609631947844344, 0.024696448400123593, 0.025927477502538, 0.02382999471635284, 0.023339521845200044, 0.024633137920104405, 0.022590871427810806, 0.022911341004895374, 0.022404786082915962, 0.022106287062770742, 0.021576105411547947, 0.02073904891799697, 0.021211990477133763, 0.020290867918554473, 0.019518215250333443, 0.02000353064196294, 0.01967049013439785, 0.01897995254052255, 0.018193768529111847, 0.018280159517684403, 0.018937003675519544, 0.018133317907888663, 0.01740013753913124, 0.016612219768028486, 0.016549870590953267, 0.017213777556796286, 0.01760461458059795], "train_loss": [0.2927798628807068, 10.722370147705078, 0.09447459876537323, 0.39037448167800903, 0.27209389209747314, 0.16730931401252747, 0.11817117780447006, 0.09415559470653534, 0.09970185160636902, 0.1095297560095787, 0.09841117262840271, 0.09009145200252533, 0.0902993232011795, 0.09295779466629028, 0.09277015924453735, 0.08928944915533066, 0.08505693078041077, 0.08370841294527054, 0.08526928722858429, 0.08439554274082184, 0.07956038415431976, 0.07686154544353485, 0.07602913677692413, 0.07388268411159515, 0.07012051343917847, 0.06812644004821777, 0.06462845206260681, 0.06107119470834732, 0.0585169717669487, 0.05421896651387215, 0.05195252597332001, 0.05033399164676666, 0.04638760909438133, 0.044760458171367645, 0.0451919361948967, 0.04375787079334259, 0.03933430463075638, 0.03935668617486954, 0.03914232179522514, 0.035637833178043365, 0.036269836127758026, 0.03914886340498924, 0.03400779142975807, 0.03387721627950668, 0.03545425459742546, 0.0310848169028759, 0.03314730152487755, 0.03281756490468979, 0.02958127297461033, 0.03182494640350342, 0.02893022447824478, 0.029988883063197136, 0.028714576736092567, 0.028041508048772812, 0.028533916920423508, 0.02662736177444458, 0.02761896699666977, 0.026151997968554497, 0.02580859884619713, 0.026007145643234253, 0.024537760764360428, 0.02487514168024063, 0.024477757513523102, 0.023232847452163696, 0.023569278419017792, 0.023827100172638893, 0.02244754135608673, 0.02161569893360138, 0.021976374089717865, 0.022212963551282883, 0.021873842924833298, 0.020629286766052246, 0.019844714552164078, 0.019855191931128502, 0.02031181938946247], "train_mae": [258.2991027832031, 2046.893310546875, 30.056406021118164, 323.7420654296875, 250.16793823242188, 154.47874450683594, 84.16670227050781, 28.112821578979492, 72.77604675292969, 102.41806030273438, 74.94444274902344, 35.648956298828125, 26.056093215942383, 34.26459503173828, 36.679927825927734, 30.41061019897461, 25.51613998413086, 35.665740966796875, 55.078636169433594, 60.08001708984375, 39.5906982421875, 27.52463150024414, 25.21700668334961, 25.21998405456543, 27.686546325683594, 40.88562774658203, 38.26994705200195, 25.564979553222656, 25.152130126953125, 31.734424591064453, 36.586788177490234, 25.455493927001953, 27.290550231933594, 31.138076782226562, 29.199472427368164, 42.07186508178711, 20.594940185546875, 24.210182189941406, 34.13877868652344, 17.79899787902832, 23.95012855529785, 47.23356628417969, 19.35478973388672, 23.388885498046875, 35.65901565551758, 13.30211067199707, 29.705177307128906, 30.142396926879883, 12.931867599487305, 26.58608627319336, 15.653976440429688, 27.37796401977539, 15.435514450073242, 14.389467239379883, 23.91829490661621, 10.482972145080566, 19.797176361083984, 13.369370460510254, 14.229358673095703, 16.117074966430664, 9.842805862426758, 18.08024787902832, 13.158122062683105, 8.118184089660645, 17.12043571472168, 19.739185333251953, 13.05904769897461, 7.233072280883789, 14.237288475036621, 22.114355087280273, 19.179012298583984, 13.093984603881836, 5.933182239532471, 10.04362678527832, 19.398746490478516], "val_mae": [1901.265993006089, 34.80748311211081, 283.4713343452005, 216.0139695335837, 128.03020460465376, 63.127688576193414, 22.71940018148983, 81.44827371485093, 108.68413644678452, 83.39514171375947, 44.21901310191435, 22.026076933916876, 25.508191052605124, 26.801226335413315, 23.31462355221019, 24.028710757984836, 44.293959112728345, 64.98689595390769, 69.51235075557933, 49.208475337309, 29.84637159459731, 22.313886530259076, 22.169306811164407, 30.27619967741125, 50.6299248863669, 47.49921922122731, 25.17899569343118, 21.291802911197436, 38.49495326771456, 45.20024613773121, 20.258529887479895, 30.436273238238165, 37.81882757299087, 21.143458310295554, 49.217729680678424, 17.165289934943704, 17.369179108563593, 40.259898354025445, 14.464685215669519, 16.77637212416705, 50.87776127983542, 13.888506047865924, 16.01427448497099, 37.941644444185144, 9.343303343828987, 21.00237195632037, 32.02303718118107, 13.037289338953356, 18.114017710966223, 18.0386698105756, 30.118001825669232, 10.433603959925035, 9.486051896039177, 25.907055013320026, 9.345202165491441, 13.449857263004079, 15.39452990363626, 16.549098070930032, 10.660031935747933, 9.82415490991929, 19.90868714276482, 8.563982009887695, 7.695847679586971, 18.11144817576689, 14.619042564840878, 14.152446410235237, 7.546845716588638, 10.192251990823184, 21.668734718771542, 14.755011951222139, 13.56525207968319, 5.214121538050034, 7.504348867079791, 18.489135966581458, 21.606399592231302], "train_rmse": [267.2347717285156, 2063.5322265625, 34.4011344909668, 332.5681457519531, 258.5239562988281, 162.827392578125, 94.0193862915039, 35.77873611450195, 75.76988220214844, 103.89740753173828, 77.74771118164062, 40.8585205078125, 32.46619415283203, 44.621891021728516, 47.332210540771484, 39.389583587646484, 30.071456909179688, 40.90810012817383, 59.62661361694336, 64.06219482421875, 44.97599792480469, 31.160261154174805, 30.43401527404785, 30.507688522338867, 31.33784294128418, 46.25590515136719, 43.55390930175781, 29.514307022094727, 30.94033432006836, 36.488037109375, 41.70927810668945, 32.19921112060547, 30.858308792114258, 35.64071273803711, 38.605224609375, 45.85626220703125, 25.113727569580078, 32.00716781616211, 37.653079986572266, 22.065160751342773, 31.723834991455078, 48.773902893066406, 25.228252410888672, 30.538713455200195, 37.03140640258789, 17.25467872619629, 35.58037185668945, 31.512025833129883, 14.408418655395508, 32.81719207763672, 17.626230239868164, 29.086917877197266, 20.643434524536133, 19.348398208618164, 25.456987380981445, 11.768799781799316, 24.87041664123535, 15.204745292663574, 16.240907669067383, 21.18926429748535, 11.076979637145996, 19.6398983001709, 17.696073532104492, 9.420022964477539, 18.42062759399414, 22.97987937927246, 14.598465919494629, 8.451495170593262, 17.281084060668945, 23.029739379882812, 21.81332778930664, 14.573528289794922, 7.031296730041504, 12.561954498291016, 20.518482208251953],