{"val_loss": [9.39405357136446, 0.0819320554351982, 0.31838369720122395, 0.22022654861211777, 0.13505807644961512, 0.09621844900881543, 0.07912267092615366, 0.08866049261654124, 0.09872768841245595, 0.08758652040406185, 0.07803198213086408, 0.07605375678223722, 0.07720351687577717, 0.07681518349358264, 0.0743662082206677, 0.07190404618706774, 0.07231021825881566, 0.07486587631351807, 0.0743392421042218, 0.06888704062165583, 0.0652075253207894, 0.06358348416602787, 0.06165955782703617, 0.05929432990139022, 0.0588998446953209, 0.055695501293110496, 0.05105683678651557, 0.048268433057648295, 0.04646841883111526, 0.04520492288557922, 0.041525598903022265, 0.04008642907309182, 0.03957296012188582, 0.03724204940611825, 0.03981053459403269, 0.033679896349306494, 0.03288049742524676, 0.035141526283148455, 0.03031595514210708, 0.030066230156294563, 0.03536393294823082, 0.02821502711295205, 0.028184051283032578, 0.03127089463283911, 0.02626911269993905, 0.02773566191385993, 0.02803298465304953, 0.02582036590148859, 0.026118038085234517, 0.02431454903939191, 0.02653065522420494, 0.0235407494200284, 0.02383944407269797, 0.024075969170285937, 0.023181977873558506, 0.022937094258582768, 0.021918154650313014, 0.023079529993564767, 0.02143910455325728, 0.02078090567032204, 0.021784232374664175, 0.020027607816326266, 0.01978195968823617, 0.020385296501712325, 0.01893482915372314, 0.018574284129392576, 0.01943266810849309, 0.01890742582241621, 0.01820741337039234, 0.017265306320041418, 0.017275185591322097, 0.01796710360384382, 0.01770090828786659, 0.017267940565943718, 0.016144442639094505, 0.01575214189805967, 0.015998960856129143, 0.01622998425463105, 0.017213485470753822, 0.017622199484749752, 0.016995342455201727, 0.015209676430779783, 0.01428358507109806, 0.015245142622220823, 0.016304916825474185, 0.015289377078742665, 0.013757772764245816, 0.013718600076732828, 0.01491908378460828, 0.015883034882683528, 0.014220663219662932, 0.012872620006365812, 0.013450547587126493, 0.014199548524201792, 0.013700129443724804, 0.012559153519653003, 0.01252217510687735, 0.013290847699596164, 0.013863745070172144, 0.014151246571118999], "train_mae": [2046.893, 30.056, 323.742, 250.168, 154.479, 84.167, 28.113, 72.777, 102.419, 74.945, 35.649, 26.056, 34.265, 36.681, 30.411, 25.516, 35.662, 55.077, 60.086, 39.596, 27.526, 25.217, 25.22, 27.688, 40.902, 38.267, 25.559, 25.151, 31.737, 36.599, 25.445, 27.252, 31.189, 29.199, 41.961, 20.584, 24.208, 34.008, 17.884, 24.362, 47.58, 19.437, 24.891, 36.233, 12.699, 32.046, 27.663, 16.818, 25.882, 13.11, 30.497, 12.651, 19.228, 18.693, 14.19, 19.325, 10.345, 22.48, 13.568, 10.165, 22.253, 9.325, 10.854, 19.354, 8.473, 8.03, 20.407, 20.271, 15.225, 6.534, 11.926, 21.359, 23.209, 18.992, 10.265, 5.742, 11.825, 19.268, 27.323, 32.408, 29.458, 16.736, 5.774, 20.029, 28.204, 24.024, 6.908, 8.799, 23.481, 30.376, 22.042, 5.905, 15.212, 24.494, 20.288, 9.669, 10.65, 19.992, 24.79, 26.937], "train_rmse": [2063.532, 34.401, 332.568, 258.524, 162.828, 94.019, 35.779, 75.771, 103.898, 77.748, 40.859, 32.467, 44.623, 47.333, 39.391, 30.072, 40.904, 59.625, 64.067, 44.982, 31.162, 30.434, 30.51, 31.34, 46.27, 43.551, 29.512, 30.938, 36.491, 41.722, 32.177, 30.807, 35.697, 38.604, 45.754, 25.083, 32.007, 37.523, 22.039, 32.208, 49.057, 25.555, 32.067, 37.622, 15.554, 38.133, 29.375, 19.145, 32.269, 14.674, 31.904, 16.545, 24.935, 20.83, 16.138, 24.634, 11.791, 23.996, 18.359, 13.197, 23.378, 12.579, 14.897, 20.394, 11.867, 11.165, 21.382, 23.161, 16.533, 7.622, 14.652, 22.33, 25.321, 20.099, 12.632, 7.019, 13.49, 21.546, 28.311, 34.552, 30.471, 19.039, 7.051, 21.147, 30.502, 25.067, 9.212, 11.382, 24.607, 32.499, 23.215, 7.184, 17.563, 25.581, 22.601, 11.334, 12.392, 22.318, 25.918, 29.251], "train_underestimate": [0.0, 2.809, 161.041, 124.443, 76.843, 41.867, 10.675, 0.0, 0.0, 0.0, 1.049, 8.49, 15.639, 17.121, 12.836, 5.935, 1.008, 0.0, 0.0, 0.568, 3.547, 6.909, 7.01, 3.339, 0.387, 0.59, 4.849, 7.621, 1.365, 0.595, 8.91, 2.423, 0.939, 13.12, 0.058, 5.788, 10.516, 0.091, 5.32, 11.404, 0.0, 8.458, 12.117, 0.0, 3.682, 15.926, 0.0, 0.44, 12.757, 2.24, 0.0, 4.923, 9.446, 0.038, 0.391, 9.541, 1.994, 0.0, 6.362, 3.85, 0.0, 3.854, 5.198, 0.0, 3.905, 3.606, 0.0, 10.084, 0.0, 1.074, 5.864, 0.0, 11.545, 0.0, 5.002, 1.591, 0.0, 9.584, 0.0, 16.121, 0.0, 8.312, 1.23, 0.0, 14.03, 0.0, 2.972, 4.186, 0.0, 15.11, 0.0, 1.125, 7.533, 0.0, 10.092, 0.167, 0.089, 9.945, 0.0, 13.4], "train_overestimate": [1018.196, 12.142, 0.0, 0.0, 0.0, 0.0, 3.309, 36.202, 50.947, 37.28, 16.684, 4.471, 1.405, 1.126, 2.291, 6.758, 16.732, 27.397, 29.889, 19.128, 10.145, 5.635, 5.535, 10.434, 19.958, 18.445, 7.865, 4.89, 14.422, 17.61, 3.748, 11.133, 14.576, 1.405, 20.815, 4.451, 1.526, 16.825, 3.576, 0.715, 23.668, 1.211, 0.265, 18.024, 2.635, 0.014, 13.76, 7.926, 0.118, 4.282, 15.171, 1.37, 0.119, 9.261, 6.668, 0.071, 3.152, 11.183, 0.387, 1.206, 11.07, 0.785, 0.201, 9.627, 0.31, 0.388, 10.151, 0.0, 7.573, 2.176, 0.068, 10.625, 0.0, 9.447, 0.104, 1.265, 5.882, 0.0, 13.591, 0.0, 14.653, 0.013, 1.642, 9.963, 0.0, 11.95, 0.464, 0.191, 11.68, 0.0, 10.964, 1.812, 0.034, 12.184, 0.0, 4.642, 5.209, 0.0, 12.331, 0.0], "train_difference": [1018.196, 14.951, 161.041, 124.443, 76.843, 41.867, 13.984, 36.202, 50.947, 37.28, 17.733, 12.961, 17.045, 18.246, 15.128, 12.692, 17.739, 27.397, 29.889, 19.697, 13.693, 12.544, 12.546, 13.773, 20.346, 19.035, 12.714, 12.511, 15.787, 18.205, 12.657, 13.556, 15.515, 14.525, 20.873, 10.239, 12.042, 16.917, 8.896, 12.118, 23.668, 9.669, 12.382, 18.024, 6.317, 15.941, 13.76, 8.366, 12.874, 6.521, 15.171, 6.293, 9.565, 9.299, 7.059, 9.613, 5.146, 11.183, 6.749, 5.056, 11.07, 4.639, 5.399, 9.627, 4.215, 3.994, 10.151, 10.084, 7.573, 3.25, 5.933, 10.625, 11.545, 9.447, 5.106, 2.856, 5.882, 9.584, 13.591, 16.121, 14.653, 8.325, 2.872, 9.963, 14.03, 11.95, 3.436, 4.377, 11.68, 15.11, 10.964, 2.937, 7.567, 12.184, 10.092, 4.81, 5.298, 9.945, 12.331, 13.4], "val_mae": [1901.266, 34.807, 283.471, 216.014, 128.03, 63.128, 22.719, 81.449, 108.685, 83.396, 44.219, 22.026, 25.509, 26.802, 23.315, 24.027, 44.289, 64.985, 69.518, 49.216, 29.851, 22.314, 22.166, 30.28, 50.646, 47.496, 25.166, 21.292, 38.499, 45.215, 20.255, 30.357, 37.893, 21.143, 49.113, 17.183, 17.364, 40.12, 14.687, 17.011, 51.064, 13.719, 16.899, 38.626, 10.119, 22.726, 30.135, 19.693, 17.523, 12.281, 32.789, 8.758, 12.785, 21.343, 16.402, 12.998, 9.148, 24.463, 8.82, 6.963, 23.394, 6.031, 7.034, 19.833, 5.653, 5.396, 20.576, 15.308, 15.902, 6.242, 8.526, 20.582, 18.844, 18.095, 7.762, 4.742, 12.338, 15.266, 25.521, 26.845, 27.056, 13.163, 4.998, 19.008, 23.055, 22.382, 5.323, 6.817, 21.774, 25.379, 20.338, 4.962, 12.138, 22.855, 16.505, 9.667, 10.604, 16.273, 23.005, 22.116], "val_rmse": [1925.002, 39.615, 293.42, 225.174, 136.833, 73.443, 27.151, 82.813, 109.331, 84.656, 47.724, 26.714, 31.216, 33.066, 28.141, 28.922, 47.707, 67.021, 71.318, 52.063, 34.375, 27.032, 26.866, 34.717, 53.176, 50.23, 29.839, 25.751, 41.917, 47.712, 24.379, 34.227, 40.49, 26.243, 50.54, 20.68, 21.594, 41.412, 17.694, 21.856, 51.802, 17.36, 22.234, 39.413, 12.158, 28.149, 31.074, 20.902, 22.968, 14.3, 33.615, 11.316, 17.24, 22.324, 17.415, 17.232, 10.842, 25.382, 12.298, 9.188, 24.388, 8.551, 10.106, 21.04, 8.192, 7.764, 21.844, 17.642, 17.265, 7.674, 10.864, 22.197, 20.471, 19.943, 9.732, 6.469, 13.989, 17.081, 27.256, 28.571, 28.92, 15.061, 6.736, 20.676, 24.913, 24.073, 7.136, 8.745, 23.505, 27.079, 22.12, 6.8, 14.019, 24.393, 18.372, 11.261, 12.227, 18.157, 24.507, 24.069],