{"val_loss": [0.13130828531252015, 0.11516999329129855, 0.0934432510079609, 0.08734464231464598, 0.0725423459791475, 0.07033409747398561, 0.06358666666265991, 0.07364640208996004, 0.05956308331547512, 0.053748480716927186, 0.05038522556424141, 0.04894835512257285, 0.04842541511687967, 0.04982619065170487, 0.04737372732617789, 0.047374269718097314, 0.0455288161109719, 0.043094385829236775, 0.04795635056992372, 0.048267674528890185, 0.045375087660633855, 0.0429733087722626, 0.043571204205767974, 0.04373171997980939, 0.04717350037147602, 0.04417604689175884, 0.04263361884901921, 0.04129640551076995, 0.04192073674251636, 0.043594932907985315, 0.0409210202180677, 0.040655677310294576, 0.04269353714254168, 0.038860096130520105, 0.0466639766883519, 0.03915547403610415, 0.03828429549725519, 0.03874608682882455, 0.0381708977640503, 0.03867407644995385, 0.03899878113427096, 0.03804485903431972, 0.040279543596423335, 0.03922461961499519, 0.0375172142456803, 0.037179669468767114, 0.04152724922945102, 0.0422902801591489, 0.04101236562968956, 0.03865168186732464, 0.037190115907126, 0.038862527503321566, 0.03714541868410177, 0.036780372365481324, 0.040031340490612716, 0.03953000127027432, 0.03960796042035023, 0.037374932784587145, 0.037566551783432565, 0.03861694110350476, 0.04201149754226208, 0.03902823483157489, 0.03881509777986341, 0.03683345459608568, 0.038340614513597555, 0.037063151960157685, 0.037042921822932035, 0.03716243850067258, 0.03790315721804897, 0.03775091464113858, 0.03775591211807397, 0.03643106472575002, 0.03649489268557065, 0.03647936834022403, 0.036625460980253086, 0.038379442464146346, 0.03752088386358486, 0.03589248354546726, 0.036823530629691154, 0.03674337102307214, 0.040889782986293234, 0.038723927612106, 0.037817333462751575, 0.03978435286424226, 0.03616999105239908, 0.03627891724722253, 0.03697153279143903, 0.036717697719319, 0.03819911849374572, 0.0361296735290024, 0.03572365843380491, 0.03699470508015818, 0.03596325803341137, 0.03649001234831909, 0.03679516383757194, 0.03645266892595424, 0.037038478224227823, 0.03626588142166535, 0.035666428325283855, 0.03731734347012308], "train_mae": [38.381, 33.939, 7.627, 46.836, 29.865, 32.85, 4.158, 48.558, 4.852, 25.419, 6.097, 9.675, 6.138, 22.584, 4.061, 5.479, 11.31, 11.991, 23.949, 5.298, 4.017, 3.763, 4.768, 14.517, 9.186, 5.778, 18.487, 3.62, 5.5, 4.816, 5.335, 4.892, 19.458, 6.154, 26.007, 5.556, 11.549, 11.178, 3.797, 4.871, 3.831, 13.345, 3.346, 17.175, 7.361, 7.507, 20.662, 3.603, 19.424, 15.569, 8.638, 2.976, 4.59, 7.974, 19.153, 18.491, 2.931, 4.103, 8.599, 6.164, 4.352, 11.609, 6.363, 6.11, 15.854, 6.088, 14.456, 2.757, 2.699, 7.1, 14.262, 8.035, 11.63, 3.292, 3.176, 2.969, 12.609, 7.855, 2.542, 6.687, 17.843, 4.341, 4.005, 20.093, 7.404, 5.301, 14.711, 2.217, 2.413, 9.651, 8.435, 13.602, 6.451, 4.006, 14.316, 9.062, 8.601, 5.409, 5.944, 3.522], "train_rmse": [45.558, 34.849, 9.211, 48.697, 31.017, 33.7, 5.571, 51.026, 6.127, 27.625, 7.531, 11.534, 7.48, 24.533, 4.862, 6.885, 13.396, 13.962, 25.936, 6.557, 4.853, 4.704, 5.867, 15.386, 9.919, 7.119, 19.756, 4.419, 6.581, 5.655, 6.503, 6.119, 20.284, 7.447, 27.361, 6.776, 12.679, 12.371, 4.796, 5.883, 4.845, 15.156, 4.038, 18.474, 8.628, 8.598, 21.656, 4.37, 20.3, 16.8, 9.652, 3.751, 5.626, 9.195, 20.039, 19.558, 3.55, 4.989, 9.608, 7.429, 5.421, 12.591, 7.774, 7.127, 16.938, 7.313, 15.857, 3.466, 3.323, 7.96, 15.743, 8.92, 12.518, 4.088, 3.976, 3.544, 13.625, 8.905, 3.14, 7.498, 18.909, 5.378, 4.907, 21.587, 8.436, 6.365, 15.873, 2.819, 2.879, 11.162, 9.479, 14.706, 7.45, 4.702, 15.275, 10.347, 9.125, 6.01, 6.745, 4.337], "train_underestimate": [20.301, 0.0, 1.63, 24.957, 15.913, 17.504, 0.444, 25.874, 2.246, 13.544, 2.504, 4.645, 3.192, 12.034, 0.793, 2.781, 5.728, 6.341, 12.761, 2.279, 1.315, 1.537, 1.982, 7.735, 0.0, 2.765, 9.851, 0.734, 2.149, 0.228, 2.527, 2.4, 10.368, 3.02, 13.858, 2.862, 6.154, 5.956, 1.731, 2.19, 1.886, 7.106, 0.622, 9.152, 3.881, 3.994, 11.01, 0.278, 10.35, 8.296, 4.602, 1.071, 2.202, 4.236, 10.206, 9.853, 0.654, 1.791, 4.58, 2.892, 0.116, 6.186, 3.286, 3.222, 8.448, 3.2, 7.703, 0.383, 0.31, 3.783, 7.599, 4.279, 6.197, 1.385, 1.42, 0.548, 6.719, 4.174, 0.525, 3.563, 9.507, 2.26, 1.833, 10.706, 3.939, 2.782, 7.839, 0.706, 0.555, 5.135, 4.489, 7.248, 3.428, 2.076, 7.628, 4.825, 4.583, 2.847, 3.156, 1.121], "train_overestimate": [0.15, 18.084, 2.433, 0.0, 0.0, 0.0, 1.772, 0.0, 0.339, 0.0, 0.744, 0.511, 0.078, 0.0, 1.371, 0.139, 0.298, 0.049, 0.0, 0.545, 0.825, 0.468, 0.558, 0.0, 4.895, 0.314, 0.0, 1.194, 0.782, 2.338, 0.315, 0.206, 0.0, 0.259, 0.0, 0.099, 0.0, 0.0, 0.293, 0.405, 0.155, 0.005, 1.161, 0.0, 0.041, 0.006, 0.0, 1.642, 0.0, 0.0, 0.0, 0.515, 0.244, 0.012, 0.0, 0.0, 0.907, 0.396, 0.002, 0.392, 2.203, 0.0, 0.104, 0.034, 0.0, 0.044, 0.0, 1.086, 1.128, 0.0, 0.0, 0.003, 0.0, 0.37, 0.272, 1.034, 0.0, 0.012, 0.829, 0.0, 0.0, 0.054, 0.301, 0.0, 0.007, 0.042, 0.0, 0.475, 0.73, 0.007, 0.006, 0.0, 0.01, 0.059, 0.0, 0.003, 0.0, 0.036, 0.011, 0.755], "train_difference": [20.451, 18.084, 4.064, 24.957, 15.913, 17.504, 2.216, 25.874, 2.585, 13.544, 3.249, 5.155, 3.27, 12.034, 2.164, 2.92, 6.026, 6.389, 12.761, 2.823, 2.14, 2.005, 2.54, 7.735, 4.895, 3.079, 9.851, 1.929, 2.931, 2.566, 2.843, 2.607, 10.368, 3.279, 13.858, 2.961, 6.154, 5.956, 2.023, 2.595, 2.041, 7.111, 1.783, 9.152, 3.922, 4.0, 11.01, 1.92, 10.35, 8.296, 4.602, 1.586, 2.446, 4.249, 10.206, 9.853, 1.562, 2.186, 4.582, 3.284, 2.319, 6.186, 3.39, 3.256, 8.448, 3.244, 7.703, 1.469, 1.438, 3.783, 7.599, 4.281, 6.197, 1.754, 1.692, 1.582, 6.719, 4.185, 1.355, 3.563, 9.507, 2.313, 2.134, 10.706, 3.945, 2.825, 7.839, 1.182, 1.285, 5.143, 4.495, 7.248, 3.437, 2.135, 7.628, 4.829, 4.583, 2.882, 3.167, 1.877], "val_mae": [29.738, 35.321, 8.348, 42.694, 27.869, 31.372, 5.463, 43.805, 5.147, 22.508, 5.199, 7.511, 6.502, 19.945, 4.565, 5.247, 9.276, 10.723, 21.22, 4.554, 3.748, 3.537, 4.204, 14.196, 8.128, 5.056, 17.198, 3.439, 5.072, 5.248, 5.037, 4.803, 18.802, 5.648, 24.067, 5.688, 11.031, 10.797, 3.904, 4.189, 4.286, 11.818, 3.793, 15.886, 7.311, 7.609, 19.551, 3.659, 18.449, 14.402, 8.408, 3.109, 4.567, 7.556, 18.336, 17.269, 3.273, 3.9, 8.599, 4.998, 3.972, 11.279, 5.75, 6.37, 14.81, 5.975, 13.125, 2.692, 3.089, 7.061, 12.959, 7.999, 11.214, 3.171, 4.043, 3.486, 11.989, 7.659, 3.124, 7.012, 17.021, 5.214, 3.95, 18.682, 7.454, 5.526, 13.836, 3.234, 3.269, 8.904, 8.15, 12.791, 6.686, 4.945, 13.614, 8.557, 9.45, 6.185, 6.405, 3.826], "val_rmse": [39.191, 36.278, 10.017, 44.882, 29.277, 32.438, 6.754, 46.667, 6.862, 25.041, 7.616, 10.695, 8.029, 22.171, 5.309, 6.85, 12.15, 12.935, 23.521, 6.656, 5.151, 5.019, 6.047, 15.083, 9.048, 7.088, 18.705, 4.33, 6.998, 6.011, 6.638, 6.483, 19.864, 7.437, 25.754, 7.078, 12.289, 12.357, 5.512, 6.19, 5.484, 14.163, 4.763, 17.506, 8.581, 8.942, 20.871, 4.48, 19.571, 15.996, 9.703, 4.528, 6.026, 8.975, 19.493, 18.549, 4.67, 5.417, 9.66, 7.349, 5.333, 12.367, 7.538, 7.414, 16.262, 7.516, 15.048, 3.535, 3.915, 8.135, 14.707, 9.043, 12.48, 4.645, 4.944, 4.294, 13.261, 8.923, 4.167, 8.053, 18.56, 6.799, 5.721, 20.674, 8.971, 7.157, 15.557, 4.153, 4.089, 11.015, 9.674, 14.414, 8.257, 6.21, 14.829, 10.348, 10.32, 7.27, 7.686, 5.223], "val_underestimate": [17.483, 0.0, 1.383, 25.472, 16.627, 18.717, 0.994, 26.135, 2.633, 13.429, 2.157, 3.899, 3.813, 11.899, 0.96, 2.973, 5.16, 6.272, 12.661, 2.148, 1.386, 1.671, 1.914, 8.47, 0.025, 2.695, 10.261, 0.825, 1.992, 0.401, 2.672, 2.664, 11.217, 3.061, 14.359, 3.255, 6.582, 6.442, 2.029, 2.118, 2.41, 7.032, 0.811, 9.478, 4.241, 4.509, 11.664, 0.626, 11.007, 8.592, 4.99, 1.331, 2.452, 4.441, 10.94, 10.303, 0.914, 1.913, 5.116, 2.562, 0.377, 6.729, 3.271, 3.751, 8.836, 3.444, 7.831, 0.637, 0.774, 4.173, 7.731, 4.755, 6.691, 1.517, 2.191, 0.78, 7.153, 4.54, 0.97, 4.152, 10.155, 3.009, 2.026, 11.146, 4.407, 3.196, 8.255, 1.251, 1.018, 5.28, 4.836, 7.632, 3.945, 2.834, 8.122, 5.079, 5.638, 3.633, 3.783, 1.261],