{"val_loss": [0.031100274576397424, 0.020948049716986297, 0.01627284800633788], "train_mae": [16.388, 5.573, 6.084], "train_rmse": [19.457, 7.693, 8.076], "train_underestimate": [38.011, 6.182, 10.287], "train_overestimate": [0.515, 6.921, 4.017], "train_difference": [38.527, 13.102, 14.304], "val_mae": [16.843, 6.771, 6.074], "val_rmse": [19.82, 8.874, 8.281], "val_underestimate": [37.444, 8.992, 10.54], "val_overestimate": [0.116, 6.109, 3.005], "val_difference": [37.56, 15.1, 13.545], "train_loss": [0.0469101005135518, 0.024797256232316916, 0.017114605157661975], "train_size": 900, "val_size": 89, "rand_seed": 9001, "shuffle": true, "loss_name": "logcosh", "img_dim": [720, 1280, 3], "patch_dim": [720, 1280, 3], "patches_per_image": 1, "density_map_sigma": 10, "density_map_multiplication_factor": 2000.0, "sub_experiment_name": "carpk/sigma_10_loss_logcosh_full_img_epochs_3", "architecture": "UNet"}