{"val_loss": [0.0816117376507668, 0.052850833644023106, 0.044201620320758125, 0.035648844958272544, 0.031962469848019356, 0.027795047776543357, 0.02776459295281701, 0.02802356764716044, 0.025690790145459136, 0.023301932856105687], "train_mae": [12.311, 7.185, 7.714, 5.272, 5.54, 3.088, 5.614, 6.814, 4.888, 5.572], "train_rmse": [14.952, 9.477, 9.696, 6.798, 6.863, 4.56, 6.841, 8.081, 6.18, 6.342], "train_underestimate": [4.909, 6.032, 3.456, 3.557, 1.683, 5.291, 9.226, 15.912, 11.123, 0.395], "train_overestimate": [24.033, 10.86, 14.679, 8.837, 11.341, 1.968, 3.973, 0.106, 0.368, 12.705], "train_difference": [28.942, 16.892, 18.134, 12.394, 13.023, 7.259, 13.199, 16.019, 11.491, 13.1], "val_mae": [12.899, 7.26, 7.853, 5.923, 5.672, 4.122, 5.408, 7.557, 6.18, 5.067], "val_rmse": [15.588, 9.777, 10.354, 7.695, 6.812, 5.871, 6.532, 8.782, 7.644, 5.894], "val_underestimate": [5.578, 6.858, 5.634, 5.819, 2.927, 7.734, 8.625, 16.673, 13.586, 0.564], "val_overestimate": [23.186, 9.331, 11.879, 7.389, 9.722, 1.458, 3.435, 0.178, 0.195, 10.736], "val_difference": [28.764, 16.189, 17.513, 13.208, 12.649, 9.192, 12.06, 16.851, 13.781, 11.3], "train_loss": [0.20947421290782384, 0.06306641204282641, 0.04713631534237518, 0.03672186383964597, 0.030776195848076088, 0.02728265196382482, 0.02413905095684135, 0.022267928985464903, 0.020125743245330847, 0.019984754449170496], "train_size": 900, "val_size": 89, "rand_seed": 9001, "shuffle": true, "loss_name": "mean_squared_error", "img_dim": [720, 1280, 3], "patch_dim": [720, 1280, 3], "patches_per_image": 1, "density_map_sigma": 10, "density_map_multiplication_factor": 2000.0, "sub_experiment_name": "carpk/sigma_10_loss_mse_full_img_epochs_10", "architecture": "UNet"}