{"val_loss": [0.04462953330948949, 0.026126949608118996, 0.022553308271906443, 0.024303045072075393, 0.020677876011985872, 0.016803873664078612, 0.015615208747072352, 0.014702918344280787, 0.012681788777829044, 0.01175981507791827, 0.011252574764916467, 0.010647452138881717, 0.010052601974974904, 0.009757258049729798, 0.010109533419987807, 0.009255197752888003, 0.008581709866929386, 0.008624433378119849, 0.008000385869915286, 0.0073779338013587725, 0.006654370168689638, 0.00650805675993777, 0.006186920014442876, 0.006057482681676952, 0.005780685987297652, 0.005530517215245507, 0.006031357191710008, 0.006138482486777421, 0.005416457411936588, 0.005172687149347944, 0.004875311230231698, 0.0044898894977652365, 0.0043804199958685786, 0.0041806417122845435, 0.004123746103788208, 0.004021296609102542, 0.003954319684352312, 0.004894446655978552, 0.004320095985248271, 0.00446433887959251, 0.004060814365705785, 0.00384440658833935, 0.004499329509498138, 0.004715619311254058, 0.00433306423171113, 0.004536234110774886, 0.004439628802679686, 0.0039575962032864075, 0.0037690227198052323, 0.003660172269317425, 0.0037616234557289216, 0.0036192822234524, 0.003609519083208094, 0.003599475705414079, 0.003554906071965686, 0.003776092198677361, 0.003893285391515949, 0.0037204436763810613, 0.003520185622619465, 0.003442584465826965, 0.0037992785865854886, 0.0037743907030542484, 0.0035073795362323937, 0.003373370827628403, 0.003446012428159722, 0.003322303634680187, 0.003321404331169712, 0.003280734032159671, 0.003361285777322741, 0.0033230638331992347, 0.0035700414607870495, 0.0032952229311275813, 0.003266495691301922, 0.004027189237401924, 0.004069708504377761, 0.00382285754636137, 0.003360938643001848, 0.0034107600351692075, 0.003210653015735766, 0.0033211400489866114, 0.003278951500154411, 0.0036882182030240074, 0.0032715360220107767, 0.0045147630379587, 0.004202953384568294, 0.003709053022450664, 0.003283843925196884, 0.0032528363630667124, 0.003473804639523021, 0.003536315508730089, 0.00346452537633013, 0.0033981429037844967, 0.003517697571725067, 0.0031985134604231766, 0.0036776628856184995, 0.003421802840117986, 0.003353922430606973, 0.0032023424185657254, 0.0035082135000266135, 0.0031475000869249925], "train_mae": [128.51, 45.818, 53.758, 94.806, 77.896, 55.441, 35.382, 43.395, 19.382, 12.919, 10.211, 9.212, 7.56, 10.895, 28.955, 16.47, 7.482, 21.724, 17.612, 15.09, 5.526, 12.817, 7.016, 13.394, 7.952, 6.337, 21.978, 25.373, 18.403, 15.306, 13.468, 4.398, 3.891, 3.909, 5.621, 5.581, 5.623, 26.777, 17.203, 15.857, 11.779, 8.701, 23.173, 21.031, 14.99, 19.041, 11.769, 9.514, 7.745, 3.135, 8.43, 3.789, 4.686, 5.715, 5.387, 13.921, 11.485, 13.373, 6.231, 5.802, 13.976, 15.908, 7.404, 4.796, 8.402, 3.346, 4.417, 3.928, 3.873, 6.177, 10.195, 3.004, 5.45, 14.417, 18.35, 15.312, 7.963, 10.427, 2.772, 8.745, 7.995, 14.506, 8.186, 24.171, 23.895, 16.198, 6.172, 5.095, 11.271, 10.744, 12.701, 11.801, 11.854, 4.422, 16.302, 11.455, 9.983, 5.011, 12.441, 3.49], "train_rmse": [135.716, 48.708, 55.255, 95.188, 78.311, 56.156, 41.63, 44.212, 24.353, 14.401, 11.482, 12.71, 10.657, 14.229, 31.205, 18.82, 8.825, 22.522, 18.676, 16.274, 6.966, 13.943, 8.583, 15.104, 9.048, 7.817, 22.745, 26.678, 19.709, 16.321, 14.598, 5.651, 4.92, 5.079, 6.658, 6.896, 6.609, 27.46, 17.991, 17.049, 12.846, 9.742, 24.152, 22.167, 15.828, 19.927, 13.855, 10.463, 8.86, 4.072, 9.246, 4.822, 5.682, 6.577, 6.295, 14.568, 12.496, 14.069, 7.084, 6.962, 15.339, 16.842, 8.683, 5.998, 9.293, 4.199, 5.588, 4.91, 4.58, 7.304, 10.932, 3.809, 6.322, 15.353, 19.548, 16.214, 8.769, 11.025, 3.475, 9.87, 8.891, 15.493, 8.823, 26.071, 24.451, 17.122, 7.297, 6.225, 12.108, 11.849, 13.523, 12.579, 12.897, 5.134, 17.226, 12.436, 10.922, 6.092, 13.247, 4.522], "train_underestimate": [68.476, 0.011, 0.0, 0.0, 0.0, 0.0, 18.768, 0.0, 9.998, 0.623, 0.878, 4.365, 3.388, 5.712, 15.429, 8.776, 0.186, 0.0, 0.0, 0.007, 0.264, 6.819, 3.588, 0.028, 0.094, 0.135, 11.711, 13.52, 9.806, 8.156, 7.176, 1.882, 1.407, 0.414, 0.172, 2.896, 0.128, 0.0, 9.167, 8.449, 6.277, 4.623, 0.0, 11.206, 7.987, 0.0, 0.019, 0.05, 4.104, 0.669, 0.044, 0.308, 0.154, 0.112, 0.098, 0.0, 0.0, 0.0, 0.076, 3.07, 7.447, 8.477, 3.94, 2.471, 0.017, 1.401, 2.191, 1.924, 0.37, 3.269, 0.0, 0.885, 0.059, 0.0, 9.778, 8.159, 4.243, 0.0, 0.964, 4.658, 0.002, 7.73, 0.015, 0.0, 0.0, 0.0, 0.054, 2.63, 6.006, 5.725, 6.768, 0.0, 0.0, 0.167, 8.686, 6.104, 5.32, 2.561, 0.0, 0.13], "train_overestimate": [0.0, 24.403, 28.644, 50.517, 41.507, 29.541, 0.086, 23.123, 0.33, 6.261, 4.563, 0.543, 0.641, 0.093, 0.0, 0.0, 3.801, 11.575, 9.385, 8.034, 2.681, 0.011, 0.15, 7.109, 4.143, 3.241, 0.0, 0.0, 0.0, 0.0, 0.0, 0.462, 0.666, 1.669, 2.823, 0.078, 2.868, 14.268, 0.0, 0.0, 0.0, 0.014, 12.347, 0.0, 0.0, 10.146, 6.252, 5.02, 0.023, 1.002, 4.448, 1.711, 2.343, 2.933, 2.773, 7.418, 6.12, 7.126, 3.244, 0.022, 0.0, 0.0, 0.006, 0.084, 4.46, 0.382, 0.163, 0.169, 1.694, 0.022, 5.432, 0.716, 2.845, 7.682, 0.0, 0.0, 0.0, 5.556, 0.514, 0.001, 4.258, 0.0, 4.347, 12.879, 12.732, 8.631, 3.234, 0.085, 0.0, 0.0, 0.0, 6.288, 6.316, 2.189, 0.0, 0.0, 0.0, 0.109, 6.629, 1.729], "train_difference": [68.476, 24.414, 28.644, 50.517, 41.507, 29.541, 18.853, 23.123, 10.327, 6.884, 5.441, 4.908, 4.028, 5.805, 15.429, 8.776, 3.987, 11.575, 9.385, 8.041, 2.945, 6.83, 3.738, 7.137, 4.237, 3.376, 11.711, 13.52, 9.806, 8.156, 7.176, 2.343, 2.073, 2.083, 2.995, 2.974, 2.996, 14.268, 9.167, 8.449, 6.277, 4.636, 12.347, 11.206, 7.987, 10.146, 6.271, 5.07, 4.127, 1.67, 4.492, 2.019, 2.497, 3.045, 2.87, 7.418, 6.12, 7.126, 3.32, 3.092, 7.447, 8.477, 3.945, 2.555, 4.477, 1.783, 2.354, 2.093, 2.064, 3.291, 5.432, 1.601, 2.904, 7.682, 9.778, 8.159, 4.243, 5.556, 1.477, 4.66, 4.26, 7.73, 4.362, 12.879, 12.732, 8.631, 3.289, 2.715, 6.006, 5.725, 6.768, 6.288, 6.316, 2.356, 8.686, 6.104, 5.32, 2.67, 6.629, 1.859], "val_mae": [113.008, 51.649, 57.851, 96.067, 79.231, 57.614, 27.671, 45.387, 15.022, 15.629, 12.19, 7.506, 6.277, 8.156, 25.275, 13.837, 8.227, 21.072, 16.451, 13.853, 6.387, 12.187, 6.424, 11.492, 8.071, 6.381, 21.088, 23.205, 16.719, 14.297, 12.4, 4.755, 4.55, 5.011, 6.639, 5.737, 6.106, 25.27, 16.212, 14.299, 10.799, 7.979, 21.189, 19.181, 14.24, 17.466, 9.572, 10.4, 7.499, 3.781, 8.312, 4.107, 5.057, 6.12, 5.587, 12.988, 10.137, 12.384, 6.38, 5.782, 12.472, 14.851, 7.009, 4.933, 7.557, 3.547, 4.362, 4.185, 4.623, 6.032, 9.242, 3.491, 5.253, 12.744, 16.798, 14.431, 8.115, 9.741, 3.408, 8.301, 6.727, 13.598, 7.717, 20.361, 22.054, 14.226, 5.321, 5.292, 10.803, 10.109, 12.316, 10.156, 9.849, 5.075, 15.381, 10.925, 9.703, 5.216, 10.523, 3.419], "val_rmse": [121.973, 54.146, 59.28, 96.487, 79.665, 58.324, 35.921, 46.202, 21.1, 16.662, 13.311, 11.561, 10.027, 12.574, 27.988, 16.762, 9.744, 22.402, 18.347, 16.014, 8.211, 13.841, 8.561, 14.502, 9.658, 8.409, 21.989, 24.633, 18.244, 15.557, 13.851, 6.21, 6.083, 6.248, 7.737, 7.141, 7.343, 26.393, 17.24, 15.854, 12.301, 9.491, 22.721, 20.587, 15.41, 18.642, 12.392, 11.504, 9.042, 4.815, 9.476, 5.195, 6.034, 7.048, 6.589, 13.976, 11.608, 13.356, 7.318, 7.154, 14.344, 16.113, 8.518, 6.279, 8.788, 4.666, 5.93, 5.421, 5.231, 7.489, 10.268, 4.415, 6.217, 13.902, 18.461, 15.727, 9.297, 10.71, 4.391, 9.962, 7.921, 14.988, 8.638, 22.551, 22.796, 15.367, 6.51, 6.826, 12.082, 11.741, 13.529, 11.175, 11.088, 5.841, 16.835, 12.532, 11.163, 6.795, 11.632, 4.325],