{"val_loss": [0.00976747534599888, 0.006210745354217258, 0.005535625825038604, 0.005280424161409268, 0.004821752172146636, 0.004866186996878241, 0.004948508987153592, 0.004637206979061696, 0.004655956507871023, 0.004456161012379145, 0.004522855048676052, 0.004236686538045914, 0.004794806509808576, 0.0045630363118321195, 0.004563866976615614, 0.0040767465477127935, 0.004208406204377431, 0.004566899039726944, 0.004112310661024393, 0.0039408653990582986, 0.004045826309533475, 0.003987644119768126, 0.004104545158096538, 0.0038497026873622366, 0.003907583012626085, 0.00396893432153935, 0.003955284530574692, 0.003748302805701421, 0.0038265905542870958, 0.004149878147579918, 0.003996980781266757, 0.0037212048304996535, 0.004095493240396643, 0.004105426171864725, 0.004368112299958097, 0.003822946495775421, 0.003848442720107628, 0.0038624416513223826, 0.003821442060999449, 0.004018318139060284, 0.0038605997729331755, 0.003917048638119441, 0.003976348757479333, 0.003800143719886632, 0.003879341746302517, 0.003916496951847768, 0.003968956655947242, 0.0039008143307107863, 0.0038464816577877224, 0.004020284083708248], "train_loss": [0.03936201140822959, 0.00780392228080018, 0.006819220690886141, 0.006099196461946121, 0.0050929309418279445, 0.0051512723166524665, 0.0047768074364284985, 0.005004196658774163, 0.004417374562763143, 0.004214429480271065, 0.004523407902524923, 0.004095722719284822, 0.004012398166196363, 0.004066064576363715, 0.00400816832370765, 0.003744915058632614, 0.0038451463096862426, 0.0038288329778879415, 0.0036755529636138817, 0.0036125604492553975, 0.0036398887750692666, 0.0034636227110240725, 0.0035068541628788807, 0.003530212708938052, 0.0034211869642604142, 0.0033416275418858277, 0.003486351026367629, 0.0035511252463038545, 0.0032306915054505225, 0.0033853752074719523, 0.003233950551475573, 0.003088700933403743, 0.003051351511203393, 0.0030387787883228157, 0.0031690651421740768, 0.0030425600380112883, 0.003142259623928112, 0.0029673633271158906, 0.0028308051305430126, 0.0029448273253365187, 0.0027944327903242083, 0.0027416123266448267, 0.002794737316435203, 0.0027298729301037383, 0.002575526910732151, 0.0025877358712023124, 0.0025712545384521945, 0.0025834853386186296, 0.0025321940938738408, 0.002565979220889858], "train_size": 512, "val_size": 1088, "rand_seed": 325, "shuffle": true, "loss_name": "logcosh", "img_dim": [256, 256, 3], "patch_dim": [128, 128, 3], "patches_per_image": 4, "density_map_sigma": 5, "density_map_multiplication_factor": 100.0, "sub_experiment_name": "vgg_cells/n_32_sigma_5_randseed_325_loss_logcosh_patch_4_128x128", "architecture": "FCRN_A"}