{"val_loss": [0.15831179807291312, 0.17793268655591152, 0.09093385688303147, 0.07650782770532019, 0.07007923442870378, 0.06029783504302887, 0.061919220750603604, 0.04106564691071125, 0.036498326986261154, 0.03459161499460392, 0.035939243827563, 0.030786972999682322, 0.03496892637956668, 0.03089411895009963, 0.030445934396565837, 0.02644576591795639, 0.02574898078626789, 0.025047827073756385, 0.024461254943162203, 0.024502335801063216, 0.023150253150721684, 0.023703492541030487, 0.022324406377532902, 0.021969810148755854, 0.02151056723532212, 0.03126606639638981, 0.03600860006340286, 0.03679139130091404, 0.021129877751638347, 0.021255745525088382, 0.03308849120238686, 0.021284734576885754, 0.020569633500760093, 0.024183647789280203, 0.025231988025445712, 0.018204569898764875, 0.018379180986598572, 0.023245852399507865, 0.01721422832377036, 0.016674272517454538, 0.01752682210302309, 0.024347552769433928, 0.01853847722112037, 0.01720518424340031, 0.015528818099376033, 0.01561659452614977, 0.015540523283347926, 0.014635587614440523, 0.014524180133936597, 0.013966331898700446, 0.014623861499678563, 0.014433703320237863, 0.0137953293742612, 0.014381308718036641, 0.013052508176770061, 0.013789067866609377, 0.01338221666896168, 0.01415330682100509, 0.01384408402201884, 0.014899933998308638, 0.013813212359844543, 0.014071113751817714, 0.013874250135439284, 0.01522734431851217, 0.016739232766935053, 0.015304067185806, 0.015305604210452121, 0.012989402378854506, 0.01257888981319197, 0.012751559774829623, 0.01460994842380066, 0.016208677429377157, 0.016230820541215295, 0.014070867608739612, 0.012228656909428537, 0.012758023167193374, 0.012058693470488139, 0.0123307506334694, 0.011979825356427361, 0.011685195943915887, 0.01253548839047332, 0.013581298630657223, 0.014641695607946637, 0.013866733858937068, 0.01287927379941239, 0.01257160259410739, 0.011953831612652935, 0.012704711195136257, 0.016318637596936348, 0.01823755757034044, 0.012042569414274219, 0.011695076814195252, 0.011746039069668554, 0.013764645315378028, 0.01306478725746274, 0.011557205254896818, 0.011001117551452754, 0.011290433912483208, 0.011377371484687662, 0.011337798205204308], "train_mae": [134.433, 174.266, 88.922, 23.076, 22.82, 22.648, 51.026, 18.736, 14.586, 28.249, 45.2, 10.884, 38.297, 27.303, 30.395, 5.956, 10.685, 5.603, 7.305, 15.472, 8.266, 19.157, 5.088, 11.342, 6.37, 57.026, 65.334, 61.663, 5.337, 21.5, 58.247, 14.676, 27.201, 35.583, 36.474, 11.773, 11.38, 39.26, 7.13, 7.711, 19.974, 47.329, 23.82, 23.189, 4.62, 10.871, 12.144, 5.66, 9.369, 8.24, 7.283, 6.463, 7.646, 10.471, 8.267, 14.702, 5.124, 17.824, 9.069, 28.941, 15.374, 10.757, 7.777, 25.444, 28.333, 24.559, 24.993, 10.343, 6.279, 10.096, 20.818, 29.229, 29.849, 19.874, 5.619, 15.567, 4.682, 8.502, 5.343, 5.786, 10.826, 21.037, 26.563, 21.104, 18.03, 12.895, 11.569, 10.096, 35.832, 33.39, 5.467, 11.566, 4.15, 24.718, 19.16, 5.125, 6.21, 4.092, 7.574, 6.139], "train_rmse": [142.469, 180.625, 89.996, 27.539, 27.807, 28.726, 59.35, 21.286, 17.892, 30.061, 45.86, 12.46, 41.551, 30.08, 32.644, 7.534, 11.413, 6.688, 9.194, 16.531, 9.748, 20.668, 6.388, 12.66, 8.004, 58.09, 66.914, 63.875, 7.789, 22.412, 60.215, 16.742, 28.086, 37.02, 38.233, 12.816, 12.836, 40.337, 8.704, 9.127, 21.087, 48.476, 25.115, 24.227, 6.476, 13.188, 13.74, 7.648, 11.508, 10.33, 9.471, 7.934, 9.175, 12.136, 10.377, 16.447, 7.042, 19.222, 11.294, 30.089, 16.547, 12.225, 9.441, 26.423, 29.502, 25.67, 26.366, 11.825, 8.088, 11.609, 22.234, 30.57, 31.162, 21.327, 7.032, 16.63, 6.08, 10.049, 7.053, 7.403, 12.272, 22.208, 27.756, 22.491, 18.997, 14.414, 12.964, 11.876, 36.689, 35.243, 6.975, 12.521, 5.361, 25.836, 20.688, 6.492, 7.311, 5.342, 8.898, 7.436], "train_underestimate": [75.011, 97.236, 0.0, 7.69, 8.373, 9.774, 28.471, 2.052, 5.09, 0.0, 0.0, 1.869, 21.369, 15.234, 16.96, 1.308, 0.247, 0.576, 4.059, 8.633, 0.182, 0.0, 1.831, 6.329, 3.295, 31.819, 36.455, 34.407, 2.292, 0.0, 32.501, 8.189, 0.0, 19.854, 20.352, 0.117, 6.342, 21.906, 3.732, 3.991, 11.145, 26.409, 13.291, 12.939, 1.28, 0.242, 6.759, 0.819, 0.24, 0.251, 0.608, 3.128, 3.92, 5.67, 0.254, 0.078, 1.016, 9.945, 0.223, 0.0, 0.06, 5.877, 4.003, 14.197, 15.809, 13.703, 13.945, 0.14, 0.391, 5.527, 11.616, 16.309, 16.655, 11.089, 2.579, 0.04, 1.325, 4.217, 1.501, 0.367, 6.006, 11.738, 14.822, 11.775, 10.06, 7.195, 6.444, 5.396, 19.993, 18.631, 0.306, 0.071, 1.379, 13.792, 10.691, 2.312, 0.251, 1.094, 4.154, 3.178], "train_overestimate": [0.0, 0.0, 49.616, 5.186, 4.36, 2.863, 0.0, 8.402, 3.049, 15.763, 25.221, 4.204, 0.0, 0.0, 0.0, 2.016, 5.715, 2.55, 0.017, 0.0, 4.43, 10.689, 1.008, 0.0, 0.259, 0.0, 0.0, 0.0, 0.686, 11.997, 0.0, 0.0, 15.178, 0.0, 0.0, 6.452, 0.008, 0.0, 0.246, 0.312, 0.0, 0.0, 0.0, 0.0, 1.298, 5.823, 0.017, 2.34, 4.988, 4.346, 3.455, 0.478, 0.346, 0.172, 4.359, 8.125, 1.843, 0.0, 4.837, 16.149, 8.518, 0.125, 0.336, 0.0, 0.0, 0.0, 0.0, 5.631, 3.113, 0.106, 0.0, 0.0, 0.0, 0.0, 0.556, 8.646, 1.288, 0.527, 1.48, 2.862, 0.034, 0.0, 0.0, 0.0, 0.0, 0.0, 0.011, 0.238, 0.0, 0.0, 2.745, 6.383, 0.936, 0.0, 0.0, 0.547, 3.214, 1.189, 0.073, 0.247], "train_difference": [75.011, 97.236, 49.616, 12.876, 12.733, 12.637, 28.471, 10.454, 8.139, 15.763, 25.221, 6.073, 21.369, 15.234, 16.96, 3.323, 5.962, 3.127, 4.076, 8.633, 4.613, 10.689, 2.839, 6.329, 3.554, 31.819, 36.455, 34.407, 2.978, 11.997, 32.501, 8.189, 15.178, 19.854, 20.352, 6.569, 6.35, 21.906, 3.978, 4.303, 11.145, 26.409, 13.291, 12.939, 2.578, 6.066, 6.776, 3.158, 5.228, 4.598, 4.064, 3.606, 4.266, 5.843, 4.613, 8.203, 2.859, 9.945, 5.06, 16.149, 8.578, 6.002, 4.339, 14.197, 15.809, 13.703, 13.945, 5.771, 3.504, 5.633, 11.616, 16.309, 16.655, 11.089, 3.135, 8.686, 2.613, 4.744, 2.981, 3.229, 6.041, 11.738, 14.822, 11.775, 10.06, 7.195, 6.456, 5.634, 19.993, 18.631, 3.05, 6.453, 2.315, 13.792, 10.691, 2.86, 3.465, 2.283, 4.226, 3.425], "val_mae": [137.023, 176.238, 84.892, 26.708, 26.933, 27.356, 54.017, 19.763, 17.426, 26.047, 41.673, 12.071, 40.977, 29.915, 32.848, 7.669, 9.086, 5.583, 9.786, 17.875, 6.489, 16.422, 6.304, 13.884, 8.552, 59.374, 67.804, 64.408, 7.847, 18.204, 60.985, 17.751, 23.787, 38.526, 39.376, 8.647, 14.359, 42.025, 9.51, 9.841, 22.925, 50.121, 26.803, 26.157, 5.317, 8.591, 15.148, 4.932, 6.93, 6.078, 5.847, 8.109, 9.625, 12.983, 5.898, 11.34, 4.614, 20.761, 6.802, 25.658, 11.929, 13.398, 9.971, 28.409, 31.369, 27.528, 27.977, 7.215, 4.32, 12.729, 23.796, 32.156, 32.748, 22.804, 6.904, 12.379, 4.636, 10.498, 6.473, 4.566, 13.603, 23.847, 29.284, 23.842, 20.629, 15.649, 14.24, 12.522, 38.352, 36.19, 3.911, 8.617, 5.018, 27.402, 21.992, 6.884, 4.367, 5.235, 10.102, 8.334], "val_rmse": [148.3, 185.465, 86.619, 33.499, 33.962, 35.042, 65.321, 23.649, 22.946, 28.148, 42.86, 15.17, 45.78, 34.028, 36.269, 9.951, 10.314, 6.94, 11.968, 19.334, 8.214, 18.178, 7.553, 15.185, 10.061, 61.026, 70.229, 67.76, 11.405, 19.565, 63.988, 20.592, 24.881, 40.7, 41.996, 10.327, 15.748, 43.529, 11.104, 11.207, 23.971, 51.641, 28.264, 27.197, 6.708, 10.307, 16.154, 5.998, 8.365, 7.355, 7.124, 9.552, 11.168, 14.524, 7.24, 12.972, 5.732, 21.938, 8.268, 26.761, 13.228, 14.971, 12.099, 29.46, 32.782, 28.676, 29.605, 8.518, 5.413, 14.091, 25.342, 33.823, 34.362, 24.362, 8.342, 13.293, 5.729, 12.747, 8.03, 5.626, 14.885, 25.218, 30.782, 25.541, 21.518, 17.303, 15.65, 15.063, 39.558, 38.806, 4.881, 9.615, 6.23, 28.844, 23.943, 8.523, 5.318, 6.61, 11.427, 10.071],