{"val_loss": [0.042204412767726386, 0.025934130591706614, 0.020467135375051685, 0.016888675939166143, 0.01788311969133073, 0.014355936561177453, 0.014283964771442535, 0.012771309209527092, 0.012127943096284786, 0.012334466783664701, 0.011558830594183521, 0.010581629635933577, 0.010275523679257695, 0.01056191111192777, 0.010126454025779046], "train_mae": [28.435, 7.901, 6.766, 6.483, 13.907, 5.695, 3.94, 4.111, 3.862, 4.122, 4.036, 3.037, 3.007, 5.396, 4.106], "train_rmse": [31.572, 10.834, 9.123, 8.596, 15.305, 7.8, 5.442, 5.863, 5.625, 5.166, 5.372, 4.504, 4.614, 7.006, 4.752], "train_underestimate": [66.835, 9.415, 9.929, 14.324, 0.341, 12.626, 5.185, 7.412, 5.955, 3.629, 2.737, 5.65, 5.889, 12.632, 1.735], "train_overestimate": [0.014, 9.159, 5.977, 0.917, 32.353, 0.764, 4.078, 2.254, 3.124, 6.061, 6.751, 1.49, 1.18, 0.053, 7.919], "train_difference": [66.849, 18.574, 15.907, 15.241, 32.695, 13.389, 9.263, 9.666, 9.079, 9.69, 9.488, 7.14, 7.068, 12.685, 9.654], "val_mae": [29.812, 8.415, 7.797, 7.396, 13.426, 7.482, 4.479, 5.113, 4.844, 4.097, 4.534, 3.949, 3.814, 6.763, 4.087], "val_rmse": [32.242, 12.208, 10.593, 9.876, 14.868, 9.607, 5.92, 6.72, 6.751, 5.403, 6.125, 5.51, 5.62, 8.318, 4.859], "val_underestimate": [66.481, 12.667, 13.807, 16.108, 0.694, 16.026, 6.695, 9.875, 8.158, 4.384, 3.859, 7.356, 7.538, 15.026, 2.373], "val_overestimate": [0.0, 6.099, 3.58, 0.385, 29.247, 0.659, 3.294, 1.527, 2.644, 4.753, 6.251, 1.45, 0.968, 0.056, 6.74], "val_difference": [66.481, 18.766, 17.387, 16.494, 29.94, 16.685, 9.989, 11.402, 10.802, 9.137, 10.111, 8.807, 8.506, 15.082, 9.113], "train_loss": [0.05333225364531649, 0.03263264800505972, 0.022751412497301417, 0.018645396259671543, 0.016073246628592542, 0.014013235443239359, 0.012940336368450921, 0.011918665641957583, 0.011209209526205086, 0.010410513256081484, 0.009865844234138624, 0.00925006152868769, 0.009093628930616736, 0.00859367575525539, 0.008191890598714559], "train_size": 900, "val_size": 89, "rand_seed": 9001, "shuffle": true, "loss_name": "logcosh", "img_dim": [720, 1280, 3], "patch_dim": [128, 128, 3], "patches_per_image": 32, "density_map_sigma": 10, "density_map_multiplication_factor": 2000.0, "sub_experiment_name": "carpk/sigma_10_loss_logcosh_patch_32_128x128_15_epochs"}