{"val_loss": [0.3284786575370365, 0.5117672201659944, 0.24423394497070047, 0.2421865426003933, 0.1869567440201839, 0.19140159752633837, 0.1737028296209044, 0.1741602300769753, 0.14461290712157884, 0.12314073379255003, 0.11559848590857452, 0.10735437646508217, 0.10074960512833463, 0.0964419065664212, 0.09453676340894566, 0.09089060055298938, 0.08901241804576582, 0.0875901859253645, 0.08686324126190609, 0.0829345594263739, 0.08097522529876894, 0.07761164671844906, 0.08142976442144977, 0.07381413959794575, 0.07972753865437375, 0.07408733179585801, 0.07111127788407935, 0.0813007074304753, 0.07273781082282464, 0.06619186181988981, 0.06830586472319232, 0.07051438289797968, 0.06716623472877675, 0.06140815823649367, 0.06340508204367426, 0.06076308453662528, 0.06410477155198653, 0.056592769041243524, 0.061941072137819395, 0.05885722410554687, 0.05979083923416005, 0.05443222950109177, 0.072266545250184, 0.07150200940668583, 0.05797861578563849, 0.05300678302430444, 0.05243094782862398, 0.0539558001069559, 0.05591845129513078, 0.05707950134658151, 0.05711414452849163, 0.05204429849982262, 0.04938008527581891, 0.050984469449354544, 0.050849815727108054, 0.04808380842829744, 0.04856078036957317, 0.04678080681090554, 0.04942710495864352, 0.05011124453610844, 0.04602740715361304, 0.045449329954054624, 0.045338538423594504, 0.04694944263125459, 0.062124160739282765, 0.04497608573486408, 0.05571884284209874, 0.058042436475969024, 0.049588354718354016, 0.04598858471338948, 0.04524619489287337, 0.046225733692861266, 0.04735392373469141, 0.04638785165217188, 0.04408225096348259, 0.04384606367804938, 0.045825935072369046, 0.04594552837726143, 0.042540833871397704, 0.04442919992531339, 0.045561554169075355, 0.04288151104831033, 0.045951682401614055, 0.04151517659839657, 0.04320056219067839, 0.04144938704040316, 0.041400687406874366, 0.04080780342014299, 0.0438034386994938, 0.04975010107995735, 0.04209481169366174, 0.0482990279690259, 0.04731045704748896, 0.040827245710210666, 0.04717522973401679, 0.045828347146097154, 0.04041603872449034, 0.0438185861437685, 0.045169338014804654, 0.040496209274149604], "train_mae": [235.897, 324.527, 174.515, 76.689, 56.879, 113.47, 64.166, 21.91, 43.302, 61.666, 20.673, 24.029, 31.054, 27.553, 24.613, 22.621, 17.536, 33.769, 9.827, 32.895, 11.231, 14.413, 41.737, 21.169, 9.649, 33.653, 27.802, 19.713, 37.48, 12.314, 5.084, 38.133, 6.649, 10.064, 28.962, 4.38, 11.305, 14.869, 32.634, 28.235, 11.645, 4.294, 47.759, 28.674, 29.853, 7.513, 9.864, 22.854, 8.757, 30.904, 14.697, 21.905, 9.273, 4.7, 21.735, 5.663, 3.608, 10.02, 21.653, 24.267, 13.829, 5.025, 3.895, 5.523, 29.181, 5.627, 33.335, 22.284, 25.65, 4.676, 5.099, 18.078, 7.052, 19.449, 4.384, 5.498, 20.557, 6.769, 5.993, 18.417, 7.827, 3.593, 22.855, 8.934, 4.391, 5.677, 12.342, 8.133, 7.28, 14.132, 14.473, 26.252, 12.653, 4.676, 25.985, 11.282, 8.443, 21.115, 10.825, 9.229], "train_rmse": [243.593, 325.863, 182.993, 78.869, 67.75, 122.115, 74.172, 26.89, 52.958, 71.003, 26.267, 30.976, 39.188, 35.077, 31.583, 29.175, 23.08, 38.996, 13.79, 37.014, 15.055, 17.693, 44.357, 23.724, 11.366, 35.7, 29.683, 21.159, 39.667, 13.935, 6.746, 40.077, 8.262, 11.713, 30.549, 5.982, 12.758, 16.133, 33.999, 29.506, 13.347, 5.876, 50.006, 29.963, 31.657, 9.42, 11.729, 24.638, 9.912, 32.608, 15.969, 23.375, 10.676, 6.0, 23.204, 7.333, 4.887, 11.446, 22.82, 25.614, 15.299, 6.551, 5.085, 6.515, 30.293, 6.974, 34.929, 23.274, 27.672, 6.169, 6.733, 19.367, 8.199, 20.803, 5.678, 7.111, 22.246, 7.696, 7.497, 19.804, 8.669, 4.626, 24.528, 10.34, 5.407, 7.13, 13.912, 9.669, 8.103, 14.736, 16.063, 27.933, 13.605, 5.961, 27.744, 12.062, 10.064, 22.731, 11.552, 11.018], "train_underestimate": [125.697, 0.0, 92.989, 0.0, 30.213, 60.462, 34.191, 4.205, 22.533, 32.859, 8.22, 11.532, 16.221, 14.097, 12.53, 11.701, 8.855, 17.994, 4.251, 17.528, 5.646, 7.595, 22.239, 11.28, 0.159, 17.932, 14.814, 0.0, 19.971, 6.483, 0.663, 20.319, 0.311, 5.255, 15.432, 0.785, 0.051, 7.918, 17.389, 15.045, 0.037, 1.686, 25.448, 0.0, 15.907, 3.873, 5.187, 12.178, 0.123, 16.467, 0.0, 11.672, 4.898, 0.317, 11.582, 2.835, 0.723, 5.322, 11.538, 12.931, 7.368, 2.467, 1.574, 0.176, 0.0, 2.935, 17.762, 0.0, 13.668, 1.953, 2.499, 9.633, 0.073, 10.363, 1.929, 2.611, 10.954, 0.084, 3.127, 9.814, 0.059, 1.218, 12.178, 4.76, 0.198, 2.918, 6.577, 4.314, 0.055, 0.0, 7.712, 13.988, 0.003, 2.362, 13.846, 0.017, 4.479, 11.251, 0.024, 4.89], "train_overestimate": [0.0, 172.923, 0.0, 40.864, 0.095, 0.0, 0.0, 7.47, 0.54, 0.0, 2.796, 1.271, 0.325, 0.585, 0.585, 0.353, 0.489, 0.0, 0.986, 0.0, 0.339, 0.084, 0.0, 0.0, 4.982, 0.0, 0.0, 10.504, 0.0, 0.079, 2.046, 0.0, 3.232, 0.108, 0.0, 1.548, 5.973, 0.005, 0.0, 0.0, 6.168, 0.603, 0.0, 15.279, 0.0, 0.13, 0.069, 0.0, 4.543, 0.0, 7.831, 0.0, 0.043, 2.187, 0.0, 0.182, 1.199, 0.017, 0.0, 0.0, 0.0, 0.21, 0.502, 2.767, 15.549, 0.064, 0.0, 11.874, 0.0, 0.538, 0.218, 0.0, 3.685, 0.0, 0.407, 0.319, 0.0, 3.524, 0.066, 0.0, 4.112, 0.697, 0.0, 0.0, 2.142, 0.106, 0.0, 0.02, 3.824, 7.53, 0.0, 0.0, 6.739, 0.13, 0.0, 5.995, 0.02, 0.0, 5.744, 0.027], "train_difference": [125.697, 172.923, 92.989, 40.864, 30.307, 60.462, 34.191, 11.675, 23.073, 32.859, 11.015, 12.804, 16.547, 14.682, 13.115, 12.053, 9.344, 17.994, 5.236, 17.528, 5.984, 7.68, 22.239, 11.28, 5.142, 17.932, 14.814, 10.504, 19.971, 6.562, 2.709, 20.319, 3.543, 5.362, 15.432, 2.334, 6.024, 7.923, 17.389, 15.045, 6.205, 2.288, 25.448, 15.279, 15.907, 4.003, 5.256, 12.178, 4.666, 16.467, 7.831, 11.672, 4.941, 2.504, 11.582, 3.018, 1.922, 5.339, 11.538, 12.931, 7.368, 2.678, 2.075, 2.943, 15.549, 2.998, 17.762, 11.874, 13.668, 2.492, 2.717, 9.633, 3.758, 10.363, 2.336, 2.93, 10.954, 3.607, 3.193, 9.814, 4.171, 1.915, 12.178, 4.76, 2.34, 3.025, 6.577, 4.334, 3.879, 7.53, 7.712, 13.988, 6.742, 2.492, 13.846, 6.012, 4.499, 11.251, 5.768, 4.917], "val_mae": [214.399, 315.889, 154.731, 82.667, 43.943, 97.317, 50.867, 27.127, 32.49, 49.028, 19.503, 18.954, 23.351, 20.693, 18.544, 17.049, 13.012, 27.234, 8.851, 27.403, 8.536, 11.292, 36.889, 18.162, 10.295, 30.03, 24.81, 18.374, 33.368, 10.753, 6.594, 34.232, 7.687, 9.026, 26.148, 6.033, 10.747, 13.773, 29.819, 25.856, 10.336, 5.413, 42.869, 26.193, 26.729, 6.932, 8.578, 20.276, 8.805, 27.786, 13.242, 19.762, 8.646, 5.59, 19.539, 5.605, 5.174, 9.187, 19.925, 22.098, 12.43, 5.13, 4.481, 6.001, 26.383, 6.22, 30.266, 20.243, 22.613, 4.934, 5.02, 16.488, 6.696, 17.524, 4.562, 5.14, 18.068, 7.008, 5.831, 16.57, 7.499, 4.376, 20.306, 8.267, 4.885, 5.444, 10.938, 7.436, 6.936, 13.334, 12.73, 23.544, 11.019, 4.804, 23.218, 10.041, 7.596, 18.773, 9.758, 8.173], "val_rmse": [223.834, 317.57, 165.292, 84.915, 58.329, 108.281, 64.09, 31.349, 45.575, 61.434, 25.369, 27.724, 34.047, 30.643, 27.664, 25.478, 20.36, 34.021, 13.175, 32.673, 13.777, 15.984, 40.201, 21.514, 12.16, 32.632, 27.235, 20.702, 36.107, 13.48, 8.265, 36.639, 9.55, 11.584, 28.145, 7.594, 13.223, 15.61, 31.476, 27.428, 13.276, 7.146, 45.589, 28.312, 28.991, 9.555, 11.363, 22.588, 10.686, 29.912, 15.441, 21.68, 10.689, 7.137, 21.471, 7.808, 6.263, 11.208, 21.456, 23.833, 14.46, 7.131, 6.097, 7.262, 28.044, 7.771, 32.304, 21.758, 25.293, 6.941, 7.233, 18.266, 8.331, 19.389, 6.443, 7.524, 20.394, 8.261, 7.866, 18.489, 8.807, 5.716, 22.593, 10.174, 5.957, 7.403, 13.156, 9.538, 8.15, 14.443, 15.103, 25.827, 12.529, 6.526, 25.583, 11.314, 9.784, 20.999, 10.977, 10.624],