{"val_loss": [0.014539019449229171, 0.007842277035605447, 0.004653123756725108, 0.004819493340821484, 0.003831038559938962, 0.0036681909651734815, 0.003880362409088573, 0.0034210961380772963, 0.0034682822015383863, 0.0034016173987967907, 0.0033586084043943426, 0.0034268375636909492, 0.0032160451574883256, 0.0032022510593176573, 0.0031957194703661823, 0.0031439660356732523, 0.0031778211627574316, 0.003244306654778484, 0.0031493069080978683, 0.0032799215413332502, 0.00321776965736515, 0.0036019873931662813, 0.0034608367808080707, 0.003215228131213937, 0.003290568852005688, 0.0032399165765026636, 0.0033827356306169853, 0.0032372889552587164, 0.003431833945594715, 0.003287856553065972], "train_loss": [0.03393117350060493, 0.009414413711056113, 0.006005402734444942, 0.005208307473367313, 0.0044921443732164335, 0.004055153076478746, 0.004033092238387326, 0.003908496259100502, 0.003786887387832394, 0.0036237904823792633, 0.0035338040615897626, 0.003403488990443293, 0.0035442728585621808, 0.0033263021978200413, 0.0031709159156889655, 0.003145677186694229, 0.0030453417712124065, 0.003025613652425818, 0.0029645246140717063, 0.0027886713105544914, 0.002662029095517937, 0.0026629522108123638, 0.0024801686995488126, 0.0025953140211640857, 0.0022725082744727843, 0.0023624186742381426, 0.0020907700400130125, 0.0023441855064447736, 0.002104740453432896, 0.0021560527056863066], "train_size": 1024, "val_size": 576, "rand_seed": 643, "shuffle": true, "loss_name": "logcosh", "img_dim": [256, 256, 3], "patch_dim": [256, 256, 3], "patches_per_image": 1, "density_map_sigma": 5, "density_map_multiplication_factor": 100.0, "sub_experiment_name": "vgg_cells/n_64_sigma_5_randseed_643_loss_logcosh_full_img", "architecture": "UNet"}