{"val_loss": [0.2027793011682875, 0.17555664392078624, 0.14301867202362595, 0.14598076078383362, 0.11988877110621508, 0.11305611865485415, 0.09445841084508334, 0.09430413791800246, 0.11688646663199453, 0.09653015566222808, 0.08165625882718493, 0.07982450800345224, 0.07367933229269351, 0.076754190849469, 0.08017376393956296, 0.06991711083580465, 0.06753570767229095, 0.08120046276599169, 0.06182085881557535, 0.05968067343072856, 0.05858978834551047, 0.05983242093968917, 0.06172567871673142, 0.06907403721090626, 0.057659285197801446, 0.06417237337240402, 0.05724065838491216, 0.05432756236918709, 0.051883865010869855, 0.05288830136551576, 0.0677152492434663, 0.0634174616459538, 0.05491897217271959, 0.054129854721181536, 0.050133409608593756, 0.05309652485062971, 0.05069648315582205, 0.050468656124875826, 0.05150069479885347, 0.0482377898057594, 0.049986922593020344, 0.0529001364210511, 0.05436818030498484, 0.054078700377003235, 0.04866150881656829, 0.060299432452987224, 0.05379845155403018, 0.049694021835046655, 0.048375929157961815, 0.048164239235441476, 0.04771346727605252, 0.04704422991284553, 0.04775582782595473, 0.04582418778034694, 0.04850829945986762, 0.04613394977744011, 0.04655172837459866, 0.05028346975279205, 0.05058426867403528, 0.04694213657913839, 0.0458775991026093, 0.046491391217226494, 0.04600823262487264, 0.0511468172292499, 0.0524242611547165, 0.04744252932312734, 0.05100403608316008, 0.04705974949962076, 0.04583353497197523, 0.04561575151541654, 0.04898025788476362, 0.04497718720642083, 0.045147906167103964, 0.04539120372603921, 0.04521721774054801, 0.04460112306782428, 0.04587809692191727, 0.04404133336399408, 0.046349823447492194, 0.04574850179693278, 0.04720873207620838, 0.045407807947519946, 0.044144261984483284, 0.049981438445256036, 0.04516040604999837, 0.044329879613702786, 0.046360061750473344, 0.04443340332192533, 0.04345828527584672, 0.04714947925223147, 0.04701003193964853, 0.04877812051049927, 0.04819815419614315, 0.04817915658521302, 0.04397393264533842, 0.047167848028680855, 0.04919869137708755, 0.04516938972451231, 0.04889734122244751, 0.04755211413344916], "train_mae": [91.691, 65.709, 16.913, 55.149, 34.823, 38.316, 8.348, 33.644, 65.15, 43.68, 15.871, 30.509, 17.566, 17.928, 6.907, 26.198, 30.277, 43.879, 8.709, 14.61, 6.995, 24.797, 29.334, 16.595, 17.11, 7.874, 7.514, 17.062, 14.93, 5.472, 19.774, 29.514, 4.627, 13.79, 6.113, 21.539, 12.328, 3.936, 4.251, 6.654, 16.948, 21.761, 7.075, 23.395, 8.062, 32.553, 5.205, 12.958, 13.249, 5.119, 8.996, 12.187, 3.572, 6.204, 16.408, 11.916, 8.719, 4.189, 12.29, 8.742, 4.622, 4.887, 9.338, 23.496, 21.972, 2.948, 23.131, 7.26, 5.917, 8.384, 16.81, 6.24, 3.451, 9.35, 7.386, 8.867, 2.948, 7.575, 17.392, 8.336, 17.906, 15.569, 5.092, 12.721, 4.139, 5.806, 13.591, 11.234, 4.946, 14.749, 17.539, 21.549, 20.437, 19.622, 10.753, 19.441, 22.164, 13.692, 5.162, 19.42], "train_rmse": [92.026, 66.407, 21.738, 60.029, 38.383, 39.899, 11.11, 34.885, 66.599, 44.937, 17.272, 32.186, 19.939, 18.783, 8.202, 27.045, 32.066, 44.674, 10.108, 16.257, 8.529, 25.871, 30.894, 17.41, 18.131, 9.128, 9.132, 18.154, 17.022, 6.677, 20.253, 30.288, 5.745, 14.791, 7.4, 23.068, 13.846, 4.98, 5.207, 7.851, 18.155, 23.121, 7.951, 24.925, 9.381, 34.134, 6.168, 14.108, 14.604, 6.268, 10.474, 13.846, 4.522, 7.304, 17.694, 13.787, 9.478, 5.136, 13.523, 10.191, 5.596, 5.929, 10.606, 25.226, 22.577, 3.711, 24.78, 8.168, 7.08, 9.455, 17.439, 7.387, 4.56, 11.035, 8.66, 10.115, 3.705, 8.942, 19.065, 9.828, 18.675, 17.052, 6.097, 13.161, 4.791, 7.022, 15.818, 12.323, 6.046, 15.68, 19.128, 22.604, 21.615, 20.878, 12.594, 20.927, 23.18, 14.85, 5.998, 21.236], "train_underestimate": [0.0, 0.0, 7.735, 30.772, 19.43, 21.38, 4.536, 18.773, 36.352, 24.373, 8.856, 17.023, 9.801, 10.004, 0.3, 14.618, 16.894, 24.484, 4.798, 8.152, 3.399, 13.836, 16.368, 0.0, 9.547, 0.127, 3.345, 9.52, 8.165, 2.948, 0.0, 16.468, 0.374, 7.695, 3.134, 12.018, 6.879, 1.304, 0.235, 3.451, 9.457, 12.142, 0.083, 13.054, 4.294, 18.164, 0.13, 7.23, 7.393, 2.336, 4.966, 6.795, 1.567, 3.018, 9.155, 6.635, 4.865, 1.174, 6.857, 4.765, 1.992, 2.656, 5.209, 13.11, 12.26, 0.677, 12.907, 4.051, 2.888, 4.671, 9.379, 3.442, 1.729, 5.116, 4.083, 4.939, 0.452, 4.198, 9.704, 4.547, 9.991, 8.687, 2.808, 0.0, 0.199, 3.111, 7.562, 6.269, 2.587, 8.23, 9.787, 12.024, 11.404, 10.949, 5.917, 10.848, 12.367, 7.64, 0.049, 10.836], "train_overestimate": [51.161, 36.664, 1.702, 0.0, 0.0, 0.0, 0.122, 0.0, 0.0, 0.0, 0.0, 0.0, 0.0, 0.0, 3.554, 0.0, 0.0, 0.0, 0.062, 0.0, 0.504, 0.0, 0.0, 9.26, 0.0, 4.267, 0.848, 0.0, 0.166, 0.106, 11.034, 0.0, 2.208, 0.0, 0.276, 0.0, 0.0, 0.892, 2.137, 0.262, 0.0, 0.0, 3.864, 0.0, 0.204, 0.0, 2.775, 0.0, 0.0, 0.52, 0.053, 0.005, 0.426, 0.444, 0.0, 0.014, 0.0, 1.163, 0.0, 0.113, 0.586, 0.071, 0.001, 0.0, 0.0, 0.968, 0.0, 0.0, 0.413, 0.007, 0.0, 0.04, 0.196, 0.101, 0.039, 0.008, 1.193, 0.028, 0.0, 0.104, 0.0, 0.0, 0.033, 7.098, 2.111, 0.129, 0.021, 0.0, 0.173, 0.0, 0.0, 0.0, 0.0, 0.0, 0.083, 0.0, 0.0, 0.0, 2.832, 0.0], "train_difference": [51.161, 36.664, 9.437, 30.772, 19.43, 21.38, 4.658, 18.773, 36.352, 24.373, 8.856, 17.023, 9.801, 10.004, 3.854, 14.618, 16.894, 24.484, 4.86, 8.152, 3.903, 13.836, 16.368, 9.26, 9.547, 4.394, 4.192, 9.52, 8.331, 3.054, 11.034, 16.468, 2.582, 7.695, 3.411, 12.018, 6.879, 2.196, 2.372, 3.713, 9.457, 12.142, 3.948, 13.054, 4.498, 18.164, 2.904, 7.23, 7.393, 2.856, 5.019, 6.8, 1.993, 3.462, 9.155, 6.649, 4.865, 2.337, 6.857, 4.878, 2.579, 2.727, 5.21, 13.11, 12.26, 1.645, 12.907, 4.051, 3.302, 4.678, 9.379, 3.482, 1.926, 5.217, 4.121, 4.948, 1.645, 4.227, 9.704, 4.651, 9.991, 8.687, 2.841, 7.098, 2.309, 3.24, 7.583, 6.269, 2.76, 8.23, 9.787, 12.024, 11.404, 10.949, 6.0, 10.848, 12.367, 7.64, 2.88, 10.836], "val_mae": [88.4, 62.708, 21.185, 57.448, 37.281, 40.916, 11.238, 36.664, 68.06, 46.631, 19.0, 33.285, 20.205, 20.317, 5.9, 28.609, 32.401, 46.032, 11.023, 16.681, 8.391, 26.787, 31.22, 13.955, 19.103, 6.948, 9.483, 19.291, 16.633, 7.271, 17.266, 31.671, 4.533, 15.872, 7.744, 23.617, 14.671, 4.953, 3.555, 8.19, 19.08, 23.864, 5.6, 25.602, 9.731, 34.648, 3.97, 15.178, 15.509, 6.38, 10.825, 14.308, 4.848, 7.512, 18.526, 14.037, 10.87, 5.122, 14.451, 10.525, 5.725, 6.895, 11.503, 25.595, 24.331, 3.698, 25.255, 9.653, 7.361, 10.389, 18.961, 8.345, 5.281, 11.134, 9.325, 10.836, 3.197, 9.756, 19.46, 10.248, 20.042, 17.684, 7.242, 10.42, 3.308, 7.891, 15.744, 13.323, 6.632, 16.821, 19.773, 23.709, 22.622, 21.817, 12.664, 21.568, 24.112, 15.757, 3.763, 21.535], "val_rmse": [88.998, 63.917, 26.885, 64.445, 42.466, 43.382, 15.198, 38.57, 70.326, 48.485, 20.803, 35.673, 23.469, 21.259, 7.093, 29.555, 34.878, 47.027, 12.281, 18.632, 10.471, 28.125, 33.251, 14.923, 20.31, 8.13, 11.899, 20.715, 19.389, 8.727, 17.915, 32.703, 5.327, 17.032, 9.663, 25.661, 16.525, 6.459, 4.341, 10.115, 20.647, 25.67, 6.508, 27.624, 11.591, 36.767, 4.896, 16.573, 17.243, 8.27, 12.623, 16.218, 6.346, 9.325, 20.127, 16.233, 11.646, 6.659, 15.865, 12.406, 7.396, 7.853, 12.903, 27.744, 25.13, 4.453, 27.322, 10.627, 9.146, 11.497, 19.705, 9.436, 6.381, 13.201, 10.783, 12.203, 3.986, 11.337, 21.432, 12.117, 20.986, 19.41, 8.214, 11.219, 4.05, 9.432, 18.301, 14.554, 8.077, 17.981, 21.72, 25.063, 24.061, 23.405, 14.947, 23.398, 25.432, 17.192, 4.92, 23.804],