{"val_loss": [0.03313584705249647, 0.023051623579407675, 0.01569975075950281, 0.01347519649621727, 0.013748366861823904, 0.010443563384705045, 0.00969712537964492, 0.009831799110502339, 0.010471242179131408, 0.01164648330278611, 0.008515195714393527, 0.008550543576123172, 0.00784879188403864, 0.007571981750229855, 0.007971684761041922], "train_mae": [14.386, 9.636, 4.981, 3.735, 9.494, 3.39, 3.216, 6.8, 7.671, 4.986, 4.628, 3.015, 2.645, 2.354, 3.661], "train_rmse": [17.602, 12.467, 7.451, 5.337, 11.19, 4.344, 4.308, 7.618, 8.482, 6.819, 5.543, 3.765, 3.452, 3.07, 4.605], "train_underestimate": [30.808, 5.15, 8.458, 5.28, 22.301, 2.625, 6.314, 0.835, 0.221, 10.801, 10.782, 4.769, 2.77, 4.805, 8.194], "train_overestimate": [3.014, 17.503, 3.254, 3.502, 0.019, 5.345, 1.247, 15.151, 17.814, 0.921, 0.098, 2.319, 3.449, 0.73, 0.414], "train_difference": [33.822, 22.653, 11.711, 8.782, 22.321, 7.97, 7.561, 15.986, 18.034, 11.723, 10.881, 7.089, 6.219, 5.535, 8.608], "val_mae": [13.839, 10.539, 6.667, 4.433, 11.45, 3.454, 3.671, 6.327, 7.481, 6.109, 5.399, 3.555, 2.768, 3.241, 4.695], "val_rmse": [17.362, 13.712, 9.352, 6.309, 12.942, 4.432, 4.743, 7.542, 8.371, 7.618, 6.323, 4.776, 3.6, 4.139, 5.803], "val_underestimate": [28.608, 6.922, 12.563, 7.327, 25.534, 3.69, 7.364, 1.42, 0.377, 12.645, 11.957, 5.845, 2.874, 6.737, 10.07], "val_overestimate": [2.254, 16.58, 2.305, 2.559, 0.0, 4.013, 0.823, 12.69, 16.306, 0.978, 0.083, 2.083, 3.298, 0.492, 0.401], "val_difference": [30.862, 23.502, 14.868, 9.886, 25.534, 7.703, 8.187, 14.109, 16.683, 13.623, 12.041, 7.928, 6.172, 7.228, 10.471], "train_loss": [0.050227943579925015, 0.024384908262226317, 0.01684234806666306, 0.013435608170758416, 0.011313591696606534, 0.009987546237987569, 0.008692323302190441, 0.008030945174590064, 0.00715230084664654, 0.007054804586546702, 0.0063687994710117995, 0.005767127753739866, 0.0052663525548349655, 0.005033482500035057, 0.004584032994138801], "train_size": 900, "val_size": 89, "rand_seed": 9001, "shuffle": true, "loss_name": "logcosh", "img_dim": [720, 1280, 3], "patch_dim": [720, 1280, 3], "patches_per_image": 1, "density_map_sigma": 10, "density_map_multiplication_factor": 2000.0, "sub_experiment_name": "carpk/sigma_10_loss_logcosh_full_img_epochs_15"}