{"val_loss": [0.0358143833915839, 0.027877021047255295], "train_mae": [9.643, 8.69], "train_rmse": [12.502, 11.889], "train_underestimate": [11.389, 17.418], "train_overestimate": [11.281, 3.012], "train_difference": [22.67, 20.43], "val_mae": [10.289, 9.353], "val_rmse": [13.049, 13.043], "val_underestimate": [11.416, 18.646], "val_overestimate": [11.53, 2.211], "val_difference": [22.945, 20.856], "train_loss": [0.05453390800711026, 0.03565076788707908], "train_size": 900, "val_size": 89, "rand_seed": 9001, "shuffle": true, "loss_name": "logcosh", "img_dim": [720, 1280, 3], "patch_dim": [128, 128, 3], "patches_per_image": 32, "density_map_sigma": 10, "density_map_multiplication_factor": 2000.0, "sub_experiment_name": "carpk/sigma_10_loss_logcosh_patch_32_128x128_2_epochs"}