{"val_loss": [0.9047049678423825, 0.19578163018997977, 0.09066154522930875, 0.049831253887318516, 0.030522449270767325, 0.03901513331734082, 0.03210830982938847, 0.02411802823874442, 0.027940336053314453, 0.022259644040947452, 0.018539453664904133, 0.016951173126204488, 0.016051104141618398, 0.014921694055802244, 0.014154620632967529, 0.015858708291917163, 0.013933437232695082, 0.013542490258045933, 0.012614079935969236, 0.012088018448968582, 0.011489240760805415, 0.010970147463547833, 0.010476345090222928, 0.010024661324945661, 0.010078437462010804, 0.0110459269661292, 0.011596574550768471, 0.010431272802901837, 0.01028097011765246, 0.00904930496985531, 0.008889061388532248, 0.008582963769132382, 0.008436107312959126, 0.007771034728434375, 0.007260734331794083, 0.007642754466574201, 0.0074271770769401505, 0.007514458201031256, 0.00683875463779687, 0.006277307005160872, 0.0065291313837994545, 0.006138087287956082, 0.005833153190050165, 0.007018817201777197, 0.0056964859712238915, 0.005438729429014903, 0.006394629486535183, 0.00645244649529238, 0.006188309931209968, 0.005769699116867474, 0.005772021635065731, 0.005386895549771211, 0.00570844703949714, 0.005287918226231876, 0.005023863746935283, 0.004777068844037678, 0.004723321199622553, 0.004719463137649547, 0.004693100078250556, 0.004610116442884593, 0.0045502224050270506, 0.005063971949686461, 0.0062693059718345896, 0.0050421660724917754, 0.004564892036689664, 0.004756827326833873, 0.004558456967488918, 0.004700029433211859, 0.004597145014593159, 0.004404370190219625, 0.004759952715283041, 0.005581072002635612, 0.004988174734856276, 0.004690947594901766, 0.004919592457179747, 0.004717434203485027, 0.005077428283745094, 0.004941837663543136, 0.004901390668237582, 0.00454298933447503, 0.004553442149806549, 0.004696444219649386, 0.005006925526472247, 0.004585512439542285, 0.004523417381706703, 0.004191897871137103, 0.004237716925083934, 0.004133718410123359, 0.004128086007446708, 0.004150830007240395, 0.004103926248396473, 0.004168385180973393, 0.004137785151696709, 0.0041166250593960285, 0.004014091035488117, 0.004014101506019121, 0.004026423174175708, 0.004015662116751841, 0.004153066277093089, 0.003995522435562795], "train_mae": [1026.055, 384.595, 244.066, 144.131, 35.659, 90.332, 62.883, 23.866, 91.265, 49.392, 20.81, 18.693, 29.224, 17.213, 16.283, 46.924, 23.206, 27.824, 14.413, 16.446, 11.282, 11.757, 9.681, 9.862, 20.752, 37.998, 44.297, 35.458, 33.31, 19.741, 17.604, 22.903, 17.249, 16.288, 4.482, 17.015, 26.175, 20.743, 20.403, 5.591, 14.036, 18.678, 6.855, 28.632, 17.214, 4.653, 25.669, 33.648, 20.941, 22.879, 20.074, 17.946, 17.819, 18.793, 9.48, 3.984, 4.002, 3.988, 4.119, 6.196, 4.102, 18.357, 30.404, 23.156, 5.354, 9.849, 7.403, 10.111, 10.306, 3.575, 14.062, 29.02, 13.846, 18.441, 18.097, 14.242, 18.347, 20.659, 18.08, 15.464, 12.827, 17.853, 20.312, 19.817, 15.51, 7.261, 6.273, 2.718, 3.548, 5.222, 5.798, 6.828, 7.721, 6.466, 3.065, 3.815, 4.518, 5.152, 11.685, 4.168], "train_rmse": [1038.312, 396.622, 244.969, 144.577, 45.352, 99.984, 73.354, 27.97, 92.09, 52.584, 24.649, 22.832, 32.287, 21.058, 19.556, 48.23, 30.161, 30.173, 19.1, 18.232, 14.084, 13.643, 12.996, 11.679, 22.06, 39.022, 46.662, 36.458, 35.499, 21.181, 20.311, 23.96, 19.563, 17.664, 5.977, 18.422, 27.155, 22.204, 21.648, 6.766, 15.448, 19.83, 7.844, 29.987, 18.068, 5.453, 26.73, 34.671, 22.064, 24.194, 20.724, 19.352, 18.956, 19.535, 11.006, 5.025, 4.865, 4.821, 4.845, 7.529, 4.816, 19.309, 31.919, 23.917, 6.175, 10.761, 8.589, 11.111, 11.358, 4.374, 15.152, 30.148, 15.309, 19.229, 18.566, 15.861, 19.133, 21.323, 19.224, 16.212, 13.737, 18.803, 21.451, 20.385, 16.348, 8.28, 7.234, 3.499, 4.195, 6.069, 6.674, 7.845, 8.514, 7.399, 3.618, 4.886, 5.291, 6.02, 12.341, 4.94], "train_underestimate": [0.0, 203.826, 0.0, 0.0, 17.562, 47.874, 33.326, 3.373, 0.0, 0.0, 3.283, 4.109, 0.635, 3.785, 2.964, 0.0, 11.914, 0.153, 5.857, 1.07, 2.823, 1.597, 3.34, 1.245, 0.103, 0.0, 23.476, 0.0, 17.654, 0.0, 9.33, 0.0, 9.141, 0.0, 1.607, 9.018, 0.0, 10.993, 0.0, 2.448, 7.439, 0.0, 3.392, 15.174, 0.0, 1.749, 13.604, 0.0, 11.098, 0.0, 10.639, 0.0, 9.444, 0.0, 5.023, 0.687, 0.855, 0.908, 1.122, 0.065, 1.495, 9.729, 16.114, 0.0, 2.589, 5.22, 0.014, 5.359, 0.0, 1.025, 7.453, 0.0, 7.338, 0.0, 9.591, 0.0, 9.724, 0.0, 9.582, 0.0, 6.798, 0.0, 10.765, 0.0, 8.22, 0.0, 3.289, 0.589, 1.553, 2.638, 0.021, 3.579, 0.0, 3.393, 1.233, 0.055, 2.248, 0.019, 0.0, 2.052], "train_overestimate": [543.786, 0.0, 129.349, 76.386, 1.336, 0.0, 0.0, 9.276, 48.368, 26.177, 7.746, 5.798, 14.853, 5.338, 5.666, 24.868, 0.385, 14.593, 1.782, 7.646, 3.156, 4.634, 1.791, 3.982, 10.896, 20.138, 0.0, 18.792, 0.0, 10.462, 0.0, 12.138, 0.0, 8.632, 0.768, 0.0, 13.872, 0.0, 10.813, 0.515, 0.0, 9.899, 0.241, 0.0, 9.123, 0.717, 0.0, 17.833, 0.0, 12.125, 0.0, 9.511, 0.0, 9.96, 0.001, 1.424, 1.266, 1.205, 1.061, 3.219, 0.679, 0.0, 0.0, 12.272, 0.248, 0.0, 3.909, 0.0, 5.462, 0.87, 0.0, 15.38, 0.0, 9.773, 0.0, 7.548, 0.0, 10.949, 0.0, 8.195, 0.0, 9.462, 0.0, 10.503, 0.0, 3.848, 0.035, 0.851, 0.327, 0.13, 3.052, 0.04, 4.092, 0.034, 0.391, 1.966, 0.147, 2.712, 6.193, 0.157], "train_difference": [543.786, 203.826, 129.349, 76.386, 18.898, 47.874, 33.326, 12.649, 48.368, 26.177, 11.029, 9.907, 15.488, 9.123, 8.63, 24.868, 12.299, 14.746, 7.639, 8.716, 5.979, 6.231, 5.131, 5.227, 10.998, 20.138, 23.476, 18.792, 17.654, 10.462, 9.33, 12.138, 9.141, 8.632, 2.375, 9.018, 13.872, 10.993, 10.813, 2.963, 7.439, 9.899, 3.633, 15.174, 9.123, 2.466, 13.604, 17.833, 11.098, 12.125, 10.639, 9.511, 9.444, 9.96, 5.024, 2.112, 2.121, 2.114, 2.183, 3.283, 2.174, 9.729, 16.114, 12.272, 2.837, 5.22, 3.923, 5.359, 5.462, 1.895, 7.453, 15.38, 7.338, 9.773, 9.591, 7.548, 9.724, 10.949, 9.582, 8.195, 6.798, 9.462, 10.765, 10.503, 8.22, 3.848, 3.325, 1.44, 1.88, 2.768, 3.073, 3.619, 4.092, 3.427, 1.624, 2.022, 2.395, 2.73, 6.193, 2.209], "val_mae": [990.944, 365.169, 238.939, 143.166, 30.068, 82.682, 56.33, 22.75, 91.53, 51.476, 19.8, 17.183, 29.782, 16.036, 15.539, 47.242, 20.283, 28.26, 12.207, 15.88, 10.0, 10.885, 8.202, 8.837, 18.856, 35.139, 43.679, 32.515, 33.215, 16.988, 18.144, 20.425, 18.257, 13.129, 5.893, 19.009, 22.15, 22.54, 16.291, 7.11, 16.192, 14.84, 8.949, 29.864, 14.11, 5.563, 27.247, 29.747, 22.47, 19.082, 22.315, 14.273, 19.429, 15.872, 11.56, 4.562, 4.637, 4.737, 4.895, 5.472, 5.106, 19.674, 30.681, 20.26, 7.081, 11.862, 5.937, 11.945, 8.27, 4.614, 15.277, 25.731, 14.679, 15.77, 19.997, 11.197, 19.597, 18.117, 19.043, 12.941, 14.196, 15.13, 21.026, 17.54, 16.67, 6.021, 7.893, 4.156, 5.045, 6.752, 5.214, 8.479, 6.361, 8.155, 4.568, 3.914, 5.974, 4.629, 9.568, 5.665], "val_rmse": [1002.169, 375.584, 239.867, 143.517, 38.323, 90.932, 65.357, 26.552, 92.086, 53.629, 23.117, 20.549, 32.776, 19.071, 18.116, 48.231, 26.215, 30.229, 16.192, 17.566, 12.235, 12.337, 11.111, 10.084, 20.165, 36.14, 45.486, 33.55, 34.887, 18.585, 20.249, 21.572, 20.164, 14.738, 7.683, 20.368, 23.377, 23.97, 17.901, 9.043, 17.673, 16.311, 10.586, 31.254, 15.274, 7.409, 28.37, 30.789, 23.681, 20.506, 23.135, 15.854, 20.757, 16.964, 13.223, 5.728, 5.859, 6.003, 6.221, 6.571, 6.552, 20.829, 32.265, 21.139, 8.657, 13.104, 7.052, 13.371, 9.463, 5.969, 16.66, 26.861, 16.408, 16.72, 20.724, 12.856, 20.696, 19.002, 20.469, 14.037, 15.506, 16.276, 22.441, 18.347, 17.88, 7.095, 9.415, 5.186, 6.657, 8.486, 6.245, 10.133, 7.427, 9.673, 6.015, 4.968, 7.602, 5.694, 10.604, 7.314],