{"val_loss": [0.18731217675376682, 0.1810749779222533, 0.19253459577448667, 0.14399387869052588, 0.16748317517340183, 0.12990889775101094, 0.14316208739764988, 0.11802827205974609, 0.11914225362706929, 0.12208103279117495, 0.11058388650417328, 0.10857374942861497, 0.10174178369343281, 0.10665361229330302, 0.10037145861424505, 0.092877206671983, 0.09471149481832981, 0.08871325785294175, 0.10389609790872782, 0.08837565195281058, 0.09630727295298129, 0.0951215464854613, 0.08993067108094692, 0.08760904506780207, 0.09601091919466853, 0.08944495164323599, 0.09463850783649833, 0.10169094470329583, 0.12014610532205552, 0.0935170024400577, 0.08736311225220561, 0.0880422635236755, 0.10084861875511705, 0.10185214327648281, 0.08783975576516241, 0.08926953489426523, 0.10511069891508669, 0.09258502272423356, 0.11167668090201914, 0.09033438910264521, 0.0895551527151838, 0.08889365505892784, 0.09104005023837089, 0.09927011132240296, 0.08965185030829162, 0.0899190479889512, 0.09114662259817123, 0.09072205617558211, 0.08886460901703686, 0.09356366493739188], "train_mae": [81.383, 59.471, 75.915, 38.505, 80.63, 39.42, 46.464, 27.436, 26.803, 47.641, 28.878, 36.749, 38.731, 23.491, 36.911, 31.168, 11.918, 15.136, 29.624, 12.077, 34.483, 30.418, 22.698, 12.417, 9.894, 9.078, 15.995, 29.427, 36.827, 13.499, 7.833, 9.465, 23.53, 35.945, 9.083, 8.04, 16.494, 21.491, 45.134, 12.496, 7.642, 6.805, 13.093, 24.725, 9.7, 8.305, 6.738, 15.053, 7.472, 12.3], "train_rmse": [117.787, 94.746, 113.98, 64.326, 111.724, 67.733, 52.74, 37.399, 38.89, 66.82, 47.808, 55.977, 54.681, 29.369, 50.815, 45.268, 18.149, 23.29, 41.919, 15.916, 47.609, 47.691, 31.717, 18.398, 15.038, 15.435, 23.374, 34.402, 54.963, 15.997, 13.484, 17.202, 29.313, 51.333, 16.5, 14.361, 24.567, 29.698, 58.459, 19.43, 11.799, 12.517, 17.733, 32.454, 14.859, 14.491, 13.469, 19.365, 12.719, 19.561], "train_underestimate": [65.439, 43.826, 59.787, 24.716, 65.118, 28.832, 4.974, 7.578, 6.816, 37.918, 18.56, 29.079, 31.212, 3.055, 29.771, 25.085, 5.619, 6.655, 0.339, 3.364, 27.743, 23.93, 18.217, 9.504, 4.764, 5.987, 0.676, 0.218, 20.453, 1.681, 4.921, 5.587, 0.355, 29.008, 6.2, 2.506, 1.806, 17.33, 36.462, 9.721, 1.31, 2.852, 9.976, 0.18, 7.365, 6.237, 4.8, 12.129, 5.377, 9.045], "train_overestimate": [0.307, 4.218, 1.542, 6.391, 0.02, 3.014, 32.562, 14.586, 14.837, 0.569, 4.769, 0.609, 0.077, 15.922, 0.048, 0.095, 4.009, 5.572, 23.592, 6.392, 0.114, 0.644, 0.12, 0.527, 3.23, 1.347, 12.245, 23.555, 9.298, 9.225, 1.406, 2.059, 18.654, 0.03, 1.137, 3.989, 11.519, 0.031, 0.0, 0.374, 4.864, 2.646, 0.601, 19.793, 0.471, 0.472, 0.644, 0.032, 0.66, 0.892], "train_difference": [65.746, 48.044, 61.329, 31.107, 65.138, 31.846, 37.536, 22.164, 21.653, 38.487, 23.329, 29.688, 31.289, 18.977, 29.819, 25.18, 9.628, 12.228, 23.932, 9.756, 27.857, 24.574, 18.336, 10.031, 7.993, 7.334, 12.922, 23.773, 29.751, 10.906, 6.328, 7.646, 19.009, 29.038, 7.338, 6.495, 13.324, 17.362, 36.462, 10.095, 6.174, 5.498, 10.577, 19.974, 7.836, 6.709, 5.443, 12.161, 6.037, 9.937], "val_mae": [74.604, 51.828, 68.434, 32.411, 76.67, 35.165, 45.819, 24.781, 28.326, 47.189, 25.615, 34.701, 37.158, 22.775, 37.48, 31.71, 13.077, 18.287, 24.489, 16.605, 35.753, 30.643, 27.047, 17.41, 12.933, 15.578, 15.951, 28.35, 36.489, 19.846, 16.111, 17.623, 22.005, 38.724, 18.42, 14.325, 14.12, 31.881, 55.011, 23.881, 15.388, 16.554, 25.859, 22.601, 21.827, 20.068, 16.241, 28.475, 19.097, 25.334], "val_rmse": [104.425, 81.378, 100.604, 53.872, 101.633, 58.019, 51.939, 31.788, 34.813, 63.215, 41.126, 51.782, 52.045, 26.552, 50.927, 45.88, 20.394, 27.047, 29.132, 22.346, 51.947, 50.797, 40.253, 28.093, 20.603, 25.992, 20.716, 32.16, 53.945, 25.453, 28.171, 30.571, 26.524, 58.095, 32.191, 24.775, 19.608, 48.989, 74.577, 39.572, 25.438, 28.199, 36.892, 26.34, 34.933, 33.829, 29.488, 42.324, 33.217, 41.711], "val_underestimate": [62.487, 39.689, 56.642, 21.559, 64.578, 26.73, 3.609, 5.835, 6.326, 39.733, 16.729, 28.91, 31.239, 2.829, 31.569, 26.663, 7.546, 7.891, 0.654, 5.796, 30.113, 24.854, 22.642, 13.971, 8.303, 10.827, 3.213, 1.071, 18.934, 4.934, 12.282, 11.473, 2.285, 32.51, 13.256, 10.148, 4.876, 26.695, 46.335, 19.505, 8.449, 10.562, 21.583, 1.948, 17.808, 15.844, 11.824, 23.906, 14.559, 19.901], "val_overestimate": [0.352, 3.964, 0.999, 5.741, 0.0, 2.888, 34.984, 15.037, 17.533, 0.013, 4.846, 0.318, 0.059, 16.354, 0.0, 0.046, 3.469, 7.511, 19.973, 8.19, 0.002, 0.955, 0.139, 0.694, 2.59, 2.294, 10.222, 22.807, 11.8, 11.782, 1.289, 3.371, 16.25, 0.106, 2.259, 1.917, 7.017, 0.158, 0.0, 0.609, 4.512, 3.381, 0.198, 17.088, 0.576, 1.059, 1.856, 0.078, 1.527, 1.437], "val_difference": [62.838, 43.653, 57.64, 27.3, 64.578, 29.619, 38.593, 20.873, 23.859, 39.746, 21.575, 29.228, 31.298, 19.183, 31.569, 26.709, 11.014, 15.402, 20.627, 13.986, 30.114, 25.81, 22.781, 14.664, 10.893, 13.121, 13.435, 23.878, 30.734, 16.716, 13.57, 14.844, 18.535, 32.616, 15.515, 12.065, 11.893, 26.853, 46.335, 20.114, 12.961, 13.943, 21.781, 19.036, 18.384, 16.903, 13.68, 23.984, 16.085, 21.338], "train_loss": [0.22953277431008023, 0.2167188964644009, 0.20466361379945727, 0.18247567800962625, 0.16762709495287423, 0.15248853970774476, 0.14971267451243153, 0.13486396031144737, 0.13541815751947486, 0.1210521882586765, 0.12633635220774755, 0.11084865652853886, 0.10423747114661999, 0.10638036282271801, 0.10632881592538757, 0.09005116338208084, 0.09420319513905338, 0.08940134798891866, 0.07928328293150869, 0.07630542827460646, 0.07799223585632341, 0.0732502637687942, 0.07041125418180395, 0.06835509223869321, 0.05806594613361461, 0.05967230826972467, 0.05304220403313964, 0.05635217430951733, 0.06113959664659908, 0.054310846546822486, 0.04978402649989603, 0.046453164245197576, 0.05794676605956541, 0.041259350414244826, 0.04099663489769712, 0.04051403872534446, 0.03917790572728296, 0.0451503513748743, 0.04475625905903132, 0.03887980369424745, 0.0361455682136679, 0.032834983116955874, 0.031016732315710952, 0.035495688527133494, 0.03557115109771677, 0.03393258701069835, 0.02857037855685925, 0.027329878765523292, 0.027984627766306964, 0.028596849055949097], "train_size": 319, "val_size": 80, "rand_seed": 3201, "shuffle": true, "loss_name": "logcosh", "img_dim": [768, 1024, 3], "patch_dim": [768, 1024, 3], "patches_per_image": 1, "density_map_sigma": 10, "density_map_multiplication_factor": 2000.0, "sub_experiment_name": "shanghai_tech/part_b/sigma_10_loss_logcosh_full_img_epochs_50", "architecture": "UNet"}