{"val_loss": [0.03468920510220394, 0.02609372019684047, 0.02243807681658295, 0.018846793476952596, 0.017048368539158882], "train_mae": [9.252, 10.86, 12.328, 11.013, 10.134], "train_rmse": [12.36, 12.602, 14.005, 13.254, 12.627], "train_underestimate": [7.389, 4.221, 2.927, 25.806, 23.803], "train_overestimate": [14.363, 21.311, 26.055, 0.085, 0.022], "train_difference": [21.752, 25.532, 28.983, 25.891, 23.826], "val_mae": [10.02, 10.519, 10.861, 13.108, 11.64], "val_rmse": [13.628, 12.638, 12.679, 15.69, 13.676], "val_underestimate": [8.681, 6.029, 4.166, 29.231, 25.958], "val_overestimate": [13.663, 17.429, 20.054, 0.0, 0.0], "val_difference": [22.345, 23.459, 24.22, 29.231, 25.958], "train_loss": [0.050308322868982534, 0.0314789464042729, 0.022200456792909082, 0.01809255181540114, 0.01601388059520913], "train_size": 900, "val_size": 89, "rand_seed": 9001, "shuffle": true, "loss_name": "logcosh", "img_dim": [720, 1280, 3], "patch_dim": [128, 128, 3], "patches_per_image": 32, "density_map_sigma": 10, "density_map_multiplication_factor": 2000.0, "sub_experiment_name": "carpk/sigma_10_loss_logcosh_patch_32_128x128_epochs_5", "architecture": "UNet"}