{"val_loss": [0.02328467593987524, 0.01389781622128794, 0.012824102202204004, 0.009173781231664988, 0.008199858071748167, 0.007714033025776088, 0.007712401239081778, 0.007281107623283687, 0.008162165496792618, 0.007362867670154729, 0.006845479699121724, 0.006981750624618144, 0.006607046409246525, 0.006723007660184521, 0.0068889618736041784, 0.006765829256336373, 0.006679799737563978, 0.0065211793597781155, 0.006812495142286126, 0.007007808462529081, 0.006529733238898593, 0.006625736792961511, 0.007256355907480206, 0.006503424983546008, 0.006649594303275485, 0.0067382160923443735, 0.007562080237928765, 0.0065694817571461, 0.006722638384720388, 0.006707325735381649], "train_loss": [0.2276583664061036, 0.022166197799379006, 0.012975032266695052, 0.01126093643688364, 0.009679691058408935, 0.009078459872398525, 0.009236053272616118, 0.008309605815156829, 0.008093258024018724, 0.007857926917495206, 0.007690493104746565, 0.007491037511499599, 0.007129489225917496, 0.0070624936852254905, 0.007143515977077186, 0.0068674998547066934, 0.006856146123027429, 0.006342095119180158, 0.006121031561633572, 0.00594197661121143, 0.006005167575494852, 0.006148174128611572, 0.005476043515955098, 0.005287225991196465, 0.00539109200326493, 0.006173876121465582, 0.005066486199211795, 0.005056384325143881, 0.004585148111800663, 0.00448303903976921], "train_size": 1024, "val_size": 576, "rand_seed": 642, "shuffle": true, "loss_name": "mean_squared_error", "img_dim": [256, 256, 3], "patch_dim": [256, 256, 3], "patches_per_image": 1, "density_map_sigma": 5, "density_map_multiplication_factor": 100.0, "sub_experiment_name": "vgg_cells/n_64_sigma_5_randseed_642_loss_mse_full_img", "architecture": "UNet"}