{"val_loss": [0.047395524842774164, 0.036234863102436066, 0.029947330134318155, 0.03604893060401082, 0.02532558448557906, 0.026163736810250318, 0.02523583794177017, 0.01673268128926044, 0.0186033428317922, 0.015879993840559003, 0.01478168006767245, 0.014367571764844744, 0.012129735845305464, 0.012459634837475331, 0.011259102207772872, 0.010823729783570504, 0.01117048941566335, 0.01012035013820209, 0.011756413177970578, 0.011773403953103459, 0.008765555907944766, 0.010727833210052374, 0.008073979796951307, 0.009465245382778128, 0.007562519420924432, 0.007035957187112859, 0.01101992225192268, 0.012711645213558394, 0.015341625069541967, 0.008006980276310487, 0.007513894288636306, 0.006908416902125978, 0.00831574812079506, 0.008737276982762577, 0.006934034840121646, 0.006542522268479361, 0.0068334084421889305, 0.006003697813652894, 0.006850102416458814, 0.007678098141160958, 0.007977080890936229, 0.006223593925824389, 0.0071826974676428915, 0.0061586818654391475, 0.00632860922590172, 0.0056255307212910236, 0.005624833441449001, 0.005623047534540734, 0.005748764455989551, 0.0055168735476292885, 0.005393550376859768, 0.005395732198581647, 0.005560112951035776, 0.005149273979066706, 0.005339048304663533, 0.0073932930108105, 0.005971103963127141, 0.005696815484792323, 0.005269779981223538, 0.00540347262080211, 0.005456024922964656, 0.005297486213213929, 0.005073429965277147, 0.005846107132075464, 0.005817859976292204, 0.007296837342437357, 0.005323155255823889, 0.0051381955700515606, 0.00529041834456353, 0.004840688066050301, 0.004786393149783287, 0.005243274371262968, 0.005630305261173121, 0.006184723043321248, 0.0053661232934032075, 0.00515286743586116, 0.004838133578339373, 0.0049180436420583114, 0.004704100607127389, 0.004810346608899315, 0.005228655791142955, 0.0048273204592987895, 0.004742860280470375, 0.004604464689584668, 0.004695000587483211, 0.004547316194101072, 0.0044988389486474364, 0.0049115657919387825, 0.005090900736189831, 0.004653452474432176, 0.004491123353706344, 0.004849011458538692, 0.0049031715487431295, 0.004486794669098933, 0.004516918383374372, 0.004667228996849564, 0.004522821405450539, 0.005428373214432641, 0.004618674862499842, 0.0045261319867088735], "train_mae": [83.882, 26.004, 33.923, 84.775, 41.69, 69.586, 71.587, 19.389, 49.105, 35.438, 33.917, 37.782, 9.074, 26.283, 12.693, 18.938, 29.764, 16.298, 41.308, 45.75, 10.677, 39.855, 5.243, 37.28, 9.436, 5.01, 52.412, 55.596, 75.035, 20.413, 19.464, 9.641, 28.908, 36.511, 20.671, 21.76, 25.117, 8.644, 16.723, 34.183, 35.888, 12.183, 29.273, 16.806, 16.951, 5.797, 10.251, 10.507, 14.636, 11.421, 10.253, 7.822, 18.701, 6.142, 11.319, 35.439, 20.115, 20.297, 13.674, 14.579, 20.182, 13.712, 7.921, 11.533, 22.833, 31.429, 6.852, 7.084, 9.521, 5.526, 5.453, 11.961, 24.051, 25.254, 19.099, 15.221, 7.387, 9.211, 4.023, 5.633, 18.876, 10.192, 9.324, 5.342, 4.67, 5.208, 7.529, 14.141, 19.488, 5.574, 4.167, 14.428, 13.618, 8.969, 4.242, 8.835, 12.261, 20.304, 3.876, 6.959], "train_rmse": [94.169, 30.727, 38.377, 94.964, 45.357, 71.742, 80.863, 25.084, 51.015, 42.355, 39.518, 42.184, 12.085, 27.419, 13.967, 20.724, 30.796, 17.587, 44.024, 47.612, 12.862, 41.585, 7.318, 38.718, 12.077, 6.62, 54.463, 58.743, 77.827, 23.627, 20.585, 11.794, 32.084, 39.197, 22.726, 22.698, 26.377, 10.617, 20.193, 36.816, 38.12, 14.415, 30.186, 18.75, 18.68, 7.099, 12.133, 12.492, 16.947, 13.644, 11.557, 9.66, 20.08, 7.58, 12.868, 37.455, 22.182, 22.737, 16.169, 16.308, 21.509, 15.505, 9.585, 13.71, 25.133, 33.933, 8.466, 8.67, 11.011, 7.08, 6.853, 13.971, 26.203, 27.305, 20.535, 17.132, 9.064, 10.506, 5.071, 6.776, 20.2, 11.978, 10.992, 6.275, 5.782, 6.096, 9.04, 15.373, 21.068, 7.082, 5.06, 16.481, 14.92, 10.974, 5.386, 10.504, 14.252, 21.366, 4.742, 8.306], "train_underestimate": [44.455, 4.097, 1.603, 44.929, 0.583, 0.0, 37.94, 6.879, 0.0, 18.781, 17.975, 20.024, 2.888, 0.0, 0.201, 10.037, 0.0, 0.146, 21.892, 24.246, 5.604, 21.122, 2.316, 19.757, 4.831, 0.668, 27.777, 29.465, 39.767, 10.819, 0.0, 4.908, 15.321, 19.35, 10.955, 0.0, 0.0, 0.021, 8.306, 18.116, 19.02, 6.406, 0.0, 8.907, 8.984, 2.692, 4.411, 5.441, 7.757, 5.826, 5.378, 3.764, 9.911, 0.202, 5.995, 18.782, 10.66, 10.757, 7.186, 7.726, 10.696, 7.267, 3.976, 0.635, 12.101, 16.656, 3.392, 2.948, 0.032, 2.47, 1.878, 6.272, 12.747, 13.384, 10.122, 8.067, 3.568, 0.0, 0.723, 2.728, 10.004, 5.256, 4.902, 1.102, 0.437, 0.862, 3.76, 7.495, 10.328, 2.545, 1.317, 7.645, 7.217, 3.875, 1.742, 0.012, 6.498, 10.761, 0.907, 0.035], "train_overestimate": [0.0, 9.684, 16.376, 0.0, 21.512, 36.879, 0.0, 3.397, 26.024, 0.0, 0.0, 0.0, 1.921, 13.93, 6.526, 0.0, 15.774, 8.491, 0.0, 0.0, 0.054, 0.0, 0.463, 0.0, 0.17, 1.987, 0.0, 0.0, 0.0, 0.0, 10.315, 0.202, 0.0, 0.0, 0.0, 11.532, 13.311, 4.56, 0.557, 0.0, 0.0, 0.051, 15.514, 0.0, 0.0, 0.38, 1.022, 0.128, 0.0, 0.226, 0.055, 0.382, 0.0, 3.053, 0.004, 0.0, 0.0, 0.0, 0.061, 0.0, 0.0, 0.0, 0.222, 5.477, 0.0, 0.0, 0.239, 0.807, 5.013, 0.459, 1.012, 0.067, 0.0, 0.0, 0.0, 0.0, 0.347, 4.882, 1.409, 0.257, 0.0, 0.145, 0.039, 1.73, 2.038, 1.898, 0.23, 0.0, 0.0, 0.409, 0.892, 0.001, 0.0, 0.879, 0.506, 4.67, 0.0, 0.0, 1.147, 3.653], "train_difference": [44.455, 13.782, 17.978, 44.929, 22.095, 36.879, 37.94, 10.276, 26.024, 18.781, 17.975, 20.024, 4.809, 13.93, 6.727, 10.037, 15.774, 8.638, 21.892, 24.246, 5.658, 21.122, 2.779, 19.757, 5.001, 2.655, 27.777, 29.465, 39.767, 10.819, 10.315, 5.11, 15.321, 19.35, 10.955, 11.532, 13.311, 4.581, 8.863, 18.116, 19.02, 6.457, 15.514, 8.907, 8.984, 3.073, 5.433, 5.568, 7.757, 6.053, 5.434, 4.145, 9.911, 3.255, 5.999, 18.782, 10.66, 10.757, 7.247, 7.726, 10.696, 7.267, 4.198, 6.112, 12.101, 16.656, 3.631, 3.755, 5.046, 2.929, 2.89, 6.339, 12.747, 13.384, 10.122, 8.067, 3.915, 4.882, 2.132, 2.985, 10.004, 5.401, 4.941, 2.831, 2.475, 2.76, 3.99, 7.495, 10.328, 2.954, 2.208, 7.647, 7.217, 4.753, 2.248, 4.682, 6.498, 10.761, 2.054, 3.688], "val_mae": [76.013, 24.77, 34.926, 76.526, 43.786, 71.888, 64.35, 16.306, 50.171, 31.806, 31.102, 35.458, 7.608, 25.275, 11.067, 19.379, 27.665, 15.078, 39.624, 44.775, 11.159, 39.333, 5.763, 37.241, 9.794, 4.521, 51.528, 53.702, 72.657, 19.748, 18.6, 9.961, 27.973, 35.659, 21.356, 19.618, 21.788, 7.275, 15.774, 33.333, 35.016, 12.387, 26.956, 16.812, 17.214, 6.53, 9.415, 10.786, 14.95, 11.386, 11.326, 7.409, 18.809, 5.439, 12.245, 34.629, 19.835, 19.785, 13.301, 14.869, 20.451, 13.868, 7.819, 12.057, 21.928, 30.13, 6.949, 6.716, 9.235, 5.704, 5.794, 12.044, 23.385, 24.538, 19.133, 15.103, 7.222, 8.354, 3.601, 6.08, 19.003, 10.23, 10.08, 5.41, 4.429, 5.125, 7.482, 14.507, 19.145, 5.667, 4.049, 14.34, 13.983, 8.193, 4.335, 7.073, 12.252, 20.672, 3.523, 6.247], "val_rmse": [84.847, 29.073, 39.422, 85.316, 46.92, 73.254, 72.206, 20.512, 51.381, 37.488, 35.618, 38.958, 10.072, 26.211, 12.579, 20.711, 28.712, 16.406, 41.634, 46.185, 12.861, 40.733, 7.555, 38.438, 12.037, 5.901, 53.374, 56.508, 75.115, 22.558, 19.748, 12.117, 30.915, 38.2, 23.383, 20.65, 22.878, 8.546, 19.142, 35.802, 37.082, 14.511, 27.783, 18.631, 18.894, 8.057, 11.634, 12.822, 17.14, 13.888, 12.549, 9.572, 20.032, 6.415, 13.567, 36.58, 21.882, 22.194, 15.819, 16.555, 21.748, 15.573, 9.726, 13.894, 24.278, 32.615, 8.855, 8.502, 10.434, 7.424, 7.203, 14.271, 25.575, 26.572, 20.627, 17.097, 9.316, 9.433, 4.614, 7.423, 20.378, 12.335, 11.708, 6.492, 5.341, 6.08, 9.316, 15.696, 20.714, 7.374, 5.268, 16.417, 15.281, 10.342, 5.713, 8.343, 14.16, 21.739, 4.566, 7.203],