{"val_loss": [0.02831610173170167, 0.02052209299247753, 0.017435149479270502, 0.015309334508321412, 0.013366142749231692, 0.012249983176683172, 0.017826636514869546, 0.01208917799843167, 0.014497835998875363, 0.01217935843498494, 0.011429860501854872, 0.010778018665458897, 0.01081865000870654, 0.021096306297883585, 0.011154398163318332, 0.012275933545692275, 0.01041697781329276, 0.00996730092297452, 0.010122790806931067, 0.01007417352304722, 0.01511883918540073, 0.010406075588702258, 0.009509159432983486, 0.009407932083323592, 0.012803213825570899, 0.01206495511595516, 0.009609987620612681, 0.01023898355978257, 0.009611386345782461, 0.00963042392707875, 0.00982946280429828, 0.009487740382717354, 0.009172360389557606, 0.010448120860768113, 0.00975687319506131, 0.010543707819177892, 0.010588062795089654, 0.009027886845775783, 0.009129521496159962, 0.0093002997652066, 0.009274404734991122, 0.009160201118955977, 0.009290941148612867, 0.011616500068853116, 0.009979733174451907, 0.008965528328617973, 0.008823869976528358, 0.00922991218709178, 0.009227640516923308, 0.008920455386888695], "train_loss": [0.10691210130607942, 0.019102361857221695, 0.01454816801197012, 0.012694133598415647, 0.011401907646359177, 0.010337816096580354, 0.010393092463345965, 0.009590703251888044, 0.008863731532983365, 0.010084330875542946, 0.008563911767851096, 0.008099462764221244, 0.008387558558752062, 0.007967131790792337, 0.00899979564565001, 0.007655941381017328, 0.008587366402935004, 0.007649804889297229, 0.007811540423062979, 0.007497003440221306, 0.007733092574198963, 0.008499641877278918, 0.006967388409975683, 0.0069866111953160726, 0.007211777035990963, 0.0070742865864303894, 0.006943513120859279, 0.007298556505702436, 0.006651366800724645, 0.006683488740236498, 0.00653941470409336, 0.006469010340879322, 0.006647721271292539, 0.006646556388659519, 0.006736770974384854, 0.006411781219867407, 0.006741900902852649, 0.0062182248148019426, 0.005957482346275356, 0.005820263169880491, 0.005977384931611596, 0.005942760422840365, 0.005987749653286301, 0.006235241329704877, 0.00635889319164562, 0.00551949133114249, 0.005710744351745234, 0.006018991938617546, 0.00553001157095423, 0.005633830462102196], "train_size": 512, "val_size": 1088, "rand_seed": 322, "shuffle": true, "loss_name": "mean_squared_error", "img_dim": [256, 256, 3], "patch_dim": [128, 128, 3], "patches_per_image": 4, "density_map_sigma": 5, "density_map_multiplication_factor": 100.0, "sub_experiment_name": "vgg_cells/n_32_sigma_5_randseed_322_loss_mse_patch_4_128x128", "architecture": "FCRN_A"}