{"val_loss": [0.029506587371062695, 0.021357520572380738, 0.014776700296638053, 0.01342429196346928, 0.013196145247123885, 0.011807120012726342, 0.010520098823792396], "train_mae": [13.549, 9.878, 6.473, 10.082, 10.281, 5.266, 4.138], "train_rmse": [16.541, 12.244, 8.183, 11.577, 11.217, 7.311, 5.532], "train_underestimate": [31.413, 3.487, 14.188, 23.673, 0.676, 1.555, 1.238], "train_overestimate": [0.439, 19.736, 1.03, 0.029, 23.495, 10.826, 8.49], "train_difference": [31.852, 23.224, 15.219, 23.702, 24.172, 12.381, 9.728], "val_mae": [14.881, 10.854, 7.298, 10.866, 9.957, 5.984, 4.134], "val_rmse": [17.87, 13.072, 9.353, 12.209, 10.846, 7.696, 5.626], "val_underestimate": [33.067, 4.384, 15.833, 24.226, 1.234, 2.348, 1.442], "val_overestimate": [0.117, 19.821, 0.443, 0.005, 20.97, 10.996, 7.776], "val_difference": [33.184, 24.205, 16.276, 24.231, 22.204, 13.345, 9.218], "train_loss": [0.044828157467094974, 0.02205810171758963, 0.01603602282767598, 0.013056583245698777, 0.011283343189990976, 0.009787178105196088, 0.009290205168330835], "train_size": 900, "val_size": 89, "rand_seed": 9001, "shuffle": true, "loss_name": "logcosh", "img_dim": [720, 1280, 3], "patch_dim": [720, 1280, 3], "patches_per_image": 1, "density_map_sigma": 10, "density_map_multiplication_factor": 2000.0, "sub_experiment_name": "carpk/sigma_10_loss_logcosh_full_img_epochs_7", "architecture": "UNet"}