{"val_loss": [0.20651410354508293, 0.15950130629870626, 0.12169652266634835, 0.10759699841340382, 0.10266720534612735, 0.08994896844443348, 0.098347259271476, 0.07753063769390185, 0.07511564664956596, 0.06918522234385212, 0.06674568981139196, 0.0826284388701121, 0.08301318581733438, 0.06122205416775412, 0.06088753675835, 0.0573927051284247, 0.055742147378623486, 0.05899733268759317, 0.05217780260783103, 0.054359638753036656, 0.05397565569728613, 0.051264452334079474, 0.05269610260923704, 0.05240357367114888, 0.05397788005777531, 0.051145598033650055, 0.052864636656724744, 0.04964277060288522, 0.048507535778399974, 0.049806275198029146, 0.048591944130344525, 0.04894466527427236, 0.04754611922221051, 0.04673358037446936, 0.049927414343174964, 0.046710108096400894, 0.04672918846416804, 0.0460236432392978, 0.045018244379510484, 0.0526899025361571, 0.0459339498128328, 0.0448467594364451, 0.0451767643292745, 0.046305385418236256, 0.04870505095459521, 0.046658727495620646, 0.05583501933142543, 0.04521631418416897, 0.04490669444203377, 0.04492364259850648, 0.04411454348721438, 0.04807384291456805, 0.04962495843776398, 0.04748506683649288, 0.0449766801773674, 0.04347994333753983, 0.043384212276173964, 0.0461104910613762, 0.047481149745484195, 0.04509732913639811, 0.04723809354214205, 0.043701994905455246, 0.04671162568653623, 0.04921991807512111, 0.04481377431915866, 0.04267904615133173, 0.042555794688976474, 0.042142663021675415, 0.04235499036601848, 0.043636838543332286, 0.041964004954530135, 0.043265913121609226, 0.04215188609022233, 0.0474841092299256, 0.04381663729954097, 0.04208800895139575, 0.042765686133255564, 0.04752196676822172, 0.044852226584528886, 0.042717517664035164, 0.042068858010073505, 0.044611121631330915, 0.04287349137788018, 0.0430232142098248, 0.04179874083234204, 0.0422185186503662, 0.04363311558134026, 0.04210420465096831, 0.042938964544898935, 0.04482409849555956, 0.04115081888933977, 0.04314547101967037, 0.04190852348175314, 0.0430594628625032, 0.043118235655128956, 0.04144751942820019, 0.04727907220108642, 0.04183116343079342, 0.04104004453660713, 0.0426266739765803], "train_mae": [43.278, 54.916, 23.442, 45.279, 15.547, 6.005, 21.551, 21.358, 27.551, 27.259, 7.03, 47.723, 47.567, 6.257, 23.734, 18.497, 8.516, 26.763, 9.797, 4.165, 4.965, 4.906, 6.72, 3.844, 7.005, 3.544, 6.14, 3.455, 5.311, 19.307, 16.905, 3.552, 3.637, 3.547, 21.336, 14.402, 16.601, 14.59, 7.991, 26.068, 4.012, 7.285, 5.466, 16.873, 21.42, 3.771, 15.442, 13.452, 11.384, 9.742, 10.241, 21.286, 21.704, 18.664, 4.856, 6.86, 9.879, 4.895, 5.475, 5.547, 3.906, 7.585, 19.775, 23.316, 16.381, 11.279, 4.097, 6.808, 6.061, 14.489, 5.907, 14.839, 9.489, 7.174, 3.503, 8.566, 11.928, 21.868, 17.71, 2.786, 9.875, 4.396, 3.098, 14.908, 3.059, 3.183, 16.397, 3.07, 15.707, 5.68, 8.663, 15.498, 2.974, 14.558, 2.673, 7.651, 21.138, 6.136, 8.654, 15.228], "train_rmse": [56.16, 67.004, 26.316, 51.816, 17.537, 7.618, 23.73, 23.352, 29.325, 28.272, 8.524, 49.861, 49.76, 8.596, 25.51, 20.503, 11.145, 28.13, 11.942, 5.507, 5.993, 6.674, 8.827, 5.019, 8.216, 4.75, 7.212, 4.813, 7.05, 20.945, 18.595, 4.59, 4.866, 4.977, 23.161, 16.158, 18.266, 16.196, 9.394, 27.655, 5.49, 9.274, 6.594, 18.22, 23.565, 4.578, 16.39, 14.701, 13.185, 10.95, 12.028, 22.905, 24.46, 19.452, 6.464, 8.112, 11.688, 5.999, 6.305, 7.069, 5.203, 8.945, 21.353, 25.038, 17.888, 13.046, 5.436, 8.096, 7.427, 15.357, 7.469, 15.877, 11.077, 7.946, 4.219, 9.909, 13.241, 23.123, 19.33, 3.72, 11.154, 5.267, 3.991, 16.439, 4.161, 4.336, 18.228, 4.242, 17.077, 6.626, 10.309, 16.701, 4.15, 16.464, 3.526, 9.25, 23.359, 7.202, 9.897, 16.684], "train_underestimate": [24.283, 31.325, 1.715, 25.827, 0.209, 1.017, 0.0, 12.183, 15.716, 15.549, 1.732, 27.221, 27.133, 3.072, 13.538, 10.551, 4.229, 15.266, 5.499, 0.579, 0.703, 2.515, 3.014, 0.735, 0.477, 0.956, 0.453, 1.317, 2.832, 11.013, 9.643, 0.66, 1.26, 1.483, 12.17, 8.215, 9.469, 8.322, 4.522, 14.87, 1.86, 4.042, 2.989, 9.625, 12.218, 0.697, 0.0, 7.673, 6.471, 5.532, 5.811, 12.142, 12.38, 10.646, 2.589, 3.866, 5.608, 0.225, 0.189, 2.193, 1.112, 4.283, 11.28, 13.3, 9.344, 6.421, 2.137, 3.847, 3.405, 8.264, 3.276, 8.465, 5.395, 0.087, 0.527, 4.868, 6.804, 12.474, 10.102, 0.73, 5.628, 0.201, 0.796, 8.504, 1.453, 1.281, 9.353, 1.293, 8.959, 0.11, 4.912, 8.84, 1.334, 8.304, 0.759, 4.331, 12.057, 3.457, 4.927, 8.686], "train_overestimate": [0.404, 0.0, 11.657, 0.0, 8.659, 2.408, 12.293, 0.0, 0.0, 0.0, 2.278, 0.0, 0.0, 0.497, 0.0, 0.0, 0.628, 0.0, 0.09, 1.796, 2.129, 0.283, 0.819, 1.458, 3.519, 1.066, 3.049, 0.654, 0.197, 0.0, 0.0, 1.366, 0.815, 0.54, 0.0, 0.0, 0.0, 0.0, 0.036, 0.0, 0.428, 0.113, 0.129, 0.0, 0.0, 1.454, 8.808, 0.0, 0.022, 0.025, 0.031, 0.0, 0.0, 0.0, 0.181, 0.047, 0.027, 2.567, 2.934, 0.971, 1.116, 0.043, 0.0, 0.0, 0.0, 0.013, 0.2, 0.036, 0.053, 0.0, 0.093, 0.0, 0.018, 4.005, 1.471, 0.019, 0.0, 0.0, 0.0, 0.859, 0.005, 2.306, 0.971, 0.0, 0.292, 0.535, 0.0, 0.458, 0.0, 3.13, 0.029, 0.0, 0.363, 0.0, 0.766, 0.033, 0.0, 0.043, 0.009, 0.0], "train_difference": [24.686, 31.325, 13.372, 25.827, 8.868, 3.425, 12.293, 12.183, 15.716, 15.549, 4.01, 27.221, 27.133, 3.569, 13.538, 10.551, 4.858, 15.266, 5.589, 2.376, 2.832, 2.798, 3.833, 2.193, 3.996, 2.022, 3.502, 1.971, 3.029, 11.013, 9.643, 2.026, 2.075, 2.023, 12.17, 8.215, 9.469, 8.322, 4.558, 14.87, 2.288, 4.155, 3.118, 9.625, 12.218, 2.151, 8.808, 7.673, 6.493, 5.557, 5.841, 12.142, 12.38, 10.646, 2.77, 3.913, 5.635, 2.792, 3.123, 3.164, 2.228, 4.326, 11.28, 13.3, 9.344, 6.434, 2.337, 3.883, 3.457, 8.264, 3.369, 8.465, 5.413, 4.092, 1.998, 4.886, 6.804, 12.474, 10.102, 1.589, 5.633, 2.507, 1.767, 8.504, 1.745, 1.815, 9.353, 1.751, 8.959, 3.24, 4.941, 8.84, 1.696, 8.304, 1.525, 4.364, 12.057, 3.5, 4.936, 8.686], "val_mae": [52.957, 63.473, 20.555, 50.586, 16.201, 6.312, 24.397, 21.896, 28.548, 27.404, 6.494, 50.301, 50.424, 6.425, 25.091, 19.673, 9.993, 28.042, 10.653, 4.119, 5.047, 5.406, 7.361, 4.029, 6.827, 3.763, 6.147, 3.445, 5.67, 20.368, 17.868, 3.879, 3.852, 3.897, 22.776, 15.253, 17.572, 15.388, 8.245, 27.542, 4.487, 8.424, 4.884, 17.596, 23.186, 3.969, 17.153, 13.849, 12.166, 9.857, 10.994, 22.621, 23.844, 18.995, 5.427, 6.91, 10.753, 5.231, 5.84, 6.081, 3.55, 7.726, 21.076, 24.799, 17.365, 12.111, 4.418, 7.08, 6.43, 14.786, 6.696, 15.458, 10.299, 7.365, 3.592, 9.275, 12.656, 23.143, 19.137, 3.232, 10.505, 4.541, 3.391, 16.146, 3.462, 3.765, 18.045, 3.625, 16.996, 5.882, 9.773, 16.729, 3.413, 16.062, 3.098, 8.838, 23.428, 6.516, 9.7, 16.691], "val_rmse": [63.573, 74.72, 24.388, 56.952, 17.505, 7.947, 26.245, 24.024, 30.476, 28.495, 8.694, 52.574, 52.774, 8.763, 26.991, 21.774, 12.149, 29.51, 12.608, 5.487, 5.997, 6.589, 9.456, 4.943, 8.075, 4.494, 7.275, 4.176, 7.016, 22.192, 19.771, 4.555, 4.975, 4.895, 24.82, 17.224, 19.455, 17.213, 9.716, 29.363, 5.724, 10.164, 6.05, 19.191, 25.575, 4.857, 17.848, 15.39, 14.262, 11.397, 13.049, 24.535, 26.892, 19.916, 6.916, 8.238, 12.718, 6.33, 6.68, 8.173, 4.638, 9.399, 22.97, 26.8, 19.123, 14.185, 5.545, 8.516, 7.826, 15.839, 8.276, 16.738, 12.141, 8.216, 4.426, 10.799, 14.294, 24.661, 21.075, 3.955, 12.071, 5.443, 4.38, 17.996, 4.132, 4.908, 20.145, 4.833, 18.701, 6.877, 11.653, 18.263, 4.301, 18.34, 3.866, 10.449, 26.033, 7.721, 11.233, 18.491], "val_underestimate": [27.217, 33.469, 1.632, 26.683, 0.337, 0.698, 0.0, 11.55, 15.058, 14.455, 0.783, 26.532, 26.597, 2.946, 13.235, 10.377, 4.629, 14.792, 5.49, 0.299, 0.656, 2.455, 3.196, 0.628, 0.463, 0.83, 0.434, 0.969, 2.68, 10.744, 9.425, 0.522, 1.174, 1.4, 12.014, 8.046, 9.269, 8.117, 4.277, 14.528, 1.847, 4.195, 2.467, 9.282, 12.23, 0.607, 0.0, 7.305, 6.387, 5.188, 5.748, 11.932, 12.577, 10.019, 2.56, 3.561, 5.599, 0.026, 0.157, 2.359, 0.527, 4.022, 11.117, 13.081, 9.16, 6.371, 2.016, 3.654, 3.261, 7.799, 3.334, 8.153, 5.394, 0.012, 0.472, 4.838, 6.676, 12.207, 10.094, 0.738, 5.535, 0.164, 0.828, 8.517, 1.387, 1.388, 9.518, 1.412, 8.965, 0.002, 5.09, 8.824, 1.332, 8.472, 0.803, 4.547, 12.357, 3.387, 5.084, 8.804],