{"val_loss": [0.2284022604717928, 0.22939241721349604, 0.20857572139186017, 0.18314579534618294, 0.15511218085885048, 0.1276778727222015, 0.10847594369860257, 0.10757444607203498, 0.11148514346603085, 0.10929465009009137, 0.10666703569757588, 0.10587723328567603, 0.08760128279819208, 0.0932242894983467, 0.08030480946249821, 0.08702769711175386, 0.08917043960708029, 0.09242158985751517, 0.07737363984479624, 0.07284101602785728, 0.07229797432527822, 0.06774603323463131, 0.06647983138613842, 0.06938745755263988, 0.06221164352096179, 0.08857590442194659, 0.07291211122099091, 0.06293065043385415, 0.0632637803826262, 0.06918828145546072, 0.06812613849144648, 0.059430031982414866, 0.05527351476142511, 0.055212651461581976, 0.05427099126117194, 0.05988792124587823, 0.055271510473069024, 0.06075992454391192, 0.05271384070682175, 0.052321892094743604, 0.05721546424662366, 0.04990339873577742, 0.05679171277648386, 0.05194004671648145, 0.05328930528177058, 0.05056377629037289, 0.050409871646586585, 0.04970783140400753, 0.05341311199042727, 0.049598115660688454, 0.049699954496806156, 0.05808116468217443, 0.049695213270538, 0.04865656554808512, 0.04994933252387187, 0.04861486533328014, 0.04823366106104325, 0.049728606581030524, 0.04672211279873462, 0.046555194209384566, 0.04583168977542835, 0.06088481342200847, 0.06056500848054009, 0.05588066402603598, 0.05833650226978695, 0.06484927417819991, 0.06108914271873586, 0.05491403876529897, 0.05020566596923506, 0.05458208126947284, 0.052977639551767534, 0.04643069980118204, 0.04667871081105927, 0.04584262950126739, 0.04862567193477469, 0.045929623740341735, 0.04560331882470671, 0.0483498124350958, 0.04917210337760694, 0.04734242466442725, 0.044402759905685395, 0.046388350317583364, 0.044245045385597384, 0.0440510382382747, 0.04466818251154002, 0.04702378431444659, 0.04519062941236531, 0.04362265661577968, 0.04678323812892332, 0.044220310800215774, 0.048610501237871015, 0.04899928863982067, 0.048603545408695936, 0.04480917480609873, 0.05198767364901655, 0.0471962298376157, 0.04822128783801899, 0.04579390412853921, 0.04581161741824711, 0.04490682770333746], "train_mae": [39.483, 140.361, 29.708, 79.05, 53.356, 62.225, 28.02, 17.942, 30.644, 22.908, 18.232, 63.45, 24.508, 15.46, 20.627, 45.58, 50.432, 55.364, 35.073, 26.32, 31.987, 24.928, 5.727, 34.291, 20.512, 32.887, 19.641, 18.767, 26.941, 38.89, 38.337, 22.33, 15.222, 6.594, 17.08, 11.463, 21.87, 32.635, 13.648, 15.437, 28.42, 5.993, 28.984, 4.417, 23.991, 15.788, 3.879, 11.448, 24.99, 4.812, 10.313, 33.091, 5.219, 15.845, 19.953, 17.719, 3.986, 21.146, 12.785, 10.836, 5.06, 33.049, 35.468, 29.019, 33.175, 39.916, 35.093, 28.506, 22.459, 28.978, 27.813, 14.992, 14.54, 10.643, 6.581, 3.446, 12.298, 21.772, 23.194, 19.532, 9.108, 4.034, 6.298, 10.131, 13.37, 18.746, 3.574, 9.673, 20.796, 9.335, 10.098, 24.461, 23.141, 3.951, 8.17, 6.221, 6.875, 8.998, 14.897, 14.289], "train_rmse": [43.625, 150.476, 34.205, 90.753, 66.142, 73.086, 37.294, 19.927, 32.242, 24.594, 20.371, 69.84, 30.232, 16.827, 24.346, 48.473, 53.0, 57.836, 37.158, 27.839, 33.922, 26.38, 7.146, 36.874, 22.066, 33.652, 20.589, 22.245, 30.068, 42.307, 41.102, 25.739, 17.812, 8.287, 18.789, 12.885, 23.859, 34.937, 15.557, 17.583, 30.387, 7.411, 30.938, 5.699, 26.126, 18.664, 4.749, 12.443, 27.509, 6.291, 12.004, 35.453, 6.308, 17.52, 21.263, 19.357, 4.84, 22.874, 14.852, 12.62, 6.192, 36.165, 37.749, 32.742, 36.01, 42.028, 37.531, 31.046, 24.718, 30.976, 29.808, 17.411, 15.843, 12.021, 7.776, 4.278, 13.455, 23.785, 24.881, 20.963, 10.48, 5.037, 7.449, 11.422, 15.245, 20.114, 4.348, 11.212, 22.218, 11.254, 10.933, 25.839, 26.225, 5.159, 9.226, 7.387, 8.488, 10.268, 16.227, 15.858], "train_underestimate": [0.811, 74.388, 2.861, 41.895, 28.134, 32.978, 14.398, 1.194, 0.092, 0.606, 1.554, 33.627, 12.989, 0.516, 10.932, 24.157, 26.728, 29.342, 18.588, 13.949, 16.953, 13.211, 1.423, 18.173, 10.871, 0.0, 0.0, 9.946, 14.278, 20.611, 20.318, 11.834, 8.044, 3.013, 9.052, 0.019, 11.59, 17.296, 7.233, 8.181, 15.062, 2.994, 15.361, 0.396, 12.714, 8.305, 0.791, 6.067, 13.244, 1.839, 5.461, 17.537, 0.964, 8.398, 10.575, 9.391, 0.804, 11.207, 6.747, 5.665, 2.352, 17.515, 18.797, 15.379, 17.582, 21.155, 18.599, 15.108, 11.903, 15.358, 14.74, 7.946, 7.706, 5.64, 0.0, 0.707, 6.518, 11.539, 12.292, 10.352, 4.794, 0.974, 3.243, 5.369, 7.085, 9.935, 0.666, 5.103, 11.021, 4.741, 0.0, 12.964, 12.264, 1.755, 0.0, 3.152, 2.865, 4.769, 7.895, 7.573], "train_overestimate": [20.114, 0.0, 12.883, 0.0, 0.143, 0.0, 0.452, 8.314, 16.148, 11.534, 8.108, 0.0, 0.0, 7.678, 0.0, 0.0, 0.0, 0.0, 0.0, 0.0, 0.0, 0.0, 1.613, 0.0, 0.0, 17.43, 10.409, 0.0, 0.0, 0.0, 0.0, 0.0, 0.024, 0.481, 0.0, 6.057, 0.0, 0.0, 0.0, 0.0, 0.0, 0.182, 0.0, 1.944, 0.0, 0.062, 1.265, 0.0, 0.0, 0.712, 0.004, 0.0, 1.802, 0.0, 0.0, 0.0, 1.308, 0.0, 0.029, 0.078, 0.329, 0.0, 0.0, 0.0, 0.0, 0.0, 0.0, 0.0, 0.0, 0.0, 0.0, 0.0, 0.0, 0.0, 3.488, 1.119, 0.0, 0.0, 0.0, 0.0, 0.033, 1.164, 0.095, 0.0, 0.001, 0.0, 1.228, 0.023, 0.0, 0.207, 5.352, 0.0, 0.0, 0.339, 4.33, 0.146, 0.779, 0.0, 0.0, 0.0], "train_difference": [20.925, 74.388, 15.745, 41.895, 28.277, 32.978, 14.85, 9.509, 16.24, 12.141, 9.663, 33.627, 12.989, 8.194, 10.932, 24.157, 26.728, 29.342, 18.588, 13.949, 16.953, 13.211, 3.035, 18.173, 10.871, 17.43, 10.409, 9.946, 14.278, 20.611, 20.318, 11.834, 8.067, 3.495, 9.052, 6.075, 11.59, 17.296, 7.233, 8.181, 15.062, 3.176, 15.361, 2.341, 12.714, 8.367, 2.056, 6.067, 13.244, 2.55, 5.465, 17.537, 2.766, 8.398, 10.575, 9.391, 2.112, 11.207, 6.776, 5.743, 2.682, 17.515, 18.797, 15.379, 17.582, 21.155, 18.599, 15.108, 11.903, 15.358, 14.74, 7.946, 7.706, 5.64, 3.488, 1.826, 6.518, 11.539, 12.292, 10.352, 4.827, 2.138, 3.338, 5.369, 7.086, 9.935, 1.894, 5.126, 11.021, 4.948, 5.352, 12.964, 12.264, 2.094, 4.33, 3.297, 3.644, 4.769, 7.895, 7.573], "val_mae": [40.97, 129.79, 29.558, 70.397, 45.502, 54.416, 23.638, 17.491, 30.957, 22.75, 17.678, 57.921, 21.645, 14.758, 19.133, 43.366, 48.356, 53.204, 34.006, 26.266, 31.534, 25.551, 5.395, 33.856, 21.475, 31.543, 17.354, 18.068, 25.784, 37.163, 37.229, 21.704, 15.629, 7.247, 17.951, 10.386, 22.203, 32.045, 14.339, 15.921, 28.355, 7.073, 28.655, 3.774, 23.82, 15.302, 3.531, 13.101, 24.397, 5.096, 11.051, 32.175, 5.529, 16.207, 20.333, 17.846, 3.917, 21.283, 12.92, 11.11, 5.582, 31.618, 34.219, 26.783, 31.25, 38.507, 33.731, 27.539, 21.918, 28.315, 27.184, 14.681, 15.008, 11.459, 5.882, 3.309, 12.909, 21.174, 22.793, 19.568, 9.753, 4.524, 7.248, 11.012, 13.459, 18.846, 3.562, 10.166, 20.747, 9.115, 8.921, 24.396, 21.93, 4.24, 6.861, 6.973, 6.718, 10.204, 15.323, 14.475], "val_rmse": [44.683, 138.441, 33.766, 80.496, 56.744, 63.804, 31.125, 19.388, 32.259, 24.627, 19.717, 63.026, 26.136, 16.424, 21.983, 45.611, 50.364, 55.164, 35.655, 27.509, 33.132, 26.823, 7.169, 36.204, 23.024, 32.398, 18.666, 21.025, 28.547, 40.159, 39.705, 24.821, 18.056, 9.25, 19.711, 11.73, 24.155, 34.234, 16.173, 18.05, 30.286, 8.585, 30.507, 4.827, 25.928, 18.165, 4.607, 14.01, 26.76, 6.677, 12.595, 34.363, 6.453, 17.888, 21.646, 19.433, 4.917, 23.041, 14.954, 12.945, 7.005, 34.393, 36.303, 29.986, 33.656, 40.402, 35.963, 29.945, 24.102, 30.223, 29.073, 17.03, 16.42, 12.898, 6.811, 4.42, 14.1, 23.122, 24.467, 21.02, 11.268, 5.455, 8.572, 12.357, 15.367, 20.234, 4.468, 11.661, 22.158, 11.223, 9.689, 25.749, 24.629, 5.682, 7.756, 8.335, 8.592, 11.399, 16.685, 15.989],