{"val_loss": [0.02108157444265945, 0.016095579347807764, 0.012191582669081125, 0.01137340495509253, 0.010525179410786437, 0.01041901823491036, 0.010271217922683503, 0.009658085171823212, 0.01103240403223454, 0.009870784471037468, 0.009805371964937555, 0.008964149712804048, 0.009513785691845389, 0.00922841149601, 0.009319227005963673, 0.008658367811328978, 0.008916529475861941, 0.009373783704765682, 0.008977705629791565, 0.008672503711910822, 0.008427942791968235, 0.008609251805597417, 0.008753734423782375, 0.008581372423577704, 0.008348319397662314, 0.00833296254003311, 0.008112761679726913, 0.007850765711576542, 0.008327503085584956, 0.00854917452124937, 0.008718430506098015, 0.008188404838673544, 0.008733023075311555, 0.009231692947758026, 0.009280138276260593, 0.007958304279835668, 0.008115531849933392, 0.008307911254579428, 0.008000485322447596, 0.008623445874785403, 0.008185746048612226, 0.008204104413273265, 0.008255657619242008, 0.008266918925073696, 0.008211675098637523, 0.0086377654770331, 0.00856894613485458, 0.008425046092430848, 0.008213919784312192, 0.008397318421831348], "train_loss": [0.12163719511590898, 0.018997078470420092, 0.014683546341984766, 0.013401004718616605, 0.01080808929327759, 0.010830628576513845, 0.010224150639260188, 0.010330205219361233, 0.00928249522621627, 0.009074040834093466, 0.009326929435701459, 0.008760475440794835, 0.008487530074489769, 0.00858303462882759, 0.008385007997276261, 0.007869715704146074, 0.008245323580922559, 0.007827840083336923, 0.00797390674779308, 0.007949060112878215, 0.007502132224544766, 0.007293108061276143, 0.007358840652159415, 0.0077106901899242075, 0.007119592872186331, 0.006975050229812041, 0.007093316335158306, 0.0070351359026972204, 0.006821598619353608, 0.007022363784926711, 0.006670224178378703, 0.006818165473305271, 0.006541964850839577, 0.006506174211608595, 0.006559013476362452, 0.006638022627157625, 0.006914470552146668, 0.00637231769542268, 0.006091197943533189, 0.006083435888285749, 0.005938250489634811, 0.006062265059881611, 0.006139430539406021, 0.00576449391519418, 0.0055986834995565005, 0.005562059684962151, 0.005622546987069654, 0.0055324409950117115, 0.005312246497851447, 0.005509214021003572], "train_size": 512, "val_size": 1088, "rand_seed": 325, "shuffle": true, "loss_name": "mean_squared_error", "img_dim": [256, 256, 3], "patch_dim": [128, 128, 3], "patches_per_image": 4, "density_map_sigma": 5, "density_map_multiplication_factor": 100.0, "sub_experiment_name": "vgg_cells/n_32_sigma_5_randseed_325_loss_mse_patch_4_128x128", "architecture": "FCRN_A"}