{"val_loss": [0.02287084428483949, 0.02479476694647661, 0.04678304529036669, 0.03152392226654817, 0.028855897225987387, 0.02182697265080231, 0.02450244999764597, 0.021116660305244082, 0.01892312179894789, 0.017526359845171955, 0.01696903698201127, 0.015175380463273647, 0.014245424282682292, 0.01450594821396996, 0.013904418159440598, 0.01307140159941114, 0.012099990275387159, 0.011615219139083125, 0.011275921561344363, 0.011109636353520566, 0.010661724478910294, 0.010337473786956467, 0.010157016239485102, 0.010474989074282348, 0.009676344374276917, 0.009578428066828671, 0.009073199135908747, 0.008848568869699888, 0.008521752349813195, 0.008390404167585075, 0.008043243450468735, 0.007483809196855873, 0.007134029895121998, 0.007191563429146567, 0.006868554306600024, 0.010337274357238236, 0.00872851736665539, 0.008917546512641232, 0.008135176037766916, 0.006619372100377565, 0.006575050003662267, 0.006932026119423373, 0.00685973308966769, 0.006896406415548614, 0.006422066472142059, 0.006091607493170372, 0.005879206603447742, 0.00556017634773846, 0.005509416589869515, 0.00516863917993546, 0.005024984153672396, 0.0051713498764644, 0.0049624266804825954, 0.004866049506852184, 0.0047669762810555235, 0.005137547244564356, 0.004643571503145401, 0.004574894317877753, 0.0050594201944905385, 0.004488955234752639, 0.0047981166083927215, 0.005045212509096874, 0.004391229773104629, 0.004445979881839936, 0.0047048799152595595, 0.0044163637212477624, 0.004354002184460542, 0.004764929881168748, 0.004238305276136517, 0.004745384767268072, 0.005463172767229159, 0.004836303046699066, 0.004568100638126078, 0.004384743934839635, 0.004281197864603361, 0.004177625888534, 0.004172820828149698, 0.004167468386346146, 0.004453665348324541, 0.00436408695532009, 0.0040674914104302465, 0.0040921807410674825, 0.0040123736663885854, 0.004230830887750284, 0.003952979524482918, 0.004108119511168779, 0.003962617816047414, 0.003905077250879806, 0.003968672018826884, 0.0038822889619041234, 0.003899723241749384, 0.005327554210773943, 0.00418328311335405, 0.0042638763655251, 0.00447395396322998, 0.00515443752417067, 0.0053992946144289285, 0.00479677871129859, 0.0042521785687901735, 0.004294006895232836], "train_mae": [34.744, 42.325, 156.673, 69.314, 59.417, 25.682, 71.5, 47.154, 16.809, 15.424, 35.394, 13.675, 13.752, 34.042, 23.241, 24.475, 10.076, 9.384, 16.48, 18.099, 18.598, 18.845, 18.903, 31.362, 17.479, 23.869, 14.619, 16.143, 13.49, 17.515, 16.351, 8.507, 5.179, 15.612, 11.508, 55.473, 37.665, 40.628, 33.903, 10.612, 14.601, 23.275, 25.573, 29.662, 22.804, 19.365, 17.596, 15.058, 12.887, 7.52, 6.186, 12.099, 10.053, 8.709, 5.679, 15.932, 6.351, 5.634, 16.415, 4.5, 15.621, 17.679, 5.275, 7.583, 13.256, 9.376, 7.387, 16.786, 4.606, 17.876, 26.037, 20.11, 14.593, 11.189, 5.966, 4.611, 5.715, 5.658, 16.414, 13.83, 6.299, 8.055, 4.609, 13.865, 5.017, 8.742, 4.506, 4.394, 8.096, 6.32, 4.319, 27.718, 3.585, 7.253, 12.921, 19.922, 25.618, 17.897, 4.043, 10.767], "train_rmse": [38.794, 49.889, 156.967, 76.282, 66.284, 28.981, 72.52, 49.266, 22.173, 20.317, 37.82, 17.543, 16.551, 35.882, 28.414, 26.542, 12.912, 12.803, 18.115, 22.233, 20.263, 21.832, 20.236, 33.296, 18.858, 25.648, 16.132, 18.396, 15.026, 19.576, 17.687, 10.39, 6.931, 16.928, 13.13, 56.557, 38.895, 41.528, 35.114, 11.909, 15.762, 24.603, 26.586, 30.455, 24.173, 20.413, 19.015, 16.376, 14.297, 9.201, 7.244, 13.569, 11.633, 10.335, 7.498, 17.307, 7.682, 6.557, 17.559, 5.955, 16.687, 18.847, 6.179, 9.023, 14.552, 10.845, 8.868, 17.807, 6.21, 18.879, 27.061, 21.005, 15.947, 12.474, 7.669, 5.5, 6.999, 7.324, 17.448, 14.874, 7.519, 9.406, 6.134, 14.898, 5.897, 10.158, 5.877, 5.309, 9.465, 7.596, 5.594, 28.504, 4.41, 8.363, 13.935, 21.07, 26.578, 18.887, 5.052, 12.064], "train_underestimate": [0.12, 21.947, 0.0, 36.308, 31.124, 0.739, 0.0, 0.0, 6.601, 5.8, 0.0, 3.814, 2.921, 0.0, 11.873, 0.054, 2.877, 3.412, 0.231, 9.47, 0.013, 9.872, 0.0, 16.428, 0.0, 12.503, 0.003, 8.456, 0.039, 9.175, 0.001, 4.164, 0.924, 0.023, 0.082, 0.0, 19.729, 0.0, 17.759, 0.083, 0.019, 12.192, 0.0, 15.537, 0.0, 10.144, 0.0, 7.887, 0.032, 3.738, 2.636, 0.02, 5.211, 4.468, 0.342, 0.0, 2.991, 2.31, 0.0, 0.636, 8.182, 0.0, 2.119, 3.85, 0.0, 4.859, 3.664, 0.0, 0.318, 9.364, 0.0, 10.534, 0.0, 5.86, 0.165, 1.61, 2.699, 0.123, 8.598, 0.0, 3.091, 4.126, 0.262, 7.263, 2.235, 0.0, 0.286, 1.683, 4.202, 3.197, 0.276, 0.0, 1.16, 3.72, 6.768, 0.0, 13.419, 0.0, 0.894, 5.64], "train_overestimate": [18.08, 0.224, 82.068, 0.0, 0.0, 12.714, 37.453, 24.7, 2.204, 2.279, 18.54, 3.349, 4.283, 17.832, 0.301, 12.766, 2.401, 1.503, 8.402, 0.01, 9.729, 0.0, 9.902, 0.0, 9.156, 0.0, 7.654, 0.0, 7.027, 0.0, 8.565, 0.292, 1.789, 8.155, 5.946, 29.058, 0.0, 21.281, 0.0, 5.476, 7.63, 0.0, 13.396, 0.0, 11.945, 0.0, 9.217, 0.0, 6.718, 0.201, 0.604, 6.318, 0.054, 0.094, 2.633, 8.346, 0.336, 0.641, 8.598, 1.721, 0.0, 9.26, 0.644, 0.122, 6.944, 0.052, 0.205, 8.793, 2.094, 0.0, 13.639, 0.0, 7.644, 0.001, 2.96, 0.805, 0.295, 2.841, 0.0, 7.244, 0.209, 0.093, 2.152, 0.0, 0.393, 4.579, 2.074, 0.619, 0.039, 0.114, 1.987, 14.519, 0.717, 0.079, 0.0, 10.436, 0.0, 9.375, 1.224, 0.0], "train_difference": [18.199, 22.171, 82.068, 36.308, 31.124, 13.453, 37.453, 24.7, 8.805, 8.079, 18.54, 7.163, 7.204, 17.832, 12.174, 12.82, 5.278, 4.916, 8.633, 9.48, 9.742, 9.872, 9.902, 16.428, 9.156, 12.503, 7.658, 8.456, 7.066, 9.175, 8.565, 4.456, 2.713, 8.178, 6.028, 29.058, 19.729, 21.281, 17.759, 5.559, 7.648, 12.192, 13.396, 15.537, 11.945, 10.144, 9.217, 7.887, 6.75, 3.939, 3.241, 6.338, 5.266, 4.562, 2.975, 8.346, 3.327, 2.951, 8.598, 2.357, 8.182, 9.26, 2.763, 3.972, 6.944, 4.911, 3.87, 8.793, 2.413, 9.364, 13.639, 10.534, 7.644, 5.861, 3.125, 2.415, 2.994, 2.964, 8.598, 7.244, 3.3, 4.22, 2.414, 7.263, 2.628, 4.579, 2.361, 2.302, 4.241, 3.311, 2.262, 14.519, 1.878, 3.799, 6.768, 10.436, 13.419, 9.375, 2.118, 5.64], "val_mae": [39.553, 37.008, 153.364, 60.483, 51.286, 29.945, 72.385, 49.2, 20.017, 18.647, 37.793, 17.293, 16.751, 35.464, 20.578, 26.19, 12.036, 10.984, 17.666, 16.318, 18.852, 17.573, 17.997, 29.925, 16.273, 22.766, 14.204, 15.004, 13.647, 16.04, 16.088, 7.495, 5.959, 15.813, 11.866, 53.802, 33.985, 39.555, 30.787, 11.328, 15.266, 20.611, 25.598, 27.239, 22.706, 17.172, 17.913, 13.044, 13.722, 6.863, 5.332, 13.045, 8.654, 7.515, 6.357, 16.225, 5.205, 4.401, 16.846, 4.828, 13.709, 17.709, 4.054, 6.319, 13.565, 7.897, 6.207, 16.784, 5.046, 15.79, 25.195, 18.037, 14.448, 9.766, 6.472, 3.668, 4.668, 6.206, 14.616, 13.706, 5.144, 6.737, 5.107, 12.204, 3.798, 9.11, 5.084, 3.681, 6.966, 5.337, 4.928, 26.778, 3.421, 5.967, 11.339, 19.336, 23.113, 17.554, 3.959, 9.712], "val_rmse": [43.194, 47.872, 153.708, 71.745, 62.304, 33.671, 73.615, 51.801, 24.586, 22.837, 40.441, 20.795, 20.002, 37.584, 27.763, 28.062, 14.869, 14.24, 18.995, 22.102, 20.183, 21.665, 19.227, 32.618, 17.599, 25.179, 15.361, 18.077, 14.689, 18.996, 17.102, 10.11, 7.19, 16.738, 12.953, 54.831, 36.332, 40.318, 33.066, 12.437, 16.193, 23.083, 26.339, 28.567, 23.716, 18.812, 18.931, 15.03, 14.727, 8.622, 7.041, 14.008, 10.416, 9.203, 7.654, 17.236, 6.744, 5.859, 17.705, 5.964, 15.118, 18.634, 5.463, 7.912, 14.519, 9.702, 7.94, 17.585, 6.081, 17.208, 26.159, 19.327, 15.472, 11.277, 7.487, 5.018, 6.244, 7.144, 16.036, 14.545, 6.717, 8.387, 6.028, 13.583, 5.152, 9.954, 5.957, 5.049, 8.553, 6.804, 5.766, 27.592, 4.398, 7.469, 12.728, 20.191, 24.792, 18.344, 5.005, 11.357],