{"val_loss": [0.044850656382080294, 0.033782281707501395, 0.0305971705735389, 0.027674143322942296, 0.026037401831682686], "train_loss": [0.06888121871146116, 0.0311770738570653, 0.023481928187907217, 0.019768835924345342, 0.017483677346132633], "train_size": 14400, "val_size": 1424, "rand_seed": 9001, "shuffle": true, "loss_name": "mean_squared_error", "img_dim": [720, 1280, 3], "patch_dim": [256, 256, 3], "patches_per_image": 16, "density_map_sigma": 10, "density_map_multiplication_factor": 2000.0, "sub_experiment_name": "carpk/sigma_10_loss_mse_patch_16_256x256_epochs_5_lr_1e-4", "architecture": "FCRN_A"}