{"val_loss": [1.2357930295169353, 1.0889474651776254, 0.9081576043739915, 1.0865765100345015, 0.8121820694068447, 0.9632857728749513, 0.7644051474751905, 0.9051066804910078, 0.7817208620952443, 0.9018274490721524, 0.7997300294693559, 0.685409038187936, 0.6443483625538647, 0.6507648982806131, 0.6523972225142642, 0.6125643675448373, 0.5852070482447743, 0.5794244109885767, 0.592872730945237, 0.6062675112392754, 0.5756074417382478, 0.6329955400666222, 0.6814633616479113, 0.5737299263477326, 0.5699479969451204, 1.009089616232086, 0.5252401085337624, 0.5232028545578942, 0.5291229871800169, 0.5446361779933795, 0.5348102387506515, 0.5067089419346302, 0.5217350322753191, 0.8566448704339564, 0.7726894295890816, 0.530972455907613, 0.5256873272475786, 0.5244741263682954, 0.5014515181537718, 0.5014963711146265, 0.4925093165365979, 0.4983190264320001, 0.6061024079215713, 0.49788593139965087, 0.5490666855243035, 0.49407108729938043, 0.5042688073590398, 0.5123385334154591, 0.5170562001876533, 0.5280423107091338], "train_loss": [1.5958751800110955, 1.4453522867543571, 1.3320657861386906, 1.2574552368623757, 1.1613176481383722, 1.1189140219235543, 1.042595840648961, 1.0116526081159618, 1.0101304900420824, 0.9255376710792927, 0.9040168108605432, 0.8547391658619653, 0.8375113670331744, 0.8020797797791123, 0.7541561488289865, 0.6860834326431575, 0.695813038424358, 0.6442511788858422, 0.5964130162696433, 0.5839601557258061, 0.533983660511509, 0.511739213270687, 0.49265891636158327, 0.44981615251911145, 0.41721162669576684, 0.4039037358293129, 0.4129879638088464, 0.34053590391444327, 0.327169689965846, 0.2986063314543389, 0.6906810360537334, 0.30618147858999506, 0.2546673795371827, 0.3152325278247318, 0.2569544277618111, 0.2568764870002469, 0.23045385163131413, 0.2750618775699253, 0.20211143943781856, 0.21251269951637916, 0.18974305122804633, 0.18954060168142742, 0.17804334868259472, 0.18435856597760814, 0.18612148584272467, 0.15925840053088425, 0.16280297829906767, 0.15764792173878994, 0.1421375357002884, 0.1410562716129595], "train_size": 1276, "val_size": 320, "rand_seed": 3201, "shuffle": true, "loss_name": "mean_squared_error", "img_dim": [768, 1024, 3], "patch_dim": [768, 1024, 3], "patches_per_image": 1, "density_map_sigma": 10, "density_map_multiplication_factor": 2000.0, "sub_experiment_name": "shanghai_tech/part_b/sigma_10_loss_mse_full_img_epochs_50_lr_1e-4", "architecture": "FCRN_A"}