{"val_loss": [0.1237011808244621, 0.1675717641106423, 0.07590293676099356, 0.08288150116362993, 0.06338204202406547, 0.0638326563160209, 0.057665820096564645, 0.04858380854677628, 0.05009963656501735, 0.04267941990538555, 0.04075378678081667, 0.03739728136262035, 0.033116527476950604, 0.031008728957899353, 0.03052841017351431, 0.030244850320741534, 0.0297191124957274, 0.028197738903519863, 0.02761976612622247, 0.027444121537401396, 0.027132582344005212, 0.025534149231937003, 0.02457240578608916, 0.02392924148315454, 0.023412910201038944, 0.022929354967987713, 0.022430312552708474, 0.02222096362589475, 0.02172918165075209, 0.021409930435338002, 0.020829589784090573, 0.02118437653681373, 0.0201406456899884, 0.01938713144730119, 0.018894745269790292, 0.018633843570783296, 0.018296683844014564, 0.018124658237759245, 0.01764591482659692, 0.016419160337296918, 0.015519315315246144, 0.015640759970718884, 0.05212064654401997, 0.0492424916695146, 0.03385777368812876, 0.024065680890891922, 0.029488486854140374, 0.01999959339360323, 0.02836914116735844, 0.018700420609949267, 0.023647656636860442, 0.017395021832164598, 0.020704772693159824, 0.0162987432182383, 0.01724071181653177, 0.015489896218401982, 0.016446345903472426, 0.014719650464351563, 0.014377976154826362, 0.014648389598519048, 0.013351034961969536, 0.013028554426615728, 0.013494460114195724, 0.012682862131281154, 0.013728573781383388, 0.012453663121799336, 0.012449231392512208, 0.011834187669378212, 0.011694009467165041, 0.01131878126590677, 0.011317763885017484, 0.010896500556127113, 0.01088495335117092, 0.010558927397462814, 0.010401472552022076, 0.01030533916919547, 0.010973717199008474, 0.010849931085591806, 0.010391083593918559, 0.01130713292000377, 0.010224606018335395, 0.010249800990363035, 0.009836417092147338, 0.009895435715888572, 0.009747940536780172, 0.010401393288595821, 0.01083551237003549, 0.009740440349560231, 0.009692189129589893, 0.009789722119047143, 0.009750140822314493, 0.010566822328495191, 0.009366168263916145, 0.009547038287992644, 0.009442001019659288, 0.009451408189146178, 0.00944210753625478, 0.009154797677183524, 0.009521533117068055, 0.009508550944327213], "train_mae": [177.062, 158.037, 30.929, 109.465, 19.788, 30.252, 72.7, 33.934, 21.578, 23.551, 44.991, 16.797, 28.862, 17.792, 27.392, 14.079, 26.597, 13.875, 11.996, 29.48, 13.497, 19.216, 8.912, 8.649, 8.099, 6.33, 7.382, 11.897, 11.321, 12.866, 10.794, 18.726, 13.073, 6.692, 4.215, 8.943, 8.762, 14.012, 12.579, 5.602, 4.582, 13.619, 103.369, 88.032, 75.965, 40.618, 42.096, 10.313, 56.716, 11.671, 39.86, 8.92, 36.016, 5.937, 19.796, 3.822, 16.998, 7.494, 10.282, 15.672, 7.143, 6.838, 10.284, 11.545, 13.736, 9.444, 13.542, 13.622, 5.378, 5.854, 8.27, 3.555, 3.648, 4.525, 3.341, 5.389, 10.331, 11.483, 9.543, 12.858, 10.386, 7.369, 5.575, 3.479, 3.297, 14.568, 16.496, 7.678, 3.906, 4.962, 10.405, 13.315, 5.991, 4.92, 2.9, 2.607, 5.444, 5.872, 12.127, 7.654], "train_rmse": [177.381, 165.732, 34.572, 109.904, 24.5, 39.796, 73.688, 36.83, 28.534, 26.677, 47.06, 20.92, 31.374, 20.903, 29.689, 17.592, 28.509, 16.799, 15.37, 30.836, 17.987, 20.509, 11.221, 10.526, 9.658, 8.984, 8.53, 12.728, 13.958, 13.791, 13.152, 19.576, 15.05, 7.861, 5.323, 10.34, 9.991, 15.448, 13.837, 7.06, 5.771, 14.768, 106.253, 91.06, 77.156, 41.138, 45.274, 12.85, 58.065, 12.658, 41.768, 10.376, 36.975, 7.156, 20.993, 5.0, 18.243, 8.626, 11.68, 16.684, 8.039, 7.703, 12.366, 12.548, 15.316, 10.748, 14.809, 14.378, 7.145, 6.857, 9.513, 4.604, 5.058, 5.401, 4.445, 6.303, 11.526, 12.694, 10.435, 14.058, 11.219, 8.662, 6.54, 4.6, 4.068, 15.301, 17.254, 8.451, 4.959, 6.548, 11.166, 14.042, 6.923, 6.138, 3.767, 3.557, 6.526, 6.662, 12.994, 8.639], "train_underestimate": [0.0, 90.777, 1.08, 0.0, 6.055, 16.761, 0.0, 0.426, 10.461, 1.197, 0.014, 5.668, 0.409, 1.624, 0.329, 4.132, 0.237, 1.602, 3.077, 0.038, 6.514, 0.268, 1.439, 0.985, 0.72, 2.758, 0.511, 0.137, 6.473, 0.04, 6.171, 0.0, 7.509, 0.224, 0.715, 5.108, 0.096, 8.049, 0.016, 0.279, 2.082, 0.0, 0.0, 50.566, 0.0, 0.0, 24.18, 5.877, 0.0, 0.026, 22.896, 5.069, 0.0, 0.183, 11.371, 0.752, 0.0, 4.12, 5.8, 0.0, 3.774, 3.546, 0.027, 6.58, 0.0, 5.365, 0.0, 7.787, 0.296, 3.108, 0.002, 1.281, 1.18, 2.153, 0.96, 2.789, 0.0, 0.0, 5.481, 0.0, 5.966, 0.02, 3.05, 0.326, 1.415, 8.368, 0.0, 4.342, 1.741, 0.187, 5.977, 0.0, 3.352, 0.114, 1.119, 0.839, 0.036, 3.296, 6.966, 0.0], "train_overestimate": [101.705, 0.0, 16.686, 62.877, 5.311, 0.616, 41.759, 19.065, 1.933, 12.33, 25.829, 3.98, 16.169, 8.596, 15.405, 3.954, 15.041, 6.368, 3.813, 16.895, 1.239, 10.769, 3.68, 3.983, 3.932, 0.878, 3.729, 6.697, 0.03, 7.35, 0.029, 10.756, 0.0, 3.62, 1.706, 0.029, 4.937, 0.0, 7.21, 2.939, 0.55, 7.823, 59.376, 0.0, 43.635, 23.331, 0.0, 0.046, 32.578, 6.678, 0.0, 0.054, 20.687, 3.227, 0.0, 1.444, 9.764, 0.184, 0.106, 9.002, 0.329, 0.381, 5.88, 0.052, 7.89, 0.06, 7.779, 0.038, 2.793, 0.255, 4.748, 0.761, 0.915, 0.447, 0.959, 0.307, 5.934, 6.596, 0.0, 7.385, 0.0, 4.213, 0.152, 1.673, 0.479, 0.0, 9.476, 0.069, 0.503, 2.663, 0.0, 7.648, 0.089, 2.713, 0.546, 0.659, 3.091, 0.077, 0.0, 4.397], "train_difference": [101.705, 90.777, 17.766, 62.877, 11.366, 17.377, 41.759, 19.492, 12.394, 13.528, 25.843, 9.648, 16.578, 10.22, 15.734, 8.087, 15.277, 7.97, 6.89, 16.934, 7.752, 11.038, 5.119, 4.968, 4.652, 3.636, 4.24, 6.834, 6.503, 7.39, 6.2, 10.756, 7.509, 3.844, 2.421, 5.137, 5.033, 8.049, 7.226, 3.218, 2.632, 7.823, 59.376, 50.566, 43.635, 23.331, 24.18, 5.924, 32.578, 6.704, 22.896, 5.123, 20.687, 3.41, 11.371, 2.196, 9.764, 4.304, 5.906, 9.002, 4.103, 3.928, 5.907, 6.631, 7.89, 5.425, 7.779, 7.824, 3.089, 3.363, 4.75, 2.042, 2.095, 2.599, 1.919, 3.096, 5.934, 6.596, 5.481, 7.385, 5.966, 4.233, 3.202, 1.998, 1.894, 8.368, 9.476, 4.41, 2.244, 2.85, 5.977, 7.648, 3.441, 2.826, 1.666, 1.497, 3.127, 3.373, 6.966, 4.397], "val_mae": [178.285, 166.694, 29.89, 108.878, 22.996, 36.597, 71.284, 31.991, 26.892, 23.387, 43.008, 19.613, 27.239, 18.67, 25.864, 16.48, 25.223, 15.439, 14.445, 28.462, 16.397, 18.828, 11.129, 10.542, 9.886, 7.723, 9.123, 12.884, 11.389, 14.196, 10.596, 20.633, 12.655, 8.655, 5.953, 8.133, 10.966, 12.928, 15.257, 7.885, 4.404, 16.337, 110.651, 91.045, 79.435, 42.335, 44.023, 10.349, 59.959, 13.239, 40.861, 8.147, 38.919, 7.897, 19.259, 5.204, 19.851, 6.13, 8.815, 18.63, 5.255, 5.102, 13.946, 9.252, 17.125, 7.702, 16.636, 11.272, 7.968, 4.691, 10.893, 4.24, 4.967, 4.356, 4.476, 4.482, 13.056, 14.341, 7.749, 16.023, 8.507, 10.235, 4.611, 5.59, 3.829, 13.371, 19.158, 6.234, 4.589, 7.68, 8.762, 15.868, 5.064, 7.38, 3.961, 4.027, 7.904, 5.021, 10.989, 9.986], "val_rmse": [178.689, 175.81, 34.301, 109.535, 28.36, 45.796, 72.733, 36.033, 33.699, 26.889, 45.921, 24.704, 30.669, 21.789, 28.955, 20.569, 27.92, 18.098, 17.859, 30.53, 21.361, 20.709, 12.952, 12.024, 11.14, 10.906, 10.219, 14.359, 15.179, 15.708, 14.058, 21.916, 15.567, 10.262, 7.447, 10.241, 12.581, 15.073, 16.736, 9.505, 6.092, 17.427, 113.844, 94.757, 80.79, 43.025, 47.961, 13.864, 61.526, 14.613, 43.331, 10.504, 40.014, 9.077, 20.998, 6.515, 21.166, 8.038, 10.98, 19.661, 7.049, 6.592, 15.782, 10.731, 18.694, 9.513, 17.999, 12.499, 9.793, 6.274, 12.05, 5.705, 6.614, 5.662, 5.803, 5.863, 14.515, 15.872, 9.195, 17.611, 9.899, 11.684, 6.055, 6.955, 5.134, 14.504, 20.272, 7.551, 6.1, 9.642, 10.137, 16.991, 6.55, 8.888, 5.316, 5.297, 9.163, 6.354, 12.377, 11.373],