{"val_loss": [0.09090495328350431, 0.04336741423963651, 0.032408773671383694, 0.028225122865371627, 0.024943349193884332, 0.018804237869677737, 0.015841506880807335, 0.015817545127099625, 0.012652281057372046, 0.012060542767893126, 0.010896819924442646, 0.010921634127204443, 0.012199018247509444, 0.010993557756806053, 0.009800597602032427, 0.011161305539109675, 0.009518666633940645, 0.009420677821360775, 0.009020794268401326, 0.009151287784334272, 0.009990777423381052, 0.009401206769432654, 0.008681412070526515, 0.008643529509593946, 0.008600555853156359, 0.00841422536980056, 0.010726069830364877, 0.008999099802702618, 0.00825334426265138, 0.008238166123620057, 0.008304307168145897, 0.010966631874907762, 0.008630780491062872, 0.00850594831717899, 0.008465075709917821, 0.008215020388674662, 0.007982570081902155, 0.008218285218069521, 0.008176594501920216, 0.007938436006310546, 0.008007794275780564, 0.00826556822636014, 0.011835799033339272, 0.008055416151097127, 0.008107198544487748, 0.007902780831072424, 0.009096362059127013, 0.008290155654429006, 0.007930228132917203, 0.008124348653034437, 0.007768111958070863, 0.009065726560305954, 0.008350455008493393, 0.008439748102318845, 0.008102800461903611, 0.008334626108776052, 0.009013091803995742, 0.00839147256962914, 0.008318704135864904, 0.007872865998412153, 0.00784385938748207, 0.008127676894111894, 0.007642342612170443, 0.007857596148824086, 0.00776078907384705, 0.01063714639766498, 0.00799483081605371, 0.007880711038845167, 0.008132520854547586, 0.007925591347563621, 0.00791065583068891, 0.007613042844455135, 0.007776813446124673, 0.008125693201423822, 0.007717725366948049, 0.008539215893559979, 0.007883279632390923, 0.007690126650392331, 0.007717624991688782, 0.009144789725028472, 0.00854996667797369, 0.008079697010757895, 0.007791587514100897, 0.009772659768179223, 0.008078781421050629, 0.007853167636794216, 0.007769775866001831, 0.007879966853151392, 0.008541125566754251, 0.008712009598050774, 0.007747653146960896, 0.007725002773333793, 0.0079947801093701, 0.008257251923543448, 0.008060506725622177, 0.007637790909297217, 0.009832830062591443, 0.008376886793271029, 0.008292999205129008, 0.008014559667251031], "train_mae": [87.432, 33.768, 36.106, 35.374, 31.521, 17.222, 17.817, 33.623, 19.237, 11.058, 7.329, 11.793, 28.58, 20.608, 4.761, 21.946, 6.457, 8.562, 7.393, 8.662, 14.744, 10.372, 3.823, 6.665, 4.612, 5.24, 28.627, 15.081, 4.126, 3.857, 3.969, 26.759, 15.313, 7.167, 5.146, 8.376, 3.756, 7.243, 6.996, 3.96, 4.56, 9.468, 38.094, 8.289, 10.544, 6.196, 20.278, 9.315, 5.96, 10.088, 3.795, 19.425, 8.878, 15.773, 7.39, 12.148, 14.434, 16.792, 7.69, 4.813, 8.352, 12.107, 3.883, 8.106, 4.59, 29.888, 4.995, 5.147, 3.101, 10.561, 9.688, 3.828, 5.88, 11.417, 4.455, 14.788, 4.718, 4.283, 3.049, 24.61, 9.93, 11.475, 3.181, 21.166, 10.243, 3.515, 2.846, 7.374, 16.365, 19.008, 4.008, 3.359, 6.161, 3.342, 5.05, 3.302, 20.633, 12.676, 13.963, 9.901], "train_rmse": [94.102, 40.018, 47.536, 39.665, 35.398, 22.09, 21.945, 35.923, 22.732, 13.024, 9.672, 13.606, 30.362, 21.804, 6.084, 23.001, 8.599, 10.326, 8.847, 10.462, 16.766, 11.693, 4.822, 8.034, 6.017, 6.624, 30.31, 16.033, 5.237, 4.986, 5.165, 28.25, 17.448, 8.367, 6.331, 9.676, 4.889, 8.434, 8.26, 5.148, 6.175, 10.617, 38.99, 9.554, 11.604, 7.88, 21.499, 10.676, 7.199, 11.615, 4.973, 20.38, 10.079, 16.593, 9.088, 12.944, 15.65, 17.565, 9.907, 6.404, 9.597, 13.27, 5.027, 9.253, 5.726, 31.291, 6.411, 6.511, 4.025, 11.863, 11.324, 5.079, 7.213, 12.527, 5.479, 15.888, 5.796, 5.484, 3.884, 26.141, 11.073, 12.578, 4.098, 21.945, 11.205, 4.449, 3.676, 8.625, 17.305, 19.934, 4.994, 4.27, 7.082, 4.252, 5.973, 4.383, 21.919, 13.711, 15.111, 11.014], "train_underestimate": [0.046, 5.485, 17.496, 1.373, 1.108, 7.495, 8.627, 16.725, 9.538, 0.675, 3.317, 0.066, 14.217, 0.0, 1.278, 0.0, 0.744, 4.122, 3.596, 0.11, 0.357, 0.155, 0.998, 2.99, 1.49, 2.246, 0.0, 7.501, 1.088, 0.686, 1.116, 0.0, 7.59, 0.661, 2.292, 0.058, 1.208, 0.07, 3.435, 1.253, 1.072, 4.688, 0.0, 4.09, 5.244, 2.936, 10.087, 0.009, 2.89, 5.005, 1.207, 0.0, 0.009, 7.846, 3.431, 0.0, 0.001, 0.0, 0.214, 0.384, 4.146, 6.02, 1.596, 0.02, 0.255, 0.0, 0.267, 2.275, 0.824, 5.242, 0.11, 1.386, 2.801, 5.677, 0.489, 0.0, 0.127, 1.971, 0.465, 0.0, 4.889, 5.702, 0.367, 0.0, 0.002, 1.534, 0.425, 3.662, 8.14, 0.0, 1.873, 1.441, 0.086, 0.633, 0.161, 1.44, 0.0, 0.0, 6.946, 4.906], "train_overestimate": [43.446, 11.312, 0.464, 16.224, 14.572, 1.071, 0.236, 0.0, 0.031, 4.825, 0.329, 5.8, 0.0, 10.251, 1.09, 10.917, 2.468, 0.137, 0.081, 4.199, 6.977, 5.005, 0.904, 0.326, 0.804, 0.361, 14.24, 0.001, 0.964, 1.232, 0.858, 13.311, 0.027, 2.904, 0.267, 4.109, 0.66, 3.533, 0.045, 0.717, 1.196, 0.021, 18.949, 0.033, 0.001, 0.146, 0.0, 4.624, 0.074, 0.013, 0.681, 9.663, 4.407, 0.0, 0.245, 6.043, 7.179, 8.353, 3.611, 2.01, 0.009, 0.002, 0.336, 4.013, 2.028, 14.867, 2.218, 0.285, 0.718, 0.012, 4.709, 0.518, 0.124, 0.002, 1.727, 7.356, 2.219, 0.16, 1.052, 12.242, 0.05, 0.006, 1.215, 10.529, 5.093, 0.214, 0.991, 0.006, 0.0, 9.455, 0.12, 0.229, 2.979, 1.029, 2.351, 0.202, 10.264, 6.305, 0.0, 0.019], "train_difference": [43.492, 16.797, 17.96, 17.597, 15.68, 8.567, 8.863, 16.725, 9.569, 5.5, 3.646, 5.866, 14.217, 10.251, 2.368, 10.917, 3.212, 4.259, 3.678, 4.309, 7.334, 5.159, 1.902, 3.315, 2.294, 2.606, 14.24, 7.502, 2.052, 1.919, 1.974, 13.311, 7.617, 3.565, 2.56, 4.167, 1.868, 3.603, 3.48, 1.97, 2.268, 4.71, 18.949, 4.123, 5.245, 3.082, 10.087, 4.633, 2.965, 5.018, 1.888, 9.663, 4.416, 7.846, 3.676, 6.043, 7.18, 8.353, 3.825, 2.394, 4.154, 6.022, 1.931, 4.032, 2.283, 14.867, 2.485, 2.56, 1.543, 5.253, 4.819, 1.904, 2.925, 5.679, 2.216, 7.356, 2.347, 2.13, 1.517, 12.242, 4.939, 5.708, 1.582, 10.529, 5.095, 1.748, 1.416, 3.668, 8.14, 9.455, 1.994, 1.671, 3.065, 1.662, 2.512, 1.643, 10.264, 6.305, 6.946, 4.925], "val_mae": [95.14, 31.805, 27.487, 37.158, 34.641, 18.248, 17.091, 30.399, 15.543, 14.466, 8.168, 12.496, 24.063, 20.165, 7.819, 22.018, 7.598, 10.046, 8.006, 10.044, 14.921, 11.869, 5.342, 7.594, 5.142, 5.627, 25.063, 14.57, 5.252, 4.99, 4.513, 23.931, 11.377, 8.981, 6.273, 7.275, 3.663, 7.196, 6.441, 3.458, 3.658, 9.805, 36.114, 7.481, 9.512, 5.568, 18.362, 8.064, 6.87, 9.169, 3.495, 17.531, 8.424, 14.387, 7.29, 11.23, 13.307, 14.489, 4.863, 3.525, 7.435, 11.313, 3.372, 7.557, 4.034, 25.211, 4.022, 5.403, 3.042, 9.34, 9.272, 3.729, 6.088, 10.056, 4.203, 13.904, 4.282, 4.103, 3.302, 20.335, 9.883, 9.653, 3.421, 18.706, 9.273, 3.972, 3.142, 6.553, 14.966, 16.661, 4.904, 3.991, 6.241, 4.629, 5.529, 3.821, 16.511, 10.409, 11.822, 8.942], "val_rmse": [98.507, 38.467, 35.065, 44.371, 42.661, 23.658, 21.455, 32.224, 18.947, 20.234, 11.673, 16.855, 27.232, 23.186, 12.618, 23.946, 11.183, 13.034, 10.476, 12.856, 17.728, 14.257, 8.09, 9.448, 7.936, 7.529, 26.406, 16.553, 7.134, 7.069, 6.481, 25.838, 13.76, 10.416, 7.717, 9.113, 4.937, 8.546, 8.022, 4.713, 5.081, 11.238, 37.074, 8.839, 11.194, 7.916, 20.03, 9.381, 8.572, 11.405, 4.824, 18.752, 9.461, 15.626, 10.188, 12.133, 14.31, 15.397, 6.965, 4.658, 8.974, 13.222, 4.673, 8.673, 4.992, 26.503, 5.143, 6.943, 4.115, 10.889, 10.62, 5.034, 7.645, 11.429, 5.385, 14.918, 5.565, 5.417, 4.492, 21.901, 11.076, 11.167, 4.612, 19.591, 10.303, 5.222, 4.307, 8.726, 16.406, 17.293, 6.88, 5.33, 7.17, 6.026, 6.491, 5.38, 17.753, 11.737, 13.527, 10.287],