{"val_loss": [0.046485945841090545, 0.030568453741984233, 0.02373067310286893, 0.025387003733259108, 0.0199657730344269, 0.01663891990513851, 0.015251310956146982, 0.01444275811728504, 0.0122935158562743, 0.011610686028790142, 0.01270617582809387, 0.013924689109747609, 0.010788022171861181, 0.012084056888448281, 0.012131471717212763, 0.010758621165425412, 0.012310036891398745, 0.010955178967884017, 0.009907478460162465, 0.011841826115010513, 0.010355555736977193, 0.009814330253801826, 0.009775041363253776, 0.009347608688080477, 0.009932542711289393, 0.009492727287579328, 0.009830045487938656, 0.009521521252786947, 0.00957243978821983, 0.009709505131468177, 0.009109378785878006, 0.00853976576925359, 0.008726108676960899, 0.008702980651934113, 0.008371072071087029, 0.009007556816666491, 0.008393203173505349, 0.008755611184622265, 0.009225364464024702, 0.01083677035704669, 0.009233703332332274, 0.008389496438515684, 0.008366322429436777, 0.008025307855051424, 0.009011305797482945, 0.008202723020480739, 0.007908872839632548, 0.008130695269857015, 0.007900210828261657, 0.007886051290875508, 0.008868037690667229, 0.007674217528094434, 0.00794380663945857, 0.007745113741192553, 0.00809007703921654, 0.00783026336123132, 0.007963187501041425, 0.009927865169528458, 0.007907050079666078, 0.00762969098933455, 0.0074357451780492235, 0.007816043727669038, 0.007846521452948865, 0.007884153274870995, 0.007698703680135723, 0.00821321309518276, 0.007815304063519256, 0.008550660768782513, 0.00757377745402563, 0.009267821539348612, 0.008595701132435352, 0.007536788794419004, 0.008121633164895078, 0.007311087547956656, 0.007829808882282427, 0.007957825049137076, 0.007712627676988227, 0.007822308256032152, 0.0075649009991644155, 0.008449097875402205, 0.007497502594358391, 0.007302430367821621, 0.00926704415016704, 0.007851917691166617, 0.008198241683809707, 0.007709641009569168, 0.008438631310127676, 0.008581859577033255, 0.008225985207698412, 0.007673906618341182, 0.008119072790981995, 0.007683133997488767, 0.007877237499795027, 0.007650187077362918, 0.00742934084781963, 0.008770861197263002, 0.010466065826929279, 0.0074547843800650705, 0.007976550621808402, 0.007117423235387024], "train_mae": [71.111, 27.679, 14.522, 52.929, 32.096, 20.981, 9.386, 20.19, 10.35, 7.943, 9.316, 29.409, 5.904, 25.586, 22.302, 10.447, 20.31, 16.483, 6.589, 20.425, 7.222, 4.468, 4.343, 4.156, 5.021, 5.302, 13.031, 7.278, 16.925, 11.606, 4.467, 7.486, 3.143, 6.084, 5.17, 11.797, 4.144, 6.12, 13.825, 15.466, 17.527, 6.014, 4.962, 7.484, 17.014, 3.186, 3.678, 2.919, 9.79, 8.901, 20.669, 4.83, 5.929, 4.022, 9.07, 2.913, 3.283, 20.61, 3.793, 3.093, 4.015, 2.722, 9.863, 5.8, 7.826, 14.489, 4.763, 10.061, 6.928, 18.059, 14.539, 5.531, 6.3, 6.78, 13.565, 13.586, 8.144, 2.886, 7.285, 19.33, 8.125, 6.112, 14.824, 7.425, 8.782, 3.224, 13.03, 13.993, 9.41, 8.58, 12.708, 9.415, 10.79, 7.73, 6.549, 10.85, 19.408, 3.243, 4.905, 2.5], "train_rmse": [71.991, 29.977, 18.304, 54.326, 32.802, 21.728, 11.522, 21.001, 11.605, 9.275, 10.728, 30.566, 7.347, 26.713, 23.363, 12.387, 21.521, 17.86, 7.927, 21.359, 8.715, 5.67, 5.355, 5.318, 6.3, 6.602, 13.913, 8.579, 17.684, 12.64, 5.641, 8.631, 4.065, 7.384, 6.372, 12.933, 5.34, 7.244, 14.419, 16.162, 19.001, 6.886, 5.818, 8.339, 17.998, 4.038, 4.365, 3.74, 10.728, 10.206, 21.818, 5.606, 6.795, 5.106, 9.803, 3.551, 3.936, 21.254, 4.987, 3.79, 5.166, 3.481, 10.767, 6.619, 8.706, 15.604, 5.797, 11.536, 8.144, 18.838, 15.291, 6.558, 7.469, 8.403, 14.642, 14.584, 8.928, 3.734, 8.009, 20.066, 9.049, 6.924, 15.564, 8.398, 10.209, 3.912, 13.829, 14.584, 10.323, 9.511, 13.486, 10.396, 11.69, 8.552, 7.29, 11.388, 21.134, 3.89, 5.986, 3.119], "train_underestimate": [0.0, 0.126, 7.661, 28.579, 17.33, 11.329, 0.557, 10.901, 5.49, 4.035, 4.872, 15.879, 2.72, 13.815, 12.042, 5.182, 10.966, 8.9, 3.153, 0.0, 0.211, 1.169, 0.771, 1.396, 0.474, 2.496, 0.0, 3.875, 9.139, 0.01, 1.904, 3.997, 0.806, 3.139, 2.678, 6.37, 2.024, 0.094, 0.0, 8.351, 9.463, 0.1, 0.239, 4.032, 9.187, 0.774, 0.489, 1.016, 5.275, 4.759, 11.16, 0.182, 0.036, 1.613, 0.0, 0.764, 1.338, 0.0, 1.857, 0.441, 2.006, 0.634, 5.326, 0.044, 4.221, 7.823, 2.465, 0.0, 3.647, 9.751, 7.851, 2.947, 0.031, 3.549, 7.324, 7.336, 4.397, 1.158, 3.934, 10.437, 4.374, 3.282, 8.004, 0.004, 4.57, 0.414, 7.035, 7.555, 5.081, 4.629, 6.862, 5.084, 5.826, 4.17, 0.01, 5.858, 10.479, 0.633, 0.068, 0.628], "train_overestimate": [38.396, 14.819, 0.18, 0.0, 0.0, 0.0, 4.511, 0.0, 0.099, 0.254, 0.158, 0.0, 0.468, 0.0, 0.0, 0.459, 0.0, 0.0, 0.405, 11.028, 3.689, 1.243, 1.574, 0.848, 2.238, 0.366, 7.036, 0.055, 0.0, 6.256, 0.508, 0.045, 0.891, 0.146, 0.113, 0.0, 0.213, 3.211, 7.465, 0.0, 0.0, 3.147, 2.44, 0.009, 0.0, 0.946, 1.496, 0.561, 0.011, 0.048, 0.0, 2.426, 3.165, 0.559, 4.897, 0.809, 0.435, 11.129, 0.191, 1.228, 0.162, 0.836, 0.0, 3.087, 0.004, 0.0, 0.107, 5.433, 0.093, 0.0, 0.0, 0.039, 3.371, 0.112, 0.0, 0.0, 0.0, 0.4, 0.0, 0.0, 0.013, 0.018, 0.0, 4.005, 0.171, 1.327, 0.0, 0.0, 0.0, 0.003, 0.0, 0.0, 0.0, 0.004, 3.526, 0.0, 0.0, 1.118, 2.58, 0.722], "train_difference": [38.396, 14.945, 7.841, 28.579, 17.33, 11.329, 5.068, 10.901, 5.589, 4.289, 5.03, 15.879, 3.188, 13.815, 12.042, 5.641, 10.966, 8.9, 3.558, 11.028, 3.899, 2.412, 2.345, 2.244, 2.711, 2.863, 7.036, 3.93, 9.139, 6.266, 2.412, 4.042, 1.697, 3.285, 2.792, 6.37, 2.237, 3.304, 7.465, 8.351, 9.463, 3.247, 2.679, 4.041, 9.187, 1.721, 1.986, 1.576, 5.286, 4.806, 11.16, 2.608, 3.202, 2.172, 4.897, 1.573, 1.773, 11.129, 2.048, 1.67, 2.168, 1.47, 5.326, 3.132, 4.226, 7.823, 2.572, 5.433, 3.741, 9.751, 7.851, 2.987, 3.402, 3.661, 7.324, 7.336, 4.397, 1.558, 3.934, 10.437, 4.387, 3.3, 8.004, 4.009, 4.742, 1.741, 7.035, 7.555, 5.081, 4.632, 6.862, 5.084, 5.826, 4.174, 3.536, 5.858, 10.479, 1.751, 2.648, 1.35], "val_mae": [72.561, 29.863, 12.986, 50.181, 30.762, 20.124, 8.6, 19.45, 9.669, 6.483, 8.356, 26.668, 4.562, 22.77, 19.75, 8.868, 17.497, 13.716, 5.175, 21.422, 8.645, 4.786, 5.042, 4.239, 5.626, 4.68, 14.645, 5.803, 14.486, 13.01, 4.092, 5.477, 3.477, 4.535, 3.82, 9.264, 3.266, 7.127, 15.46, 13.41, 14.604, 7.345, 6.292, 5.837, 14.216, 3.433, 4.697, 2.852, 7.64, 6.735, 17.801, 5.873, 7.181, 3.976, 10.235, 3.028, 3.184, 21.214, 3.208, 3.754, 3.203, 2.71, 7.67, 6.91, 6.192, 11.969, 3.705, 10.74, 5.368, 15.717, 12.569, 4.303, 7.228, 5.447, 11.41, 11.263, 6.573, 2.74, 6.204, 17.109, 6.374, 4.89, 12.997, 8.51, 6.689, 3.98, 10.998, 12.15, 7.795, 7.07, 10.76, 7.593, 8.891, 6.451, 7.702, 9.656, 16.943, 3.711, 5.506, 2.827], "val_rmse": [73.706, 32.641, 18.089, 52.251, 31.701, 20.918, 11.457, 20.237, 10.846, 8.192, 9.875, 28.144, 5.702, 24.104, 21.08, 10.812, 19.032, 15.426, 6.455, 22.306, 10.006, 5.955, 6.188, 5.193, 7.051, 5.819, 15.355, 7.043, 15.378, 13.888, 5.275, 6.746, 4.364, 5.698, 4.699, 10.733, 4.114, 8.254, 15.892, 14.256, 16.577, 8.127, 7.117, 6.702, 15.513, 4.591, 5.449, 3.538, 8.884, 8.391, 19.324, 6.72, 8.03, 4.839, 10.717, 3.856, 4.034, 21.898, 4.018, 5.025, 3.912, 3.798, 8.863, 7.837, 7.274, 13.489, 4.885, 12.755, 6.624, 16.769, 13.561, 5.239, 8.792, 7.117, 12.727, 12.57, 7.594, 3.723, 6.891, 18.066, 7.337, 5.723, 14.096, 9.02, 8.197, 4.858, 12.158, 13.003, 9.082, 8.266, 11.925, 8.851, 10.195, 7.622, 8.518, 10.388, 19.425, 4.66, 7.377, 3.767], "val_underestimate": [0.0, 0.166, 7.104, 29.175, 17.885, 11.7, 0.569, 11.308, 5.516, 3.592, 4.728, 15.505, 2.018, 13.238, 11.483, 4.269, 10.172, 7.975, 2.3, 0.0, 0.071, 0.721, 0.442, 0.911, 0.27, 1.885, 0.0, 3.131, 8.422, 0.0, 1.247, 3.103, 0.472, 2.251, 1.813, 5.386, 1.347, 0.016, 0.0, 7.796, 8.491, 0.018, 0.101, 3.326, 8.265, 0.494, 0.245, 0.629, 4.438, 3.836, 10.349, 0.006, 0.0, 1.078, 0.0, 0.397, 1.039, 0.0, 1.281, 0.211, 1.399, 0.261, 4.454, 0.004, 3.585, 6.959, 1.774, 0.0, 2.834, 9.138, 7.308, 2.323, 0.014, 2.824, 6.634, 6.548, 3.818, 0.845, 3.489, 9.947, 3.706, 2.779, 7.556, 0.0, 3.571, 0.134, 6.394, 7.064, 4.494, 4.073, 6.256, 4.41, 5.169, 3.731, 0.0, 5.614, 9.851, 0.411, 0.019, 0.442],