{"val_loss": [0.02948036981636987, 0.01695107778205591, 0.013708146946395145, 0.012367820374065024, 0.012097942105302698, 0.012045896488844472, 0.010680238551953259, 0.011679312570349258, 0.008944329716648687, 0.014073172111666817, 0.008394666313988101, 0.009514193509376663, 0.007656688634169233, 0.006686704729765873, 0.006250305929878617, 0.0061362309360821895, 0.005736758220283424, 0.0076569993329672695, 0.00573138554532574, 0.005667010012342978, 0.005302437659873462, 0.007810433237703846, 0.0062838401765261285, 0.005464251237058574, 0.006643019962425837, 0.005218013556098894, 0.0052398468953256, 0.005436240065404598, 0.005171860278899069, 0.0050132869646939285, 0.004993134070365854, 0.0066542194108478725, 0.005470636995810577, 0.005261808106511393, 0.00489971082253546, 0.004645074147607803, 0.004686524677227306, 0.005453121834708487, 0.00466356412267915, 0.005218573068679475, 0.0051472555787768215, 0.005096297180417049, 0.004616005822112236, 0.004424865879734759, 0.004684391042888712, 0.004308457138797487, 0.004652640809688498, 0.0049248081049881876, 0.004255956906811608, 0.004937333083944395, 0.004406065890661386, 0.0050430667521569, 0.004546542316401268, 0.004762133816257119, 0.004340847144382732, 0.006525286870515522, 0.004435626230106744, 0.004807234993409913, 0.0045357931127963476, 0.0044466001734904505, 0.00597325961194549, 0.00443171350771616, 0.005074879603104337, 0.004835521319524988, 0.0047489809238707974, 0.004414854538695449, 0.005305531513466335, 0.00470774042461177, 0.004195831555133576, 0.005115728674675612, 0.004341561523581143, 0.004126097935060149, 0.004350501403678209, 0.005184413646073902, 0.004447123092284207, 0.004140444551868474, 0.004319452571080011, 0.004096804183277795, 0.0044264431464184515, 0.004267887359567206, 0.004186315249706454, 0.004214380275430705, 0.00410905625390382, 0.0042819589263458245, 0.004792176895802293, 0.004319049495012116, 0.005931603458627839, 0.0044029535424402536, 0.0053221995562232815, 0.004473394401001689, 0.0044441450103049115, 0.004168443383498336, 0.0045041823965113826, 0.004405999193241929, 0.004407460279146428, 0.004160366990083062, 0.004292184837943162, 0.004444587378255913, 0.004495069559197873, 0.004263748839387999], "train_mae": [24.392, 26.098, 17.038, 11.405, 21.487, 35.147, 21.63, 42.155, 6.073, 61.967, 16.924, 38.991, 19.916, 6.414, 8.265, 9.548, 4.923, 37.872, 14.365, 11.42, 6.559, 41.223, 21.722, 5.648, 28.945, 9.798, 11.989, 16.444, 10.96, 5.697, 6.447, 33.234, 15.824, 9.034, 10.459, 4.877, 3.796, 18.914, 7.475, 14.125, 23.087, 11.315, 8.756, 7.43, 8.7, 4.79, 9.159, 16.5, 5.771, 12.91, 7.256, 18.458, 9.082, 17.261, 6.386, 33.646, 3.892, 4.218, 7.035, 5.398, 25.875, 6.829, 21.771, 5.726, 17.608, 4.092, 24.917, 9.386, 4.83, 15.569, 9.009, 4.95, 4.029, 23.577, 9.802, 3.732, 8.537, 3.714, 7.635, 12.338, 4.357, 9.749, 6.318, 9.947, 19.74, 9.71, 25.121, 17.65, 21.426, 3.765, 14.326, 3.323, 8.932, 13.788, 11.256, 3.949, 7.934, 10.131, 12.959, 6.395], "train_rmse": [30.437, 29.384, 19.3, 12.97, 25.464, 35.828, 22.593, 43.712, 7.612, 62.918, 18.549, 39.945, 21.185, 8.508, 9.857, 10.924, 6.024, 38.539, 15.478, 13.151, 8.371, 42.942, 23.948, 6.893, 30.209, 12.061, 13.311, 18.026, 12.578, 7.048, 7.885, 34.966, 16.69, 11.717, 11.444, 5.809, 4.897, 19.756, 9.396, 14.953, 23.545, 13.196, 10.303, 8.791, 10.06, 5.892, 10.341, 17.356, 6.869, 14.079, 8.494, 20.184, 10.028, 18.551, 7.423, 34.418, 4.689, 5.253, 8.526, 6.594, 27.531, 8.453, 23.832, 7.443, 18.958, 5.378, 26.301, 10.937, 6.207, 16.114, 9.996, 5.978, 5.428, 24.833, 11.008, 4.711, 9.407, 4.372, 8.413, 14.353, 5.57, 10.901, 7.337, 10.887, 20.517, 10.533, 25.758, 18.218, 23.492, 4.614, 15.692, 4.223, 9.645, 14.538, 12.612, 4.836, 8.736, 11.927, 14.373, 7.489], "train_underestimate": [7.238, 1.324, 1.358, 1.155, 11.388, 0.0, 0.0, 22.341, 0.592, 32.841, 0.0, 20.664, 10.555, 0.27, 4.024, 4.852, 1.2, 20.071, 7.585, 5.967, 0.293, 21.847, 0.0, 1.634, 15.34, 0.032, 0.0, 8.715, 5.796, 2.474, 1.041, 17.613, 0.0, 0.557, 5.543, 2.219, 0.703, 10.024, 0.566, 7.486, 0.0, 5.781, 4.404, 3.789, 4.611, 1.349, 4.854, 8.745, 0.398, 6.842, 3.741, 9.782, 0.0, 9.148, 3.149, 17.831, 0.977, 1.618, 3.41, 0.044, 13.713, 0.012, 11.538, 0.261, 9.332, 0.203, 13.205, 0.0, 2.351, 8.251, 0.0, 2.279, 1.011, 12.495, 5.195, 1.307, 4.501, 0.596, 4.024, 6.49, 0.131, 5.167, 0.0, 5.272, 10.462, 0.023, 13.313, 0.0, 11.355, 1.641, 7.592, 0.462, 4.734, 0.0, 5.933, 0.286, 4.205, 5.132, 0.0, 3.364], "train_overestimate": [5.69, 12.508, 7.671, 4.889, 0.0, 18.627, 11.463, 0.0, 2.627, 0.0, 8.969, 0.0, 0.0, 3.129, 0.356, 0.209, 1.409, 0.0, 0.028, 0.085, 3.183, 0.0, 11.512, 1.359, 0.0, 5.16, 6.354, 0.0, 0.012, 0.545, 2.376, 0.0, 8.386, 4.231, 0.0, 0.366, 1.309, 0.0, 3.396, 0.0, 12.236, 0.215, 0.236, 0.149, 0.0, 1.189, 0.0, 0.0, 2.66, 0.0, 0.105, 0.0, 4.813, 0.0, 0.236, 0.0, 1.086, 0.617, 0.318, 2.816, 0.0, 3.607, 0.0, 2.774, 0.0, 1.966, 0.0, 4.974, 0.209, 0.0, 4.774, 0.344, 1.124, 0.0, 0.0, 0.671, 0.023, 1.372, 0.022, 0.048, 2.179, 0.0, 3.349, 0.0, 0.0, 5.123, 0.0, 9.354, 0.0, 0.354, 0.0, 1.299, 0.0, 7.307, 0.032, 1.807, 0.0, 0.237, 6.868, 0.025], "train_difference": [12.927, 13.832, 9.03, 6.044, 11.388, 18.627, 11.463, 22.341, 3.219, 32.841, 8.969, 20.664, 10.555, 3.399, 4.38, 5.06, 2.609, 20.071, 7.613, 6.053, 3.476, 21.847, 11.512, 2.993, 15.34, 5.193, 6.354, 8.715, 5.808, 3.019, 3.417, 17.613, 8.386, 4.788, 5.543, 2.585, 2.012, 10.024, 3.962, 7.486, 12.236, 5.997, 4.641, 3.938, 4.611, 2.539, 4.854, 8.745, 3.059, 6.842, 3.845, 9.782, 4.813, 9.148, 3.385, 17.831, 2.063, 2.235, 3.729, 2.861, 13.713, 3.619, 11.538, 3.035, 9.332, 2.169, 13.205, 4.974, 2.56, 8.251, 4.774, 2.623, 2.135, 12.495, 5.195, 1.978, 4.524, 1.968, 4.046, 6.539, 2.309, 5.167, 3.349, 5.272, 10.462, 5.146, 13.313, 9.354, 11.355, 1.996, 7.592, 1.761, 4.734, 7.307, 5.966, 2.093, 4.205, 5.369, 6.868, 3.389], "val_mae": [21.472, 26.202, 16.54, 10.704, 20.949, 32.873, 19.062, 42.29, 5.333, 62.719, 13.209, 40.37, 21.649, 5.15, 9.443, 11.883, 4.725, 39.605, 16.519, 12.732, 5.657, 41.011, 18.217, 4.821, 29.768, 9.303, 10.618, 17.21, 11.708, 5.969, 6.54, 32.695, 13.872, 9.693, 11.939, 5.265, 3.45, 19.893, 7.85, 15.543, 21.494, 11.287, 8.888, 7.922, 9.862, 5.596, 10.413, 17.809, 5.669, 13.681, 8.196, 18.675, 8.068, 17.766, 7.32, 34.47, 4.058, 4.527, 7.421, 4.882, 25.686, 5.559, 21.9, 4.611, 17.937, 3.812, 25.289, 7.363, 5.623, 16.916, 7.294, 5.948, 4.165, 24.012, 10.76, 4.566, 10.102, 4.088, 9.23, 12.589, 3.862, 11.116, 5.051, 11.314, 20.975, 8.65, 26.072, 14.925, 21.528, 4.493, 15.257, 3.334, 10.598, 11.301, 12.414, 3.917, 9.41, 10.465, 10.177, 8.078], "val_rmse": [26.097, 29.49, 18.63, 11.948, 24.216, 33.592, 20.217, 43.558, 6.743, 63.576, 15.174, 41.103, 22.56, 6.587, 11.175, 13.279, 6.096, 40.203, 17.458, 14.334, 6.994, 42.616, 20.221, 6.385, 30.977, 10.897, 11.668, 18.758, 13.264, 7.49, 7.975, 34.396, 14.742, 11.862, 12.835, 6.702, 4.466, 20.789, 9.543, 16.349, 21.997, 13.437, 10.702, 9.599, 11.157, 6.656, 11.606, 18.75, 6.793, 14.898, 9.671, 20.494, 9.002, 19.173, 8.858, 35.363, 4.934, 5.829, 9.234, 5.783, 27.4, 6.534, 24.156, 5.743, 19.264, 4.613, 26.746, 8.568, 7.031, 17.575, 8.171, 7.475, 5.136, 25.384, 12.166, 5.786, 11.124, 5.023, 10.151, 14.845, 4.708, 12.451, 5.972, 12.564, 22.003, 9.735, 26.885, 15.57, 23.762, 5.907, 16.902, 4.276, 11.652, 12.111, 14.253, 4.762, 10.429, 12.751, 11.581, 9.563],