{"val_loss": [0.013532493904623313, 0.007616391354959513, 0.00692513789052849, 0.005879149666404427, 0.005874819377876359, 0.007049082370726597, 0.005273808182798401, 0.0052827820533874565, 0.004857426612301531, 0.005616168491221341, 0.004707007835831438, 0.005005277528385597, 0.004941955051810296, 0.004530680286038927, 0.004991785103330211, 0.004500236177751932, 0.004682903694415205, 0.0047497443922432415, 0.004765634556700688, 0.004447913606675095, 0.004688486315952854, 0.004369445451790371, 0.004776773810697384, 0.004277580712475944, 0.004561126706903451, 0.004316987183462034, 0.004425996422308826, 0.0044562617231884575, 0.004472425773094394, 0.0052662706399560725], "train_loss": [0.04896098783501657, 0.009535254188449471, 0.0068950918521295534, 0.005873247155250283, 0.005510101264007972, 0.005243712877927464, 0.004961155504133785, 0.004670471613280824, 0.00448284794583742, 0.0045961721407365985, 0.004357053562671354, 0.004345869721873896, 0.004254929675880703, 0.003954032846195332, 0.004010803268101881, 0.0039183467688417295, 0.003969647940721188, 0.003831257258752885, 0.0036641109063566546, 0.0038201188517632545, 0.0037657725433746236, 0.003672354171612824, 0.003548565252458502, 0.003489422124403063, 0.003476484725069895, 0.003409027841371426, 0.0033183087207362405, 0.0032363159948545217, 0.0030845563787806896, 0.0033715173067321302], "train_size": 512, "val_size": 1088, "rand_seed": 321, "shuffle": true, "loss_name": "logcosh", "img_dim": [256, 256, 3], "patch_dim": [128, 128, 3], "patches_per_image": 4, "density_map_sigma": 5, "density_map_multiplication_factor": 100.0, "sub_experiment_name": "vgg_cells/n_32_sigma_5_randseed_321_loss_logcosh_patch_4_128x128", "architecture": "UNet"}