{"val_loss": [0.07790730532039614, 0.07198947002453839, 0.06550924392307506, 0.05738737083533231, 0.052785726565429396, 0.042478229686179585, 0.03954340673654395, 0.07561064451275502, 0.04764081530875581, 0.05470714036046582, 0.031195553841398042, 0.03367002565851983, 0.035511620342731476, 0.030632937080500758, 0.03049107865594766, 0.027703457087387934, 0.030107666094623068, 0.02661994595409316, 0.026700310135150656, 0.02667981220464058, 0.025437935104812768, 0.02496131871114759, 0.02465941328281427, 0.023289508138345006, 0.022461757214520785, 0.021715465220896638, 0.020958718925933626, 0.02031655709587914, 0.019467854461468318, 0.020306089173947627, 0.018914557274376208, 0.01788281706873985, 0.01755932654144571, 0.017203935709617594, 0.016750011257553363, 0.016282193328473058, 0.015950769562657702, 0.016159440020975822, 0.01525820734883275, 0.014296152200960718, 0.016905111541478512, 0.015347472056472564, 0.014031947987592396, 0.012989589146694498, 0.013946785790133564, 0.013526400441632551, 0.012788941508487743, 0.011794832062578815, 0.011638772341778831, 0.011752074690508273, 0.010918389160103877, 0.011000296909033376, 0.019049679661881837, 0.014501279692494255, 0.016042679322280866, 0.020004841820884717, 0.017175682957338935, 0.012230702737510642, 0.0139906399862786, 0.014255005140405367, 0.011576899108203018, 0.012133328456376843, 0.01248305878150003, 0.010996079075780204, 0.010321709351367591, 0.010373801472322905, 0.010798672960578081, 0.011128770125865498, 0.010609095974359661, 0.009924962216139059, 0.009528924625449102, 0.009808928770807517, 0.009378078626468778, 0.009265988106455873, 0.009207958019995952, 0.009131603668827344, 0.008890048087136272, 0.008789121830726372, 0.008687010877217878, 0.008609451261102496, 0.008607415516641648, 0.01080775263322079, 0.008702589325634214, 0.008821781526100548, 0.008806532406357719, 0.008828437719357145, 0.00851601199589341, 0.008601851494270651, 0.0084779670681147, 0.008233343881061849, 0.00844715942067149, 0.008197832691674942, 0.008659959455732913, 0.00796321131330093, 0.008064166560549946, 0.00797716753817547, 0.007869922240976901, 0.008938432297915877, 0.009005391384776244, 0.008269495094496319], "train_mae": [100.781, 61.134, 51.533, 22.857, 43.641, 20.7, 32.988, 145.87, 78.502, 110.236, 22.331, 37.835, 58.735, 35.172, 28.512, 16.783, 40.115, 15.217, 16.815, 23.212, 17.006, 14.953, 18.289, 11.591, 11.277, 12.054, 11.619, 12.39, 10.53, 27.618, 15.301, 7.49, 7.706, 9.176, 8.438, 9.209, 12.959, 18.858, 15.594, 7.195, 36.913, 27.149, 18.969, 6.167, 23.331, 23.776, 16.212, 6.362, 7.393, 14.887, 6.296, 11.07, 59.874, 30.463, 46.383, 58.317, 46.542, 6.198, 27.026, 34.612, 9.265, 19.784, 24.041, 13.346, 5.928, 10.573, 18.644, 19.299, 17.788, 12.226, 8.264, 10.244, 7.776, 8.71, 10.775, 8.854, 5.814, 5.058, 5.004, 4.766, 5.747, 30.734, 7.586, 12.121, 11.314, 9.94, 5.632, 9.826, 8.699, 4.43, 10.585, 4.584, 16.088, 4.139, 5.736, 4.571, 3.903, 15.566, 20.969, 12.483], "train_rmse": [101.782, 70.855, 55.255, 27.887, 47.948, 26.052, 41.76, 146.103, 85.426, 110.559, 29.33, 45.319, 59.898, 37.897, 35.785, 18.442, 41.959, 16.934, 22.603, 26.346, 18.902, 20.242, 20.881, 13.28, 13.333, 13.43, 14.216, 13.834, 12.423, 31.56, 17.063, 9.551, 8.87, 12.644, 9.822, 10.755, 15.687, 20.118, 18.315, 9.752, 37.71, 28.822, 20.078, 7.602, 25.266, 24.798, 18.402, 7.624, 8.896, 17.031, 7.692, 13.044, 60.951, 31.892, 47.391, 60.438, 47.215, 7.439, 29.299, 35.256, 12.119, 22.483, 25.043, 15.758, 7.351, 12.324, 21.115, 20.702, 20.014, 13.9, 10.316, 12.044, 9.837, 10.357, 12.409, 10.518, 7.244, 6.161, 6.245, 5.763, 6.612, 31.703, 9.011, 13.404, 13.018, 11.409, 7.237, 11.191, 10.296, 5.664, 11.742, 5.972, 17.424, 5.199, 7.299, 5.934, 4.742, 16.377, 21.686, 14.008], "train_underestimate": [0.0, 30.41, 0.0, 6.497, 0.0, 6.729, 15.914, 0.0, 39.05, 0.0, 10.045, 18.746, 0.0, 0.0, 14.005, 2.56, 0.0, 2.752, 7.468, 0.064, 0.915, 6.715, 0.233, 2.543, 2.861, 1.983, 3.256, 2.001, 2.391, 13.738, 0.068, 2.334, 1.243, 4.357, 0.628, 0.333, 6.36, 0.0, 7.706, 3.111, 0.0, 13.505, 0.0, 1.919, 11.606, 0.0, 8.056, 1.7, 0.585, 7.382, 1.977, 0.07, 0.0, 15.153, 0.0, 29.009, 0.0, 1.648, 13.443, 0.0, 4.434, 9.841, 0.0, 6.589, 1.85, 0.098, 9.274, 0.0, 8.849, 0.0, 3.973, 0.088, 3.662, 0.11, 5.316, 0.081, 2.29, 1.15, 1.728, 1.115, 0.617, 15.288, 3.694, 0.0, 5.605, 0.0, 2.356, 0.0, 4.283, 1.668, 0.0, 1.707, 8.003, 1.357, 2.672, 1.911, 1.154, 0.0, 0.0, 6.208], "train_overestimate": [50.132, 0.0, 25.634, 4.873, 21.709, 3.568, 0.495, 72.561, 0.0, 54.835, 1.063, 0.074, 29.217, 17.496, 0.178, 5.788, 19.954, 4.817, 0.896, 11.482, 7.544, 0.724, 8.864, 3.223, 2.749, 4.013, 2.524, 4.162, 2.847, 0.0, 7.543, 1.391, 2.591, 0.207, 3.569, 4.247, 0.086, 9.381, 0.051, 0.468, 18.362, 0.0, 9.436, 1.149, 0.0, 11.827, 0.009, 1.464, 3.093, 0.023, 1.155, 5.437, 29.784, 0.0, 23.073, 0.0, 23.151, 1.435, 0.0, 17.217, 0.175, 0.0, 11.959, 0.05, 1.098, 5.162, 0.0, 9.6, 0.0, 6.081, 0.137, 5.008, 0.206, 4.223, 0.044, 4.323, 0.602, 1.366, 0.761, 1.255, 2.241, 0.0, 0.08, 6.029, 0.024, 4.945, 0.446, 4.888, 0.044, 0.536, 5.265, 0.574, 0.0, 0.702, 0.181, 0.363, 0.787, 7.743, 10.431, 0.002], "train_difference": [50.132, 30.41, 25.634, 11.37, 21.709, 10.297, 16.409, 72.561, 39.05, 54.835, 11.108, 18.82, 29.217, 17.496, 14.183, 8.348, 19.954, 7.569, 8.365, 11.546, 8.46, 7.438, 9.098, 5.766, 5.61, 5.996, 5.78, 6.163, 5.238, 13.738, 7.612, 3.726, 3.833, 4.565, 4.197, 4.581, 6.446, 9.381, 7.757, 3.579, 18.362, 13.505, 9.436, 3.068, 11.606, 11.827, 8.064, 3.164, 3.677, 7.405, 3.132, 5.507, 29.784, 15.153, 23.073, 29.009, 23.151, 3.083, 13.443, 17.217, 4.609, 9.841, 11.959, 6.639, 2.949, 5.259, 9.274, 9.6, 8.849, 6.081, 4.111, 5.096, 3.868, 4.333, 5.36, 4.404, 2.892, 2.516, 2.489, 2.371, 2.859, 15.288, 3.773, 6.029, 5.628, 4.945, 2.802, 4.888, 4.327, 2.204, 5.265, 2.28, 8.003, 2.059, 2.853, 2.274, 1.941, 7.743, 10.431, 6.21], "val_mae": [105.842, 43.71, 60.207, 20.461, 52.378, 17.912, 23.709, 144.383, 61.675, 110.874, 16.479, 26.517, 62.755, 40.866, 19.698, 16.939, 44.746, 14.713, 11.916, 28.369, 19.753, 10.289, 22.218, 10.443, 9.68, 11.694, 9.479, 11.838, 8.99, 20.651, 17.536, 5.348, 7.353, 5.958, 9.116, 10.14, 9.644, 19.339, 11.844, 5.339, 34.75, 23.275, 18.653, 4.731, 19.81, 22.505, 13.203, 4.925, 7.13, 12.254, 4.823, 10.832, 55.428, 26.574, 42.039, 51.093, 43.451, 4.661, 22.58, 32.65, 6.904, 15.897, 23.887, 10.487, 4.466, 10.609, 15.102, 19.739, 14.383, 11.995, 6.926, 10.609, 6.264, 8.789, 9.399, 8.958, 4.826, 4.425, 4.452, 4.193, 5.392, 27.538, 6.464, 11.19, 9.478, 10.73, 4.781, 9.943, 7.493, 4.105, 10.806, 4.183, 13.573, 3.847, 5.112, 4.239, 3.746, 14.82, 19.54, 10.203], "val_rmse": [106.308, 53.681, 61.987, 24.858, 54.313, 21.616, 29.67, 144.833, 68.776, 111.191, 20.45, 33.25, 63.318, 42.139, 25.309, 19.481, 45.622, 17.021, 15.378, 29.701, 21.357, 13.59, 23.466, 12.077, 11.314, 13.343, 11.267, 13.564, 10.649, 23.493, 18.608, 7.241, 8.72, 8.576, 10.562, 11.704, 11.713, 20.839, 13.937, 7.393, 36.272, 24.454, 20.132, 6.496, 21.186, 23.992, 14.932, 6.651, 8.884, 14.028, 6.515, 12.665, 56.866, 27.744, 43.612, 52.654, 44.654, 6.179, 24.193, 33.698, 9.13, 17.964, 24.841, 12.51, 6.11, 12.062, 17.165, 20.838, 16.339, 13.423, 8.688, 11.903, 8.143, 10.128, 11.031, 10.261, 6.331, 5.942, 5.768, 5.624, 6.761, 28.696, 8.069, 12.4, 11.33, 11.657, 6.44, 10.918, 9.214, 5.461, 11.685, 5.753, 15.244, 5.202, 6.659, 5.694, 5.021, 15.634, 20.26, 12.179],