{"val_loss": [0.11028933411257134, 0.09074629750102758, 0.08164775154242913, 0.06912329813672437, 0.06957422114080852, 0.06266928277909756, 0.07396092834985918, 0.06662549073290494, 0.05597673460013337, 0.05353682819339964, 0.05320390877831313, 0.050555263438986406, 0.058990630942086376, 0.04791757852459947, 0.05545065883133146, 0.048073906244503126, 0.055951171606365174, 0.05618376129617294, 0.04870181665238407, 0.047014591853237815, 0.05118898690367738, 0.04839412635192275, 0.04655091454171472, 0.05038718004814453, 0.04554246386720075, 0.04418194226713644, 0.044164942370520696, 0.0437753181387153, 0.04331618438785275, 0.04564335254124469, 0.04282983501131336, 0.04308367148041725, 0.04334012729426225, 0.043138571445726685, 0.04303582012653351, 0.042820793110877275, 0.04212785778670675, 0.047650403860542506, 0.04595364169735047, 0.04707275786333614, 0.04633889453382128, 0.04321492085647252, 0.042574454098939896, 0.045864336296088166, 0.0431171000107295, 0.04314123189801143, 0.04215121124353674, 0.04177257346196307, 0.04234294044888682, 0.04223980865855184, 0.042974051708976425, 0.043308455497026443, 0.04219326366566949, 0.0416854960947401, 0.04128822937814726, 0.04515113438376122, 0.04472226194209523, 0.041475259181525975, 0.04114510646710793, 0.043118354553977646, 0.04342359987397989, 0.04595785458675689, 0.041346105462354094, 0.04159502260800865, 0.04143111681979564, 0.04592601033962435, 0.041244553609026804, 0.041751271631154746, 0.04189589935251408, 0.04198751311438779, 0.04109959185330404, 0.04196066248954998, 0.04108057222846481, 0.040972765871427126, 0.042459070682525635, 0.04176104306760761, 0.041101298191481166, 0.04153793310332629, 0.04095287626195285, 0.04044462021233307, 0.041258336044847965, 0.041880008661084704, 0.043094182619825006, 0.040833359428991876, 0.04127128520566556, 0.044159743210507765, 0.041046084887865514, 0.041413247869867414, 0.04045870098181897, 0.04064774577919808, 0.04139967976758877, 0.041673498047101826, 0.040417729385404125, 0.04344974898008837, 0.04042251035571098, 0.04001699646727906, 0.04025394505717688, 0.04178053906394376, 0.041334288427606225, 0.04168320129004618], "train_mae": [20.816, 6.247, 12.06, 22.003, 6.683, 15.032, 39.587, 7.869, 10.326, 15.622, 3.729, 15.063, 29.277, 7.109, 25.508, 12.176, 8.527, 26.326, 9.951, 7.94, 22.113, 19.324, 11.682, 21.473, 13.774, 11.361, 9.318, 7.577, 5.621, 17.311, 7.872, 4.279, 5.73, 7.398, 10.755, 9.594, 9.294, 16.162, 15.922, 6.427, 17.823, 4.98, 8.453, 4.199, 11.753, 12.457, 2.972, 7.64, 10.821, 13.451, 2.962, 6.631, 11.494, 6.402, 4.204, 5.875, 18.109, 5.434, 7.928, 2.668, 3.815, 19.475, 6.463, 4.157, 9.608, 8.376, 9.689, 10.014, 2.987, 5.732, 7.756, 6.868, 8.112, 10.022, 2.349, 2.217, 3.406, 10.165, 4.908, 7.142, 6.865, 2.809, 15.295, 8.067, 8.839, 16.255, 2.539, 2.478, 4.521, 11.091, 11.693, 9.763, 6.2, 16.017, 5.187, 6.286, 6.63, 10.708, 11.383, 12.284], "train_rmse": [26.749, 7.707, 14.271, 23.393, 8.482, 16.323, 40.989, 10.276, 11.805, 17.111, 4.981, 17.558, 31.152, 8.691, 26.265, 13.927, 9.67, 27.218, 11.08, 9.941, 23.009, 20.97, 12.738, 22.579, 15.37, 13.088, 10.506, 8.604, 6.956, 18.46, 8.953, 5.827, 6.935, 9.482, 12.363, 11.319, 10.175, 17.02, 16.667, 7.307, 19.945, 6.398, 9.451, 5.704, 13.311, 13.797, 4.092, 9.378, 11.997, 14.98, 3.993, 7.502, 12.326, 7.385, 5.353, 7.168, 19.685, 6.43, 8.89, 3.482, 4.783, 20.452, 7.722, 5.491, 10.86, 9.189, 11.056, 10.785, 3.887, 6.622, 9.113, 8.575, 9.231, 11.165, 3.338, 2.938, 4.18, 10.748, 5.691, 8.08, 7.594, 3.542, 16.073, 8.795, 9.394, 16.834, 3.293, 3.221, 5.687, 12.353, 12.254, 10.241, 7.105, 16.954, 6.329, 7.85, 7.706, 11.122, 12.466, 13.162], "train_underestimate": [11.841, 1.411, 6.851, 12.551, 0.67, 8.574, 22.581, 0.621, 5.83, 8.911, 1.317, 8.571, 16.7, 3.943, 14.55, 6.934, 0.048, 15.017, 5.675, 4.282, 12.613, 11.022, 6.664, 12.248, 7.857, 6.474, 5.312, 4.31, 3.109, 9.874, 4.479, 2.266, 3.204, 4.107, 6.135, 5.43, 5.301, 9.219, 9.082, 0.093, 10.167, 2.735, 4.818, 2.197, 6.704, 7.106, 1.091, 4.31, 6.172, 7.673, 0.688, 3.74, 6.556, 3.648, 2.303, 0.084, 10.329, 3.08, 4.522, 0.8, 0.253, 11.109, 3.667, 2.256, 5.48, 0.015, 5.527, 5.712, 1.431, 3.24, 4.406, 3.867, 4.627, 5.717, 0.483, 0.647, 1.761, 5.798, 2.757, 4.074, 3.884, 0.394, 8.725, 4.601, 5.042, 9.272, 1.082, 1.175, 2.46, 6.326, 6.67, 5.569, 3.537, 9.136, 2.934, 3.564, 3.782, 6.108, 6.493, 7.007], "train_overestimate": [0.033, 2.152, 0.029, 0.0, 3.142, 0.0, 0.0, 3.867, 0.06, 0.0, 0.81, 0.022, 0.0, 0.112, 0.0, 0.011, 4.816, 0.0, 0.001, 0.247, 0.0, 0.0, 0.0, 0.0, 0.0, 0.007, 0.002, 0.012, 0.097, 0.0, 0.011, 0.175, 0.065, 0.113, 0.0, 0.042, 0.0, 0.0, 0.0, 3.572, 0.0, 0.106, 0.004, 0.198, 0.0, 0.0, 0.604, 0.049, 0.0, 0.0, 1.002, 0.043, 0.0, 0.004, 0.095, 3.267, 0.0, 0.019, 0.0, 0.722, 1.923, 0.0, 0.019, 0.115, 0.0, 4.762, 0.0, 0.0, 0.273, 0.029, 0.018, 0.05, 0.0, 0.0, 0.857, 0.618, 0.182, 0.0, 0.042, 0.0, 0.032, 1.208, 0.0, 0.0, 0.0, 0.0, 0.367, 0.239, 0.119, 0.0, 0.0, 0.0, 0.0, 0.0, 0.025, 0.022, 0.0, 0.0, 0.0, 0.0], "train_difference": [11.873, 3.564, 6.879, 12.551, 3.812, 8.574, 22.581, 4.488, 5.89, 8.911, 2.127, 8.592, 16.7, 4.055, 14.55, 6.945, 4.864, 15.017, 5.676, 4.529, 12.613, 11.022, 6.664, 12.248, 7.857, 6.481, 5.315, 4.322, 3.206, 9.874, 4.49, 2.441, 3.269, 4.22, 6.135, 5.473, 5.301, 9.219, 9.082, 3.666, 10.167, 2.841, 4.822, 2.395, 6.704, 7.106, 1.695, 4.358, 6.172, 7.673, 1.69, 3.782, 6.556, 3.652, 2.398, 3.351, 10.329, 3.1, 4.522, 1.522, 2.176, 11.109, 3.686, 2.371, 5.48, 4.778, 5.527, 5.712, 1.704, 3.269, 4.424, 3.917, 4.627, 5.717, 1.34, 1.265, 1.943, 5.798, 2.799, 4.074, 3.916, 1.602, 8.725, 4.601, 5.042, 9.272, 1.448, 1.413, 2.579, 6.326, 6.67, 5.569, 3.537, 9.136, 2.959, 3.586, 3.782, 6.108, 6.493, 7.007], "val_mae": [24.401, 5.262, 12.441, 22.545, 7.206, 15.244, 41.412, 8.804, 10.479, 16.496, 4.307, 16.696, 31.164, 7.83, 26.117, 12.962, 9.322, 27.37, 10.086, 9.7, 22.946, 20.71, 11.909, 22.53, 14.829, 12.439, 9.733, 7.588, 6.339, 18.274, 8.219, 5.282, 6.246, 9.137, 12.282, 11.197, 9.82, 16.814, 16.378, 6.264, 19.756, 5.859, 8.862, 5.169, 13.18, 13.876, 3.602, 9.384, 11.819, 14.946, 3.07, 6.781, 12.288, 6.937, 5.06, 6.115, 20.133, 6.25, 9.05, 3.166, 3.797, 21.277, 7.401, 5.554, 11.046, 8.203, 11.429, 10.767, 4.234, 6.294, 9.79, 8.969, 9.676, 11.74, 2.935, 3.237, 4.466, 11.262, 5.736, 8.637, 7.314, 3.351, 17.109, 9.506, 10.028, 17.894, 4.02, 4.011, 6.47, 13.287, 13.123, 11.263, 8.139, 18.596, 7.255, 8.897, 8.94, 11.878, 13.613, 14.754], "val_rmse": [29.805, 7.168, 14.747, 24.127, 9.201, 16.675, 42.975, 11.431, 12.327, 18.122, 5.105, 19.166, 33.272, 9.14, 27.024, 15.06, 10.208, 28.473, 11.327, 11.07, 24.047, 22.646, 13.072, 23.809, 16.654, 14.301, 11.107, 8.824, 7.707, 19.696, 9.41, 6.539, 7.669, 11.015, 14.155, 12.866, 11.007, 17.863, 17.176, 7.222, 22.191, 7.352, 9.999, 6.711, 15.029, 15.481, 4.369, 10.973, 13.247, 16.765, 3.583, 7.779, 13.369, 8.126, 6.241, 7.298, 22.06, 7.596, 10.243, 3.73, 4.722, 22.562, 8.997, 6.762, 12.784, 9.02, 13.192, 11.84, 5.211, 7.726, 11.343, 10.777, 11.262, 13.309, 3.48, 3.92, 5.577, 12.201, 6.811, 9.979, 8.263, 4.06, 18.351, 10.903, 11.022, 18.771, 4.836, 4.856, 7.923, 14.954, 14.072, 12.203, 9.622, 20.165, 8.613, 10.713, 10.644, 12.648, 15.176, 16.165], "val_underestimate": [12.748, 0.96, 6.562, 11.892, 0.275, 8.041, 21.844, 0.234, 5.49, 8.701, 1.316, 8.776, 16.438, 3.919, 13.776, 6.837, 0.008, 14.437, 5.32, 4.694, 12.103, 10.924, 6.282, 11.884, 7.822, 6.535, 5.129, 4.001, 3.169, 9.639, 4.327, 2.471, 3.173, 4.58, 6.44, 5.792, 5.18, 8.869, 8.639, 0.0, 10.421, 2.884, 4.675, 2.43, 6.952, 7.319, 1.291, 4.81, 6.234, 7.884, 0.704, 3.574, 6.482, 3.645, 2.531, 0.006, 10.619, 3.264, 4.766, 0.95, 0.21, 11.223, 3.855, 2.712, 5.818, 0.0, 6.025, 5.679, 1.877, 3.312, 5.087, 4.583, 5.089, 6.193, 0.762, 1.062, 2.19, 5.94, 2.978, 4.544, 3.858, 0.736, 9.024, 5.006, 5.29, 9.439, 1.667, 1.719, 3.195, 7.009, 6.922, 5.941, 4.272, 9.809, 3.722, 4.571, 4.682, 6.265, 7.18, 7.782],