{"val_loss": [0.34221018631668654, 0.18539030214442925, 0.164734748794752, 0.1509923584320966, 0.13871412012068665, 0.11399064837571453, 0.14398997879641898, 0.12244777775862638, 0.12001035406309016, 0.1051347559208379, 0.10074825897155439, 0.10061715619967264, 0.09437871302532799, 0.09309934660354081, 0.0875926688861321, 0.08465033791521016, 0.0859344737494693, 0.08248471972696922, 0.08478554584743346, 0.07773468024371301, 0.07496937627301496, 0.07192032565088834, 0.07129197923795265, 0.0724206325762412, 0.0681139818557045, 0.069270179113921, 0.06718342332169414, 0.06617012447403635, 0.06472336339271244, 0.06190598150715232, 0.07185886060709462, 0.0629243771545589, 0.06647020167506792, 0.06277473281849832, 0.06168469759252142, 0.05698395273922121, 0.0560551582945182, 0.06468250695616007, 0.05258924645536086, 0.05451134422465282, 0.05581674653598491, 0.05131666715640355, 0.05019832665429396, 0.05460160521461683, 0.05143276952645358, 0.048817160648896414, 0.05006528193788493, 0.047773696975234675, 0.048133582671118134, 0.04685956384877071, 0.05328310396084014, 0.04920850050471285, 0.05393455607597442, 0.05500705945579445, 0.05036205004024155, 0.050094949574593234, 0.04997886106481447, 0.04922559002743048, 0.05265940161531463, 0.05068692666314104, 0.04993642573518788, 0.04897214751690626, 0.04875651127932703, 0.048910004853764004, 0.048318584723507654, 0.04906762887121124, 0.047470585251336586, 0.04762625617577749, 0.04486875151119688, 0.043944461408126, 0.045168946469750476, 0.04640934013706796, 0.04815550959285568, 0.04678518240175703, 0.04772674256716581, 0.04381267386762535, 0.04241824265131179, 0.042858309386407625, 0.04483361903797178, 0.04924714403665241, 0.043156489072477114, 0.04219542739584165, 0.04325049389701556, 0.04493685272138785, 0.04758787198978312, 0.04534565399893943, 0.044478387818397844, 0.04171482955708223, 0.042297964449971914, 0.045098426833967954, 0.041671112179756165, 0.04070488062194165, 0.04289829936426352, 0.040628379183437896, 0.04035884111790972, 0.040786570157198346, 0.043018601889557695, 0.043753135264577234, 0.04062965090441353, 0.04030476581743535], "train_mae": [195.867, 38.471, 48.214, 20.672, 79.248, 20.666, 56.201, 63.263, 24.247, 29.273, 26.019, 12.162, 22.722, 11.17, 21.437, 16.92, 10.911, 37.491, 11.768, 34.832, 9.027, 18.481, 23.663, 8.343, 12.763, 28.12, 8.397, 7.953, 6.39, 5.978, 24.166, 5.749, 37.45, 9.071, 30.037, 6.47, 5.903, 40.599, 8.294, 7.576, 27.462, 5.788, 7.996, 28.491, 6.286, 7.407, 20.126, 10.704, 16.695, 9.088, 14.865, 10.558, 25.617, 12.65, 20.976, 7.493, 23.639, 5.669, 28.004, 10.613, 24.977, 8.672, 23.589, 8.327, 22.71, 10.127, 21.97, 9.738, 15.161, 9.953, 4.981, 21.898, 12.092, 23.109, 11.689, 16.68, 5.957, 4.176, 20.81, 15.887, 16.646, 12.002, 4.198, 20.65, 12.358, 21.876, 7.737, 11.525, 15.442, 9.177, 14.305, 6.759, 5.437, 9.914, 8.417, 3.632, 6.417, 8.21, 9.715, 10.442], "train_rmse": [196.1, 48.693, 58.344, 23.816, 86.384, 27.174, 57.147, 68.854, 27.623, 35.908, 32.232, 13.826, 28.007, 14.398, 27.217, 22.665, 12.78, 42.31, 13.642, 38.774, 12.126, 22.53, 27.445, 10.201, 15.969, 30.773, 10.954, 9.925, 7.705, 7.522, 25.235, 6.913, 39.39, 10.568, 32.308, 7.96, 7.166, 42.412, 10.116, 9.03, 29.27, 7.336, 9.948, 30.312, 7.531, 9.261, 21.783, 12.817, 18.446, 11.178, 16.147, 12.133, 26.802, 13.847, 22.674, 9.031, 25.049, 6.738, 29.426, 11.99, 26.509, 10.337, 25.068, 9.774, 24.544, 11.456, 23.102, 11.202, 16.884, 12.12, 5.91, 23.236, 13.16, 24.428, 12.724, 18.331, 7.616, 5.001, 22.154, 16.726, 18.2, 13.399, 5.142, 21.743, 13.164, 23.128, 8.861, 12.627, 16.695, 10.112, 15.693, 8.127, 6.657, 11.189, 9.956, 4.439, 7.446, 9.014, 10.963, 11.51], "train_underestimate": [0.0, 18.447, 23.83, 4.344, 39.421, 8.97, 0.0, 31.469, 0.055, 14.507, 12.896, 2.612, 11.303, 3.783, 10.663, 8.18, 2.366, 18.649, 0.421, 17.327, 3.827, 9.089, 11.77, 2.231, 6.144, 13.988, 3.345, 2.686, 1.359, 1.961, 0.0, 0.76, 18.629, 0.108, 14.941, 1.985, 1.441, 20.195, 4.021, 0.298, 13.661, 2.24, 3.85, 14.173, 0.45, 3.542, 10.011, 5.294, 8.305, 4.442, 0.0, 5.246, 12.743, 0.0, 10.434, 0.1, 11.759, 0.408, 13.93, 0.0, 12.424, 0.007, 11.734, 0.061, 11.297, 0.011, 10.929, 0.0, 7.542, 4.927, 0.63, 10.893, 0.0, 11.495, 0.0, 8.297, 2.814, 1.382, 10.352, 0.0, 8.28, 5.97, 0.326, 10.272, 0.0, 10.882, 0.0, 5.733, 7.681, 0.0, 7.116, 3.356, 0.025, 4.931, 4.173, 1.283, 0.0, 0.0, 4.832, 5.194], "train_overestimate": [97.431, 0.69, 0.153, 5.94, 0.0, 1.31, 27.956, 0.0, 12.006, 0.055, 0.047, 3.437, 0.0, 1.773, 0.001, 0.237, 3.062, 0.0, 5.433, 0.0, 0.663, 0.104, 0.001, 1.919, 0.205, 0.0, 0.832, 1.27, 1.82, 1.013, 12.021, 2.099, 0.0, 4.404, 0.0, 1.233, 1.495, 0.0, 0.104, 3.471, 0.0, 0.639, 0.127, 0.0, 2.677, 0.142, 0.0, 0.031, 0.0, 0.079, 7.394, 0.006, 0.0, 6.293, 0.0, 3.628, 0.0, 2.412, 0.0, 5.279, 0.0, 4.307, 0.0, 4.081, 0.0, 5.026, 0.0, 4.844, 0.0, 0.024, 1.847, 0.0, 6.015, 0.0, 5.815, 0.0, 0.149, 0.695, 0.0, 7.903, 0.0, 0.0, 1.762, 0.0, 6.147, 0.0, 3.849, 0.0, 0.0, 4.565, 0.0, 0.006, 2.679, 0.0, 0.014, 0.524, 3.192, 4.084, 0.0, 0.0], "train_difference": [97.431, 19.137, 23.984, 10.283, 39.421, 10.28, 27.956, 31.469, 12.061, 14.561, 12.943, 6.05, 11.303, 5.556, 10.664, 8.417, 5.428, 18.649, 5.854, 17.327, 4.491, 9.193, 11.771, 4.15, 6.349, 13.988, 4.177, 3.956, 3.179, 2.974, 12.021, 2.86, 18.629, 4.512, 14.941, 3.218, 2.936, 20.195, 4.126, 3.769, 13.661, 2.879, 3.977, 14.173, 3.127, 3.685, 10.011, 5.325, 8.305, 4.521, 7.394, 5.252, 12.743, 6.293, 10.434, 3.727, 11.759, 2.82, 13.93, 5.279, 12.424, 4.314, 11.734, 4.142, 11.297, 5.038, 10.929, 4.844, 7.542, 4.951, 2.478, 10.893, 6.015, 11.495, 5.815, 8.297, 2.963, 2.077, 10.352, 7.903, 8.28, 5.97, 2.088, 10.272, 6.147, 10.882, 3.849, 5.733, 7.681, 4.565, 7.116, 3.362, 2.704, 4.931, 4.187, 1.807, 3.192, 4.084, 4.832, 5.194], "val_mae": [193.337, 27.766, 33.593, 19.924, 62.193, 15.169, 59.165, 50.073, 29.56, 20.042, 17.589, 10.547, 15.662, 8.032, 14.304, 10.51, 9.188, 28.628, 13.162, 27.322, 5.622, 12.795, 17.953, 6.408, 8.784, 22.943, 5.85, 5.741, 5.359, 4.705, 22.183, 5.188, 32.215, 8.248, 25.24, 4.964, 4.613, 35.328, 7.565, 6.161, 23.802, 4.892, 7.24, 24.571, 5.338, 6.52, 17.304, 9.046, 14.341, 7.596, 13.506, 9.102, 23.054, 11.283, 17.849, 6.544, 20.605, 4.807, 24.659, 9.836, 21.545, 7.916, 20.495, 8.06, 19.279, 9.672, 19.297, 8.6, 12.541, 8.11, 4.607, 18.929, 10.765, 19.965, 10.626, 13.998, 4.924, 3.489, 17.749, 14.273, 13.892, 10.222, 3.723, 18.159, 11.364, 18.995, 7.217, 10.093, 13.229, 8.817, 12.07, 6.016, 5.358, 8.516, 7.055, 3.465, 6.589, 7.842, 8.419, 9.143], "val_rmse": [193.811, 34.635, 42.621, 23.609, 69.413, 18.997, 59.673, 55.359, 30.918, 25.737, 22.86, 12.176, 19.951, 10.021, 18.878, 14.874, 10.844, 32.474, 14.365, 30.376, 8.194, 16.244, 20.918, 8.122, 11.561, 25.096, 7.965, 7.617, 6.905, 6.303, 23.525, 6.683, 33.881, 10.103, 27.188, 6.506, 6.085, 36.976, 9.117, 7.957, 25.395, 6.37, 8.865, 26.228, 6.825, 8.092, 18.779, 10.814, 15.845, 9.372, 14.68, 10.556, 24.129, 12.446, 19.504, 7.893, 21.969, 6.131, 26.004, 10.947, 23.077, 9.154, 21.927, 9.078, 21.026, 10.68, 20.469, 9.761, 14.344, 10.16, 5.62, 20.355, 11.791, 21.403, 11.614, 15.691, 6.581, 4.651, 19.268, 15.114, 15.636, 11.789, 4.804, 19.449, 12.199, 20.453, 8.175, 11.443, 14.789, 9.645, 13.806, 7.603, 6.279, 10.164, 8.898, 4.724, 7.447, 8.679, 10.118, 10.713],