{"val_loss": [2.821735848983129, 0.5651696821053823, 0.20408273239930472, 0.20963770978980595, 0.20070862542423937, 0.19755621916717953, 0.19263627814749876, 0.1833932428724236, 0.16992880755828488, 0.14507929711706108, 0.23465044630898368, 0.20111242454085085, 0.1584048881712887, 0.12736721688674557, 0.111063778710862, 0.10972621529880497, 0.10947987426900202, 0.10786405702431996, 0.10015401958177488, 0.09779234675483571, 0.09674829803407192, 0.09223564724541372, 0.09038079291996029, 0.08463546116318968, 0.08176705272247393, 0.07965896982285711, 0.07970545275343789, 0.07771625152478616, 0.08446583286341694, 0.0739626574019591, 0.07616015078706874, 0.07315863555090295, 0.07004213467654255, 0.0703453639936116, 0.06568178275807036, 0.06434013906659351, 0.07343509141355753, 0.11130604551484187, 0.10954674612730742, 0.0934465236754881, 0.07409981151835786, 0.06865132517284817, 0.0741470040132602, 0.07600508940716584, 0.07376332073989841, 0.06969359206656615, 0.06620340194139215, 0.06476403250255519, 0.06302752376844485, 0.061999669971151486, 0.06006676232856181, 0.05508363148611453, 0.055034679205467306, 0.05385016184300184, 0.05406398641773396, 0.05250439389298359, 0.05235189287405875, 0.0517447578927709, 0.0508197702260481, 0.06891918337593476, 0.05021005423946513, 0.05941390023670263, 0.05011410768040352, 0.05069531029504207, 0.05576751924430331, 0.049110622300455965, 0.05013681192778879, 0.051384275727387935, 0.04745937588935097, 0.051568756293919354, 0.04622156602433986, 0.04955307751273116, 0.04671556538798743, 0.04650080643801226, 0.04550473904237151, 0.04468821221962571, 0.044428551052179605, 0.05599426472973493, 0.0739970759799083, 0.07719983088059558, 0.07001277659502295, 0.06448041316535738, 0.06233062900395857, 0.054457673182090126, 0.05164034214491645, 0.053957490612649255, 0.05242701040373908, 0.0546122452037202, 0.055935419268078275, 0.05351641774177551, 0.052983904309156865, 0.047764392880102, 0.047766570622722306, 0.04526434435198704, 0.044531906903203994, 0.04453464193890492, 0.044600140717294484, 0.04425220983102918, 0.04324313589475221, 0.0443549077026546], "train_mae": [1897.976, 384.425, 33.897, 32.893, 80.88, 80.944, 37.142, 39.613, 70.473, 26.39, 122.435, 136.11, 47.847, 72.764, 31.127, 17.615, 59.616, 21.115, 51.409, 14.611, 50.29, 9.634, 43.458, 8.988, 24.745, 17.874, 6.016, 29.193, 45.858, 6.221, 7.026, 30.569, 6.034, 5.894, 14.171, 18.188, 40.538, 74.808, 52.741, 60.955, 8.416, 11.621, 36.463, 17.441, 39.462, 13.697, 31.141, 11.63, 29.298, 10.185, 26.386, 12.4, 4.15, 13.37, 18.86, 15.592, 17.891, 18.262, 16.642, 43.676, 10.484, 19.602, 16.049, 16.96, 15.063, 15.065, 19.592, 9.383, 3.765, 25.112, 5.809, 8.366, 3.776, 14.733, 12.519, 8.521, 8.702, 33.277, 49.509, 32.412, 44.51, 25.555, 36.038, 5.331, 4.433, 22.374, 8.804, 27.321, 14.128, 28.399, 13.958, 20.085, 5.014, 13.319, 8.183, 3.788, 14.325, 3.008, 4.368, 15.946], "train_rmse": [1920.689, 395.504, 38.412, 37.687, 91.261, 91.281, 48.286, 51.325, 80.884, 33.873, 123.111, 144.618, 50.186, 80.923, 41.17, 22.624, 67.787, 23.973, 58.24, 16.811, 55.19, 11.699, 47.404, 12.851, 28.055, 20.734, 8.422, 31.606, 48.597, 7.823, 8.775, 32.734, 8.301, 7.425, 15.769, 19.711, 42.346, 78.59, 53.838, 65.059, 10.597, 15.968, 40.058, 18.607, 42.352, 15.22, 32.999, 13.595, 30.872, 11.86, 27.727, 14.303, 5.606, 14.678, 20.566, 16.828, 19.182, 19.967, 18.236, 46.176, 12.779, 21.021, 17.65, 18.867, 16.499, 16.412, 21.672, 10.533, 5.02, 27.187, 7.405, 9.491, 4.937, 16.11, 14.148, 10.07, 10.117, 35.584, 52.979, 33.074, 47.204, 27.487, 38.578, 7.049, 6.002, 23.673, 10.42, 29.805, 14.979, 30.752, 15.046, 22.221, 6.212, 14.704, 9.33, 4.993, 16.162, 4.083, 5.5, 17.678], "train_underestimate": [0.0, 209.496, 0.83, 1.283, 44.076, 44.111, 19.267, 21.062, 38.405, 10.918, 0.0, 74.174, 0.152, 39.654, 16.821, 6.134, 32.488, 0.987, 28.016, 1.136, 27.406, 1.351, 23.683, 4.236, 13.485, 9.728, 2.47, 15.909, 24.991, 2.942, 0.353, 16.659, 2.705, 0.51, 7.698, 9.912, 22.092, 40.768, 0.0, 33.218, 0.907, 6.069, 19.871, 0.089, 21.505, 0.0, 16.971, 0.0, 15.966, 0.027, 14.379, 6.702, 1.212, 7.279, 10.278, 8.497, 9.75, 9.952, 9.069, 23.801, 5.652, 0.0, 8.746, 9.243, 0.0, 8.21, 10.677, 0.007, 1.229, 13.685, 2.982, 0.014, 1.016, 8.029, 6.822, 4.604, 4.709, 18.135, 26.981, 0.0, 24.256, 0.0, 19.639, 1.94, 1.679, 12.193, 0.013, 14.889, 0.0, 15.476, 0.0, 10.946, 0.402, 7.258, 4.415, 1.406, 7.807, 0.659, 2.062, 8.69], "train_overestimate": [1034.319, 0.0, 17.642, 16.642, 0.0, 0.0, 0.974, 0.526, 0.0, 3.464, 66.722, 0.0, 25.922, 0.0, 0.141, 3.466, 0.0, 10.52, 0.0, 6.826, 0.0, 3.9, 0.0, 0.663, 0.0, 0.012, 0.808, 0.0, 0.0, 0.448, 3.476, 0.0, 0.583, 2.702, 0.024, 0.0, 0.0, 0.0, 28.741, 0.0, 3.68, 0.264, 0.0, 9.415, 0.0, 7.464, 0.0, 6.338, 0.0, 5.523, 0.0, 0.055, 1.05, 0.007, 0.0, 0.0, 0.0, 0.0, 0.0, 0.0, 0.061, 10.682, 0.0, 0.0, 8.209, 0.0, 0.0, 5.107, 0.822, 0.0, 0.183, 4.545, 1.041, 0.0, 0.0, 0.04, 0.033, 0.0, 0.0, 17.663, 0.0, 13.927, 0.0, 0.965, 0.737, 0.0, 4.785, 0.0, 7.699, 0.0, 7.607, 0.0, 2.331, 0.0, 0.044, 0.659, 0.0, 0.98, 0.318, 0.0], "train_difference": [1034.319, 209.496, 18.472, 17.925, 44.076, 44.111, 20.241, 21.587, 38.405, 14.381, 66.722, 74.174, 26.074, 39.654, 16.963, 9.6, 32.488, 11.507, 28.016, 7.962, 27.406, 5.25, 23.683, 4.898, 13.485, 9.741, 3.278, 15.909, 24.991, 3.39, 3.829, 16.659, 3.288, 3.212, 7.723, 9.912, 22.092, 40.768, 28.741, 33.218, 4.587, 6.333, 19.871, 9.504, 21.505, 7.464, 16.971, 6.338, 15.966, 5.551, 14.379, 6.757, 2.262, 7.286, 10.278, 8.497, 9.75, 9.952, 9.069, 23.801, 5.713, 10.682, 8.746, 9.243, 8.209, 8.21, 10.677, 5.114, 2.052, 13.685, 3.166, 4.559, 2.058, 8.029, 6.822, 4.644, 4.742, 18.135, 26.981, 17.663, 24.256, 13.927, 19.639, 2.905, 2.416, 12.193, 4.798, 14.889, 7.699, 15.476, 7.607, 10.946, 2.732, 7.258, 4.459, 2.065, 7.807, 1.639, 2.38, 8.69], "val_mae": [1847.098, 370.369, 35.019, 33.711, 75.316, 75.383, 34.46, 36.963, 65.507, 22.363, 121.193, 129.845, 47.884, 68.697, 28.665, 13.793, 56.103, 20.486, 48.509, 13.448, 47.863, 8.645, 41.513, 7.042, 23.652, 17.147, 5.462, 28.03, 43.966, 6.49, 7.821, 29.485, 5.821, 6.615, 13.794, 17.688, 39.123, 71.651, 51.017, 58.21, 8.352, 10.269, 34.931, 16.374, 37.933, 13.212, 30.12, 11.398, 28.318, 10.471, 25.537, 11.635, 5.057, 12.925, 17.964, 14.941, 17.116, 17.345, 15.853, 41.723, 9.644, 18.692, 15.337, 16.09, 14.427, 14.444, 18.531, 9.544, 4.211, 23.841, 5.493, 8.739, 4.285, 14.013, 11.785, 7.905, 8.055, 31.55, 47.033, 31.653, 42.632, 24.051, 34.559, 4.998, 4.404, 21.779, 8.669, 26.082, 13.777, 27.073, 13.461, 19.018, 5.487, 12.726, 7.771, 4.088, 13.535, 3.937, 4.4, 15.097], "val_rmse": [1872.548, 381.526, 38.057, 37.094, 84.796, 84.81, 42.686, 45.694, 74.767, 28.589, 121.741, 137.487, 49.523, 75.583, 36.472, 18.25, 62.913, 22.115, 54.0, 14.747, 51.643, 9.704, 44.452, 10.646, 25.957, 19.174, 7.575, 29.829, 46.172, 8.33, 9.69, 31.233, 8.131, 8.323, 15.488, 19.16, 40.715, 75.029, 52.666, 61.65, 9.489, 14.022, 37.693, 18.199, 40.232, 15.232, 31.703, 13.841, 29.766, 12.453, 26.863, 13.858, 6.608, 14.493, 19.615, 16.374, 18.506, 18.986, 17.398, 43.924, 11.903, 20.938, 16.89, 17.862, 16.706, 15.821, 20.374, 11.117, 5.48, 25.637, 7.329, 10.204, 5.417, 15.41, 13.434, 9.69, 9.732, 33.619, 50.125, 32.764, 44.98, 26.587, 36.825, 6.503, 5.935, 22.938, 10.631, 28.235, 15.002, 29.122, 15.046, 20.837, 6.426, 14.053, 9.285, 5.3, 15.289, 5.064, 5.881, 16.727],