{"val_loss": [0.19407390139531344, 0.17382480847882106, 0.1495248284540139, 0.15109020095551387, 0.1441903160419315, 0.13418631714885124, 0.12301764233852737, 0.1266724706219975, 0.1563794224523008, 0.1286527537740767, 0.11837444067350589, 0.1271157677459996, 0.11240998634602875, 0.11025832553277723, 0.10321532029192895, 0.10420190715813078, 0.1078500940464437, 0.10280698294518516, 0.11521348003298044, 0.10221780391293578, 0.09929255869938061, 0.10099876021849923, 0.0970115109696053, 0.0942194106115494, 0.10054654499981552, 0.09438338431646116, 0.0929038476140704, 0.11134350195643491, 0.08947320376173593, 0.09043718641041779, 0.09178578534629196, 0.08860551464022137, 0.09809074710356072, 0.09527683560736477, 0.08635808886901941, 0.09914485748740845, 0.08649565438390709, 0.09250014981953428, 0.08484706870221999, 0.0880020927201258, 0.08501116413681302, 0.08393832198344171, 0.08873894261487295, 0.08535605600336567, 0.08473076408263296, 0.08587260038475505, 0.08207403792184778, 0.08473268391680903, 0.08702271654037759, 0.08195144299243111], "train_loss": [0.14022577178392992, 0.1288680041381844, 0.11819169899451672, 0.10950992075649023, 0.10146957795977954, 0.09996328449940899, 0.09483633480701875, 0.08861347138232094, 0.08684979578926079, 0.09882854085399545, 0.08482640659269441, 0.0838634888772914, 0.07992648157757505, 0.07892894009047927, 0.07606583706422221, 0.07921508872672788, 0.07398989957339075, 0.07239060092835649, 0.0714585785316099, 0.07003509604470982, 0.07278510286626651, 0.06761666498498022, 0.06788923015192495, 0.06559388111652018, 0.06623964759140373, 0.06260491425093398, 0.06297472404831725, 0.06420748948275044, 0.060276044857634235, 0.060701219883578066, 0.058797437152248694, 0.05672047337610019, 0.06046086488795966, 0.058377249207425, 0.05519549726807077, 0.05383243693101226, 0.05289203090242695, 0.05501918092886056, 0.05235146061239215, 0.05241066524454212, 0.051846031143715415, 0.05107650380030743, 0.04922242501108662, 0.05017004910306158, 0.05099539878905158, 0.04772080609492438, 0.04758460960112991, 0.04717388881027292, 0.04550018064808363, 0.046816303021402966], "train_size": 1276, "val_size": 320, "rand_seed": 3201, "shuffle": true, "loss_name": "logcosh", "img_dim": [768, 1024, 3], "patch_dim": [256, 256, 3], "patches_per_image": 16, "density_map_sigma": 10, "density_map_multiplication_factor": 2000.0, "sub_experiment_name": "shanghai_tech/part_b/sigma_10_loss_logcosh_patch_16_256x256_epochs_50_lr_1e-4", "architecture": "UNet"}