{"val_loss": [0.1651825668911139, 0.08245847788121966, 0.07485462533723977, 0.055146932343228, 0.03870062064379454, 0.0344439589470211, 0.031136874057766464, 0.031689979252405465, 0.02606005938206282, 0.025859027557695907, 0.027121315348065562, 0.020936174512219925, 0.022601141723700695, 0.02223801941403912, 0.018040309026319947, 0.020078509761434462, 0.017742318838524323, 0.01941628332456781, 0.015412235257422758, 0.015101372523026334, 0.016720264697343938, 0.015088634992328783, 0.015577910506787399, 0.019036285229958594, 0.013388777513884835, 0.017117193654283054, 0.013092830583142737, 0.013074532772103945, 0.013116312446072698, 0.012108308069097498, 0.012528547836053703, 0.014950978893062307, 0.013923254381451342, 0.01472850071473254, 0.011983192357648578, 0.01346752469220923, 0.01189663741711734, 0.011946216316169335, 0.011229582531895075, 0.013055695440723665, 0.011087146380709277, 0.011996043276869588, 0.011078897307419943, 0.011795858445111662, 0.01090885060451304, 0.010756213864725497, 0.010796037198613502, 0.010654387497601824, 0.012537467474531796, 0.010463472559220262, 0.011967525642830878, 0.01196086881423576, 0.011244050544013994, 0.010670000150437571, 0.010407027264591306, 0.010066446317877207, 0.010276315565634932, 0.010832936697018644, 0.010201427839799888, 0.01067822788738542, 0.01085228355239249, 0.012008090283618204, 0.010279302343001796, 0.011033841809775267, 0.011628751811157498, 0.013875732288902832, 0.010101243478452994, 0.010112197144836601, 0.009966647465868542, 0.010851359667463435, 0.010274576734647982, 0.01434603399441888, 0.010314795550786786, 0.010484998476588063, 0.01043227502507054, 0.010512225362213535, 0.00978015202175205, 0.00998762652872958, 0.0098565589546019, 0.011301131731468357, 0.009561634803604748, 0.010177275929082599, 0.00983772116402785, 0.009664569832643287, 0.00997809722321108, 0.009584922013649097, 0.009624372553339021, 0.009316186071373522, 0.010368079238105565, 0.011047896230593324, 0.009511416874981174, 0.009506115043121908, 0.010061097104981955, 0.00942926306096423, 0.010809159210313939, 0.009964226305277811, 0.009848731712231206, 0.010055074604072919, 0.0122327469353978, 0.011101480146559576], "train_mae": [190.349, 61.034, 23.973, 28.505, 28.076, 18.059, 21.456, 23.727, 11.195, 27.319, 33.849, 5.835, 28.019, 33.67, 5.936, 22.991, 17.695, 33.639, 4.681, 13.955, 24.955, 11.038, 23.901, 35.076, 4.634, 23.45, 10.794, 9.157, 15.418, 5.942, 4.638, 19.357, 20.839, 24.195, 5.149, 20.27, 7.966, 12.501, 6.081, 18.499, 6.168, 12.536, 8.392, 12.018, 6.154, 5.141, 9.805, 5.259, 20.292, 5.982, 17.228, 13.181, 12.92, 4.784, 3.782, 4.127, 6.531, 12.005, 6.132, 12.283, 8.401, 9.078, 9.018, 14.879, 20.243, 24.082, 7.187, 5.808, 4.649, 13.376, 11.024, 28.265, 3.714, 11.829, 9.447, 9.439, 7.232, 10.518, 7.279, 16.315, 3.852, 10.682, 9.677, 9.818, 3.586, 6.258, 5.102, 5.709, 12.547, 16.28, 3.989, 5.767, 10.27, 2.997, 15.206, 6.219, 6.707, 11.315, 21.608, 15.387], "train_rmse": [190.888, 63.944, 29.441, 33.076, 32.312, 21.756, 24.447, 30.642, 13.169, 28.381, 36.682, 7.212, 29.726, 34.828, 7.793, 25.501, 19.68, 34.714, 6.565, 15.428, 26.652, 13.29, 24.907, 37.453, 6.072, 26.219, 12.078, 11.116, 16.669, 7.253, 6.003, 22.014, 23.077, 25.224, 6.635, 22.318, 9.754, 14.516, 7.386, 20.06, 7.183, 14.593, 9.443, 13.62, 7.738, 6.246, 11.622, 6.32, 21.828, 6.99, 18.192, 14.899, 15.429, 5.817, 4.919, 5.084, 8.132, 13.448, 7.459, 13.088, 9.583, 11.351, 10.005, 16.445, 20.804, 25.408, 8.436, 7.228, 5.613, 14.279, 12.071, 30.402, 4.608, 12.989, 11.186, 11.132, 8.13, 11.872, 8.308, 18.091, 4.97, 12.166, 10.914, 11.216, 4.625, 7.221, 6.197, 6.545, 13.277, 17.947, 4.875, 7.011, 11.613, 3.993, 16.846, 7.615, 8.257, 12.358, 23.473, 17.172], "train_underestimate": [0.0, 0.075, 8.052, 2.028, 1.368, 5.065, 0.935, 13.48, 2.16, 0.0, 19.623, 1.025, 0.0, 19.519, 2.704, 13.328, 0.009, 19.501, 1.314, 8.079, 14.467, 6.35, 0.0, 20.334, 1.104, 13.594, 0.1, 5.167, 0.006, 1.909, 1.257, 11.222, 12.081, 0.0, 2.182, 11.751, 4.473, 7.23, 0.868, 10.724, 0.325, 7.249, 0.138, 6.954, 3.335, 0.644, 5.609, 0.306, 11.763, 0.215, 9.987, 0.0, 7.443, 0.692, 1.326, 0.666, 3.428, 6.953, 3.407, 0.0, 4.86, 5.113, 0.057, 8.626, 0.0, 13.961, 4.131, 3.204, 0.719, 7.754, 0.0, 16.386, 0.584, 0.0, 5.394, 5.406, 0.096, 6.083, 0.073, 9.458, 0.443, 6.18, 5.588, 5.661, 1.71, 0.158, 2.799, 0.101, 7.274, 9.438, 0.419, 3.234, 5.945, 0.959, 8.815, 0.076, 3.744, 0.0, 12.526, 0.0], "train_overestimate": [110.347, 35.307, 5.845, 14.497, 14.907, 5.403, 11.504, 0.275, 4.33, 15.837, 0.0, 2.358, 16.243, 0.0, 0.737, 0.0, 10.249, 0.0, 1.399, 0.011, 0.0, 0.049, 13.856, 0.0, 1.582, 0.0, 6.157, 0.141, 8.933, 1.535, 1.432, 0.0, 0.0, 14.026, 0.803, 0.0, 0.145, 0.017, 2.657, 0.0, 3.251, 0.018, 4.727, 0.013, 0.233, 2.336, 0.075, 2.743, 0.0, 3.253, 0.0, 7.641, 0.047, 2.082, 0.866, 1.726, 0.358, 0.006, 0.148, 7.12, 0.01, 0.15, 5.17, 0.0, 11.735, 0.0, 0.036, 0.163, 1.976, 0.0, 6.391, 0.0, 1.569, 6.858, 0.082, 0.066, 4.097, 0.015, 4.146, 0.0, 1.79, 0.012, 0.022, 0.031, 0.369, 3.47, 0.159, 3.209, 0.0, 0.0, 1.894, 0.109, 0.009, 0.778, 0.0, 3.53, 0.144, 6.559, 0.0, 8.92], "train_difference": [110.347, 35.382, 13.897, 16.525, 16.276, 10.469, 12.439, 13.755, 6.49, 15.837, 19.623, 3.383, 16.243, 19.519, 3.441, 13.328, 10.258, 19.501, 2.713, 8.09, 14.467, 6.399, 13.856, 20.334, 2.687, 13.594, 6.257, 5.309, 8.938, 3.444, 2.689, 11.222, 12.081, 14.026, 2.985, 11.751, 4.618, 7.247, 3.525, 10.724, 3.576, 7.267, 4.865, 6.967, 3.568, 2.98, 5.684, 3.048, 11.763, 3.468, 9.987, 7.641, 7.49, 2.774, 2.192, 2.392, 3.786, 6.959, 3.555, 7.12, 4.87, 5.263, 5.228, 8.626, 11.735, 13.961, 4.167, 3.367, 2.695, 7.754, 6.391, 16.386, 2.153, 6.858, 5.476, 5.472, 4.192, 6.098, 4.219, 9.458, 2.233, 6.192, 5.61, 5.692, 2.079, 3.628, 2.958, 3.309, 7.274, 9.438, 2.312, 3.343, 5.954, 1.737, 8.815, 3.605, 3.888, 6.559, 12.526, 8.92], "val_mae": [193.131, 55.282, 27.423, 26.413, 26.096, 19.357, 20.281, 30.89, 11.715, 26.454, 39.103, 6.208, 30.567, 36.346, 5.694, 26.261, 19.955, 36.146, 4.644, 14.703, 27.656, 12.656, 25.144, 39.587, 3.824, 27.273, 11.096, 10.448, 15.17, 4.905, 3.392, 22.754, 24.235, 25.839, 5.018, 23.201, 8.969, 14.552, 5.0, 20.951, 5.314, 14.686, 8.101, 13.648, 6.587, 4.195, 11.329, 4.732, 22.934, 5.557, 19.058, 14.812, 15.716, 3.695, 2.868, 3.278, 7.252, 13.8, 6.882, 12.377, 9.232, 10.859, 9.071, 17.112, 20.328, 26.819, 8.066, 6.429, 4.013, 14.734, 11.627, 32.456, 3.258, 12.768, 11.056, 11.105, 6.576, 12.133, 7.156, 19.077, 3.122, 12.694, 11.103, 11.575, 3.646, 5.69, 5.598, 5.211, 13.458, 19.121, 3.283, 6.784, 12.174, 2.896, 17.989, 6.488, 8.198, 12.036, 25.154, 17.436], "val_rmse": [193.478, 59.131, 34.746, 30.847, 29.978, 25.486, 22.803, 38.099, 15.014, 27.693, 42.301, 7.611, 31.548, 37.736, 8.901, 29.185, 21.138, 37.363, 6.152, 16.201, 29.464, 14.975, 25.865, 41.858, 5.26, 29.63, 12.012, 11.925, 15.997, 6.724, 4.447, 24.985, 26.252, 26.51, 6.878, 24.959, 10.465, 16.164, 6.271, 22.17, 6.302, 16.29, 8.934, 14.953, 8.084, 5.137, 12.89, 5.692, 24.302, 6.403, 19.86, 15.849, 18.09, 4.671, 3.69, 4.081, 9.019, 15.072, 8.21, 13.001, 10.029, 13.315, 9.781, 18.336, 20.76, 27.922, 9.036, 7.476, 4.975, 15.399, 12.282, 34.377, 4.111, 13.531, 12.682, 12.514, 7.391, 13.161, 7.914, 20.564, 3.835, 13.972, 12.087, 12.816, 4.483, 6.494, 6.367, 5.958, 13.899, 20.692, 3.975, 7.819, 13.298, 3.904, 19.432, 7.525, 9.992, 12.786, 26.899, 18.773],