{"val_loss": [0.03208745695883408, 0.022561963333453817, 0.019239922643464524, 0.013996706117990577, 0.012982016362751465, 0.010676673669342348, 0.009866930934496101, 0.009240359818517497, 0.009065236369625543, 0.008667070102627109, 0.008596801786445533, 0.008602823665890302, 0.008678340485750917, 0.007988944827208315, 0.008440006782406913, 0.008001072893474723, 0.007988901126415893, 0.007648213497946819, 0.008491651874518377, 0.007938931846986045, 0.007691829672694439, 0.007652192187165115, 0.007648908033789827, 0.007515302650918944, 0.007220958694875555, 0.00767965423865997, 0.00810401577344986, 0.007459583496443776, 0.007276743182956125, 0.007154205805764992], "train_loss": [0.4856165988603607, 0.03380368632497266, 0.023796526598744094, 0.018579497176688164, 0.015349723427789286, 0.013826830545440316, 0.013152761152014136, 0.012304555450100452, 0.011210620345082134, 0.010711225055274554, 0.010531805542996153, 0.01047188621305395, 0.010070074495160952, 0.010308600263670087, 0.009692806197563186, 0.009386320773046464, 0.009082303760806099, 0.008594919316237792, 0.008473496665828861, 0.00895813840907067, 0.008542114970623516, 0.008078441125690006, 0.008366084904992022, 0.008133163675665855, 0.007687012664973736, 0.00819167033478152, 0.008081870022579096, 0.008426930318819359, 0.0076767363789258525, 0.007198181105195545], "train_size": 512, "val_size": 1088, "rand_seed": 324, "shuffle": true, "loss_name": "mean_squared_error", "img_dim": [256, 256, 3], "patch_dim": [256, 256, 3], "patches_per_image": 1, "density_map_sigma": 5, "density_map_multiplication_factor": 100.0, "sub_experiment_name": "vgg_cells/n_32_sigma_5_randseed_324_loss_mse_full_img", "architecture": "UNet"}