{"val_loss": [0.041564877041512065, 0.06068887670213977, 0.039046008605509996, 0.04045976967447334, 0.039343413379457265, 0.03577755712386635, 0.03515776821101705, 0.032899784596843853, 0.028047101598026022, 0.023638356554632384, 0.01968625917409857, 0.01993658755802446, 0.017019110408404634, 0.015632514828919537, 0.015899270889349282, 0.013913038924025992, 0.016469731758762565, 0.013241436151373718, 0.012779785229617523, 0.013681604138885936, 0.01343730790540576, 0.011480311352190457, 0.011697237392783992, 0.011319924488715414, 0.011189896335256182, 0.010373260812937386, 0.009546593743531654, 0.009407600497878674, 0.009322762437578704, 0.00829970471871396, 0.012606203982916972, 0.011636943782731477, 0.010346265289829008, 0.007865161259865595, 0.00825407454976812, 0.008393103877703348, 0.009248893682120575, 0.009423350210353319, 0.008946210954390053, 0.008127850790818533, 0.007458122751106405, 0.006779605768517488, 0.006592707485348607, 0.006801329055128412, 0.006731833392728327, 0.006521355069708079, 0.006430427217209298, 0.006287319831446641, 0.006055533345918068, 0.0058636046790828305, 0.005711142727199735, 0.005657682525149236, 0.005953613578134941, 0.006182341545354575, 0.005861161195854139, 0.005765086243627593, 0.0053574908848127555, 0.005352977870239152, 0.005419424453672643, 0.00564753570425738, 0.005530462897796597, 0.005092753011720358, 0.005240176571533084, 0.005704196153803625, 0.00522986979275528, 0.00505425520047235, 0.004869129001033596, 0.005065426338761527, 0.0052981780188727295, 0.00481959149086227, 0.0050231037085824125, 0.005857514815741322, 0.005047571025594759, 0.004674476796127338, 0.00472108041059174, 0.004819126282301214, 0.0049615952141013825, 0.004689029566684945, 0.005003081788244244, 0.004972070200084191, 0.004487409760865073, 0.004495753183922109, 0.004494024767255824, 0.0043876095312751, 0.004419183926074766, 0.004567228817096394, 0.004298442872823216, 0.004585845958596717, 0.0042759773318216, 0.004231296269507665, 0.004278124811308872, 0.004257286218085533, 0.004438493779161945, 0.0046364825134838205, 0.004213612664089952, 0.004321661071218032, 0.004151621020153268, 0.005487043488149841, 0.004487026815897682, 0.007419547318325688], "train_mae": [47.702, 115.755, 24.85, 60.841, 32.806, 24.378, 50.243, 27.207, 25.7, 33.625, 22.481, 32.092, 19.106, 16.446, 30.781, 9.859, 45.963, 14.764, 15.6, 33.338, 30.025, 12.214, 17.516, 20.77, 27.379, 15.176, 6.043, 12.225, 17.136, 6.97, 49.97, 48.161, 30.99, 7.948, 17.785, 17.151, 31.968, 31.335, 29.077, 22.474, 18.667, 5.108, 4.879, 14.227, 14.161, 15.158, 11.716, 14.241, 9.868, 9.222, 5.153, 4.388, 16.088, 17.148, 16.538, 10.924, 7.941, 7.498, 10.197, 17.87, 11.883, 6.436, 11.302, 17.547, 14.625, 8.564, 4.54, 12.352, 13.707, 6.954, 12.489, 21.774, 13.984, 4.329, 3.53, 11.903, 12.775, 8.268, 15.857, 12.815, 5.756, 3.344, 5.767, 4.062, 3.492, 8.842, 3.162, 12.728, 4.838, 2.969, 4.087, 3.544, 10.134, 14.91, 3.627, 10.88, 2.961, 22.372, 6.384, 39.059], "train_rmse": [59.718, 125.081, 30.77, 64.331, 43.309, 29.891, 54.169, 35.763, 29.85, 37.493, 26.119, 42.528, 25.995, 18.627, 32.512, 12.355, 49.054, 16.286, 17.057, 35.657, 31.137, 15.079, 20.395, 21.972, 28.756, 16.716, 8.157, 14.284, 18.901, 8.479, 51.633, 49.924, 32.831, 9.566, 18.984, 19.347, 33.217, 33.198, 30.619, 24.153, 19.973, 6.546, 6.293, 15.577, 16.165, 16.382, 13.784, 15.581, 11.698, 10.469, 6.657, 5.796, 17.186, 18.906, 17.655, 12.625, 9.117, 8.799, 11.64, 18.913, 13.597, 7.738, 12.527, 18.969, 15.683, 9.862, 5.901, 13.579, 14.946, 8.506, 13.861, 22.92, 15.107, 5.674, 4.753, 13.008, 13.865, 9.664, 17.187, 13.884, 7.052, 4.553, 6.851, 5.382, 4.695, 9.839, 4.296, 13.97, 6.249, 4.169, 5.183, 4.679, 10.997, 15.606, 4.597, 11.868, 4.092, 23.551, 7.237, 40.774], "train_underestimate": [27.119, 66.028, 8.053, 0.093, 16.913, 6.445, 0.33, 12.423, 3.321, 1.099, 3.048, 18.081, 9.247, 1.705, 0.058, 2.701, 26.218, 0.063, 0.049, 19.016, 0.0, 6.931, 9.991, 0.0, 15.617, 0.005, 2.915, 6.932, 0.0, 3.671, 28.504, 0.0, 17.677, 0.237, 10.145, 0.017, 18.235, 0.0, 16.586, 0.0, 10.648, 1.079, 1.256, 8.112, 0.008, 8.646, 0.082, 8.117, 0.111, 5.117, 0.865, 1.347, 9.177, 0.0, 9.433, 0.047, 4.389, 4.128, 0.065, 10.193, 0.018, 3.492, 6.426, 0.0, 8.342, 0.11, 0.398, 7.03, 0.0, 3.867, 7.106, 0.0, 7.977, 0.348, 1.492, 6.778, 0.005, 4.664, 9.045, 0.003, 3.177, 1.386, 0.195, 2.01, 0.394, 0.047, 0.886, 7.256, 2.623, 1.018, 0.253, 0.312, 0.023, 0.0, 0.351, 6.2, 0.464, 0.0, 0.144, 22.28], "train_overestimate": [0.091, 0.0, 6.122, 34.611, 1.8, 7.46, 28.329, 3.096, 11.339, 18.082, 9.775, 0.225, 1.651, 7.676, 17.5, 2.923, 0.0, 8.359, 8.85, 0.0, 17.127, 0.036, 0.0, 11.848, 0.0, 8.652, 0.533, 0.041, 9.774, 0.305, 0.0, 27.471, 0.0, 4.297, 0.0, 9.766, 0.0, 17.874, 0.0, 12.819, 0.0, 1.835, 1.527, 0.003, 8.069, 0.0, 6.601, 0.006, 5.518, 0.143, 2.075, 1.156, 0.0, 9.781, 0.0, 6.184, 0.141, 0.149, 5.751, 0.0, 6.76, 0.18, 0.021, 10.009, 0.0, 4.776, 2.192, 0.016, 7.819, 0.1, 0.018, 12.42, 0.0, 2.121, 0.521, 0.012, 7.282, 0.052, 0.0, 7.307, 0.106, 0.521, 3.095, 0.306, 1.598, 4.996, 0.918, 0.004, 0.137, 0.675, 2.079, 1.71, 5.758, 8.505, 1.718, 0.006, 1.225, 12.761, 3.497, 0.0], "train_difference": [27.21, 66.028, 14.175, 34.704, 18.713, 13.905, 28.659, 15.519, 14.66, 19.18, 12.823, 18.305, 10.898, 9.381, 17.558, 5.624, 26.218, 8.422, 8.898, 19.016, 17.127, 6.967, 9.991, 11.848, 15.617, 8.657, 3.447, 6.973, 9.775, 3.976, 28.504, 27.471, 17.677, 4.534, 10.145, 9.783, 18.235, 17.874, 16.586, 12.819, 10.648, 2.914, 2.783, 8.115, 8.077, 8.646, 6.683, 8.123, 5.629, 5.26, 2.939, 2.503, 9.177, 9.781, 9.433, 6.231, 4.53, 4.277, 5.816, 10.193, 6.778, 3.671, 6.447, 10.009, 8.342, 4.885, 2.59, 7.046, 7.819, 3.967, 7.124, 12.42, 7.977, 2.469, 2.014, 6.79, 7.287, 4.716, 9.045, 7.31, 3.283, 1.907, 3.29, 2.317, 1.992, 5.044, 1.804, 7.26, 2.76, 1.693, 2.331, 2.021, 5.781, 8.505, 2.069, 6.206, 1.689, 12.761, 3.642, 22.28], "val_mae": [56.51, 127.286, 27.203, 57.958, 40.606, 24.964, 46.988, 32.594, 22.92, 30.257, 20.143, 39.085, 22.9, 14.648, 30.518, 9.828, 49.476, 15.463, 16.136, 35.677, 31.878, 13.222, 18.966, 22.21, 28.452, 16.587, 5.783, 12.55, 19.02, 6.32, 52.403, 51.922, 32.701, 8.901, 18.074, 19.412, 33.283, 34.243, 30.535, 24.623, 19.153, 4.693, 4.358, 14.324, 16.005, 15.208, 13.24, 14.335, 10.922, 8.617, 4.825, 3.994, 16.261, 19.196, 16.822, 12.367, 7.45, 7.055, 11.348, 18.245, 13.531, 6.079, 11.3, 19.481, 14.852, 9.449, 4.86, 12.583, 15.2, 7.216, 12.926, 23.804, 14.388, 4.632, 3.767, 12.134, 14.031, 8.5, 16.655, 14.012, 5.887, 3.66, 6.211, 4.439, 4.028, 9.685, 3.521, 13.322, 5.477, 3.482, 4.502, 4.046, 11.052, 15.935, 4.2, 11.16, 3.492, 24.518, 6.727, 41.461], "val_rmse": [67.275, 136.587, 33.358, 61.395, 49.182, 31.176, 51.037, 40.124, 28.509, 34.821, 25.009, 47.81, 29.128, 17.807, 31.843, 12.883, 52.748, 16.504, 17.231, 38.219, 32.864, 16.348, 22.087, 23.341, 30.031, 18.024, 8.529, 14.943, 20.534, 7.981, 54.242, 53.492, 34.735, 10.344, 19.424, 21.32, 34.687, 35.892, 32.228, 26.033, 20.528, 6.361, 5.929, 15.689, 17.536, 16.39, 14.976, 15.671, 12.544, 9.888, 6.588, 5.438, 17.352, 20.533, 17.963, 13.872, 8.655, 8.492, 12.667, 19.345, 14.96, 7.374, 12.625, 20.677, 15.949, 10.728, 6.181, 13.934, 16.252, 8.654, 14.457, 24.806, 15.554, 6.032, 4.696, 13.358, 14.93, 10.059, 18.128, 14.882, 7.111, 4.586, 7.414, 5.468, 5.145, 10.708, 4.514, 14.794, 6.615, 4.397, 5.722, 5.219, 11.917, 16.581, 5.221, 12.446, 4.532, 25.56, 7.611, 43.351],