{"val_loss": [0.01264291715294045, 0.007519290750779974, 0.005440063183414168, 0.004939900246528042, 0.004667936004706361, 0.0043645112455124035, 0.00421015351801341, 0.004229252529007176, 0.0047380919263054645, 0.003932232584803488, 0.004068563228328357, 0.003955505345604454, 0.003810687142908541, 0.0038878628583915997, 0.0041077943351410795, 0.004022792245854766, 0.0038752675686232075, 0.0038874729771123384, 0.0039588314791924656, 0.00388219066684946, 0.003977070082126172, 0.0038959153136804365, 0.003990264057392778, 0.003964307703831259, 0.004150076057259058, 0.004135198538885258, 0.00403776699153645, 0.004143564943963914, 0.0042294573913750355, 0.004290485857887284], "train_loss": [0.047040492165251635, 0.008149954461259767, 0.005274028146232013, 0.004460651554836659, 0.004047898342832923, 0.0038439035051851533, 0.0035984837959404103, 0.0034724034885584842, 0.003401657802896807, 0.0033012546227837447, 0.003138204468996264, 0.003238776869693538, 0.002935103915660875, 0.002866080543753924, 0.0028812991877202876, 0.0026669171966204885, 0.0024930293639044976, 0.002485572000296088, 0.0026133968131034635, 0.0023290894241654314, 0.0022239894005906535, 0.0022142520265333587, 0.00206120887742145, 0.0018231501999252941, 0.0017826127968874061, 0.0017820388638938311, 0.00165188530809246, 0.001655400796153117, 0.001514173000032315, 0.0016266072452708613], "train_size": 1024, "val_size": 576, "rand_seed": 641, "shuffle": true, "loss_name": "logcosh", "img_dim": [256, 256, 3], "patch_dim": [256, 256, 3], "patches_per_image": 1, "density_map_sigma": 5, "density_map_multiplication_factor": 100.0, "sub_experiment_name": "vgg_cells/n_64_sigma_5_randseed_641_loss_logcosh_full_img", "architecture": "UNet"}