{"val_loss": [0.231866008705563, 0.11264346322665612, 0.04250847211935454, 0.04935094993561506, 0.0461626716165079, 0.04946237517934707, 0.0363334218143589, 0.04085134994238615, 0.03423446323722601, 0.0390255074792852, 0.032575954062243305, 0.030701457186498575, 0.027924271585005853, 0.027623532676241465, 0.02389389405854874, 0.021707581899439294, 0.020676507304112118, 0.01971973600383434, 0.019283717394702964, 0.017604861977613635, 0.0170230600827684, 0.015999629511497915, 0.015349816931929026, 0.014711073237574764, 0.014366158762843244, 0.014127342832378216, 0.013662329124700692, 0.012527520794214474, 0.012223685742355883, 0.012310901740824597, 0.011443772204478996, 0.010799490419837335, 0.010703893727622926, 0.01005417369823489, 0.009635674831871357, 0.009214108363570025, 0.020160719196105167, 0.019760511479237013, 0.016656686370778415, 0.010694025291336907, 0.009408999984670017, 0.012137493467889726, 0.01011837697458557, 0.009076658927369863, 0.010045302540270818, 0.00879095387386365, 0.008435150420862354, 0.008718047375118153, 0.00798743728470678, 0.0073235092244835365, 0.007238119484908465, 0.007061011060917129, 0.0068268492145256866, 0.006465620710514486, 0.00634227733179513, 0.006237760218532963, 0.006040139557121115, 0.006024526752298698, 0.0058832849220683174, 0.005928532802499831, 0.005916839837381203, 0.0056854810035373606, 0.005783796808423681, 0.005785794637631625, 0.005516838479606021, 0.005520124525193953, 0.005610165108616154, 0.005348307484786751, 0.0052639818394608386, 0.005197453629484193, 0.005261556044893546, 0.005441909148228458, 0.005415192087336133, 0.0050411396142509245, 0.005070000602346327, 0.005282806332818129, 0.004935602586354232, 0.007890829046825983, 0.007113331573135737, 0.0058333268874169635, 0.005132191892092426, 0.005462568243577455, 0.005412754344029559, 0.005602157296380028, 0.005582306372363948, 0.005426744257824289, 0.005236422251780621, 0.005237137649803319, 0.0050986526023027385, 0.004971862363163382, 0.004856855779912116, 0.004750711856306427, 0.004682054772274569, 0.004657883420198535, 0.00462956909258436, 0.004617177629067252, 0.004567346862232726, 0.0046568209395950865, 0.004564835389222329, 0.004503979464061558], "train_mae": [408.08, 219.714, 71.72, 109.673, 61.713, 78.085, 34.154, 81.593, 23.272, 48.963, 23.523, 42.748, 26.628, 26.843, 30.114, 21.265, 21.64, 34.623, 23.313, 26.276, 18.824, 16.334, 15.041, 15.037, 13.427, 20.849, 17.313, 10.122, 14.804, 14.281, 12.764, 5.787, 13.297, 7.256, 7.572, 9.211, 68.83, 81.366, 50.731, 30.839, 10.236, 36.514, 24.208, 9.162, 22.405, 12.152, 12.993, 17.19, 15.395, 5.145, 7.37, 11.206, 10.891, 5.668, 6.799, 5.137, 4.987, 10.232, 8.482, 11.569, 11.771, 5.219, 10.595, 10.761, 7.369, 7.73, 12.203, 7.619, 6.084, 5.548, 9.001, 12.046, 11.764, 5.037, 5.619, 12.465, 4.968, 36.275, 34.657, 18.873, 7.219, 14.16, 10.968, 15.249, 17.539, 13.921, 12.421, 12.685, 11.638, 10.622, 7.353, 6.39, 4.196, 3.932, 3.908, 3.991, 3.993, 8.033, 5.161, 4.03], "train_rmse": [410.474, 228.993, 74.053, 110.577, 72.676, 88.145, 38.598, 83.171, 27.497, 60.363, 30.059, 46.185, 30.9, 35.218, 34.16, 25.241, 28.209, 37.846, 30.805, 30.081, 23.5, 19.349, 17.994, 17.378, 17.403, 22.42, 22.319, 11.839, 16.287, 18.62, 14.263, 7.295, 15.535, 9.394, 9.415, 10.795, 72.34, 83.974, 54.755, 32.04, 11.907, 39.699, 25.387, 10.767, 25.156, 13.656, 14.445, 19.977, 16.748, 7.021, 9.248, 12.795, 13.124, 7.414, 8.143, 6.646, 6.685, 11.98, 9.882, 12.975, 13.482, 6.821, 12.084, 12.66, 8.662, 9.095, 13.726, 8.885, 7.368, 7.203, 10.814, 13.75, 13.438, 6.642, 6.827, 13.729, 5.956, 38.087, 35.703, 20.373, 8.592, 15.447, 12.665, 17.022, 18.562, 16.018, 13.618, 14.226, 13.05, 12.236, 8.532, 8.09, 5.502, 5.064, 5.144, 5.059, 5.033, 9.769, 6.301, 5.095], "train_underestimate": [0.0, 127.37, 0.0, 0.0, 35.776, 45.266, 0.987, 0.0, 4.68, 28.354, 9.415, 0.416, 2.116, 13.202, 1.163, 4.933, 9.239, 0.453, 10.916, 1.278, 6.816, 3.617, 3.901, 1.813, 5.924, 0.081, 9.963, 0.986, 0.241, 8.201, 0.108, 1.037, 7.687, 3.926, 4.117, 5.158, 39.901, 0.0, 29.41, 0.0, 0.295, 21.168, 0.0, 0.358, 12.989, 0.111, 0.077, 9.965, 0.015, 2.016, 3.973, 0.111, 6.266, 2.222, 0.591, 0.962, 2.064, 5.883, 0.303, 0.097, 6.823, 0.654, 0.101, 6.231, 0.289, 0.263, 7.074, 0.278, 0.448, 2.868, 5.2, 6.983, 6.82, 2.465, 0.466, 0.01, 0.793, 21.029, 0.0, 10.941, 0.272, 8.208, 0.054, 8.84, 0.0, 8.07, 0.008, 7.354, 0.012, 6.158, 0.22, 3.554, 1.676, 0.965, 1.47, 0.854, 1.036, 4.636, 0.359, 0.762], "train_overestimate": [236.568, 0.0, 41.577, 63.579, 0.0, 0.0, 18.812, 47.3, 8.811, 0.03, 4.221, 24.365, 13.321, 2.359, 16.294, 7.395, 3.305, 19.619, 2.599, 13.954, 4.097, 5.852, 4.819, 6.904, 1.86, 12.005, 0.074, 4.882, 8.341, 0.078, 7.292, 2.318, 0.022, 0.28, 0.272, 0.181, 0.0, 47.168, 0.0, 17.877, 5.639, 0.0, 14.033, 4.954, 0.0, 6.933, 7.455, 0.0, 8.909, 0.966, 0.3, 6.385, 0.047, 1.064, 3.35, 2.015, 0.827, 0.048, 4.615, 6.61, 0.0, 2.372, 6.041, 0.007, 3.983, 4.218, 0.0, 4.139, 3.079, 0.348, 0.018, 0.0, 0.0, 0.455, 2.792, 7.216, 2.087, 0.0, 20.091, 0.0, 3.913, 0.0, 6.304, 0.0, 10.168, 0.0, 7.193, 0.0, 6.735, 0.0, 4.043, 0.15, 0.757, 1.315, 0.795, 1.459, 1.279, 0.021, 2.633, 1.574], "train_difference": [236.568, 127.37, 41.577, 63.579, 35.776, 45.266, 19.799, 47.3, 13.491, 28.384, 13.636, 24.781, 15.437, 15.561, 17.458, 12.328, 12.545, 20.072, 13.515, 15.232, 10.913, 9.469, 8.72, 8.717, 7.784, 12.086, 10.037, 5.868, 8.582, 8.279, 7.399, 3.355, 7.708, 4.206, 4.389, 5.34, 39.901, 47.168, 29.41, 17.877, 5.934, 21.168, 14.033, 5.311, 12.989, 7.045, 7.532, 9.965, 8.924, 2.983, 4.273, 6.496, 6.313, 3.286, 3.941, 2.978, 2.891, 5.931, 4.917, 6.707, 6.823, 3.025, 6.142, 6.238, 4.272, 4.481, 7.074, 4.417, 3.527, 3.217, 5.218, 6.983, 6.82, 2.92, 3.258, 7.226, 2.88, 21.029, 20.091, 10.941, 4.185, 8.208, 6.358, 8.84, 10.168, 8.07, 7.201, 7.354, 6.747, 6.158, 4.263, 3.704, 2.432, 2.28, 2.266, 2.313, 2.315, 4.657, 2.992, 2.336], "val_mae": [424.023, 244.705, 66.08, 106.674, 76.139, 93.539, 30.322, 77.2, 22.154, 62.154, 29.288, 37.315, 24.684, 35.097, 27.386, 21.155, 27.614, 30.79, 30.754, 24.33, 22.443, 16.401, 15.686, 14.604, 16.895, 19.199, 22.357, 10.291, 14.129, 18.452, 12.702, 6.276, 15.408, 7.623, 7.495, 9.17, 77.052, 88.795, 58.238, 32.446, 10.69, 41.929, 25.022, 9.614, 26.139, 12.366, 13.338, 20.221, 15.905, 4.507, 7.481, 11.706, 12.397, 4.906, 5.715, 3.722, 3.651, 10.648, 8.11, 11.798, 12.881, 4.284, 11.195, 12.173, 6.958, 7.446, 13.41, 7.124, 5.149, 5.266, 9.929, 13.528, 13.185, 4.668, 4.581, 13.154, 3.387, 40.432, 37.205, 21.107, 7.032, 15.447, 12.141, 17.457, 18.561, 16.31, 13.06, 14.315, 12.516, 11.953, 7.011, 6.774, 3.511, 2.779, 3.178, 2.871, 2.897, 9.126, 4.493, 2.968], "val_rmse": [425.537, 252.991, 69.406, 107.925, 86.083, 102.731, 34.568, 79.449, 29.202, 72.453, 36.62, 41.792, 28.975, 43.69, 31.111, 28.005, 34.924, 34.512, 38.516, 27.732, 28.85, 21.674, 20.874, 17.57, 22.106, 21.025, 27.656, 12.002, 15.443, 23.242, 13.936, 7.664, 18.128, 10.827, 10.359, 11.369, 80.606, 90.45, 62.295, 33.203, 11.694, 45.296, 25.945, 10.508, 29.044, 13.392, 14.242, 22.976, 16.681, 6.858, 9.532, 12.72, 14.244, 7.028, 6.805, 5.048, 4.837, 11.704, 9.138, 12.687, 13.95, 5.728, 12.148, 13.493, 7.953, 8.576, 14.3, 8.149, 6.271, 6.291, 10.922, 14.559, 14.199, 5.793, 5.624, 13.804, 4.358, 41.923, 37.876, 22.21, 8.08, 16.214, 13.056, 18.806, 19.066, 17.968, 13.646, 15.354, 13.216, 12.971, 7.883, 8.11, 4.606, 3.758, 4.155, 3.83, 3.87, 10.339, 5.336, 3.833],