{"val_loss": [0.011534832347987342, 0.008293097570939982, 0.006094771093985936, 0.005189537311012186, 0.005261611846863697, 0.004948851375101025, 0.005047462004928521, 0.004667860643059933, 0.005524326892769108, 0.004727441772475312, 0.004298710348153049, 0.004338595040013281, 0.004210199724451848, 0.004338469555317287, 0.004591092083073282, 0.004261443061563221, 0.004195056210151319, 0.004292210204713389, 0.004150271168916387, 0.0042493331762029005, 0.0040132742627546954, 0.004054681218376037, 0.0039497893930114086, 0.003916734608591308, 0.004200021665169248, 0.0038370591664180905, 0.004141148146706708, 0.004055844315724457, 0.00398540190379957, 0.004014510033705258], "train_loss": [0.034397643201373285, 0.009185448732750956, 0.006588938642380526, 0.005717338919566828, 0.005615884452708997, 0.005018643885705387, 0.004872923347647884, 0.004894249919743743, 0.004484819994104328, 0.00480792387315887, 0.004434742009834736, 0.004172284143351135, 0.004424075288625318, 0.004019071218863246, 0.004156721117396955, 0.004343198103015311, 0.0038178266149770934, 0.0040453361743857386, 0.0037702408899349393, 0.00354057386812201, 0.0035516862481017597, 0.003456415224718512, 0.0036456050229389803, 0.003413587350223679, 0.0034532262943685055, 0.0033364076107318397, 0.003271229831625533, 0.0034688046825976926, 0.003338071062898962, 0.003183539929523249], "train_size": 512, "val_size": 1088, "rand_seed": 325, "shuffle": true, "loss_name": "logcosh", "img_dim": [256, 256, 3], "patch_dim": [128, 128, 3], "patches_per_image": 4, "density_map_sigma": 5, "density_map_multiplication_factor": 100.0, "sub_experiment_name": "vgg_cells/n_32_sigma_5_randseed_325_loss_logcosh_patch_4_128x128", "architecture": "UNet"}