{"val_loss": [0.09189379825774166, 0.058552544098347425, 0.04663747652537293, 0.029066695728235774, 0.034045943084897265, 0.026889191216064826, 0.022303189150989056, 0.02172770446890758, 0.022803130611363385, 0.01952671321729819, 0.023958328102404874, 0.01589391076575137, 0.018774769669916067, 0.016105554765090346, 0.013050490835060677, 0.02517425124016073, 0.014360434194612835, 0.01222625055298623, 0.011772076191846281, 0.014003193251685135, 0.013741657118468234, 0.013709051832039323, 0.011031252661875138, 0.011679701992155364, 0.011136585225661596, 0.013096763726530803, 0.010083819668377854, 0.010392683674581349, 0.010274181996161738, 0.010559929793493615, 0.010704987734142277, 0.01865067131196459, 0.016213910007435415, 0.012270608386542235, 0.010536787080733726, 0.010840670723054145, 0.00949336503011485, 0.011705368854260692, 0.009841543214861304, 0.010193027355449481, 0.009252995142661449, 0.010618094264322685, 0.009082105760979984, 0.009029092629336648, 0.008809027029201388, 0.008690235793538805, 0.008548797554491708, 0.008988915586895827, 0.008350050548971113, 0.010226992735018333, 0.008805875330128603, 0.008889389651206633, 0.008477852104179975, 0.008441424417671643, 0.008673971948964108, 0.008420390309765935, 0.008805599820334464, 0.008398532880366676, 0.008516038541630324, 0.008467814283600697, 0.0095879477642787, 0.009283147784622593, 0.008541091558678696, 0.00807288283896115, 0.00890489668947541, 0.00801808063665198, 0.008123351975680433, 0.008797471165760525, 0.007926626622469889, 0.008028533675112866, 0.008566638183159133, 0.0080686683456103, 0.00842926706536673, 0.007768900673707119, 0.007826062666329866, 0.007874384205529673, 0.007795038290270086, 0.008218936266429309, 0.007961671611863293, 0.00825580743710614, 0.007831350971375488, 0.007690895232371986, 0.007704808609560132, 0.007670183148649003, 0.00817126812439205, 0.007590064921209382, 0.0076355696009058095, 0.00729041624840142, 0.007707279127013559, 0.00789667945031801, 0.00786755005699686, 0.0075505200624724645, 0.007477546130151798, 0.007455756483573673, 0.007789785960792667, 0.007865527690026082, 0.008122071462114237, 0.007420619509907233, 0.007877334130979661, 0.009290862699142761], "train_mae": [85.039, 22.515, 59.831, 14.269, 54.141, 34.369, 9.683, 18.248, 33.89, 25.732, 48.203, 7.426, 34.57, 30.174, 7.973, 62.923, 24.701, 7.377, 5.997, 31.274, 25.874, 29.085, 12.581, 19.905, 16.473, 27.243, 5.863, 11.303, 9.14, 19.074, 19.712, 51.045, 44.176, 20.149, 11.211, 14.653, 6.553, 26.526, 9.669, 13.405, 7.964, 20.372, 5.304, 5.577, 5.992, 5.887, 4.99, 9.291, 3.374, 19.989, 5.444, 11.317, 4.444, 3.445, 11.415, 8.907, 9.491, 3.232, 4.975, 6.461, 21.267, 16.314, 9.736, 6.202, 13.709, 4.262, 4.085, 15.59, 3.171, 3.725, 9.112, 9.594, 11.861, 3.112, 7.154, 6.781, 3.698, 11.329, 3.072, 8.595, 8.783, 3.431, 6.508, 4.56, 12.625, 3.167, 3.514, 3.792, 7.663, 12.464, 10.82, 3.355, 4.625, 8.286, 9.351, 8.212, 13.554, 4.776, 12.067, 19.574], "train_rmse": [93.338, 28.046, 61.86, 17.045, 58.937, 35.172, 11.2, 21.347, 35.81, 26.825, 49.829, 8.905, 35.737, 31.0, 9.168, 64.412, 25.473, 9.473, 7.336, 33.286, 28.395, 31.489, 14.522, 21.771, 18.474, 28.625, 7.088, 12.242, 10.75, 19.795, 20.366, 52.828, 44.983, 21.463, 13.194, 15.719, 7.576, 27.882, 10.619, 15.543, 8.986, 21.875, 6.453, 6.826, 7.221, 7.1, 6.023, 10.086, 4.278, 22.056, 6.638, 12.751, 5.458, 4.459, 12.525, 10.282, 11.379, 4.0, 5.934, 7.687, 22.404, 17.73, 11.163, 7.248, 14.216, 5.134, 4.89, 16.964, 3.921, 4.616, 10.486, 11.048, 13.273, 3.851, 8.495, 7.774, 4.648, 12.521, 4.097, 10.092, 9.691, 4.284, 7.901, 5.419, 13.381, 3.943, 4.392, 4.492, 8.686, 13.881, 11.581, 4.226, 5.552, 9.41, 10.422, 8.942, 15.323, 5.847, 12.939, 21.293], "train_underestimate": [45.313, 7.899, 0.0, 2.208, 28.849, 0.0, 0.873, 9.724, 18.058, 0.0, 25.685, 3.817, 18.421, 16.078, 0.224, 33.528, 13.162, 0.782, 0.318, 16.664, 13.787, 15.498, 6.561, 10.606, 8.778, 14.516, 0.299, 0.0, 4.753, 0.0, 0.0, 27.199, 0.0, 10.736, 5.87, 7.808, 0.114, 14.134, 0.027, 7.107, 0.054, 10.855, 2.047, 2.735, 2.788, 3.063, 0.357, 0.02, 1.085, 10.651, 2.705, 6.025, 1.741, 1.474, 6.082, 4.297, 4.899, 0.62, 0.207, 3.341, 11.332, 8.693, 5.171, 3.26, 0.0, 0.269, 0.253, 8.307, 0.391, 0.917, 4.841, 5.093, 6.313, 0.509, 3.751, 0.023, 1.686, 6.033, 1.291, 4.347, 4.68, 0.81, 0.04, 1.851, 6.727, 0.67, 0.727, 0.202, 4.071, 6.641, 0.0, 1.096, 1.694, 4.403, 4.978, 0.012, 0.0, 1.761, 6.43, 10.43], "train_overestimate": [0.0, 4.098, 31.881, 5.395, 0.0, 18.314, 4.287, 0.0, 0.0, 13.711, 0.0, 0.14, 0.0, 0.0, 4.024, 0.0, 0.0, 3.149, 2.878, 0.0, 0.0, 0.0, 0.143, 0.0, 0.0, 0.0, 2.825, 6.023, 0.117, 10.163, 10.503, 0.0, 23.539, 0.0, 0.104, 0.0, 3.378, 0.0, 5.125, 0.036, 4.19, 0.0, 0.779, 0.236, 0.405, 0.074, 2.302, 4.93, 0.713, 0.0, 0.196, 0.005, 0.627, 0.362, 0.0, 0.449, 0.158, 1.102, 2.444, 0.102, 0.0, 0.0, 0.017, 0.045, 7.305, 2.002, 1.924, 0.0, 1.299, 1.068, 0.014, 0.019, 0.008, 1.15, 0.062, 3.591, 0.284, 0.004, 0.346, 0.233, 0.0, 1.019, 3.428, 0.579, 0.0, 1.017, 1.145, 1.819, 0.012, 0.001, 5.765, 0.692, 0.77, 0.012, 0.005, 4.363, 7.222, 0.784, 0.0, 0.0], "train_difference": [45.313, 11.997, 31.881, 7.603, 28.849, 18.314, 5.16, 9.724, 18.058, 13.711, 25.685, 3.957, 18.421, 16.078, 4.248, 33.528, 13.162, 3.931, 3.195, 16.664, 13.787, 15.498, 6.704, 10.606, 8.778, 14.516, 3.124, 6.023, 4.87, 10.163, 10.503, 27.199, 23.539, 10.736, 5.974, 7.808, 3.491, 14.134, 5.152, 7.143, 4.244, 10.855, 2.826, 2.972, 3.193, 3.137, 2.659, 4.951, 1.798, 10.651, 2.901, 6.03, 2.368, 1.836, 6.082, 4.746, 5.057, 1.722, 2.651, 3.443, 11.332, 8.693, 5.188, 3.305, 7.305, 2.271, 2.177, 8.307, 1.69, 1.985, 4.855, 5.112, 6.32, 1.658, 3.812, 3.613, 1.97, 6.037, 1.637, 4.58, 4.68, 1.828, 3.468, 2.43, 6.727, 1.687, 1.872, 2.021, 4.083, 6.641, 5.765, 1.788, 2.465, 4.415, 4.982, 4.376, 7.222, 2.545, 6.43, 10.43], "val_mae": [71.441, 23.289, 64.897, 17.574, 46.435, 35.492, 11.879, 15.229, 30.633, 23.367, 44.427, 7.212, 32.164, 28.739, 9.044, 58.899, 23.788, 9.71, 6.909, 28.275, 22.587, 25.639, 10.947, 17.824, 14.466, 25.054, 7.032, 10.412, 8.031, 17.429, 18.167, 46.996, 40.729, 18.784, 9.561, 14.085, 6.512, 24.508, 8.923, 11.705, 7.126, 18.687, 4.789, 5.099, 4.954, 6.109, 5.789, 8.601, 3.495, 17.629, 5.081, 10.604, 4.138, 3.786, 10.955, 7.142, 7.825, 3.457, 5.523, 6.178, 19.679, 14.997, 9.072, 6.464, 12.99, 5.035, 4.47, 14.063, 3.491, 4.283, 8.513, 8.757, 10.8, 3.152, 6.539, 5.608, 3.662, 10.609, 3.475, 7.107, 8.548, 3.987, 5.092, 4.079, 12.622, 3.238, 4.269, 3.949, 7.445, 11.214, 9.437, 3.844, 4.346, 7.692, 8.776, 8.355, 10.871, 4.718, 11.551, 17.079], "val_rmse": [82.149, 28.59, 67.014, 20.15, 52.558, 36.462, 13.18, 19.337, 33.008, 25.096, 46.364, 9.585, 33.533, 29.737, 10.265, 60.451, 24.76, 10.889, 8.193, 30.461, 25.485, 28.411, 13.307, 19.936, 16.806, 26.6, 7.854, 11.777, 10.218, 18.554, 19.182, 49.075, 41.88, 20.422, 12.286, 15.385, 7.639, 26.069, 10.162, 14.399, 8.404, 20.435, 6.819, 7.136, 7.254, 7.514, 6.503, 9.538, 4.793, 20.188, 7.04, 12.296, 5.792, 5.078, 12.236, 9.615, 10.685, 4.336, 6.218, 7.773, 21.105, 16.74, 10.853, 7.557, 13.884, 5.735, 5.135, 15.928, 4.341, 5.341, 10.193, 10.525, 12.573, 3.988, 8.43, 6.741, 5.137, 12.112, 4.593, 9.357, 9.511, 4.858, 6.571, 5.891, 13.268, 4.075, 5.144, 4.667, 8.629, 12.996, 10.345, 4.561, 5.689, 8.957, 10.019, 9.234, 13.201, 6.266, 12.495, 19.326],