{"val_loss": [0.3191816198329131, 0.22768680875500044, 0.08689916227012873, 0.10467136092483997, 0.10408328804704878, 0.08659001382895642, 0.09348390210005972, 0.08159249632929762, 0.07496718151701821, 0.0762265571910474, 0.05904431035742164, 0.052329917386588126, 0.057192826100314655, 0.06129992049601343, 0.06266650697216392, 0.050874556983924575, 0.05042437567479081, 0.04198098581077324, 0.04174288489027984, 0.036735282072590456, 0.03519949860249957, 0.03227878167914847, 0.031093286867770884, 0.031469399419923626, 0.02957191279468437, 0.030212802683106728, 0.027999708118538063, 0.027368726493376825, 0.024669017513386078, 0.023575043836091127, 0.023047767721840903, 0.022646464200483427, 0.021871345221168466, 0.01984286885191169, 0.019540700156034693, 0.01889476467234393, 0.02147509271485938, 0.020148982630214758, 0.022624427892474666, 0.02149613957024283, 0.016600366591268942, 0.018428283924650814, 0.02072012280890097, 0.016699952370901074, 0.015453459889007112, 0.015010662247530289, 0.015111207949101098, 0.015131687215115461, 0.014009008714411821, 0.014569905379580127, 0.015093370638270345, 0.013528265964446796, 0.016492075700726774, 0.014683821329122616, 0.012903365681672262, 0.016805232463714976, 0.019777356724565227, 0.01786591979261074, 0.01421112139036672, 0.013911027377212627, 0.013005600485485047, 0.01329267306977676, 0.013306074374769297, 0.012817756635033421, 0.012284862278546724, 0.011881482399379214, 0.011541643089407848, 0.011511378449439589, 0.013050861591990624, 0.014039746563260755, 0.012957291975100007, 0.013034779694862664, 0.011846313246577565, 0.01190092047262523, 0.01133164914790541], "train_loss": [4.8326849937438965, 0.27419841289520264, 0.14748913794755936, 0.09531636536121368, 0.08420007675886154, 0.09333279728889465, 0.0768757127225399, 0.07685839757323265, 0.07462446764111519, 0.06301382929086685, 0.06241513416171074, 0.05144278705120087, 0.049281537532806396, 0.04408274218440056, 0.04547104984521866, 0.04320825822651386, 0.041047872975468636, 0.040445467457175255, 0.03534062206745148, 0.0329449288547039, 0.0317582581192255, 0.03064639214426279, 0.029017687775194645, 0.027551268227398396, 0.02692442014813423, 0.025338160805404186, 0.02477330807596445, 0.023991413414478302, 0.023393094539642334, 0.021883057430386543, 0.021476679481565952, 0.019799338653683662, 0.01886202860623598, 0.018557987175881863, 0.01709927385672927, 0.01666568499058485, 0.016837514005601406, 0.021481573581695557, 0.016367970034480095, 0.01686850283294916, 0.01830581296235323, 0.015082637313753366, 0.015058434568345547, 0.015979216434061527, 0.01456473208963871, 0.01363133080303669, 0.012983384542167187, 0.012622740119695663, 0.012545709498226643, 0.012094094883650541, 0.01180092291906476, 0.013044480234384537, 0.011597740929573774, 0.012449280824512243, 0.013588386587798595, 0.011838381178677082, 0.012529920786619186, 0.015995795372873545, 0.015027162618935108, 0.012635568156838417, 0.012216020375490189, 0.011247656773775816, 0.01097136503085494, 0.010855595581233501, 0.010628760792315006, 0.010221399366855621, 0.010038656182587147, 0.010025057941675186, 0.009984375443309546, 0.01032690517604351, 0.010271487757563591, 0.009703411255031824, 0.009967099875211716, 0.009339469484984875, 0.009683541487902403], "train_mae": [1117.9727478027344, 275.99391174316406, 139.3410415649414, 99.01370239257812, 69.15183925628662, 73.05376815795898, 53.10349082946777, 73.1070442199707, 45.2236967086792, 48.33664894104004, 50.183406829833984, 32.07269477844238, 49.25764179229736, 33.9794921875, 53.332801818847656, 47.035685539245605, 49.35481071472168, 49.28227233886719, 35.11489677429199, 24.4066219329834, 31.963248252868652, 20.191631317138672, 25.57841968536377, 16.185462951660156, 20.397088050842285, 16.490355014801025, 16.727813720703125, 20.69617748260498, 22.009260177612305, 17.263527870178223, 19.84433603286743, 12.06497573852539, 13.199768304824829, 16.605420112609863, 6.914119243621826, 10.933063983917236, 17.388983726501465, 40.63729286193848, 24.780025482177734, 19.284867763519287, 34.19388008117676, 16.19508409500122, 15.951327323913574, 24.899611473083496, 18.47743511199951, 12.013344764709473, 10.942110300064087, 8.639671802520752, 12.951152801513672, 10.58845329284668, 9.720914363861084, 23.298941612243652, 13.416376113891602, 19.220398902893066, 27.822004318237305, 17.942562103271484, 21.02660369873047, 38.82487106323242, 35.545143127441406, 25.323680877685547, 21.353535652160645, 14.866360187530518, 15.416265964508057, 16.573054790496826, 14.941483974456787, 12.044867038726807, 12.084191083908081, 12.254323959350586, 12.732849597930908, 18.885167121887207, 15.9923495054245, 12.619349479675293, 18.007095336914062, 13.436060428619385, 16.420979976654053], "val_mae": [318.067638821072, 222.04168870713977, 51.69072596232096, 109.03228759765625, 78.59735679626465, 40.42583550347222, 96.60113906860352, 43.4301937950982, 63.24317847357856, 51.676174587673614, 36.431443532307945, 21.588978237575954, 52.91324318779839, 92.38287014431424, 84.0464293162028, 72.05407587687175, 64.20518387688531, 48.32223341200087, 42.8600696987576, 33.80364566379123, 23.04638057284885, 16.467690149943035, 16.871116426255966, 20.978676901923286, 21.66483476426866, 26.740584267510307, 26.49370829264323, 21.119655185275608, 16.281465530395508, 8.79366938273112, 12.38516002231174, 21.461526023017036, 17.303186628553604, 5.942261801825629, 13.368378321329752, 14.700787226359049, 35.72054227193197, 32.66456434461806, 36.29733763800727, 38.747383965386284, 7.160770840115017, 24.017118242051865, 40.20723321702745, 14.265615039401585, 5.775917265150282, 5.193629794650608, 11.426315519544813, 18.03265931871202, 5.301829232109918, 16.193620045979817, 23.713961707221138, 12.324071884155273, 33.180701149834526, 25.197234259711372, 9.523269441392687, 34.57103623284234, 47.72726504007975, 34.265219158596466, 24.711232715182835, 20.070039325290256, 10.048778533935547, 14.24360571967231, 19.465847651163738, 15.856683519151476, 9.251659605238173, 6.494172837999132, 4.8128401438395185, 5.841878255208333, 23.837309943305122, 30.334701114230686, 22.039343939887154, 23.693056530422634, 17.520545535617405, 17.045550240410698, 11.5922974480523], "train_rmse": [1134.1629791259766, 280.4987030029297, 149.47146224975586, 100.70489501953125, 72.22419357299805, 83.23139953613281, 59.570884704589844, 75.30892562866211, 55.1938362121582, 51.73274612426758, 56.39988899230957, 37.106807708740234, 52.46136474609375, 43.84061813354492, 56.368775367736816, 53.02177906036377, 53.66221046447754, 54.46951675415039, 39.583611488342285, 30.804065704345703, 34.085007667541504, 27.065900802612305, 27.665870666503906, 21.565006256103516, 24.348626136779785, 18.889180183410645, 21.563292980194092, 23.368281364440918, 24.976369857788086, 20.410634994506836, 21.883827209472656, 15.227856636047363, 14.568185806274414, 18.551310539245605, 8.815289974212646, 13.001413822174072, 19.17927646636963, 43.0394172668457, 26.20713710784912, 21.333052158355713, 36.029449462890625, 17.688089847564697, 18.239657402038574, 26.976859092712402, 19.80818796157837, 13.795294046401978, 12.383515119552612, 10.638845920562744, 14.899498462677002, 12.262341976165771, 11.452571868896484, 24.956942558288574, 15.1903395652771, 20.625097274780273, 29.459125518798828, 19.547783374786377, 22.634304523468018, 40.549068450927734, 36.86284637451172, 26.88293170928955, 22.996030807495117, 16.357415676116943, 16.854186534881592, 17.90290355682373, 16.478485107421875, 13.84529447555542, 13.555683612823486, 13.790714263916016, 13.931352853775024, 20.356179237365723, 17.323732614517212, 13.939802885055542, 19.433242797851562, 14.701307773590088, 18.326276779174805],