{"val_loss": [0.26007535060246784, 0.27282309780518216, 0.09069026872101757, 0.10494314796394771, 0.09763823185736935, 0.0976479479836093, 0.09454729925427172, 0.07615359262045887, 0.08498140672842662, 0.07228025545676549, 0.06381796657418211, 0.06572776018745369, 0.056104227952245206, 0.050343472924497396, 0.045342187138481274, 0.041729972025172576, 0.04182093419755498, 0.038839645942466125, 0.03988228916811446, 0.037429547351267606, 0.0381850260309875, 0.03518948802310559, 0.03437533666793671, 0.03242619051080611, 0.031644823133117624, 0.03003455212132798, 0.02927155019198027, 0.027912013077487547, 0.02795711058812837, 0.02501655411389139, 0.03305729085372554, 0.02408323517172701, 0.024024612929982442, 0.025486046383674774, 0.025672103873350553, 0.026444084347329207, 0.024436086390374437, 0.02268505507769684, 0.021174576456865504, 0.020334729679032333, 0.019670425759007532, 0.01898401075353225, 0.018257869110028777, 0.01797943214316749, 0.01775362456424369, 0.016323949494916532, 0.017708775703795254, 0.015288775010655323, 0.01567691911218895, 0.015385320539482765, 0.014795567542831931, 0.01504659055111309, 0.013906963350665238, 0.013276919328038476, 0.015957082802843716, 0.0251091451694568, 0.01911145007599973, 0.013874906884868525, 0.013219169819624059, 0.013357971769033207, 0.013378271509686278, 0.013217877286175886, 0.01294325871600045, 0.012694625455575684, 0.012558169831107888, 0.012397375617486736, 0.012255767036953734, 0.012747018093553683, 0.011700698556119783, 0.013227612873177148, 0.013865386381641857, 0.011531164345797151, 0.012002899738339087, 0.012868762481957674, 0.011985327479326062, 0.011478730865443746, 0.010790510206586786, 0.01062484771763492, 0.010670723018443419, 0.010631917568389326, 0.010369277119429575, 0.010554651309373893, 0.01046909508942109, 0.010299604871155074, 0.011421944480389357, 0.010889504880954822, 0.011069476559189044, 0.016005829830343526, 0.014136969292950299, 0.011976566896515174, 0.010840232600457966, 0.010533323808987107, 0.010748903933239894, 0.010499187751621421, 0.010211880344690548, 0.010252379779962616, 0.010446685224047137, 0.010673321660659794, 0.010760623935817016, 0.011558384550476654], "train_mae": [270.473, 229.717, 72.785, 111.584, 49.662, 53.405, 100.325, 23.607, 42.313, 61.08, 28.289, 29.912, 52.595, 22.387, 21.852, 30.982, 21.134, 21.352, 20.07, 29.68, 20.106, 26.714, 15.818, 19.888, 13.503, 14.05, 11.394, 15.96, 13.003, 9.937, 50.374, 7.762, 10.463, 14.338, 33.431, 27.516, 29.69, 14.779, 11.75, 6.399, 6.155, 8.37, 6.614, 8.935, 17.073, 5.415, 22.692, 5.456, 17.301, 18.688, 15.09, 19.24, 11.383, 5.27, 28.312, 56.625, 43.453, 12.244, 5.204, 6.985, 10.666, 10.466, 7.2, 7.801, 8.62, 9.613, 11.441, 17.099, 7.53, 21.732, 27.349, 8.495, 14.424, 21.457, 16.58, 13.33, 4.394, 4.23, 7.754, 6.676, 4.338, 9.286, 7.594, 6.941, 17.217, 16.564, 17.239, 37.124, 35.88, 18.695, 10.909, 10.268, 10.313, 7.746, 8.031, 10.444, 11.817, 12.536, 16.511, 22.387], "train_rmse": [271.388, 239.361, 75.149, 112.48, 61.4, 64.741, 101.461, 27.852, 53.866, 63.673, 32.627, 39.317, 55.451, 27.343, 26.137, 34.964, 26.541, 24.864, 26.368, 32.969, 26.714, 29.961, 20.107, 22.582, 17.083, 16.135, 14.579, 17.913, 18.15, 11.536, 51.432, 10.302, 12.146, 19.165, 34.381, 31.136, 30.741, 18.433, 13.288, 8.678, 8.216, 10.093, 8.442, 11.491, 18.696, 7.422, 24.295, 7.3, 19.107, 20.349, 16.962, 21.015, 13.291, 7.132, 29.768, 58.534, 45.151, 13.753, 6.756, 8.917, 12.19, 12.039, 9.207, 9.117, 10.604, 11.235, 13.077, 18.587, 9.538, 23.379, 28.504, 10.171, 15.822, 23.069, 17.793, 14.901, 5.844, 5.621, 9.049, 8.453, 5.827, 10.714, 9.421, 8.281, 18.411, 17.612, 18.553, 38.835, 36.947, 20.385, 12.723, 11.351, 11.938, 9.188, 9.524, 11.678, 13.375, 13.854, 17.91, 23.261], "train_underestimate": [0.0, 133.169, 0.0, 0.0, 28.746, 30.946, 0.0, 4.272, 24.324, 0.044, 1.711, 15.643, 0.189, 7.217, 5.637, 0.978, 7.774, 2.698, 8.727, 0.507, 9.485, 0.533, 5.917, 0.88, 4.724, 1.812, 3.945, 0.529, 7.208, 0.87, 0.0, 2.726, 0.868, 8.274, 0.0, 15.951, 0.0, 8.553, 0.285, 2.515, 2.242, 0.446, 0.801, 4.955, 0.0, 2.233, 13.155, 2.397, 0.0, 0.0, 0.028, 0.0, 0.09, 2.243, 16.413, 32.826, 0.0, 7.085, 2.351, 0.347, 6.114, 0.099, 3.876, 0.337, 4.851, 0.148, 6.6, 0.0, 4.141, 12.598, 0.0, 4.777, 8.362, 0.0, 9.612, 0.0, 1.777, 1.28, 0.22, 3.66, 1.872, 5.319, 4.265, 0.212, 0.0, 0.0, 9.994, 21.521, 0.0, 10.837, 6.317, 0.055, 5.973, 0.142, 4.584, 0.047, 6.851, 0.0, 9.572, 0.0], "train_overestimate": [156.796, 0.0, 42.194, 64.687, 0.043, 0.013, 58.159, 9.413, 0.205, 35.364, 14.689, 1.697, 30.3, 5.761, 7.031, 16.983, 4.478, 9.68, 2.908, 16.699, 2.171, 14.954, 3.253, 10.649, 3.104, 6.333, 2.66, 8.723, 0.33, 4.891, 29.203, 1.774, 5.197, 0.038, 19.38, 0.0, 17.212, 0.014, 6.527, 1.195, 1.326, 4.406, 3.033, 0.224, 9.897, 0.906, 0.0, 0.766, 10.029, 10.834, 8.72, 11.153, 6.509, 0.812, 0.0, 0.0, 25.19, 0.013, 0.665, 3.703, 0.069, 5.968, 0.298, 4.185, 0.146, 5.424, 0.032, 9.912, 0.224, 0.0, 15.854, 0.147, 0.0, 12.439, 0.0, 7.728, 0.77, 1.172, 4.275, 0.21, 0.642, 0.064, 0.137, 3.812, 9.981, 9.603, 0.0, 0.0, 20.8, 0.0, 0.007, 5.898, 0.006, 4.348, 0.072, 6.008, 0.0, 7.267, 0.0, 12.978], "train_difference": [156.796, 133.169, 42.194, 64.687, 28.79, 30.959, 58.159, 13.685, 24.529, 35.409, 16.4, 17.34, 30.49, 12.978, 12.668, 17.961, 12.252, 12.378, 11.635, 17.206, 11.656, 15.486, 9.17, 11.529, 7.828, 8.145, 6.605, 9.252, 7.538, 5.761, 29.203, 4.5, 6.065, 8.312, 19.38, 15.951, 17.212, 8.567, 6.812, 3.71, 3.568, 4.852, 3.834, 5.179, 9.897, 3.139, 13.155, 3.163, 10.029, 10.834, 8.748, 11.153, 6.599, 3.055, 16.413, 32.826, 25.19, 7.098, 3.017, 4.049, 6.183, 6.067, 4.174, 4.522, 4.997, 5.573, 6.633, 9.912, 4.365, 12.598, 15.854, 4.925, 8.362, 12.439, 9.612, 7.728, 2.547, 2.452, 4.495, 3.87, 2.515, 5.383, 4.402, 4.023, 9.981, 9.603, 9.994, 21.521, 20.8, 10.837, 6.324, 5.952, 5.978, 4.491, 4.656, 6.055, 6.851, 7.267, 9.572, 12.978], "val_mae": [277.128, 255.901, 67.144, 108.768, 63.193, 67.037, 96.749, 22.138, 54.682, 55.835, 26.058, 39.157, 47.079, 25.003, 22.272, 28.256, 25.047, 20.406, 25.656, 26.956, 26.407, 24.528, 18.926, 19.222, 15.728, 14.2, 13.45, 16.094, 17.282, 11.051, 52.953, 9.369, 11.537, 18.344, 33.439, 32.246, 30.056, 17.779, 12.681, 7.113, 6.728, 9.745, 7.912, 9.591, 18.405, 5.21, 24.629, 4.973, 19.172, 20.538, 16.798, 21.4, 12.456, 4.741, 30.699, 61.709, 47.593, 12.857, 4.438, 7.401, 11.0, 11.185, 7.463, 7.655, 9.237, 10.146, 12.15, 18.776, 7.852, 23.924, 29.525, 8.864, 15.61, 23.897, 17.877, 14.668, 3.682, 3.286, 7.533, 7.005, 3.865, 9.842, 8.386, 6.888, 18.689, 17.562, 19.101, 41.187, 38.507, 21.324, 12.646, 10.28, 11.574, 8.247, 8.361, 11.159, 13.029, 13.835, 18.245, 23.958], "val_rmse": [277.615, 264.491, 70.488, 109.977, 73.705, 77.302, 98.295, 28.877, 65.197, 59.282, 29.996, 48.553, 51.04, 32.113, 29.419, 31.961, 32.139, 24.978, 32.78, 30.21, 33.512, 27.552, 24.964, 21.373, 21.282, 17.077, 18.52, 17.497, 23.356, 12.661, 53.633, 13.536, 13.093, 23.905, 34.663, 36.479, 31.302, 22.312, 13.779, 10.976, 10.223, 10.667, 9.215, 13.439, 19.444, 7.891, 26.468, 7.032, 20.237, 21.498, 17.904, 22.393, 13.696, 6.433, 32.081, 63.548, 48.647, 14.216, 5.608, 8.86, 12.539, 12.268, 9.728, 8.706, 11.123, 11.302, 13.531, 19.579, 9.905, 25.475, 30.17, 10.609, 16.851, 24.741, 18.913, 15.417, 4.578, 4.175, 8.524, 8.674, 4.9, 11.135, 10.169, 7.87, 19.276, 18.074, 20.3, 42.877, 39.095, 22.959, 14.312, 11.001, 12.996, 9.094, 9.625, 11.801, 14.303, 14.426, 19.487, 24.385],