{"val_loss": [1.2672564939540976, 0.23533819440533132, 0.045875317663611734, 0.08021705334677416, 0.046934463549405336, 0.04516166664988679, 0.0489995785002761, 0.039566396461690176, 0.03893942336606629, 0.04269357474849505, 0.03647745118531234, 0.03725053828812259, 0.03944676565280294, 0.035452206564300204, 0.03474675976287793, 0.034194927388692606, 0.031895925345666265, 0.03206020626513397, 0.031095219844513956, 0.02888885300661273, 0.02853106729247991, 0.026440581238335547, 0.025998607428525302, 0.02365905628539622, 0.0217660259701969, 0.020789373364737806, 0.019783853895633537, 0.019367905059719786, 0.01896680668270325, 0.0202840182259131, 0.025103290811838472, 0.020625402082634324, 0.018387949840603945, 0.020424719530102962, 0.017031032818040866, 0.01909123707617469, 0.015733266660176656, 0.01793771834277055, 0.015056900269187549, 0.01697789064800257, 0.014531474957680878, 0.0158936350935084, 0.014198654988671051, 0.015496184035916538, 0.013749883551260127, 0.014653207720531261, 0.01330026428160422, 0.014271647436544299, 0.012968526666929178, 0.013741411076968206, 0.012670935337048243, 0.013143821677658707, 0.012509754050851744, 0.012600511271396981, 0.012326488853432238, 0.011947336599833387, 0.012230563333586734, 0.011465995589627282, 0.011673358255339897, 0.011681902016896535, 0.010974934321198174, 0.011117272205678198, 0.011438433762283666, 0.010661299915655571, 0.010312833614400862, 0.01058779114186216, 0.010648078165318379, 0.011109137883656384, 0.010430699964190888, 0.01007378742660341, 0.009340945391587037, 0.009192192416829878, 0.009615086827098447, 0.009922644517192727, 0.011553442865774474, 0.012515087454470204, 0.010854219281635083, 0.008548901714247596, 0.009681058434687336, 0.009625196265166296, 0.008269026509130044, 0.008974956810775706, 0.008797758823835893, 0.008070031276849262, 0.008438393124379218, 0.008123365586952251, 0.007814819246585317, 0.007990153047584873, 0.007745685870759189, 0.007368082872263211, 0.007463964243309901, 0.00792837914367042, 0.007763389864361242, 0.007779921158490812, 0.007126876887495574, 0.006941627353251747, 0.006775192844489699, 0.006762391137753558, 0.007644210291533347, 0.009600071455625928], "train_mae": [1217.965, 397.337, 72.529, 192.857, 99.174, 72.18, 87.994, 33.686, 52.319, 81.799, 36.728, 30.263, 48.835, 26.201, 44.183, 49.608, 21.371, 23.863, 23.894, 21.958, 36.415, 23.114, 24.415, 20.914, 27.213, 20.431, 19.947, 17.577, 19.783, 34.652, 74.346, 46.735, 27.919, 48.406, 18.029, 45.066, 12.477, 42.309, 12.365, 39.706, 11.731, 34.194, 11.614, 28.283, 10.511, 28.043, 8.877, 27.826, 7.951, 23.512, 9.044, 21.037, 12.287, 16.953, 13.901, 9.6, 17.565, 5.512, 18.355, 13.923, 4.947, 17.157, 18.936, 12.396, 4.307, 14.351, 22.782, 24.299, 25.297, 15.216, 6.568, 7.465, 16.25, 28.293, 38.534, 49.582, 35.841, 4.563, 27.321, 25.505, 4.26, 26.105, 15.997, 5.018, 21.274, 12.302, 7.832, 17.294, 11.5, 4.732, 15.929, 18.098, 24.297, 19.447, 13.382, 8.152, 5.38, 10.969, 20.513, 43.955], "train_rmse": [1229.646, 407.065, 80.817, 193.291, 99.884, 81.095, 96.415, 44.086, 54.644, 82.972, 40.106, 40.117, 59.003, 34.726, 46.708, 51.901, 26.348, 31.095, 31.167, 26.599, 39.587, 27.616, 32.326, 26.243, 30.684, 25.923, 23.892, 22.223, 22.989, 42.295, 74.801, 52.995, 35.365, 49.567, 20.52, 50.51, 16.675, 43.088, 16.765, 44.613, 14.184, 35.379, 14.803, 34.4, 13.536, 29.112, 11.21, 32.005, 10.509, 24.524, 12.67, 24.841, 13.384, 17.912, 17.594, 13.043, 18.552, 7.789, 20.137, 15.196, 6.607, 18.547, 20.161, 13.967, 5.649, 15.683, 23.825, 26.017, 26.121, 16.993, 7.796, 8.634, 17.923, 29.147, 40.305, 50.964, 37.579, 5.739, 28.319, 27.273, 5.762, 26.808, 17.809, 6.421, 22.162, 13.712, 9.349, 18.358, 12.989, 6.173, 16.859, 19.772, 25.12, 21.2, 14.426, 9.811, 7.106, 12.038, 22.157, 45.165], "train_underestimate": [0.0, 228.232, 41.661, 0.0, 0.0, 41.46, 50.544, 18.791, 0.212, 0.0, 0.629, 16.432, 28.033, 13.179, 0.408, 0.269, 3.031, 10.779, 10.849, 2.562, 0.582, 1.926, 11.839, 7.902, 1.101, 8.058, 2.108, 6.39, 1.197, 19.904, 0.0, 26.845, 16.031, 0.0, 0.887, 25.886, 5.529, 0.0, 5.9, 22.807, 1.549, 0.0, 3.515, 16.246, 3.274, 0.023, 1.762, 15.983, 2.54, 0.004, 4.537, 12.084, 0.364, 0.108, 7.96, 5.364, 0.0, 2.633, 10.543, 0.0, 2.4, 9.855, 0.0, 7.12, 1.681, 0.028, 13.086, 0.0, 14.531, 0.06, 3.561, 4.142, 0.035, 16.252, 0.0, 28.48, 0.0, 0.632, 15.693, 0.0, 0.929, 14.995, 0.043, 0.646, 12.22, 0.052, 0.131, 9.933, 0.058, 0.652, 9.15, 0.0, 13.956, 0.0, 7.687, 0.157, 0.357, 6.26, 0.0, 25.248], "train_overestimate": [699.603, 0.0, 0.0, 110.778, 56.966, 0.0, 0.0, 0.558, 29.841, 46.986, 20.468, 0.951, 0.018, 1.871, 24.971, 28.226, 9.244, 2.928, 2.876, 10.051, 20.335, 11.351, 2.186, 4.111, 14.53, 3.677, 9.35, 3.706, 10.166, 0.0, 42.705, 0.0, 0.006, 27.804, 9.469, 0.0, 1.638, 24.303, 1.202, 0.0, 5.19, 19.641, 3.156, 0.0, 2.763, 16.085, 3.336, 0.0, 2.028, 13.501, 0.658, 0.0, 6.693, 9.63, 0.025, 0.15, 10.089, 0.533, 0.0, 7.997, 0.441, 0.0, 10.877, 0.0, 0.793, 8.216, 0.0, 13.957, 0.0, 8.681, 0.212, 0.146, 9.299, 0.0, 22.134, 0.0, 20.587, 1.988, 0.0, 14.65, 1.518, 0.0, 9.145, 2.236, 0.0, 7.015, 4.367, 0.0, 6.547, 2.066, 0.0, 10.396, 0.0, 11.17, 0.0, 4.526, 2.733, 0.041, 11.783, 0.0], "train_difference": [699.603, 228.232, 41.661, 110.778, 56.966, 41.46, 50.544, 19.349, 30.052, 46.986, 21.097, 17.383, 28.051, 15.05, 25.379, 28.495, 12.276, 13.707, 13.725, 12.613, 20.917, 13.277, 14.024, 12.013, 15.631, 11.736, 11.458, 10.096, 11.363, 19.904, 42.705, 26.845, 16.037, 27.804, 10.356, 25.886, 7.167, 24.303, 7.103, 22.807, 6.738, 19.641, 6.671, 16.246, 6.037, 16.108, 5.099, 15.983, 4.567, 13.506, 5.195, 12.084, 7.058, 9.738, 7.985, 5.514, 10.089, 3.166, 10.543, 7.997, 2.842, 9.855, 10.877, 7.12, 2.474, 8.243, 13.086, 13.957, 14.531, 8.74, 3.773, 4.288, 9.334, 16.252, 22.134, 28.48, 20.587, 2.621, 15.693, 14.65, 2.447, 14.995, 9.189, 2.882, 12.22, 7.067, 4.498, 9.933, 6.606, 2.718, 9.15, 10.396, 13.956, 11.17, 7.687, 4.683, 3.09, 6.301, 11.783, 25.248], "val_mae": [1248.776, 413.192, 78.671, 195.01, 98.297, 78.355, 94.578, 40.131, 49.785, 80.532, 34.921, 36.63, 54.296, 31.961, 41.784, 47.175, 23.814, 28.632, 28.684, 23.904, 34.673, 24.761, 29.577, 24.207, 27.142, 23.758, 21.653, 20.394, 20.986, 38.318, 74.649, 50.564, 31.475, 47.767, 18.985, 48.518, 15.122, 42.272, 15.031, 42.697, 13.987, 34.036, 14.08, 31.127, 12.878, 28.111, 11.441, 29.783, 10.188, 23.972, 10.983, 22.38, 13.444, 17.491, 14.916, 10.815, 18.646, 6.852, 18.447, 15.527, 5.871, 16.831, 20.889, 11.987, 5.282, 16.28, 22.234, 27.128, 24.594, 17.602, 6.182, 6.827, 18.724, 27.676, 42.042, 50.06, 39.194, 6.191, 26.917, 28.484, 5.738, 25.362, 18.484, 6.52, 20.517, 14.359, 9.755, 16.429, 13.651, 6.262, 14.625, 20.972, 23.304, 22.524, 11.971, 10.468, 7.385, 9.464, 23.743, 43.945], "val_rmse": [1262.564, 424.679, 88.393, 195.564, 99.375, 88.744, 104.437, 50.411, 53.596, 82.224, 39.592, 46.091, 65.733, 40.377, 45.935, 51.019, 28.356, 36.325, 36.389, 28.211, 39.09, 28.689, 37.564, 30.533, 30.852, 30.176, 25.23, 25.928, 23.827, 47.146, 75.402, 57.988, 39.82, 49.546, 21.44, 55.099, 19.988, 43.562, 20.052, 48.758, 16.142, 35.756, 17.746, 38.459, 16.392, 29.765, 13.554, 35.163, 13.095, 25.48, 15.237, 27.426, 14.856, 19.194, 19.808, 15.122, 20.104, 9.722, 21.281, 17.215, 8.088, 19.194, 22.476, 14.547, 7.327, 18.096, 23.977, 29.085, 25.999, 19.812, 7.923, 8.571, 20.734, 29.049, 43.991, 51.966, 41.095, 7.724, 28.479, 30.403, 7.381, 26.513, 20.572, 8.28, 21.929, 16.059, 11.484, 18.101, 15.373, 7.933, 16.078, 22.711, 24.523, 24.33, 13.589, 12.211, 9.148, 11.035, 25.421, 45.535],