{"val_loss": [0.014334401008656843, 0.01209502031431637, 0.010196632455416774, 0.010444310699110955, 0.008874424806385327, 0.008684204238104738, 0.008678322487968317, 0.008255874611576373, 0.008601186205244934, 0.008211159851473186, 0.007883694541305886, 0.0083013847480389, 0.008258070856956894, 0.008624732132577466, 0.007755211890778608, 0.00823712706611938, 0.007907592967563283, 0.007936761037449792, 0.007636775022345116, 0.007951116909276202, 0.0075565298878548974, 0.0076017949320683125, 0.007786017406841792, 0.007701199598361402, 0.008217978096379537, 0.007483573471391638, 0.008046298024863872, 0.0073362978906112, 0.007391497149001225, 0.007586708565617705], "train_loss": [0.04797278601654398, 0.012917596468469128, 0.010803796291838808, 0.00975012729941227, 0.0094379925803878, 0.00841291065353289, 0.008863241967446811, 0.008138392853652476, 0.008276844190731936, 0.008052571716689272, 0.0077046586129654315, 0.00828340886891965, 0.007551688199782802, 0.00750100395634945, 0.007308579693926731, 0.007230098048239597, 0.007446297116985079, 0.007149112542720104, 0.006809154830079933, 0.006815723586441891, 0.0069728464895888465, 0.006606839107007545, 0.006367002273691469, 0.006284452408181096, 0.006425072157981049, 0.00621337267330091, 0.006088301358431636, 0.006070735526918725, 0.0060096775687270565, 0.005944364450442663], "train_size": 1024, "val_size": 576, "rand_seed": 643, "shuffle": true, "loss_name": "mean_squared_error", "img_dim": [256, 256, 3], "patch_dim": [128, 128, 3], "patches_per_image": 4, "density_map_sigma": 5, "density_map_multiplication_factor": 100.0, "sub_experiment_name": "vgg_cells/n_64_sigma_5_randseed_643_loss_mse_patch_4_128x128", "architecture": "UNet"}