{"val_loss": [0.009230116678938631, 0.005316279660999296, 0.0044540160886552055, 0.004299755492360823, 0.004107653668041975, 0.004159493517565554, 0.00375290341273487, 0.003677560589292423, 0.0035293869787993673, 0.003437163147686483, 0.003914837065975816, 0.0033509542100647297, 0.003348591256730692, 0.003344233942900448, 0.003262891998120823, 0.0033054317286263946, 0.0036716279365565344, 0.003325290485109791, 0.0036600111013993025, 0.0032853123302629683, 0.0037785376262036152, 0.0033685757936028596, 0.003240893483457007, 0.0035635521292836834, 0.0032923104716044488, 0.0033075015435315436, 0.0033829745547740864, 0.0034924376967764045, 0.0035004635757205607, 0.003310045118066935], "train_loss": [0.030997648093034513, 0.007585077786643524, 0.00544113071373431, 0.004548452605376951, 0.004628117061656667, 0.004045018871693173, 0.0039742669941915665, 0.003855542265227996, 0.003797712441155454, 0.003490120314381784, 0.003434730791923357, 0.0034159435926994774, 0.003323624885524623, 0.0032352247908420395, 0.0031774259587109555, 0.0029522821168939117, 0.0029418060439638793, 0.0028436293359845877, 0.0028723180512315594, 0.002723436751693953, 0.002546380037529161, 0.0026365805151726818, 0.002346348835999379, 0.0022537515196745517, 0.0022313013523671543, 0.002165090440030326, 0.002073561910947319, 0.001903085365484003, 0.0020406834009918384, 0.001828627804570715], "train_size": 1024, "val_size": 576, "rand_seed": 644, "shuffle": true, "loss_name": "logcosh", "img_dim": [256, 256, 3], "patch_dim": [256, 256, 3], "patches_per_image": 1, "density_map_sigma": 5, "density_map_multiplication_factor": 100.0, "sub_experiment_name": "vgg_cells/n_64_sigma_5_randseed_644_loss_logcosh_full_img", "architecture": "UNet"}