{"val_loss": [0.06664373968831366, 0.06112017130686177, 0.043685803552054696, 0.0355077859842115, 0.032127909621016845, 0.028982554614129994, 0.026597482385113835, 0.024414141300237842, 0.022051401501004066, 0.0214873310437219, 0.019446706580412056, 0.018918292441715796, 0.018131466504807275, 0.014523890503268275, 0.016190823141692415, 0.017132188646226294, 0.016076657300194103, 0.013783722229871072, 0.01288273411207936, 0.011188815729433877, 0.010767417364857264, 0.01225214840249262, 0.010580923880398687, 0.010004756254299233, 0.009945486785404177, 0.010109103368853943, 0.009776650559312353, 0.010782760503287945, 0.010747313020854361, 0.011732253265411904, 0.01019650926334887, 0.009165889735514712, 0.009032731254895529, 0.008959460557283213, 0.009172472294368263, 0.008652957085157849, 0.00929452816490084, 0.008606244712912789, 0.010874525734430386, 0.009670337513347881, 0.00893698125340355, 0.008896878978703171, 0.008719669803718312, 0.009012955603086285, 0.009419450646318082, 0.00874412952301403, 0.009150635531922389, 0.009140368787080256, 0.008590431909801232, 0.008223976293164823, 0.009959708853986941, 0.009062408650707867, 0.00836065758873398, 0.00821318150135792, 0.008573316936639862, 0.013879034157273255, 0.01115738754419403, 0.009666165996653339, 0.009345832054451522, 0.00830982300815069, 0.00856695145679017, 0.00835300672851089, 0.00989939238772624, 0.00836887386524015, 0.008127239468093548, 0.008160846411354013, 0.008974426031474851, 0.008790863965663852, 0.0090656121675339, 0.00834861785470922, 0.008625540597778227, 0.008223504077048145, 0.009316004230640829, 0.009450952231418341, 0.00941715769780179, 0.00818624813756388, 0.008672102134571306, 0.00834987181588076, 0.008230053784144629, 0.008669596618144877, 0.00818680842833904, 0.008332475580068098, 0.008351738173385255, 0.008523504220647737, 0.008112751396967925, 0.01123482200394695, 0.009212275119757073, 0.009462066201700104, 0.009041131761882247, 0.008535853296052665, 0.008287757104780111, 0.008470560226770531, 0.008272705457380248, 0.008203486892549941, 0.008338642235483147, 0.008219505097561827, 0.008168887217632599, 0.008756852453289967, 0.008379391255503934, 0.008428928810947886], "train_mae": [27.129, 25.065, 55.243, 35.943, 26.969, 9.891, 9.498, 13.076, 7.247, 18.348, 10.183, 23.521, 28.462, 6.174, 25.206, 34.292, 32.147, 16.798, 17.583, 4.36, 3.902, 22.002, 10.113, 4.629, 9.543, 13.325, 3.961, 10.898, 15.168, 23.178, 15.517, 4.489, 3.458, 6.663, 9.403, 3.998, 11.768, 3.968, 23.239, 10.899, 6.185, 4.417, 2.962, 6.473, 15.597, 6.275, 9.447, 17.187, 7.048, 3.266, 13.888, 11.048, 6.989, 4.457, 6.438, 27.688, 24.82, 9.388, 5.97, 6.363, 12.059, 4.113, 15.916, 3.849, 3.445, 2.19, 12.181, 2.412, 15.109, 3.09, 15.389, 2.19, 15.556, 8.629, 14.314, 4.876, 10.58, 8.075, 5.484, 8.657, 1.458, 6.182, 2.554, 7.332, 1.82, 20.949, 13.277, 17.264, 8.852, 6.603, 1.87, 8.594, 2.897, 2.078, 1.917, 2.067, 4.206, 7.932, 5.966, 7.876], "train_rmse": [30.87, 32.643, 57.102, 38.154, 28.965, 13.477, 13.827, 15.768, 8.982, 19.772, 12.272, 24.654, 29.038, 7.529, 27.328, 36.151, 33.23, 19.096, 18.885, 5.721, 5.062, 23.159, 11.132, 5.94, 10.605, 14.195, 5.318, 12.677, 15.794, 24.02, 16.37, 5.73, 4.487, 7.826, 10.204, 4.825, 12.87, 4.85, 24.059, 11.539, 7.085, 5.321, 3.906, 7.725, 16.253, 7.013, 10.791, 18.03, 8.179, 4.013, 15.081, 11.735, 7.965, 5.38, 7.302, 29.579, 25.868, 10.473, 7.372, 7.198, 12.646, 5.306, 16.781, 4.779, 4.477, 2.923, 12.937, 3.162, 15.653, 3.752, 15.814, 3.06, 15.888, 10.339, 15.296, 5.504, 11.454, 8.696, 6.159, 9.218, 2.186, 6.901, 3.598, 8.089, 2.427, 22.157, 14.464, 17.922, 10.67, 7.223, 2.689, 9.47, 3.458, 2.668, 2.871, 2.619, 4.558, 8.652, 6.464, 8.176], "train_underestimate": [2.432, 11.524, 0.0, 0.0, 0.061, 3.999, 5.017, 7.443, 3.73, 0.0, 0.3, 13.417, 16.235, 3.089, 0.0, 0.0, 0.0, 0.0, 0.0, 0.628, 1.216, 0.0, 5.748, 2.356, 5.415, 0.0, 1.83, 0.005, 8.652, 13.221, 8.851, 2.354, 1.319, 3.763, 0.018, 0.382, 6.713, 0.238, 0.0, 0.002, 3.385, 0.324, 1.171, 0.021, 0.0, 0.051, 5.379, 9.804, 3.996, 0.29, 0.0, 0.0, 3.963, 2.499, 0.002, 15.794, 14.158, 0.0, 2.325, 0.141, 6.879, 2.262, 0.0, 0.032, 1.859, 0.959, 6.948, 0.817, 8.618, 0.276, 8.778, 0.285, 0.0, 0.0, 0.0, 0.006, 6.035, 4.606, 3.12, 0.0, 0.276, 3.526, 0.055, 4.182, 0.919, 0.0, 0.0, 0.0, 0.0, 0.0, 0.333, 4.902, 1.611, 1.095, 0.078, 1.104, 2.399, 0.0, 0.0, 4.492], "train_overestimate": [13.042, 2.773, 31.511, 20.502, 15.322, 1.642, 0.401, 0.016, 0.404, 10.466, 5.508, 0.0, 0.0, 0.433, 14.378, 19.561, 18.337, 9.581, 10.029, 1.859, 1.01, 12.55, 0.021, 0.284, 0.028, 7.601, 0.429, 6.211, 0.0, 0.0, 0.0, 0.207, 0.654, 0.038, 5.346, 1.899, 0.0, 2.025, 13.256, 6.215, 0.143, 2.196, 0.518, 3.671, 8.897, 3.529, 0.009, 0.0, 0.024, 1.573, 7.922, 6.302, 0.024, 0.043, 3.67, 0.0, 0.0, 5.355, 1.081, 3.488, 0.0, 0.084, 9.078, 2.163, 0.106, 0.291, 0.0, 0.559, 0.0, 1.486, 0.0, 0.965, 8.873, 4.922, 8.165, 2.775, 0.0, 0.0, 0.008, 4.938, 0.556, 0.0, 1.402, 0.0, 0.119, 11.949, 7.573, 9.847, 5.049, 3.766, 0.733, 0.0, 0.041, 0.09, 1.016, 0.076, 0.0, 4.525, 3.403, 0.0], "train_difference": [15.475, 14.298, 31.511, 20.502, 15.383, 5.642, 5.418, 7.459, 4.134, 10.466, 5.808, 13.417, 16.235, 3.522, 14.378, 19.561, 18.337, 9.582, 10.029, 2.487, 2.226, 12.55, 5.769, 2.64, 5.444, 7.601, 2.259, 6.216, 8.652, 13.221, 8.851, 2.561, 1.972, 3.801, 5.364, 2.281, 6.713, 2.263, 13.256, 6.217, 3.528, 2.52, 1.689, 3.692, 8.897, 3.58, 5.389, 9.804, 4.02, 1.863, 7.922, 6.302, 3.987, 2.542, 3.672, 15.794, 14.158, 5.355, 3.405, 3.63, 6.879, 2.346, 9.078, 2.196, 1.965, 1.249, 6.948, 1.376, 8.618, 1.763, 8.778, 1.249, 8.873, 4.922, 8.165, 2.781, 6.035, 4.606, 3.128, 4.938, 0.832, 3.526, 1.457, 4.182, 1.038, 11.949, 7.573, 9.847, 5.049, 3.766, 1.066, 4.902, 1.653, 1.185, 1.094, 1.179, 2.399, 4.525, 3.403, 4.492], "val_mae": [23.974, 30.495, 53.308, 34.587, 26.314, 11.05, 11.08, 13.635, 6.091, 20.213, 11.691, 23.897, 28.454, 5.173, 27.967, 37.299, 34.203, 19.052, 19.221, 4.619, 3.931, 23.793, 10.065, 4.668, 9.52, 14.268, 4.464, 12.654, 14.915, 23.915, 15.805, 4.7, 3.957, 6.653, 10.118, 4.291, 12.114, 4.538, 25.249, 11.959, 5.763, 4.658, 3.73, 7.732, 16.856, 6.805, 10.039, 17.851, 7.519, 3.97, 15.516, 12.218, 7.574, 5.212, 7.116, 29.984, 26.072, 10.636, 5.886, 6.233, 12.383, 5.312, 17.281, 4.726, 5.032, 3.763, 13.164, 3.528, 15.977, 4.009, 16.198, 3.686, 15.94, 9.645, 15.521, 5.254, 12.09, 9.229, 6.95, 8.737, 3.47, 7.865, 3.599, 9.139, 4.169, 22.485, 14.185, 18.215, 9.869, 6.806, 3.482, 10.31, 5.025, 4.473, 3.405, 4.657, 5.901, 7.99, 5.855, 9.293], "val_rmse": [29.224, 37.039, 55.401, 36.817, 28.067, 14.859, 15.19, 16.433, 8.48, 21.422, 13.915, 25.062, 29.026, 6.384, 29.697, 38.886, 35.134, 20.872, 20.321, 5.813, 4.927, 24.83, 11.212, 5.842, 10.76, 15.087, 5.513, 14.309, 15.645, 24.865, 16.748, 5.793, 4.657, 7.921, 10.995, 5.309, 13.393, 5.68, 26.021, 12.807, 6.827, 5.828, 4.387, 9.005, 17.517, 7.921, 11.59, 18.955, 8.861, 4.969, 16.685, 13.099, 8.938, 6.317, 8.247, 32.135, 27.457, 11.806, 7.128, 7.423, 13.418, 6.517, 18.204, 5.977, 6.043, 4.447, 14.487, 4.478, 17.041, 4.9, 17.015, 4.424, 16.496, 11.12, 16.536, 6.257, 13.689, 10.689, 8.356, 9.729, 4.241, 9.354, 4.575, 10.649, 5.136, 23.67, 15.392, 19.025, 11.623, 7.979, 4.166, 11.982, 6.104, 5.462, 4.265, 5.672, 7.135, 9.187, 6.987, 10.56], "val_underestimate": [2.685, 13.72, 0.0, 0.087, 0.21, 4.509, 5.442, 7.192, 2.971, 0.0, 0.08, 12.605, 15.009, 2.302, 0.0, 0.0, 0.0, 0.0, 0.0, 0.577, 1.008, 0.0, 5.309, 2.115, 5.021, 0.0, 1.811, 0.002, 7.867, 12.614, 8.337, 2.156, 1.305, 3.46, 0.002, 0.326, 6.39, 0.189, 0.0, 0.0, 2.84, 0.263, 1.131, 0.014, 0.0, 0.03, 5.243, 9.416, 3.873, 0.357, 0.0, 0.0, 3.916, 2.529, 0.015, 15.816, 13.752, 0.0, 1.806, 0.186, 6.532, 2.476, 0.0, 0.114, 2.253, 1.365, 6.944, 1.101, 8.427, 0.47, 8.544, 0.706, 0.0, 0.0, 0.0, 0.153, 6.363, 4.85, 3.558, 0.0, 0.937, 4.071, 0.41, 4.752, 1.729, 0.0, 0.0, 0.0, 0.0, 0.035, 0.84, 5.41, 2.339, 1.931, 0.611, 2.036, 2.991, 0.003, 0.068, 4.902],