{"val_loss": [0.1780469796675093, 0.14601953042780652, 0.10923814587295055, 0.09493640404851998, 0.09117811983999084, 0.10476233897840276, 0.08601240441203117, 0.07768958587856854, 0.07434058288002715, 0.07494890092707732, 0.06746624911423116, 0.06666248417733346, 0.060978348586050904, 0.0657770618358079, 0.06437549112802919, 0.05891953715506722, 0.06138274314648965, 0.07344416824772078, 0.05935936338980408, 0.05897634043632185, 0.05678968079497709, 0.06266519347863163, 0.05687215633909492, 0.06313486394527204, 0.0542516947230872, 0.05227193677359644, 0.05116631493301076, 0.05153539034483187, 0.0544503280235564, 0.048547847689512896, 0.050030616796849406, 0.04798315917415654, 0.04908412711366134, 0.047399462775929886, 0.04832130363758873, 0.048315696226542484, 0.046803048209232444, 0.046024892835275215, 0.04733901717426146, 0.0497322627069319, 0.04762578925446553, 0.050264622851767964, 0.050505816443439794, 0.04914394519565737, 0.04531184359289268, 0.04732671437565895, 0.04700663956977865, 0.049227638252298624, 0.04564002309651936, 0.045979197520543545, 0.04654702634605415, 0.051223486853653896, 0.04778134450316429, 0.046842845868976676, 0.04562752014573883, 0.04531921980464283, 0.046865409596220535, 0.04642008658608093, 0.04682341921964989, 0.04662015650640516, 0.04531937840339892, 0.045331814545480645, 0.045596610480809915, 0.05088662591708057, 0.0458126008948859, 0.045297394588808805, 0.043478460927658225, 0.04346240539213314, 0.047344727523844034, 0.04911203197587062, 0.04828126098522369, 0.046202064628767615, 0.048211729564868355, 0.04701938247308135, 0.0447540018324028, 0.04621170910404009, 0.0437696191810948, 0.04358479134081041, 0.04294612039537991, 0.04267216523123138, 0.042661634109476036, 0.04275194692480214, 0.043098234735867554, 0.04327901713002254, 0.04433207893196274, 0.04287814543418148, 0.042788994005497766, 0.04298648095744498, 0.04656123517848113, 0.04538483624620473, 0.04568309953217121, 0.04498182119363371, 0.04330464663422283, 0.0455848738167654, 0.049711714745225274, 0.05239587501787087, 0.044478070593493825, 0.04500790814156918, 0.044411524089381975, 0.04254186627290705], "train_mae": [19.677, 19.654, 25.184, 8.657, 10.167, 59.418, 39.499, 20.738, 14.089, 33.55, 13.521, 5.25, 11.101, 33.399, 20.604, 20.039, 5.868, 42.249, 23.031, 4.262, 22.948, 29.655, 3.826, 34.074, 3.819, 15.301, 17.731, 3.428, 25.051, 13.016, 7.684, 13.111, 17.913, 12.816, 6.786, 15.375, 10.794, 11.72, 7.844, 20.447, 16.068, 22.951, 23.944, 20.405, 8.008, 16.275, 4.282, 5.236, 9.328, 11.814, 5.874, 21.068, 13.462, 2.7, 16.138, 14.872, 18.529, 18.685, 16.593, 18.842, 15.243, 13.437, 14.832, 25.723, 5.479, 2.563, 11.415, 10.015, 20.053, 23.008, 6.929, 13.179, 22.062, 5.156, 13.408, 18.929, 5.709, 3.932, 10.525, 8.509, 6.716, 8.917, 5.556, 5.656, 15.316, 11.196, 2.751, 9.848, 19.252, 17.978, 18.087, 16.041, 12.035, 4.416, 4.324, 26.891, 2.902, 17.282, 3.436, 8.464], "train_rmse": [24.029, 22.972, 31.402, 12.025, 11.242, 62.107, 41.183, 21.572, 15.252, 34.534, 14.489, 6.639, 12.108, 34.191, 21.306, 22.022, 7.917, 43.687, 24.169, 5.862, 23.891, 33.123, 4.85, 35.299, 4.817, 16.134, 19.539, 4.521, 26.125, 14.311, 8.694, 14.272, 18.98, 13.845, 7.57, 16.355, 12.309, 12.714, 9.305, 21.544, 17.807, 24.27, 25.121, 21.97, 9.049, 16.886, 5.299, 6.342, 10.546, 12.799, 6.729, 23.261, 14.435, 3.611, 17.516, 15.848, 19.406, 19.743, 17.158, 19.932, 16.41, 14.211, 15.574, 27.175, 6.33, 3.478, 12.543, 10.879, 20.703, 23.625, 8.103, 14.317, 23.176, 5.986, 15.187, 19.898, 6.633, 4.906, 11.51, 9.298, 7.489, 9.656, 6.832, 6.476, 16.148, 11.834, 3.646, 11.448, 19.76, 18.811, 19.318, 17.011, 13.02, 5.746, 5.237, 28.175, 3.82, 18.377, 4.247, 9.25], "train_underestimate": [2.575, 1.688, 14.463, 4.161, 0.117, 34.13, 22.688, 11.912, 8.093, 19.271, 7.761, 2.346, 6.311, 19.184, 11.835, 11.511, 2.005, 24.268, 13.229, 0.482, 13.181, 17.034, 1.523, 19.572, 1.556, 8.789, 10.185, 1.393, 14.389, 7.443, 4.351, 7.515, 10.289, 7.362, 3.818, 8.832, 6.119, 6.704, 4.378, 11.745, 9.23, 13.183, 13.753, 11.721, 4.516, 9.348, 2.253, 0.149, 5.299, 6.786, 3.237, 12.101, 7.732, 1.085, 9.27, 8.543, 10.643, 10.733, 9.531, 10.823, 8.756, 7.718, 8.519, 14.775, 3.099, 0.589, 6.526, 5.738, 11.518, 13.216, 0.132, 7.57, 12.672, 0.126, 7.681, 10.873, 3.229, 2.053, 6.033, 4.854, 3.837, 5.118, 3.011, 3.196, 8.797, 6.431, 1.35, 5.585, 11.058, 10.326, 10.389, 9.214, 6.913, 1.195, 0.182, 15.446, 1.028, 9.927, 1.476, 4.839], "train_overestimate": [8.727, 9.601, 0.002, 0.812, 5.723, 0.0, 0.0, 0.0, 0.0, 0.0, 0.006, 0.669, 0.065, 0.0, 0.0, 0.0, 1.366, 0.0, 0.0, 1.967, 0.0, 0.0, 0.674, 0.0, 0.637, 0.0, 0.0, 0.576, 0.0, 0.033, 0.063, 0.016, 0.0, 0.0, 0.08, 0.0, 0.082, 0.028, 0.127, 0.0, 0.0, 0.0, 0.0, 0.0, 0.084, 0.0, 0.206, 2.858, 0.06, 0.0, 0.137, 0.0, 0.0, 0.466, 0.0, 0.0, 0.0, 0.0, 0.0, 0.0, 0.0, 0.0, 0.0, 0.0, 0.048, 0.883, 0.031, 0.015, 0.0, 0.0, 3.848, 0.0, 0.0, 2.835, 0.02, 0.0, 0.05, 0.205, 0.013, 0.033, 0.021, 0.004, 0.18, 0.053, 0.0, 0.0, 0.23, 0.072, 0.0, 0.0, 0.0, 0.0, 0.0, 1.341, 2.302, 0.0, 0.639, 0.0, 0.497, 0.023], "train_difference": [11.303, 11.289, 14.466, 4.973, 5.84, 34.13, 22.688, 11.912, 8.093, 19.271, 7.767, 3.016, 6.376, 19.184, 11.835, 11.511, 3.37, 24.268, 13.229, 2.448, 13.181, 17.034, 2.198, 19.572, 2.194, 8.789, 10.185, 1.969, 14.389, 7.476, 4.414, 7.531, 10.289, 7.362, 3.898, 8.832, 6.2, 6.732, 4.506, 11.745, 9.23, 13.183, 13.753, 11.721, 4.6, 9.348, 2.459, 3.008, 5.358, 6.786, 3.374, 12.101, 7.732, 1.551, 9.27, 8.543, 10.643, 10.733, 9.531, 10.823, 8.756, 7.718, 8.519, 14.775, 3.147, 1.472, 6.557, 5.753, 11.518, 13.216, 3.98, 7.57, 12.672, 2.961, 7.701, 10.873, 3.279, 2.258, 6.046, 4.888, 3.858, 5.122, 3.192, 3.249, 8.797, 6.431, 1.58, 5.657, 11.058, 10.326, 10.389, 9.214, 6.913, 2.536, 2.484, 15.446, 1.667, 9.927, 1.974, 4.862], "val_mae": [21.695, 20.526, 28.719, 10.305, 11.631, 61.199, 39.77, 19.418, 12.721, 32.821, 11.73, 5.018, 8.926, 32.485, 18.614, 19.736, 6.929, 42.616, 22.433, 5.923, 22.029, 30.978, 4.34, 34.155, 4.19, 14.03, 17.841, 4.001, 24.699, 12.537, 6.834, 12.748, 17.617, 12.404, 5.746, 14.879, 10.819, 11.361, 7.881, 20.424, 16.364, 23.315, 24.209, 20.78, 7.757, 15.731, 4.216, 6.253, 9.4, 11.575, 5.041, 21.82, 13.053, 3.503, 16.598, 14.875, 18.76, 18.929, 16.022, 19.123, 15.585, 13.277, 14.512, 26.553, 5.033, 3.622, 11.365, 9.647, 20.012, 22.837, 8.014, 13.242, 22.443, 6.154, 13.973, 18.982, 5.259, 4.406, 10.37, 8.285, 6.455, 8.701, 6.326, 5.847, 15.599, 11.081, 3.629, 10.529, 19.094, 18.316, 18.823, 15.963, 12.148, 5.589, 5.327, 27.878, 3.949, 17.829, 3.579, 8.525], "val_rmse": [25.773, 23.921, 35.543, 14.371, 13.159, 64.63, 42.066, 20.8, 14.628, 34.22, 13.211, 6.39, 10.677, 33.567, 19.558, 22.376, 8.834, 44.496, 23.992, 7.262, 23.308, 35.237, 5.223, 35.805, 5.25, 15.249, 20.267, 4.963, 26.158, 14.427, 8.467, 14.526, 19.168, 13.973, 7.202, 16.324, 13.03, 13.003, 9.813, 21.982, 18.65, 25.155, 25.863, 22.923, 9.413, 16.737, 5.445, 7.345, 11.346, 13.164, 6.168, 24.563, 14.585, 4.342, 18.529, 16.397, 20.144, 20.496, 16.987, 20.746, 17.318, 14.604, 15.733, 28.548, 6.308, 4.697, 13.178, 11.119, 21.054, 23.855, 9.471, 15.036, 24.124, 7.192, 16.431, 20.463, 6.514, 5.798, 12.062, 9.781, 7.668, 10.002, 8.163, 6.98, 17.011, 12.197, 4.645, 12.654, 19.934, 19.673, 20.674, 17.435, 13.748, 6.989, 6.497, 29.789, 5.007, 19.504, 4.595, 10.025],