{"val_loss": [0.11549605315344201, 0.06833887752145529, 0.06753302282757229, 0.04311467303584019, 0.03620409812881715, 0.026807321442498103, 0.024891950603988435, 0.022802305601847667, 0.021691776579245925, 0.02143072987544454, 0.02687465554724137, 0.01867227314505726, 0.02072532024855415, 0.019213254886886313, 0.022265130369406607, 0.015504984702501032, 0.014801815074558059, 0.02016161101508058, 0.013433072832413018, 0.01468784804455936, 0.012505499290354136, 0.0125756865600124, 0.012749439713338183, 0.012569951307442453, 0.011675891660464307, 0.010816927035597878, 0.011594881342413524, 0.01044829117341174, 0.012499025324359536, 0.011186307477247383, 0.01476802553386531, 0.01038058181034608, 0.009963150828197185, 0.009708952863648947, 0.010049570157813529, 0.009708909608889371, 0.00942469974850408, 0.00963923613825399, 0.010503663875473043, 0.012282893307403557, 0.01157912434104623, 0.010007410795272639, 0.010727716267057177, 0.011802958363356689, 0.009244218889054738, 0.00981038464103929, 0.009561840050284647, 0.009042839532614581, 0.010198845359910693, 0.009360511489729915, 0.012767055686304552, 0.01049505923745326, 0.008811366744339466, 0.009182511259698205, 0.009480144628064914, 0.010441605603167167, 0.009122879089166721, 0.008574138757669263, 0.00915239603879551, 0.008524015332416942, 0.008429217546816088, 0.008830456929798756, 0.009330691459278265, 0.00904949746068774, 0.008989083373712169, 0.008233438187744468, 0.010622967894758202, 0.01094032266539418, 0.009476282582100894, 0.009113246568530384, 0.008664957461102555, 0.008387742538212074, 0.008340478609574752, 0.008925947069656104, 0.008012508016286625, 0.008153425445521457, 0.008353371706713611, 0.00866606578670649, 0.009825863416254934, 0.008852590425198691, 0.008335962645812996, 0.008671113112035932, 0.00890199916385528, 0.008484702408572452, 0.010503226509576457, 0.007844904819244726, 0.008125049880214242, 0.008669279774443971, 0.008746632614121255, 0.008555632792801285, 0.00840625728920309, 0.007963010769647857, 0.00918745558657166, 0.009369458291783102, 0.007936508860439062, 0.008971280017350283, 0.009167405860757248, 0.008296597066671692, 0.007973071022812897, 0.008220312922882536], "train_mae": [113.031, 27.962, 56.507, 46.03, 52.242, 15.479, 11.729, 9.47, 12.01, 24.344, 46.554, 6.538, 32.774, 29.592, 45.835, 15.605, 12.578, 40.833, 11.696, 26.417, 5.65, 8.791, 17.087, 21.418, 12.029, 4.612, 13.298, 4.808, 21.72, 14.984, 29.123, 5.214, 4.815, 3.923, 5.505, 4.084, 4.227, 12.083, 16.949, 24.857, 23.256, 12.295, 17.825, 28.528, 8.963, 11.936, 11.588, 6.137, 17.448, 12.282, 31.25, 20.175, 4.293, 14.456, 10.725, 19.18, 8.595, 6.27, 13.222, 6.921, 2.863, 8.686, 15.816, 5.451, 8.645, 5.811, 19.769, 23.016, 12.115, 5.573, 10.686, 9.751, 3.231, 11.762, 3.977, 3.431, 6.509, 13.734, 21.382, 14.181, 3.703, 9.718, 11.615, 12.48, 27.175, 3.008, 3.768, 7.739, 13.564, 11.677, 8.476, 3.737, 14.503, 19.169, 5.875, 15.613, 17.807, 10.338, 4.188, 3.733], "train_rmse": [122.686, 32.559, 59.944, 49.577, 58.337, 20.893, 13.526, 13.224, 14.866, 25.194, 49.074, 8.057, 33.94, 31.069, 47.549, 16.675, 14.238, 42.135, 13.091, 28.116, 7.029, 10.994, 18.092, 23.8, 13.125, 5.839, 15.467, 6.138, 23.693, 15.882, 30.826, 6.711, 5.885, 5.025, 6.988, 5.217, 5.444, 13.181, 18.613, 26.439, 24.713, 13.088, 18.439, 29.437, 10.383, 13.095, 13.023, 7.485, 18.578, 14.191, 32.894, 21.862, 5.29, 15.047, 11.548, 21.298, 9.655, 7.323, 14.371, 8.189, 3.777, 9.396, 16.907, 6.748, 9.668, 7.059, 21.324, 24.688, 12.972, 6.965, 11.995, 10.985, 4.294, 13.137, 4.998, 4.519, 7.897, 14.627, 22.517, 16.191, 4.548, 11.635, 13.315, 13.622, 28.585, 3.916, 4.88, 9.45, 15.679, 12.662, 9.698, 4.808, 16.061, 20.437, 7.065, 16.525, 20.286, 10.997, 4.966, 4.942], "train_underestimate": [61.597, 3.327, 0.186, 0.334, 28.47, 8.059, 1.551, 4.534, 6.54, 0.0, 25.37, 0.238, 17.861, 16.126, 24.978, 0.0, 0.0, 22.252, 0.108, 14.396, 2.431, 0.636, 9.312, 11.672, 6.53, 1.839, 7.077, 0.783, 0.0, 0.01, 15.871, 2.245, 2.219, 1.435, 2.611, 1.435, 1.685, 6.584, 9.237, 13.546, 12.673, 0.017, 0.0, 15.546, 4.805, 6.505, 6.309, 2.988, 9.508, 6.668, 17.03, 10.994, 0.575, 0.0, 5.845, 10.452, 4.665, 3.309, 7.206, 3.628, 0.595, 0.039, 0.0, 2.601, 4.705, 2.9, 0.0, 12.543, 0.01, 2.824, 5.824, 5.307, 1.074, 6.41, 1.338, 1.566, 3.24, 7.484, 11.653, 7.725, 1.738, 5.144, 6.311, 6.801, 14.809, 1.151, 1.55, 3.905, 7.384, 6.363, 4.591, 1.668, 7.903, 10.446, 3.05, 8.508, 9.704, 5.634, 0.264, 0.245], "train_overestimate": [0.0, 11.911, 30.608, 24.75, 0.0, 0.376, 4.841, 0.626, 0.005, 13.266, 0.0, 3.325, 0.0, 0.0, 0.0, 8.504, 6.854, 0.0, 6.265, 0.0, 0.648, 4.155, 0.0, 0.0, 0.025, 0.675, 0.17, 1.837, 11.837, 8.156, 0.0, 0.596, 0.404, 0.702, 0.389, 0.79, 0.618, 0.001, 0.0, 0.0, 0.0, 6.684, 9.714, 0.0, 0.079, 0.0, 0.006, 0.356, 0.0, 0.025, 0.0, 0.0, 1.765, 7.878, 0.0, 0.0, 0.019, 0.108, 0.0, 0.143, 0.965, 4.695, 8.619, 0.37, 0.006, 0.267, 10.774, 0.0, 6.592, 0.213, 0.0, 0.007, 0.686, 0.0, 0.829, 0.303, 0.307, 0.0, 0.0, 0.003, 0.28, 0.152, 0.018, 0.0, 0.0, 0.488, 0.503, 0.313, 0.008, 0.0, 0.028, 0.369, 0.0, 0.0, 0.151, 0.0, 0.0, 0.0, 2.018, 1.789], "train_difference": [61.597, 15.238, 30.794, 25.085, 28.47, 8.435, 6.392, 5.161, 6.545, 13.266, 25.37, 3.563, 17.861, 16.126, 24.978, 8.504, 6.854, 22.252, 6.374, 14.396, 3.079, 4.791, 9.312, 11.672, 6.556, 2.514, 7.247, 2.62, 11.837, 8.166, 15.871, 2.841, 2.624, 2.138, 3.0, 2.225, 2.303, 6.584, 9.237, 13.546, 12.673, 6.7, 9.714, 15.546, 4.884, 6.505, 6.315, 3.344, 9.508, 6.693, 17.03, 10.994, 2.339, 7.878, 5.845, 10.452, 4.684, 3.417, 7.206, 3.771, 1.56, 4.734, 8.619, 2.971, 4.711, 3.167, 10.774, 12.543, 6.602, 3.037, 5.824, 5.314, 1.761, 6.41, 2.167, 1.87, 3.547, 7.484, 11.653, 7.728, 2.018, 5.296, 6.329, 6.801, 14.809, 1.639, 2.053, 4.217, 7.392, 6.363, 4.619, 2.037, 7.903, 10.446, 3.201, 8.508, 9.704, 5.634, 2.282, 2.034], "val_mae": [106.513, 25.865, 57.363, 46.34, 49.729, 14.437, 10.428, 8.337, 11.624, 23.287, 44.692, 6.841, 31.841, 28.618, 44.231, 14.993, 12.103, 39.439, 12.026, 25.076, 5.833, 9.819, 16.43, 20.149, 11.44, 5.211, 12.03, 5.462, 20.619, 14.638, 27.874, 5.02, 5.569, 4.766, 5.15, 4.61, 4.86, 11.779, 16.158, 23.862, 22.356, 12.255, 17.633, 27.729, 8.294, 11.484, 11.016, 5.568, 16.839, 11.576, 30.084, 19.324, 4.874, 14.148, 10.954, 18.256, 8.42, 6.221, 12.749, 6.538, 3.828, 8.73, 15.19, 4.932, 8.688, 5.588, 18.789, 22.081, 12.186, 5.169, 10.234, 9.328, 3.624, 11.074, 3.817, 3.743, 5.859, 13.273, 20.613, 13.367, 4.15, 8.91, 10.795, 11.857, 26.022, 3.597, 3.759, 7.066, 12.769, 11.359, 8.101, 3.72, 13.774, 18.516, 5.589, 15.112, 16.712, 10.187, 4.874, 4.233], "val_rmse": [115.456, 30.532, 59.999, 49.043, 54.948, 18.523, 11.911, 11.592, 14.007, 24.557, 46.859, 8.223, 32.868, 29.896, 45.709, 16.615, 14.456, 40.641, 13.527, 26.733, 7.278, 11.716, 17.696, 22.287, 12.976, 6.474, 14.419, 6.604, 23.245, 16.099, 29.457, 6.548, 7.052, 6.26, 6.762, 5.761, 6.142, 13.075, 17.75, 25.284, 23.689, 13.242, 18.473, 28.606, 9.94, 12.757, 12.575, 7.231, 17.877, 13.384, 31.551, 20.856, 5.709, 15.194, 11.903, 20.13, 9.721, 7.585, 13.862, 7.99, 5.091, 9.959, 16.968, 6.57, 9.842, 7.083, 21.007, 23.593, 13.18, 6.78, 11.542, 10.639, 4.916, 12.478, 5.137, 5.048, 7.428, 14.259, 21.757, 15.216, 5.362, 10.693, 12.508, 13.162, 27.357, 4.983, 5.212, 8.782, 14.761, 12.491, 9.598, 5.198, 15.28, 19.76, 7.061, 16.035, 18.865, 11.098, 5.757, 6.099],