{"val_loss": [0.007521323430208011, 0.006519308691268735, 0.005435187548856548, 0.005365405385014633, 0.004942744696866915, 0.004977481476796836, 0.005367357847717358, 0.005574644125469301, 0.004656022835357969, 0.004755050219096625, 0.004647151188287858, 0.005014762323500893, 0.00467270175957108, 0.005148156048259504, 0.004792558152480019, 0.004600042681886407, 0.005227037419091276, 0.004661738976412582, 0.004994434584053427, 0.004567027806438596, 0.004375195999778548, 0.005180089610399187, 0.004580149082964151, 0.004376917789361162, 0.005499638568128123, 0.0044622356076110415, 0.004499378604931634, 0.004499920626383553, 0.004306283325907619, 0.004790083419114429, 0.004387142000875126, 0.004488323315854359, 0.004342479180801699, 0.004318579914676472, 0.004457691557137069, 0.004268982446471152, 0.004397484031162296, 0.004438393111336659, 0.0043007254879638725, 0.0043317758972989395, 0.004326202005864211, 0.00426104745080617, 0.0041785827961575706, 0.00418481673932547, 0.004272167634149405, 0.0043114127113060225, 0.004447503626781529, 0.004276466323770162, 0.004253361483178095, 0.004300736731945815], "train_loss": [0.026279455642907124, 0.006030063137586694, 0.005303496960550547, 0.0044964445660298225, 0.004207058020710974, 0.004193343565475516, 0.004007626648672158, 0.0037978223058416916, 0.003689826823574549, 0.0037762467845823267, 0.0035337647113919957, 0.0035430450188869145, 0.0034958904161612736, 0.0034506340125517454, 0.0033857410803648236, 0.0032516283681616187, 0.0031908733385535015, 0.0031867326060819323, 0.003296489504919009, 0.0030718986840838625, 0.003079251004237449, 0.002998031855440786, 0.0029671407955902396, 0.002952337528085991, 0.0028672541802734486, 0.002925406672147801, 0.00279723382436714, 0.002859529537090566, 0.0027065289073107124, 0.0026345466235397907, 0.0026551378800832026, 0.002556337746227655, 0.0025027356164173398, 0.002583187146228738, 0.002437546586861572, 0.0024205808294937015, 0.0023920233620629006, 0.0023475098485050694, 0.0023676448186051857, 0.0024277478928524943, 0.002316636579053011, 0.002240810391413106, 0.00216792204128069, 0.002215403160562346, 0.0021662256590389006, 0.0021466020834850497, 0.0020631088873415138, 0.0021181197414534836, 0.0020825622104894137, 0.001993185717083179], "train_size": 1024, "val_size": 576, "rand_seed": 645, "shuffle": true, "loss_name": "logcosh", "img_dim": [256, 256, 3], "patch_dim": [128, 128, 3], "patches_per_image": 4, "density_map_sigma": 5, "density_map_multiplication_factor": 100.0, "sub_experiment_name": "vgg_cells/n_64_sigma_5_randseed_645_loss_logcosh_patch_4_128x128", "architecture": "FCRN_A"}