{"val_loss": [0.07105585486952508, 0.05238297146357847, 0.04515882899587074, 0.036768901109528004], "train_mae": [9.56, 8.699, 10.022, 4.828], "train_rmse": [12.747, 10.337, 12.23, 6.916], "train_underestimate": [19.645, 3.425, 1.035, 9.476], "train_overestimate": [2.831, 17.026, 22.527, 1.874], "train_difference": [22.476, 20.451, 23.563, 11.35], "val_mae": [10.369, 8.353, 10.442, 5.949], "val_rmse": [14.016, 10.078, 12.689, 8.243], "val_underestimate": [20.644, 4.513, 1.591, 11.647], "val_overestimate": [2.48, 14.114, 21.695, 1.62], "val_difference": [23.124, 18.627, 23.286, 13.267], "train_loss": [0.17725087540534634, 0.05739438934717327, 0.04259470493636198, 0.03507476802035752], "train_size": 900, "val_size": 89, "rand_seed": 9001, "shuffle": true, "loss_name": "mean_squared_error", "img_dim": [720, 1280, 3], "patch_dim": [720, 1280, 3], "patches_per_image": 1, "density_map_sigma": 10, "density_map_multiplication_factor": 2000.0, "sub_experiment_name": "carpk/sigma_10_loss_mse_full_img_epochs_4", "architecture": "UNet"}