{"val_loss": [0.013348270625606852, 0.01031501215927872, 0.010051890975672804, 0.00912572653841279, 0.008605445885122107, 0.00895735665876095, 0.00857912257116469, 0.008099697889621085, 0.010257134469914794, 0.007867727964266023, 0.007937888151597386, 0.00811875884189956, 0.007561657689317751, 0.00792430813493815, 0.007341306082202613, 0.007281014945571466, 0.007723640865757868, 0.007224381395644741, 0.0076584103919433094, 0.00767847509632702, 0.007337477531513691, 0.0072877882325378274, 0.007053522940825335, 0.007674271501148016, 0.00723087158823748, 0.007173926859751292, 0.0072641485247812755, 0.007590797916944009, 0.0069495904701600214, 0.0070418282256367905], "train_loss": [0.029753131138932076, 0.011936354916542768, 0.010871688982660999, 0.009498603980318876, 0.009354472249469836, 0.008726710629161971, 0.008706248103408143, 0.008181192097254097, 0.008524126172233082, 0.007902988592832116, 0.007598084800520155, 0.007567926357296528, 0.007469411523743474, 0.007126617464564333, 0.0073665607797011035, 0.007118058165360708, 0.006838227091975568, 0.006709677832986927, 0.00665661836774234, 0.006361643225318403, 0.006665190617241024, 0.006178652741255064, 0.006017136429363745, 0.006114492416600115, 0.005889392539756955, 0.005692482075573935, 0.0057389791145396885, 0.005583027065767965, 0.005620227248982701, 0.005324081801518332], "train_size": 1024, "val_size": 576, "rand_seed": 644, "shuffle": true, "loss_name": "mean_squared_error", "img_dim": [256, 256, 3], "patch_dim": [128, 128, 3], "patches_per_image": 4, "density_map_sigma": 5, "density_map_multiplication_factor": 100.0, "sub_experiment_name": "vgg_cells/n_64_sigma_5_randseed_644_loss_mse_patch_4_128x128", "architecture": "UNet"}