{"val_loss": [0.08689614845795578, 0.054566025733947754, 0.052507419285646985, 0.043756032017258445, 0.0335213015002481, 0.03307668724505419, 0.027784433100749267, 0.024502667666444284, 0.024033877930572527, 0.024127565303377892, 0.14876014077931307, 0.02261547805490286, 0.020195508692308926, 0.021070131283839433, 0.02487050446817714], "train_mae": [19.896, 8.75, 11.885, 15.35, 5.57, 5.198, 3.481, 4.651, 2.942, 5.338, 11.952, 3.717, 3.115, 3.79, 7.327], "train_rmse": [22.713, 10.639, 13.78, 17.066, 7.245, 6.514, 4.689, 6.005, 4.224, 6.318, 14.862, 4.659, 4.039, 5.125, 8.314], "train_underestimate": [1.524, 4.198, 2.559, 0.475, 12.094, 4.918, 4.206, 10.335, 4.781, 11.84, 13.949, 2.403, 1.483, 7.999, 17.209], "train_overestimate": [45.251, 16.372, 25.382, 35.612, 1.0, 7.303, 3.977, 0.6, 2.135, 0.71, 14.151, 6.335, 5.84, 0.911, 0.017], "train_difference": [46.775, 20.571, 27.941, 36.087, 13.094, 12.221, 8.183, 10.935, 6.916, 12.551, 28.1, 8.738, 7.323, 8.911, 17.226], "val_mae": [20.793, 8.952, 11.704, 14.881, 6.682, 5.472, 3.282, 5.369, 3.644, 5.725, 11.176, 3.564, 3.426, 4.763, 8.975], "val_rmse": [23.854, 11.253, 13.566, 16.671, 8.465, 7.443, 4.481, 6.816, 4.948, 6.808, 13.84, 4.864, 4.432, 5.999, 9.868], "val_underestimate": [2.439, 5.723, 3.043, 0.929, 14.251, 7.461, 4.506, 11.629, 6.564, 12.521, 14.944, 2.959, 1.921, 9.427, 20.014], "val_overestimate": [43.93, 14.24, 23.057, 32.257, 0.651, 4.741, 2.814, 0.344, 1.561, 0.246, 9.979, 4.989, 5.719, 1.195, 0.0], "val_difference": [46.37, 19.963, 26.1, 33.186, 14.902, 12.202, 7.32, 11.974, 8.126, 12.767, 24.922, 7.948, 7.639, 10.622, 20.014], "train_loss": [0.2028065674389816, 0.06479418088940697, 0.04473650276816139, 0.03717926893641965, 0.03146507967625641, 0.028371302818931226, 0.02453943431687852, 0.022563138963240716, 0.019615296480575733, 0.01896065066749644, 0.036875297871107854, 0.03144298401894048, 0.016699800930736173, 0.0141238195050068, 0.013903519625956607], "train_size": 900, "val_size": 89, "rand_seed": 9001, "shuffle": true, "loss_name": "mean_squared_error", "img_dim": [720, 1280, 3], "patch_dim": [720, 1280, 3], "patches_per_image": 1, "density_map_sigma": 10, "density_map_multiplication_factor": 2000.0, "sub_experiment_name": "carpk/sigma_10_loss_mse_full_img_epochs_15", "architecture": "UNet"}