{"val_loss": [0.18442676760605536, 0.1710501316236332, 0.14915354722761548, 0.15682451731408947, 0.1313398494501598, 0.12769384772982448, 0.1272564226994291, 0.11867533781914971, 0.11542436658055522, 0.11492278438527137, 0.11151249271351844, 0.10900487827020697, 0.11010868243174628, 0.11434372397488915, 0.10260069586220197, 0.10869254603749141, 0.10142546868300997, 0.10416178603190929, 0.10014979935367592, 0.1071853770466987, 0.10329186988528818, 0.09360756072564982, 0.09681928135687486, 0.09388311933726072, 0.09325630449457094, 0.09479941233876162, 0.09252387614687904, 0.08978604845469818, 0.10999842156888917, 0.09030798019957728, 0.09226541433599778, 0.09570369780703913, 0.08822999692638404, 0.08954181434819475, 0.08836291926563718, 0.08656989638693631, 0.08915722330566496, 0.08910482226056046, 0.08831190734636038, 0.09331007425498683, 0.0988873558002524, 0.09181214325362816, 0.08476484760758467, 0.0857922542054439, 0.08507763739034999, 0.08525844952382614, 0.08392332022485789, 0.08261199096159544, 0.08541409966710489, 0.08275926378264557], "train_loss": [0.13866190911930487, 0.127109021889221, 0.11423837319074846, 0.10907361617524959, 0.1033160904461679, 0.09511417402815786, 0.09614910363956124, 0.09112907175652006, 0.08747305157908229, 0.08481415988604442, 0.08348503796862537, 0.07805425431477168, 0.07976087028008147, 0.07811348275504101, 0.07386961696704084, 0.07504550505832398, 0.07326199860293067, 0.0717204878848268, 0.06875022147912795, 0.06805167330150146, 0.06754371322502402, 0.06724671009478383, 0.06420221022964487, 0.06412726326252197, 0.06446166479738201, 0.06093482833841398, 0.05730055179903108, 0.059106215722581554, 0.05986593696208478, 0.06180612808653609, 0.05789339987349078, 0.055764979473753105, 0.055483736290591314, 0.055120599963851886, 0.057135774233585755, 0.05464152373347233, 0.051629124702316447, 0.05284498754892787, 0.05204248250336941, 0.0505826845287957, 0.051544095458974475, 0.047851682905557344, 0.04890641808788274, 0.04926204600781611, 0.04830652976344372, 0.04653838284982976, 0.048225142681375614, 0.04530196550972234, 0.04703325471278064, 0.04526715258110481], "train_size": 1276, "val_size": 320, "rand_seed": 3201, "shuffle": true, "loss_name": "logcosh", "img_dim": [768, 1024, 3], "patch_dim": [256, 256, 3], "patches_per_image": 16, "density_map_sigma": 10, "density_map_multiplication_factor": 2000.0, "sub_experiment_name": "shanghai_tech/part_b/sigma_10_loss_logcosh_patch_16_256x256_epochs_50_lr_1e-4", "architecture": "FCRN_A"}