{"val_loss": [0.024525691590764943, 0.019372426151462337, 0.014388755867805551, 0.015526754404966007, 0.012227067138369688, 0.010493368598605123, 0.009661767501657939, 0.009419963681412971, 0.009485011783373706, 0.008832333667669445, 0.00785710518453818, 0.007418061298427775, 0.007197088209282169, 0.0075346458778607055, 0.006631755792220835, 0.007781859843389076, 0.0066097128506311595, 0.007341563990955953, 0.00628423406947952, 0.0060542449766003035, 0.006021361869951601, 0.01184583516613416, 0.007614732921972652, 0.006483582430519164, 0.006013793382889536, 0.005589844302876908, 0.005265345262801822, 0.007742069473298376, 0.006171341367435697, 0.006427371217047467, 0.005540503834387945, 0.005193144846570623, 0.005069195611320217, 0.004860120185185224, 0.005688382251023808, 0.00498150080880698, 0.004905641746625085, 0.004532019150621422, 0.004739289545207559, 0.004779957907671547, 0.004647427308715551, 0.0048030563886962176, 0.004490649298531935, 0.005152360623469576, 0.004718764835749479, 0.004633465047364178, 0.004753179558867808, 0.004554402137942174, 0.004375379118274021, 0.004706697778173667, 0.004542825608308811, 0.0043500781997435675, 0.004721704700975405, 0.004426362359321073, 0.005169498884831281, 0.004322918445241693, 0.0044348983587149315, 0.004566189963952638, 0.0050835317730054475, 0.004875919658361989, 0.0046259501421659745, 0.004674768407473012, 0.0064234742706449815, 0.005348461445571636, 0.00434957688626395, 0.004447426052887321, 0.0043558883412248076, 0.004546538240153014, 0.005380310296245357, 0.004714312892140108, 0.004185123927206458, 0.004319521701237296, 0.004124627210651799, 0.004201003367437378, 0.004240343643366085, 0.004253084920278257, 0.004361254197326215, 0.004386222075588782, 0.0041364670340793535, 0.004953358131495085, 0.0043745956337421805, 0.004394698304274832, 0.004115758801002384, 0.0045178083322860085, 0.005315822050975198, 0.0045519229812164075, 0.0051690446253975526, 0.0042939457703409165, 0.004074471751022536, 0.004808680772411582, 0.00453914823147523, 0.004218156389577095, 0.004209090674789075, 0.004097902695374454, 0.004260165058761178, 0.004329867179930101, 0.004499862898442456, 0.004662582839099581, 0.004529630309929524, 0.004192497065934517], "train_mae": [19.973, 26.849, 14.533, 44.814, 22.061, 6.708, 7.084, 19.469, 30.652, 27.03, 14.329, 8.152, 10.845, 21.484, 12.177, 32.779, 4.927, 28.71, 8.373, 9.087, 6.08, 55.611, 27.271, 16.177, 17.561, 9.702, 4.749, 39.835, 13.363, 24.114, 14.577, 6.936, 8.185, 7.969, 17.368, 12.643, 10.02, 4.827, 5.243, 16.063, 5.342, 13.681, 4.642, 21.46, 5.223, 7.437, 6.482, 7.007, 4.211, 14.145, 3.309, 9.741, 13.158, 9.76, 20.462, 5.577, 7.727, 11.983, 17.612, 17.206, 11.223, 5.651, 29.39, 23.027, 6.632, 3.928, 6.885, 11.681, 27.551, 13.665, 8.634, 4.604, 8.022, 6.749, 4.054, 10.576, 5.188, 7.904, 11.156, 21.446, 4.575, 11.763, 6.405, 9.251, 21.677, 4.902, 26.636, 3.461, 3.89, 23.043, 4.022, 11.576, 5.23, 3.115, 9.731, 14.518, 9.795, 20.444, 12.457, 5.56], "train_rmse": [23.075, 30.349, 16.361, 48.699, 25.424, 7.648, 8.834, 20.882, 31.478, 27.711, 15.452, 9.385, 12.093, 22.203, 13.673, 34.073, 5.917, 30.499, 10.035, 10.43, 7.075, 57.44, 28.413, 17.053, 19.093, 11.223, 6.474, 41.24, 14.907, 25.281, 15.577, 8.216, 9.638, 9.351, 18.071, 14.594, 11.147, 5.892, 6.341, 17.157, 6.93, 14.625, 5.647, 22.703, 6.831, 8.486, 7.923, 8.028, 4.935, 15.773, 4.454, 11.188, 14.246, 10.697, 21.574, 6.555, 8.673, 13.776, 18.484, 18.121, 12.151, 7.157, 30.789, 23.858, 7.752, 4.709, 8.466, 13.433, 28.708, 14.619, 9.529, 5.89, 9.148, 7.738, 4.852, 12.025, 6.011, 8.972, 12.395, 22.526, 6.134, 13.093, 7.51, 10.244, 22.728, 5.89, 27.056, 4.255, 4.694, 23.919, 5.064, 12.793, 6.0, 3.895, 10.932, 15.203, 10.49, 20.854, 12.892, 6.283], "train_underestimate": [2.947, 0.288, 1.738, 23.475, 11.548, 0.559, 3.506, 10.198, 16.056, 14.159, 7.506, 4.02, 5.649, 11.254, 6.29, 17.17, 1.359, 15.039, 0.112, 4.291, 2.465, 29.13, 14.285, 8.474, 9.199, 5.0, 0.566, 20.866, 6.967, 12.631, 7.635, 2.843, 4.206, 3.904, 9.097, 6.537, 5.223, 1.972, 2.018, 8.414, 0.126, 7.166, 0.569, 11.241, 0.189, 3.052, 0.028, 3.012, 1.652, 7.395, 0.568, 5.001, 6.892, 0.0, 10.718, 2.662, 4.017, 6.277, 0.0, 9.013, 0.0, 0.063, 15.395, 12.062, 3.065, 1.076, 0.088, 6.094, 14.432, 7.158, 4.512, 0.264, 4.176, 3.498, 1.952, 5.449, 2.6, 0.0, 5.844, 11.234, 0.357, 6.162, 3.188, 0.0, 11.355, 0.022, 13.952, 0.878, 1.393, 12.07, 0.229, 6.064, 2.671, 1.327, 5.096, 7.605, 0.0, 10.709, 0.0, 2.838], "train_overestimate": [7.515, 13.775, 5.875, 0.0, 0.008, 2.955, 0.205, 0.0, 0.0, 0.0, 0.0, 0.25, 0.032, 0.0, 0.088, 0.0, 1.221, 0.0, 4.274, 0.469, 0.72, 0.0, 0.0, 0.0, 0.0, 0.082, 1.921, 0.0, 0.033, 0.0, 0.0, 0.79, 0.081, 0.27, 0.0, 0.085, 0.025, 0.556, 0.728, 0.0, 2.673, 0.0, 1.863, 0.0, 2.547, 0.843, 3.367, 0.658, 0.554, 0.015, 1.165, 0.102, 0.0, 5.113, 0.0, 0.259, 0.031, 0.0, 9.225, 0.0, 5.879, 2.897, 0.0, 0.0, 0.409, 0.982, 3.518, 0.025, 0.0, 0.0, 0.01, 2.148, 0.026, 0.037, 0.171, 0.091, 0.118, 4.14, 0.0, 0.0, 2.039, 0.0, 0.167, 4.846, 0.0, 2.545, 0.0, 0.935, 0.645, 0.0, 1.878, 0.0, 0.069, 0.304, 0.001, 0.0, 5.131, 0.0, 6.525, 0.074], "train_difference": [10.462, 14.064, 7.613, 23.475, 11.556, 3.514, 3.711, 10.198, 16.056, 14.159, 7.506, 4.27, 5.681, 11.254, 6.379, 17.17, 2.581, 15.039, 4.386, 4.76, 3.185, 29.13, 14.285, 8.474, 9.199, 5.082, 2.487, 20.866, 7.0, 12.631, 7.635, 3.633, 4.287, 4.174, 9.097, 6.623, 5.249, 2.529, 2.746, 8.414, 2.798, 7.166, 2.431, 11.241, 2.736, 3.896, 3.395, 3.67, 2.206, 7.41, 1.733, 5.102, 6.892, 5.113, 10.718, 2.921, 4.048, 6.277, 9.225, 9.013, 5.879, 2.96, 15.395, 12.062, 3.474, 2.058, 3.607, 6.119, 14.432, 7.158, 4.522, 2.412, 4.202, 3.535, 2.123, 5.54, 2.718, 4.14, 5.844, 11.234, 2.396, 6.162, 3.355, 4.846, 11.355, 2.568, 13.952, 1.813, 2.038, 12.07, 2.107, 6.064, 2.739, 1.632, 5.097, 7.605, 5.131, 10.709, 6.525, 2.913], "val_mae": [24.006, 31.147, 17.105, 39.616, 19.199, 7.475, 6.368, 18.49, 29.134, 26.083, 13.891, 7.021, 9.876, 20.127, 11.181, 29.112, 4.861, 24.803, 10.508, 8.499, 5.856, 50.642, 25.018, 14.091, 14.751, 8.296, 5.328, 35.232, 11.391, 21.51, 12.896, 7.263, 6.937, 6.796, 15.799, 10.576, 8.462, 4.352, 5.54, 13.878, 7.179, 11.703, 5.688, 18.482, 6.394, 7.539, 6.533, 6.695, 3.415, 11.595, 3.51, 7.778, 10.944, 11.01, 18.044, 4.279, 6.454, 9.816, 17.055, 14.701, 12.853, 6.163, 25.831, 20.808, 5.921, 3.926, 9.567, 9.565, 24.684, 11.438, 7.118, 6.663, 6.319, 5.247, 3.23, 8.358, 4.941, 10.142, 9.069, 18.447, 5.394, 9.704, 4.994, 10.299, 18.92, 6.232, 24.422, 4.502, 4.173, 20.559, 4.795, 9.354, 4.258, 2.844, 7.773, 12.231, 11.614, 19.003, 13.578, 4.634], "val_rmse": [28.517, 34.387, 19.945, 45.9, 24.354, 8.382, 9.112, 20.462, 30.388, 26.935, 15.013, 8.828, 11.369, 20.946, 12.492, 31.572, 6.191, 28.169, 12.049, 10.336, 7.436, 53.877, 26.969, 15.402, 17.37, 10.149, 6.45, 37.865, 13.735, 23.458, 14.133, 8.657, 8.712, 8.521, 16.736, 13.181, 9.972, 5.61, 6.762, 15.482, 8.314, 12.989, 6.616, 20.445, 7.661, 8.78, 7.705, 7.973, 4.58, 14.086, 4.37, 9.563, 12.561, 11.809, 19.658, 5.697, 7.664, 12.135, 18.206, 16.211, 13.671, 7.524, 28.062, 21.991, 7.327, 4.967, 11.052, 12.003, 26.39, 13.031, 8.388, 7.644, 7.767, 6.701, 4.31, 10.315, 6.002, 11.225, 10.788, 20.302, 7.247, 11.581, 6.661, 11.181, 20.671, 7.149, 25.127, 5.66, 5.179, 21.967, 5.89, 11.18, 5.347, 3.86, 9.461, 13.419, 12.397, 19.519, 14.149, 5.743],