{"val_loss": [0.012094114943465684, 0.006354815549558326, 0.005195458834754795, 0.004748278016247948, 0.0042629618591389674, 0.0043026902805852136, 0.0040114311952695264, 0.004009640385346656, 0.004100701169287883, 0.004023036902051697, 0.004091125789778339, 0.003951521314370944, 0.004452045584609247, 0.003830931427829556, 0.003852799063679413, 0.004135471242079802, 0.003758882381791611, 0.00409868442966399, 0.004097212420977788, 0.004214113645502948, 0.003953598391389177, 0.003926340900660661, 0.004779236105807488, 0.004210486709376305, 0.004248625184724612, 0.003984517364390033, 0.00399476847643301, 0.003939779744188045, 0.0040785553930820445, 0.004066027919078705, 0.003917075604780014, 0.003972946910531998, 0.004596796765933202, 0.003945673726169237, 0.0038628112412576834, 0.003945308022088688, 0.003957748796488482, 0.004361016981521162, 0.0045990601964957835, 0.0043421783213185945, 0.004600233745097487, 0.004897700584883246, 0.004187989299882449, 0.005049537933902886, 0.004230058501586124, 0.005249926302086452, 0.0046245421532754944, 0.004403771871289387, 0.00435130904366411, 0.004399144455621556], "train_loss": [0.059980707796057686, 0.010024713112215977, 0.006293159884080524, 0.005305334547301754, 0.004518423920671921, 0.004554438950435724, 0.003992776648374274, 0.0037466897774720564, 0.0036884056971757673, 0.0037565863312920555, 0.0035229861859988887, 0.0035033258245675825, 0.0033801073441281915, 0.0033008544050971977, 0.00334092806224362, 0.0031354963102785405, 0.0030867737805237994, 0.003014903842995409, 0.0029775588045595214, 0.0029964147688588127, 0.0029257506976136938, 0.0027428480207163375, 0.0027989202208118513, 0.002813072151184315, 0.002584364112408366, 0.0024928880702645984, 0.0030123510277917376, 0.0023416401127178688, 0.002395510829956038, 0.0024605260532553075, 0.002418117601337144, 0.0021216240002104314, 0.0024813434702082304, 0.0021272972680890234, 0.0019594603108998854, 0.0021285655166138895, 0.0019600514133344404, 0.0019430440497671952, 0.002370199959841557, 0.0018452569856890477, 0.001740773906931281, 0.0016771096925367601, 0.0016697554146958282, 0.001582186872838065, 0.0016162470710696653, 0.001571986647832091, 0.001640338570723543, 0.001524700885056518, 0.0014042260445421562, 0.001300603313211468], "train_size": 1024, "val_size": 576, "rand_seed": 643, "shuffle": true, "loss_name": "logcosh", "img_dim": [256, 256, 3], "patch_dim": [256, 256, 3], "patches_per_image": 1, "density_map_sigma": 5, "density_map_multiplication_factor": 100.0, "sub_experiment_name": "vgg_cells/n_64_sigma_5_randseed_643_loss_logcosh_full_img", "architecture": "FCRN_A"}