{"val_loss": [0.056623053167843156, 0.04465141918303238, 0.0527161436362399, 0.03926350484188232, 0.03297009725227124, 0.03398416946745581, 0.03321076826088958, 0.029261796321305964, 0.027119665587734845, 0.02573906992458635, 0.02427896551994814, 0.021402010629470978, 0.019109650903070968, 0.017487100325524807, 0.015894463169388473, 0.015361471205121942, 0.014809823336286677, 0.013972604492058357, 0.013494267335368527, 0.012687945997135507, 0.01358272674648712, 0.011796653891603151, 0.012243384611792862, 0.012024968215781782, 0.010732334055420425, 0.011063834704044793, 0.010473244150893556, 0.009802653150270797, 0.00988101525258066, 0.008957705305268368, 0.00899197741334016, 0.009112177947018709, 0.01181758010190808, 0.007912150506551066, 0.00871663148023395, 0.00884434329216472, 0.007873096535654945, 0.007126337460552652, 0.0074163197358656265, 0.007310415947965036, 0.0065297700283635, 0.006605223681415535, 0.010806150016530106, 0.006348965925604312, 0.006777048537818094, 0.006472653107872854, 0.005850550126827632, 0.005896234593819827, 0.006044658156396408, 0.005500778649649065, 0.005841212276007152, 0.005449834321754881, 0.005604585451591346, 0.005112904858025204, 0.005461383944040992, 0.010274931775509484, 0.005212655129273319, 0.011024028567286829, 0.007391974763272123, 0.0067613410064950585, 0.008699017854976572, 0.010942423884342942, 0.00786264923064866, 0.006350779475825321, 0.006297217080524812, 0.006669943638068314, 0.005920967132422245, 0.005522986673491282, 0.005569676444995114, 0.0055518482760008835, 0.00521837057506976, 0.005125877654386891, 0.004916448737882699, 0.004702838816835235, 0.004907928274608114, 0.004788197716051299, 0.0046643431996926665, 0.004602482096136858, 0.0044392209383659065, 0.004361232044175267, 0.004408054694067687, 0.004419210315164592, 0.004284194785416023, 0.004161855551905723, 0.004164455836871639, 0.004133517473949016, 0.004108419399320458, 0.004019713640445843, 0.004004078487115394, 0.003948087356143838, 0.0039999954897211865, 0.004211426342307176, 0.004234015049102406, 0.003912718914863136, 0.003926775644585077, 0.0038135707404257525, 0.003844820296055534, 0.004026431242689594, 0.0041693913355831886, 0.005192436455723105], "train_mae": [115.513, 72.565, 125.702, 58.673, 24.674, 54.616, 41.932, 32.992, 32.59, 29.588, 52.791, 33.558, 37.935, 27.189, 19.477, 18.287, 20.24, 15.726, 14.595, 12.411, 34.514, 8.014, 22.379, 29.792, 5.669, 16.831, 21.752, 13.561, 16.707, 4.425, 19.602, 26.608, 52.877, 7.897, 24.109, 31.201, 18.287, 4.59, 19.793, 20.243, 8.816, 17.632, 54.603, 10.367, 23.261, 18.172, 5.153, 9.858, 17.834, 5.224, 17.942, 10.087, 16.371, 6.441, 16.752, 60.03, 9.855, 57.458, 40.735, 18.529, 35.367, 61.894, 31.081, 12.971, 17.509, 23.047, 6.396, 6.241, 17.232, 14.945, 12.891, 12.256, 7.233, 5.333, 13.986, 9.225, 10.727, 8.277, 8.398, 4.797, 9.908, 9.311, 6.528, 3.669, 5.292, 7.424, 6.664, 3.722, 4.146, 4.116, 7.945, 14.819, 15.451, 6.393, 6.429, 3.345, 7.42, 12.648, 15.139, 28.306], "train_rmse": [125.826, 83.14, 126.505, 70.283, 29.148, 58.091, 54.073, 37.732, 37.264, 38.542, 55.945, 44.148, 41.638, 35.871, 23.98, 21.466, 27.147, 20.715, 16.64, 17.025, 38.922, 10.636, 23.527, 32.587, 7.877, 18.057, 23.921, 15.715, 18.077, 6.077, 20.894, 27.727, 54.301, 9.122, 26.465, 32.181, 19.925, 6.129, 20.996, 21.746, 10.624, 18.525, 56.218, 11.55, 24.509, 19.655, 6.571, 11.499, 18.914, 6.658, 19.261, 11.285, 17.436, 7.76, 18.259, 62.092, 10.861, 59.828, 41.675, 21.277, 38.327, 63.027, 34.048, 15.894, 18.574, 24.964, 7.835, 7.656, 19.111, 15.934, 14.797, 13.454, 8.528, 6.671, 15.317, 10.615, 11.941, 9.656, 9.452, 6.041, 11.114, 10.352, 7.81, 4.713, 6.259, 8.595, 7.766, 4.653, 5.045, 5.288, 9.073, 15.804, 16.4, 7.229, 7.269, 4.467, 8.449, 13.659, 16.462, 29.908], "train_underestimate": [62.95, 39.545, 0.0, 31.974, 4.626, 0.209, 22.437, 1.464, 1.505, 13.799, 0.212, 17.241, 0.531, 13.116, 5.852, 3.043, 9.754, 6.684, 1.364, 5.666, 18.809, 2.44, 0.017, 16.235, 1.892, 0.016, 11.854, 7.387, 0.0, 1.101, 10.682, 14.5, 28.816, 4.048, 0.0, 17.003, 0.0, 0.967, 10.786, 0.0, 0.136, 9.609, 29.756, 5.544, 0.0, 9.903, 0.517, 0.036, 9.719, 0.483, 0.0, 5.396, 8.921, 3.288, 0.0, 0.0, 5.295, 31.312, 0.0, 10.094, 19.274, 0.0, 16.938, 7.037, 0.0, 12.56, 0.195, 0.178, 9.391, 0.0, 6.977, 0.0, 3.765, 0.296, 7.622, 0.026, 5.802, 0.066, 4.497, 0.254, 5.364, 0.033, 3.416, 0.495, 0.191, 3.975, 3.539, 0.338, 0.263, 1.979, 4.296, 8.076, 8.42, 0.058, 0.054, 1.426, 4.006, 6.892, 8.25, 15.425], "train_overestimate": [0.0, 0.0, 68.502, 0.0, 8.82, 29.554, 0.414, 16.515, 16.255, 2.325, 28.557, 1.047, 20.142, 1.7, 4.763, 6.922, 1.276, 1.886, 6.59, 1.097, 0.0, 1.927, 12.179, 0.0, 1.198, 9.156, 0.0, 0.003, 9.105, 1.31, 0.0, 0.0, 0.0, 0.255, 13.138, 0.0, 9.966, 1.534, 0.0, 11.031, 4.668, 0.0, 0.0, 0.105, 12.676, 0.0, 2.291, 5.336, 0.0, 2.364, 9.778, 0.101, 0.0, 0.222, 9.129, 32.714, 0.075, 0.0, 22.199, 0.004, 0.0, 33.73, 0.0, 0.031, 9.542, 0.0, 3.291, 3.223, 0.0, 8.145, 0.048, 6.679, 0.176, 2.61, 0.0, 5.002, 0.043, 4.445, 0.08, 2.36, 0.035, 5.042, 0.141, 1.504, 2.692, 0.071, 0.093, 1.691, 1.997, 0.264, 0.034, 0.0, 0.0, 3.426, 3.449, 0.397, 0.038, 0.0, 0.0, 0.0], "train_difference": [62.95, 39.545, 68.502, 31.974, 13.446, 29.763, 22.851, 17.979, 17.76, 16.124, 28.769, 18.288, 20.673, 14.817, 10.614, 9.966, 11.03, 8.57, 7.954, 6.763, 18.809, 4.367, 12.196, 16.235, 3.089, 9.172, 11.854, 7.39, 9.105, 2.411, 10.682, 14.5, 28.816, 4.304, 13.138, 17.003, 9.966, 2.501, 10.786, 11.031, 4.804, 9.609, 29.756, 5.65, 12.676, 9.903, 2.808, 5.372, 9.719, 2.847, 9.778, 5.497, 8.921, 3.51, 9.129, 32.714, 5.371, 31.312, 22.199, 10.098, 19.274, 33.73, 16.938, 7.069, 9.542, 12.56, 3.486, 3.401, 9.391, 8.145, 7.025, 6.679, 3.942, 2.906, 7.622, 5.027, 5.846, 4.51, 4.576, 2.614, 5.4, 5.074, 3.558, 1.999, 2.884, 4.046, 3.631, 2.029, 2.259, 2.243, 4.33, 8.076, 8.42, 3.484, 3.504, 1.823, 4.044, 6.892, 8.25, 15.425], "val_mae": [108.879, 67.303, 125.532, 53.937, 21.127, 55.492, 39.128, 33.389, 32.822, 26.075, 53.184, 30.798, 38.32, 24.001, 15.433, 15.436, 17.791, 12.918, 13.163, 10.341, 32.949, 6.693, 21.628, 28.922, 5.155, 15.854, 21.424, 13.64, 15.418, 5.34, 19.821, 26.651, 51.985, 9.051, 22.003, 31.13, 16.799, 5.516, 19.892, 18.815, 8.979, 17.91, 53.236, 10.494, 21.967, 17.975, 5.908, 9.971, 17.829, 5.866, 16.821, 10.083, 16.356, 7.108, 15.561, 57.339, 9.951, 55.6, 39.038, 17.763, 33.854, 59.72, 29.782, 12.437, 16.686, 22.251, 7.08, 6.986, 16.599, 14.594, 12.078, 12.152, 6.852, 6.128, 13.732, 9.38, 10.394, 8.512, 8.173, 5.585, 9.651, 9.451, 6.146, 4.491, 5.891, 7.188, 6.436, 4.402, 4.751, 4.5, 7.776, 14.533, 15.161, 6.684, 6.796, 3.973, 7.273, 12.402, 14.678, 27.299], "val_rmse": [118.641, 76.978, 126.009, 64.302, 26.394, 58.196, 48.368, 36.776, 36.173, 33.257, 55.623, 38.862, 40.753, 30.996, 19.885, 18.453, 23.28, 17.202, 14.733, 14.152, 36.332, 8.467, 22.75, 30.952, 6.846, 17.431, 22.998, 15.279, 17.396, 6.641, 20.937, 27.635, 53.258, 10.788, 25.375, 32.065, 19.242, 7.222, 21.137, 21.171, 11.012, 19.165, 54.782, 12.278, 23.956, 19.555, 7.541, 11.803, 19.139, 7.656, 18.874, 11.867, 17.636, 8.828, 17.821, 59.964, 11.559, 57.786, 40.401, 20.015, 36.302, 61.332, 32.187, 14.805, 18.184, 23.833, 8.442, 8.318, 18.355, 15.945, 14.147, 13.799, 8.822, 7.512, 15.052, 10.868, 11.872, 10.181, 9.816, 6.975, 11.298, 10.802, 8.196, 5.749, 6.908, 8.938, 8.222, 5.555, 5.811, 6.014, 9.354, 15.659, 16.254, 7.805, 7.789, 5.387, 8.837, 13.587, 16.034, 28.804],