{"val_loss": [0.03015483453283819, 0.022258388893574142, 0.016595879077827662, 0.013447234925050079, 0.012048845205539734], "train_mae": [11.484, 10.951, 5.727, 4.249, 3.812], "train_rmse": [14.6, 12.923, 8.779, 5.827, 5.407], "train_underestimate": [22.871, 1.998, 11.3, 5.944, 7.481], "train_overestimate": [4.127, 23.749, 2.164, 4.045, 1.481], "train_difference": [26.998, 25.747, 13.464, 9.989, 8.962], "val_mae": [11.116, 11.225, 7.262, 4.321, 4.37], "val_rmse": [14.634, 13.295, 10.334, 6.285, 6.118], "val_underestimate": [21.777, 4.116, 14.615, 6.056, 8.472], "val_overestimate": [3.012, 20.916, 1.579, 3.579, 1.273], "val_difference": [24.789, 25.032, 16.193, 9.635, 9.746], "train_loss": [0.04712003925582394, 0.023701322475034328, 0.01681262295292173, 0.013252777625522058, 0.010929039521466215], "train_size": 900, "val_size": 89, "rand_seed": 9001, "shuffle": true, "loss_name": "logcosh", "img_dim": [720, 1280, 3], "patch_dim": [720, 1280, 3], "patches_per_image": 1, "density_map_sigma": 10, "density_map_multiplication_factor": 2000.0, "sub_experiment_name": "carpk/sigma_10_loss_logcosh_full_img_epochs_5", "architecture": "UNet"}