{"val_loss": [0.08146286435658112, 0.05283696859345689, 0.03675914427388788, 0.03380009181701633, 0.027774032109471804, 0.02197877642174717, 0.020914691742184327, 0.020268164748866932, 0.016425393627073123, 0.01759318536150043, 0.01458391538279316, 0.0134749405513182, 0.013344578082443844, 0.012063394238151993, 0.012088259079438798, 0.014325508679843658, 0.011988527222188971, 0.013284189230248825, 0.01112513219114215, 0.01052644920106532, 0.011806858916529831, 0.010330311706852894, 0.010369712557054727, 0.010228667407157927, 0.012203607301083086, 0.009922083210874596, 0.010630198852167642, 0.009747469573566751, 0.009592850099151666, 0.010696611591436736, 0.009760669589655557, 0.009483026253078338, 0.00935226052399016, 0.009468026626885095, 0.009453523502944497, 0.01206569721997606, 0.01050902355756775, 0.00994035219628131, 0.009369210490095772, 0.00964175578979741, 0.01059825638838126, 0.01029716630685417, 0.01147231727715253, 0.010934278477019261, 0.009051824946843279, 0.010145245503843077, 0.009637743018495659, 0.010972408889381982, 0.009208267248194554, 0.009340907940735206, 0.010611597319974167, 0.009533540674323483, 0.009360798183479346, 0.010836366397009389, 0.009852259891939705, 0.009404826394850662, 0.009201875032137168, 0.009645358783660306, 0.009101706313766259, 0.009183684169543353, 0.009251656429649516, 0.009401321811845479, 0.009003140214404352, 0.0095079517323029, 0.008979362309807637, 0.009104356759588187, 0.009041075174750671, 0.010452342608914478, 0.010965622221299461, 0.009087961925936671, 0.009200673568664249, 0.008963249662295258, 0.009203841956203926, 0.009588745015421677, 0.009718228266672882, 0.009021538607746205, 0.009547555149123688, 0.008919950649857022, 0.008981649836855735, 0.009263124932284187, 0.009190930401981698, 0.009837034450302942, 0.009650276559434989, 0.009718606407392038, 0.009272836772866225, 0.009445966952946893, 0.009085338449521634, 0.009529919543210245, 0.011027598374151721, 0.009088090426945094, 0.011378383982767392, 0.009417448776944452, 0.009716203703432898, 0.009211476656620268, 0.008999724962182775, 0.009175262698002317, 0.009132398382194772, 0.009036453070888562, 0.009483707010611611, 0.00936659289532947], "train_mae": [57.783, 25.979, 27.118, 24.695, 19.081, 11.721, 24.227, 19.595, 12.639, 26.733, 5.971, 9.24, 12.46, 4.297, 5.561, 20.239, 11.359, 14.605, 10.608, 5.65, 9.997, 4.282, 5.388, 7.178, 23.236, 5.613, 13.865, 2.992, 4.136, 6.518, 5.658, 4.648, 3.36, 5.269, 4.581, 20.734, 17.866, 3.438, 2.565, 2.426, 6.154, 6.742, 13.26, 11.554, 3.514, 8.766, 8.679, 11.322, 6.3, 3.801, 16.782, 4.966, 4.86, 21.026, 3.497, 2.624, 5.005, 3.748, 2.629, 2.804, 5.425, 4.395, 2.606, 3.475, 4.083, 7.042, 2.541, 13.867, 17.538, 4.192, 2.184, 2.719, 8.835, 7.488, 10.248, 5.58, 12.554, 4.268, 2.389, 8.014, 4.892, 11.198, 5.265, 12.232, 10.425, 10.092, 2.33, 7.965, 14.949, 6.236, 24.471, 2.48, 9.761, 6.389, 3.171, 2.153, 3.698, 2.02, 4.974, 1.964], "train_rmse": [66.4, 32.967, 33.929, 32.578, 24.298, 16.558, 26.423, 23.407, 15.47, 29.119, 7.828, 11.061, 14.513, 5.674, 6.938, 22.501, 12.796, 16.434, 11.867, 6.852, 12.173, 5.59, 6.698, 8.302, 24.436, 6.757, 14.929, 3.826, 5.023, 7.893, 7.041, 5.712, 4.179, 6.021, 5.333, 21.473, 18.321, 4.312, 3.371, 3.305, 6.971, 7.943, 14.385, 12.349, 4.668, 9.659, 9.873, 12.415, 7.456, 4.605, 17.902, 5.864, 5.526, 22.03, 4.614, 3.352, 5.885, 5.241, 3.308, 3.57, 6.126, 5.452, 3.336, 4.26, 4.885, 8.181, 3.17, 14.791, 18.624, 5.144, 2.77, 3.471, 9.798, 8.46, 11.027, 6.608, 13.283, 5.238, 3.038, 9.065, 5.96, 12.129, 6.332, 13.202, 11.312, 10.701, 3.092, 8.443, 17.059, 6.745, 24.879, 3.284, 10.56, 7.256, 3.893, 2.745, 4.48, 2.496, 6.076, 2.512], "train_underestimate": [0.792, 5.467, 5.678, 13.26, 10.018, 0.761, 13.916, 0.214, 2.55, 0.052, 0.797, 0.199, 7.119, 0.661, 2.117, 11.579, 6.485, 0.008, 6.071, 0.147, 5.616, 1.992, 0.406, 0.03, 13.347, 2.941, 7.964, 1.303, 0.373, 1.526, 1.506, 2.518, 1.723, 2.973, 0.665, 0.0, 10.262, 1.384, 1.072, 0.543, 0.047, 0.024, 0.0, 0.002, 1.768, 0.007, 0.01, 0.0, 0.053, 2.044, 0.0, 0.045, 2.736, 12.077, 0.414, 0.853, 2.792, 0.346, 0.601, 1.414, 3.073, 0.046, 1.056, 0.475, 2.271, 0.01, 1.283, 0.0, 0.0, 2.165, 0.486, 0.318, 5.071, 0.028, 5.883, 3.16, 7.211, 2.369, 0.4, 4.586, 0.191, 0.0, 0.18, 7.026, 5.988, 5.797, 0.251, 0.0, 0.001, 0.002, 0.0, 0.986, 0.0, 0.03, 1.748, 0.222, 2.036, 0.225, 0.037, 0.801], "train_overestimate": [32.399, 9.455, 9.899, 0.925, 0.942, 5.972, 0.0, 11.041, 4.709, 15.303, 2.633, 5.109, 0.038, 1.807, 1.077, 0.046, 0.04, 8.381, 0.023, 3.098, 0.127, 0.468, 2.689, 4.093, 0.0, 0.283, 0.0, 0.416, 2.003, 2.218, 1.744, 0.152, 0.207, 0.054, 1.966, 11.909, 0.0, 0.591, 0.401, 0.85, 3.488, 3.849, 7.617, 6.634, 0.25, 5.028, 4.976, 6.504, 3.566, 0.139, 9.639, 2.807, 0.056, 0.0, 1.595, 0.655, 0.083, 1.807, 0.909, 0.197, 0.043, 2.478, 0.441, 1.521, 0.075, 4.035, 0.176, 7.965, 10.074, 0.243, 0.769, 1.244, 0.004, 4.274, 0.004, 0.045, 0.0, 0.083, 0.972, 0.017, 2.618, 6.432, 2.845, 0.0, 0.0, 0.0, 1.087, 4.575, 8.586, 3.58, 14.056, 0.438, 5.607, 3.639, 0.074, 1.015, 0.088, 0.935, 2.82, 0.327], "train_difference": [33.191, 14.923, 15.577, 14.185, 10.96, 6.732, 13.916, 11.255, 7.26, 15.356, 3.43, 5.308, 7.157, 2.468, 3.194, 11.625, 6.525, 8.389, 6.093, 3.246, 5.742, 2.46, 3.095, 4.123, 13.347, 3.224, 7.964, 1.719, 2.376, 3.744, 3.25, 2.67, 1.93, 3.027, 2.631, 11.909, 10.262, 1.975, 1.473, 1.393, 3.535, 3.873, 7.617, 6.637, 2.018, 5.035, 4.986, 6.504, 3.619, 2.184, 9.639, 2.852, 2.792, 12.077, 2.009, 1.507, 2.875, 2.153, 1.51, 1.611, 3.116, 2.524, 1.497, 1.996, 2.345, 4.045, 1.459, 7.965, 10.074, 2.408, 1.254, 1.562, 5.075, 4.301, 5.886, 3.205, 7.211, 2.452, 1.372, 4.603, 2.81, 6.432, 3.024, 7.026, 5.988, 5.797, 1.338, 4.575, 8.587, 3.582, 14.056, 1.425, 5.607, 3.67, 1.822, 1.237, 2.124, 1.16, 2.857, 1.128], "val_mae": [46.796, 28.079, 29.388, 35.498, 27.788, 17.275, 28.549, 27.833, 14.443, 28.953, 12.103, 12.861, 14.991, 7.729, 8.377, 23.135, 14.233, 20.533, 10.976, 7.85, 11.296, 5.913, 7.954, 8.79, 24.888, 7.1, 15.897, 5.923, 6.611, 10.296, 7.816, 6.33, 6.059, 6.858, 7.622, 25.848, 20.148, 8.677, 6.293, 7.504, 13.439, 12.647, 21.053, 18.591, 5.514, 12.805, 10.602, 16.197, 8.633, 7.744, 18.541, 8.689, 8.696, 23.827, 5.841, 5.994, 6.921, 7.033, 6.77, 6.542, 8.037, 7.818, 5.951, 8.702, 7.232, 8.747, 6.597, 16.499, 22.338, 6.807, 6.88, 5.846, 10.579, 9.892, 11.31, 7.496, 14.118, 7.32, 5.87, 9.736, 9.355, 12.373, 8.746, 14.701, 12.508, 13.144, 5.867, 10.373, 18.179, 8.363, 26.713, 6.561, 11.855, 7.819, 6.079, 5.901, 6.784, 5.944, 7.678, 6.263], "val_rmse": [55.305, 36.008, 38.931, 47.021, 36.327, 29.819, 33.689, 41.154, 18.471, 32.604, 18.801, 16.62, 18.973, 10.482, 12.275, 27.354, 17.094, 24.296, 13.503, 9.871, 14.988, 8.109, 10.393, 10.615, 27.234, 9.481, 18.463, 8.614, 8.582, 16.845, 10.547, 8.711, 9.158, 9.621, 10.502, 29.187, 22.064, 15.988, 10.429, 13.24, 22.607, 19.657, 27.854, 24.972, 7.636, 17.099, 14.8, 23.826, 11.218, 12.975, 21.505, 14.502, 13.489, 25.876, 8.542, 9.887, 9.889, 11.761, 11.773, 10.885, 11.796, 12.526, 9.404, 14.975, 10.123, 11.607, 10.328, 19.966, 24.954, 9.576, 11.11, 8.774, 13.076, 12.496, 12.932, 10.276, 16.156, 10.372, 9.473, 12.156, 14.524, 15.73, 12.136, 16.758, 14.535, 15.109, 9.599, 13.656, 20.973, 11.499, 29.364, 11.486, 15.212, 10.299, 9.232, 10.334, 10.645, 10.12, 11.943, 11.241],