{"val_loss": [0.030512905955273548, 0.01726553693322999, 0.01521028760158943, 0.01186742387525395, 0.012851910180282122, 0.013679628222983893, 0.011805513130692655, 0.01018717029814177, 0.009379307964349316, 0.010066106137374471, 0.010187239614263972, 0.009171008616677308, 0.010418154244261506, 0.00957415296451312, 0.009259481256723281, 0.009704458396085743, 0.010936155525354586, 0.009220032501402516, 0.00928598374230205, 0.009997772730190157, 0.00922763501341037, 0.008785691859563538, 0.010697094708174357, 0.009664417187142296, 0.008469493789829464, 0.00838064792632769, 0.009014533587212688, 0.0087875409898355, 0.008574101686677108, 0.00887180427354692], "train_loss": [0.09556280849210452, 0.023116590062272735, 0.015301036040909821, 0.013060720193607267, 0.011501976696308702, 0.010942564273136668, 0.010579727051663212, 0.010059153890324524, 0.009777728846529499, 0.009218841027177405, 0.00948704989059479, 0.00914196793382871, 0.008853848252329044, 0.008708897385076853, 0.008487253537168726, 0.008580213572713546, 0.00914793974152417, 0.008491649059578776, 0.007871488627642975, 0.00824145821025013, 0.008000248053576797, 0.007539470421761507, 0.007810340701325913, 0.007659203794901259, 0.0076789738741354086, 0.0070912638930167304, 0.007007775577221764, 0.007010931314653135, 0.006894284124427941, 0.006987653874602984], "train_size": 512, "val_size": 1088, "rand_seed": 323, "shuffle": true, "loss_name": "mean_squared_error", "img_dim": [256, 256, 3], "patch_dim": [128, 128, 3], "patches_per_image": 4, "density_map_sigma": 5, "density_map_multiplication_factor": 100.0, "sub_experiment_name": "vgg_cells/n_32_sigma_5_randseed_323_loss_mse_patch_4_128x128", "architecture": "UNet"}