{"val_loss": [0.010110143596059917, 0.011546357856465928, 0.007885600421372253, 0.007221829065576244, 0.0058094246811806975, 0.007627181726788609, 0.007631798813235946, 0.005933679080686381, 0.007092656988521305, 0.005248703437353149, 0.005288573361052412, 0.00537991265355231, 0.005039590843433175, 0.009395663940642193, 0.005062188811119567, 0.00537437905832656, 0.004790768713332107, 0.00489471091880071, 0.004977924137753742, 0.005125247662470108, 0.007895153399016742, 0.004756729888600496, 0.004649045423695284, 0.004514439530259338, 0.005723662441114892, 0.004822983791146886, 0.004722706387624117, 0.004765892320071597, 0.004793382009558948, 0.004582823103459412, 0.004692234535682741, 0.004555038914184158, 0.004399463064092903, 0.004799007221556488, 0.0046269793583633145, 0.004951749716222848, 0.004646664979886469, 0.004491303941743835, 0.004687553715377683, 0.004500441426310264, 0.004471203203887425, 0.004510356463951586, 0.004568287734775154, 0.0061598587439862865, 0.005467802533209632, 0.00437738786374265, 0.004337839574873215, 0.005321391737893196, 0.004515562434468901, 0.004578794699495227], "train_loss": [0.03897138163301861, 0.009137705808825558, 0.006629578716456308, 0.005727719302740297, 0.0050315018197579775, 0.004968594999809284, 0.0054149012139532715, 0.00467506632230652, 0.004301951404158899, 0.00448020241856284, 0.003911869324838335, 0.003846080264338525, 0.003913088039553259, 0.0038085813430370763, 0.004003201589512173, 0.003634237368714821, 0.0038462337070086505, 0.0035485020780470222, 0.0037316963671401027, 0.0034943568089147448, 0.0036144515906926244, 0.0038941515631449874, 0.0033920265586857568, 0.0033236768631468294, 0.0034885743216364062, 0.0032895203921725624, 0.0032438026055388036, 0.0034210408057333552, 0.003159392403176753, 0.003394449928237009, 0.003077644573750149, 0.0030908567541700904, 0.0032289215405398863, 0.0031368844902317505, 0.0031459312740480527, 0.00316939487856871, 0.0031269451847038, 0.0029237010421638843, 0.0028631681780098006, 0.00275775744648854, 0.0026831049699467258, 0.0027656622096401406, 0.002736736171755183, 0.0027630533932097023, 0.0027939930550928693, 0.0026083444709001924, 0.0026756290299090324, 0.003104712594904413, 0.0026142175038330606, 0.002632999647175893], "train_size": 512, "val_size": 1088, "rand_seed": 322, "shuffle": true, "loss_name": "logcosh", "img_dim": [256, 256, 3], "patch_dim": [128, 128, 3], "patches_per_image": 4, "density_map_sigma": 5, "density_map_multiplication_factor": 100.0, "sub_experiment_name": "vgg_cells/n_32_sigma_5_randseed_322_loss_logcosh_patch_4_128x128", "architecture": "FCRN_A"}