{"val_loss": [2.941847007064258, 0.03604738263632445, 0.12771610543131828, 0.19204317372949684, 0.06231003090300981, 0.08486159000655308, 0.05953397908631493, 0.04977500419515897, 0.06164834275841713, 0.03713622083887458, 0.049691874136709994, 0.05215262342244387, 0.037352246697992086, 0.034923626822145545, 0.04097253985374289, 0.03454590753159102, 0.02968183140653898, 0.035354085759643245, 0.033731098711381066, 0.027274848523494953, 0.027608354274621782, 0.028271200505140072, 0.024369781453381565, 0.02420768532080247, 0.02357629275031607, 0.020597177242641065, 0.020193808342275375, 0.02066498440827298, 0.018600746085319447, 0.018875046537312513, 0.01784503779730157, 0.018183887265074777, 0.017489420167882654, 0.01649517661152298, 0.01765835948069306, 0.016053326030754867, 0.015921239001566872, 0.016032746308209264, 0.015434698023668984, 0.015140193665181012, 0.01466213186572799, 0.015265785904108164, 0.014188255245030364, 0.014120563351110938, 0.013888968052068615, 0.013334823245018283, 0.013362383305588189, 0.013944141340770703, 0.012809489456498447, 0.012282131842392333, 0.012493373915169607, 0.012124246431459837, 0.011855206876883613, 0.011554480886415523, 0.01139446729040869, 0.012056336700505413, 0.011332939899362186, 0.011234664553365506, 0.010394989653243958, 0.010217890567967998, 0.010627366438069764, 0.010525603549253634, 0.012248830534243846, 0.011409383739673477, 0.01116704456302721, 0.009361809896825649, 0.010043621272095205, 0.01077821316293386, 0.009078889862661633, 0.009738104650750756, 0.010369796001160628, 0.008759451831471832, 0.009434725288027787, 0.01002893314751632, 0.008432031533790423, 0.009146378844675115, 0.00995801798040595, 0.008106489224112867, 0.00881851275163867, 0.00993659467135063, 0.007863332579076728, 0.00853523176149739, 0.009726613886681768, 0.00766567701323177, 0.008431121607667165, 0.009397205893251607, 0.007528558311819592, 0.008488315674613285, 0.008842271567760584, 0.007583233202561079, 0.008480802507084958, 0.008038509424830623, 0.007799879390992881, 0.00800707221359891, 0.007263437731821528, 0.007897327681455542, 0.007285979251130758, 0.006927815397776773, 0.007677313775810248, 0.006846296128488201], "train_mae": [2394.059, 23.56, 266.193, 372.453, 148.952, 183.25, 117.55, 107.877, 153.069, 29.423, 95.313, 107.812, 40.362, 52.528, 100.596, 70.949, 20.46, 62.724, 58.292, 21.11, 52.368, 65.856, 31.471, 24.687, 31.414, 26.465, 34.006, 28.286, 17.745, 36.42, 16.806, 22.619, 29.816, 15.365, 27.919, 19.793, 23.132, 17.683, 13.339, 22.331, 13.218, 18.4, 11.25, 21.523, 11.944, 7.832, 20.891, 26.886, 18.274, 5.924, 12.001, 18.657, 6.665, 5.984, 18.712, 23.031, 24.592, 16.94, 8.781, 9.421, 14.897, 28.675, 37.878, 42.055, 29.909, 5.165, 30.066, 27.703, 5.126, 29.331, 27.799, 3.841, 28.937, 27.391, 4.046, 30.404, 29.438, 5.301, 28.612, 32.225, 7.123, 27.674, 31.758, 6.613, 28.851, 30.469, 4.131, 31.628, 26.316, 8.447, 33.513, 18.484, 15.716, 28.635, 7.405, 19.793, 18.638, 6.611, 19.442, 10.029], "train_rmse": [2416.832, 26.996, 274.203, 373.898, 149.212, 190.657, 124.978, 108.502, 153.333, 34.1, 102.505, 114.819, 49.725, 55.37, 101.284, 72.449, 24.261, 70.741, 66.505, 25.88, 54.875, 67.408, 35.779, 31.766, 40.186, 30.368, 37.861, 36.582, 21.059, 39.315, 21.388, 29.497, 32.567, 17.283, 33.864, 22.31, 25.506, 23.19, 17.582, 24.279, 15.103, 23.069, 12.699, 23.005, 15.875, 10.84, 21.817, 29.129, 19.172, 7.603, 15.041, 19.547, 9.515, 8.61, 19.521, 24.876, 25.26, 18.699, 9.545, 10.152, 16.659, 29.405, 39.25, 42.954, 31.203, 6.598, 30.88, 29.061, 6.575, 30.184, 29.056, 5.951, 29.928, 28.629, 6.182, 31.399, 30.669, 7.072, 29.801, 33.355, 8.682, 28.932, 32.932, 8.235, 30.085, 31.671, 6.447, 32.913, 27.549, 10.193, 34.827, 19.845, 17.183, 30.083, 9.129, 21.047, 20.156, 8.555, 20.689, 11.842], "train_underestimate": [0.0, 2.907, 148.53, 0.0, 0.0, 102.249, 65.59, 0.0, 0.0, 0.705, 53.182, 60.157, 22.339, 0.0, 0.0, 0.0, 6.425, 34.999, 32.525, 7.991, 0.0, 0.0, 0.258, 12.279, 17.111, 0.748, 0.064, 15.297, 5.621, 0.0, 6.889, 12.136, 0.024, 2.012, 15.517, 0.408, 0.133, 9.515, 6.37, 0.086, 0.83, 10.18, 1.154, 0.008, 6.465, 3.657, 0.0, 15.002, 0.036, 1.647, 6.682, 0.034, 3.238, 2.723, 0.021, 12.851, 0.0, 9.452, 0.307, 0.276, 8.312, 0.0, 21.135, 0.0, 16.688, 0.585, 0.0, 15.457, 0.594, 0.0, 15.511, 0.955, 0.0, 15.284, 0.865, 0.0, 16.426, 0.527, 0.0, 17.981, 0.36, 0.0, 17.72, 0.417, 0.0, 17.001, 1.14, 0.0, 14.684, 4.517, 0.0, 10.314, 8.769, 0.0, 3.839, 11.044, 0.058, 0.474, 10.848, 0.239], "train_overestimate": [1335.831, 10.239, 0.0, 207.82, 83.112, 0.0, 0.0, 60.193, 85.409, 15.713, 0.0, 0.0, 0.182, 29.31, 56.13, 39.588, 4.991, 0.0, 0.0, 3.788, 29.22, 36.746, 17.302, 1.496, 0.417, 14.019, 18.911, 0.486, 4.28, 20.322, 2.488, 0.485, 16.613, 6.561, 0.061, 10.636, 12.774, 0.351, 1.073, 12.374, 6.545, 0.087, 5.123, 12.001, 0.199, 0.713, 11.657, 0.0, 10.161, 1.658, 0.015, 10.376, 0.48, 0.616, 10.42, 0.0, 13.722, 0.0, 4.593, 4.981, 0.0, 16.0, 0.0, 23.466, 0.0, 2.297, 16.776, 0.0, 2.266, 16.366, 0.0, 1.189, 16.146, 0.0, 1.392, 16.965, 0.0, 2.431, 15.965, 0.0, 3.614, 15.441, 0.0, 3.273, 16.098, 0.0, 1.165, 17.648, 0.0, 0.196, 18.7, 0.0, 0.0, 15.978, 0.293, 0.0, 10.341, 3.215, 0.0, 5.357], "train_difference": [1335.831, 13.146, 148.53, 207.82, 83.112, 102.249, 65.59, 60.193, 85.409, 16.417, 53.182, 60.157, 22.521, 29.31, 56.13, 39.588, 11.416, 34.999, 32.525, 11.779, 29.22, 36.746, 17.56, 13.775, 17.528, 14.767, 18.975, 15.783, 9.901, 20.322, 9.378, 12.621, 16.637, 8.573, 15.578, 11.044, 12.907, 9.867, 7.443, 12.46, 7.375, 10.267, 6.277, 12.009, 6.664, 4.37, 11.657, 15.002, 10.197, 3.306, 6.697, 10.41, 3.719, 3.339, 10.441, 12.851, 13.722, 9.452, 4.9, 5.257, 8.312, 16.0, 21.135, 23.466, 16.688, 2.882, 16.776, 15.457, 2.86, 16.366, 15.511, 2.143, 16.146, 15.284, 2.257, 16.965, 16.426, 2.958, 15.965, 17.981, 3.974, 15.441, 17.72, 3.69, 16.098, 17.001, 2.305, 17.648, 14.684, 4.713, 18.7, 10.314, 8.769, 15.978, 4.132, 11.044, 10.4, 3.689, 10.848, 5.596], "val_mae": [2372.84, 24.797, 267.754, 365.98, 144.363, 185.187, 119.921, 103.696, 148.506, 30.673, 97.917, 110.343, 44.375, 49.652, 96.381, 66.936, 23.766, 65.702, 61.287, 25.279, 49.229, 61.917, 31.642, 29.657, 36.288, 27.394, 33.56, 33.038, 20.64, 34.791, 20.771, 26.994, 28.693, 16.53, 30.903, 19.882, 22.344, 21.431, 16.865, 21.086, 13.932, 21.465, 12.097, 19.556, 15.028, 10.567, 18.063, 29.634, 15.691, 7.843, 15.018, 15.813, 9.549, 8.723, 15.699, 26.031, 21.337, 19.966, 7.4, 7.684, 18.009, 25.316, 40.882, 38.592, 32.993, 5.679, 26.61, 30.834, 5.681, 25.849, 30.946, 5.611, 25.419, 30.6, 5.518, 26.845, 32.656, 5.097, 25.064, 35.435, 5.281, 24.115, 34.997, 5.123, 25.268, 33.739, 5.615, 27.989, 29.645, 11.229, 29.829, 21.871, 19.122, 24.963, 9.99, 23.186, 14.874, 5.166, 22.831, 6.997], "val_rmse": [2406.738, 30.207, 279.231, 368.196, 144.852, 195.733, 130.391, 104.737, 148.991, 34.644, 108.088, 120.291, 56.139, 53.284, 97.547, 69.397, 30.059, 76.774, 72.583, 32.097, 52.627, 64.497, 35.421, 38.313, 46.676, 30.939, 36.885, 42.99, 26.59, 37.688, 27.222, 35.377, 31.271, 19.913, 39.145, 22.205, 24.578, 28.409, 22.663, 23.074, 16.112, 27.891, 14.321, 21.257, 20.353, 14.916, 19.55, 33.082, 17.247, 10.702, 19.332, 17.362, 13.692, 12.656, 17.193, 29.0, 22.461, 22.742, 8.667, 8.917, 20.641, 26.243, 43.092, 39.593, 35.043, 7.156, 27.564, 32.957, 7.136, 26.823, 32.865, 7.434, 26.46, 32.398, 7.146, 27.835, 34.406, 6.215, 26.202, 37.017, 6.454, 25.296, 36.612, 6.31, 26.43, 35.359, 7.154, 29.213, 31.214, 13.181, 31.099, 23.364, 20.604, 26.35, 11.756, 24.522, 16.457, 6.285, 24.077, 8.519],