{"val_loss": [0.21304023819975554, 0.21179582700133323, 0.2082946529611945, 0.19465075354091824, 0.1968743278644979, 0.20123528484255077, 0.19877317561767996, 0.1894531765021384, 0.1839149922132492, 0.16949550926219673, 0.16347618692088872, 0.1523416791576892, 0.17475050571374595, 0.13288589897565545, 0.11872168192639947, 0.11861105659045279, 0.13289092897903174, 0.11252277120947837, 0.20322599750943482, 0.11023422281723469, 0.11611452805809677, 0.09503129334188998, 0.09410474530886859, 0.09569151909090579, 0.11230266471393406, 0.09866240890696645, 0.09351224610581994, 0.10686754360795021, 0.10793765087146312, 0.1025553982006386, 0.08962691794149577, 0.08613617657683789, 0.08711829797830432, 0.0921024864539504, 0.0971858414588496, 0.08644450649153441, 0.09897483582608402, 0.0976538511691615, 0.08907049184199423, 0.08382991931866854, 0.0849578637862578, 0.08443107341881842, 0.08957426380366088, 0.08430367382243276, 0.09602285553701222, 0.08182338322512805, 0.08280337038449943, 0.0856486405013129, 0.08857225915417075, 0.08070808926131576], "train_mae": [109.377, 97.33, 83.164, 75.451, 80.534, 99.603, 91.6, 59.855, 68.523, 60.847, 77.627, 52.386, 100.331, 56.466, 31.334, 37.449, 50.018, 42.611, 90.865, 39.612, 35.193, 22.599, 25.689, 38.963, 41.968, 43.006, 41.94, 38.751, 55.203, 34.929, 30.223, 27.367, 20.233, 21.997, 36.13, 29.137, 43.035, 51.177, 31.252, 24.145, 23.136, 20.779, 25.714, 31.037, 45.818, 21.167, 20.829, 22.576, 34.962, 25.996], "train_rmse": [145.383, 136.109, 122.209, 113.889, 119.12, 135.486, 129.34, 93.398, 105.635, 96.541, 111.01, 84.231, 129.924, 84.669, 56.795, 62.538, 81.537, 71.121, 129.718, 66.531, 55.082, 39.015, 43.638, 59.951, 72.263, 64.798, 58.144, 66.831, 78.433, 59.143, 51.065, 44.011, 35.156, 33.331, 60.406, 48.792, 61.332, 68.165, 52.927, 41.688, 44.103, 37.83, 44.559, 44.159, 70.634, 36.815, 38.769, 27.863, 49.746, 41.787], "train_underestimate": [88.361, 78.295, 64.503, 58.832, 63.795, 80.464, 73.848, 39.268, 52.876, 47.034, 62.633, 35.533, 81.053, 45.515, 22.764, 23.363, 37.137, 33.875, 73.145, 31.61, 27.36, 15.916, 20.077, 31.429, 31.263, 34.679, 33.879, 30.128, 44.596, 27.521, 24.245, 21.896, 12.444, 7.693, 28.424, 23.335, 34.704, 41.344, 24.955, 18.786, 15.779, 12.246, 20.343, 25.012, 37.014, 16.232, 15.335, 3.131, 28.244, 20.905], "train_overestimate": [0.0, 0.334, 2.681, 2.122, 1.265, 0.001, 0.152, 9.086, 2.481, 2.122, 0.078, 6.788, 0.0, 0.101, 2.55, 6.89, 3.27, 0.549, 0.261, 0.391, 1.071, 2.341, 0.676, 0.048, 2.641, 0.064, 0.003, 1.177, 0.0, 0.696, 0.171, 0.213, 3.901, 10.077, 0.764, 0.204, 0.063, 0.0, 0.292, 0.72, 2.912, 4.541, 0.431, 0.061, 0.0, 0.868, 1.492, 15.107, 0.001, 0.096], "train_difference": [88.361, 78.629, 67.184, 60.954, 65.06, 80.465, 74.0, 48.354, 55.357, 49.156, 62.711, 42.32, 81.053, 45.617, 25.314, 30.253, 40.407, 34.424, 73.406, 32.001, 28.431, 18.257, 20.753, 31.477, 33.904, 34.743, 33.881, 31.305, 44.596, 28.217, 24.416, 22.109, 16.345, 17.771, 29.188, 23.538, 34.766, 41.344, 25.247, 19.505, 18.691, 16.786, 20.773, 25.073, 37.014, 17.1, 16.826, 18.238, 28.244, 21.001], "val_mae": [103.994, 91.742, 75.569, 67.171, 72.96, 94.049, 85.267, 52.702, 60.26, 51.911, 71.577, 44.567, 95.465, 50.183, 26.856, 32.734, 42.446, 36.904, 84.765, 34.617, 34.775, 20.293, 21.335, 33.968, 36.11, 39.159, 39.685, 34.118, 50.378, 31.429, 26.554, 25.014, 18.589, 21.151, 31.755, 27.06, 43.24, 50.19, 28.415, 22.386, 21.38, 19.803, 24.084, 30.051, 40.017, 20.629, 18.633, 23.446, 34.516, 24.187], "val_rmse": [133.642, 124.084, 108.835, 100.344, 105.697, 123.184, 117.218, 80.364, 92.266, 82.779, 99.59, 70.599, 119.35, 72.968, 46.608, 51.589, 69.044, 59.149, 116.681, 55.275, 50.06, 31.928, 33.923, 49.37, 60.647, 56.742, 51.071, 56.135, 68.062, 51.197, 42.641, 37.282, 29.365, 27.787, 50.915, 42.428, 58.789, 63.98, 45.92, 36.843, 36.908, 30.938, 39.59, 40.068, 59.84, 34.58, 32.902, 26.587, 45.989, 36.952], "val_underestimate": [87.592, 77.112, 61.576, 54.758, 60.068, 79.216, 71.747, 34.68, 48.232, 41.923, 60.288, 30.903, 80.409, 42.16, 19.988, 20.294, 33.189, 30.699, 71.208, 28.736, 28.571, 14.9, 17.516, 28.437, 27.227, 32.949, 33.426, 26.485, 42.433, 25.649, 21.985, 20.897, 11.98, 5.497, 26.212, 22.546, 36.42, 42.274, 23.7, 18.004, 14.22, 10.555, 19.583, 25.224, 33.657, 16.654, 13.792, 2.705, 29.066, 20.207], "val_overestimate": [0.0, 0.161, 2.074, 1.819, 1.384, 0.0, 0.071, 9.71, 2.524, 1.801, 0.0, 6.635, 0.0, 0.109, 2.632, 7.277, 2.563, 0.384, 0.188, 0.421, 0.719, 2.192, 0.454, 0.174, 3.189, 0.034, 0.0, 2.252, 0.0, 0.824, 0.381, 0.171, 3.678, 12.319, 0.535, 0.246, 0.0, 0.0, 0.233, 0.852, 3.788, 6.125, 0.703, 0.087, 0.049, 0.722, 1.903, 17.043, 0.006, 0.165], "val_difference": [87.592, 77.273, 63.65, 56.577, 61.453, 79.216, 71.819, 44.39, 50.756, 43.724, 60.288, 37.538, 80.409, 42.269, 22.62, 27.571, 35.752, 31.083, 71.396, 29.157, 29.29, 17.092, 17.97, 28.61, 30.415, 32.983, 33.426, 28.737, 42.433, 26.472, 22.366, 21.068, 15.658, 17.815, 26.746, 22.792, 36.42, 42.274, 23.933, 18.855, 18.008, 16.68, 20.286, 25.311, 33.706, 17.376, 15.694, 19.748, 29.072, 20.372], "train_loss": [0.18099149398879386, 0.16856105736862623, 0.15877203143210528, 0.16403668663730162, 0.1685149426014399, 0.15013310346799116, 0.1546142351051623, 0.1586096431464424, 0.15731904278932649, 0.13368596571430472, 0.13522502871341185, 0.13243061173882417, 0.1175892251896961, 0.12030141822538312, 0.11424964839785264, 0.10115459743671143, 0.09800361325602312, 0.0920537970405434, 0.10288099247121418, 0.10412315132321212, 0.0873611390482646, 0.09222079955076443, 0.08029542799431795, 0.08623803870936382, 0.07899545614540483, 0.09343947876291496, 0.07677487811353934, 0.0789994105052927, 0.0793707918136331, 0.07679712200000134, 0.08299319800952899, 0.06925485679532363, 0.06867805362801684, 0.08025060781076271, 0.07679557290693109, 0.06917111793617634, 0.06827697807887925, 0.06551470787506726, 0.0688550194862611, 0.07256740668560831, 0.06748517571516381, 0.06729997819009292, 0.06655692754803827, 0.06737696487590858, 0.06628351973159513, 0.06094754529098008, 0.06881462997351087, 0.06365366739463237, 0.061966590754115564, 0.06611394644262368], "train_size": 319, "val_size": 80, "rand_seed": 3201, "shuffle": true, "loss_name": "logcosh", "img_dim": [768, 1024, 3], "patch_dim": [128, 128, 3], "patches_per_image": 32, "density_map_sigma": 10, "density_map_multiplication_factor": 2000.0, "sub_experiment_name": "shanghai_tech/part_b/sigma_10_loss_logcosh_patch_32_128x128_epochs_50", "architecture": "UNet"}