{"val_loss": [0.015076005250092648, 0.013374466791800741, 0.011221941934814418, 0.009867631133804226, 0.00950810897241657, 0.009855983325703872, 0.01049148507728306, 0.009420479555248877, 0.00891149801221521, 0.008525613286312565, 0.008387587338802405, 0.00802926573002575, 0.009075506865580488, 0.009021617640125138, 0.008206315203400058, 0.009175011549005931, 0.007976512333092009, 0.007603712828212237, 0.00775409329394784, 0.007985099358645838, 0.007994033459706569, 0.00721339059418824, 0.007550562909980524, 0.007790024631200747, 0.007377712598908046, 0.007477570931061766, 0.007374740043612999, 0.0076012281117275255, 0.00771466881431277, 0.008119972256382526, 0.007422491577825794, 0.007239896719612362, 0.007298616943444358, 0.008075211056671429, 0.007276013917968764, 0.007214262114858785, 0.007860638168899136, 0.007512703988241911, 0.007017617415032065, 0.007230968308350485, 0.007493677205477272, 0.007276106890155158, 0.00764516124197851, 0.007352484128609326, 0.007313777092349483, 0.007084547768196596, 0.007709902820958329, 0.007725068081425788, 0.007465451422022953, 0.007307167357187912], "train_loss": [0.04215222362472559, 0.013256006475785398, 0.011317901404254371, 0.00992169611799909, 0.009209014642692637, 0.009066893860108394, 0.008913069317713962, 0.008315835037137731, 0.008407702834119846, 0.0084469781286316, 0.007944699198560556, 0.0076381986182241235, 0.007834960300897365, 0.007927100576125667, 0.007705431878093805, 0.007662624634576787, 0.0076214437240196276, 0.007246861837302276, 0.007109034645509382, 0.0072221859545607, 0.006871721316201729, 0.006907482199039805, 0.0068961257211412885, 0.006615366220103169, 0.006706103066790092, 0.006683180325126159, 0.0063794136767683085, 0.006400962874067773, 0.006445536904720939, 0.006197809550940292, 0.006320280621366692, 0.005943706866673892, 0.005972508902232221, 0.00580820503000723, 0.0058059615912497975, 0.005516583861208346, 0.005540710791137826, 0.005461535933136474, 0.00534664683345909, 0.005329569411514967, 0.005308206125846482, 0.0052743738942808704, 0.0052075175335630774, 0.00495704431705235, 0.0049142223952003405, 0.004786652807524661, 0.004691439619818993, 0.004852701888012234, 0.004671270285143692, 0.0046174764893294196], "train_size": 1024, "val_size": 576, "rand_seed": 642, "shuffle": true, "loss_name": "mean_squared_error", "img_dim": [256, 256, 3], "patch_dim": [128, 128, 3], "patches_per_image": 4, "density_map_sigma": 5, "density_map_multiplication_factor": 100.0, "sub_experiment_name": "vgg_cells/n_64_sigma_5_randseed_642_loss_mse_patch_4_128x128", "architecture": "FCRN_A"}