{"val_loss": [0.022768954609037953, 0.012313029091113576, 0.009571666694147793, 0.007203289635071997, 0.007274416961616439, 0.006048984495411038, 0.005465660885259721, 0.005289964712360148, 0.005140422746562227, 0.00537660142446625, 0.005061899308951551, 0.004602757645068991, 0.0047724496689625084, 0.004562554158302887, 0.004398852143019801, 0.005839945746201385, 0.004534704709679799, 0.004505128459534128, 0.00446312653928223, 0.004227978811500447, 0.0042673085977452604, 0.004367976679799647, 0.004829323344679056, 0.004222191464524418, 0.004179918182297329, 0.004007855278573783, 0.005114199299949927, 0.004181981541906306, 0.0040014425314225, 0.003974880693877982, 0.004101375498387771, 0.003947349920374965, 0.003959367924568034, 0.003926700559157539, 0.004026812836480744, 0.003938858717179648, 0.004336291298921637, 0.0039646931669695355, 0.0039669482893099055, 0.003977693156551087, 0.003914772030892731, 0.004383955975754361, 0.003927736996528812, 0.004097854569034312, 0.0039612383682598356, 0.003968516886369102, 0.004023351925217653, 0.004172171383128015, 0.004874450856571938, 0.004163039118526178], "train_loss": [0.08224990061717108, 0.017216498701600358, 0.010798608214827254, 0.007901202130597085, 0.006964604835957289, 0.007417322653054725, 0.005356907015084289, 0.004770119950990193, 0.004498090005654376, 0.0044115723940194584, 0.0047529251023661345, 0.004005623763077892, 0.00405341026635142, 0.003850392298772931, 0.003850698791211471, 0.003658456596895121, 0.0036362823520903476, 0.0037466334251803346, 0.003437895720708184, 0.003319732284580823, 0.003414505656110123, 0.0033787296488299035, 0.003544920233252924, 0.0031902373011689633, 0.00328556996100815, 0.003065129625611007, 0.0030911051217117347, 0.0032094416674226522, 0.003056008543353528, 0.0028647996150539257, 0.0030391579639399424, 0.0027288907731417567, 0.0026494029589230195, 0.0027150290916324593, 0.0026768816096591763, 0.0024472388213325758, 0.0024412041530013084, 0.002757640104391612, 0.002298090868862346, 0.0022262779348238837, 0.0021179504255997017, 0.0024992091857711785, 0.002553736343543278, 0.002127587631548522, 0.002244881230581086, 0.002008149240282364, 0.0020167621187283657, 0.0019545918257790618, 0.0023682617174927145, 0.002554940052505117], "train_size": 512, "val_size": 1088, "rand_seed": 323, "shuffle": true, "loss_name": "logcosh", "img_dim": [256, 256, 3], "patch_dim": [256, 256, 3], "patches_per_image": 1, "density_map_sigma": 5, "density_map_multiplication_factor": 100.0, "sub_experiment_name": "vgg_cells/n_32_sigma_5_randseed_323_loss_logcosh_full_img", "architecture": "FCRN_A"}