{"val_loss": [0.04838819764314822, 0.03574532264353954, 0.030617749511935365, 0.028122040077612515, 0.02294394033250522, 0.022519826161014327, 0.016496580162364646, 0.015290717892639805, 0.016515650829687194, 0.014066729850181967, 0.014437924828491626, 0.014564683213179438, 0.01332157762354815, 0.012739645394236398, 0.011407235660205033, 0.01141323021532598, 0.011022745590119431, 0.012991647460533868, 0.010616788516713046, 0.01159997100929853, 0.011317875551706975, 0.010452379382246257, 0.014460100830440163, 0.010759938814290389, 0.00990252987428582, 0.009614793723919908, 0.009423295997454688, 0.009506318190260037, 0.009165063196954126, 0.009212623607762746, 0.009743847921901546, 0.009017615660923184, 0.00902546426454244, 0.008995824514225688, 0.010764309593950576, 0.009142775319988312, 0.009270125972868888, 0.009050115109108874, 0.008562143679763027, 0.00930198368822697, 0.010402566877447124, 0.008495852979061002, 0.008273373467733002, 0.01192611646868446, 0.009206196569721214, 0.008346164093595957, 0.008252023950690808, 0.008489679330737358, 0.008436558162964717, 0.008351620157340863, 0.009437118660357287, 0.008470142514531343, 0.00814132039597419, 0.008176960541758864, 0.008491493480880094, 0.008091031733676894, 0.009625187797984621, 0.008287886765495333, 0.008775741327553988, 0.008247031075798612, 0.008266986934519509, 0.008343754025511718, 0.009339189575685476, 0.008445536587019246, 0.00808339907662765, 0.008041132912052596, 0.010109772368784487, 0.008840790759302978, 0.008073218634201433, 0.008495686347754706, 0.008157340590354152, 0.008274685467660995, 0.00938024720423581, 0.008353202017614796, 0.008002502690728493, 0.008088439120697063, 0.010815199995062464, 0.008106281916030533, 0.008263432123973924, 0.008125909664158826, 0.008934394421778373, 0.00824373144100451, 0.008066468144962154, 0.00816654585501323, 0.008204273778199636, 0.008299040667599697, 0.008212655361015042, 0.008543858790824957, 0.009307412979015842, 0.008522492759605966, 0.008244173795259591, 0.008151505715752993, 0.008525832608510801, 0.008259263303069234, 0.008274754250177305, 0.008352568498380338, 0.008249170170529396, 0.008173421204072143, 0.009332553056832267, 0.008062444844814736], "train_mae": [32.836, 26.861, 36.865, 22.315, 17.735, 42.451, 7.609, 14.15, 20.162, 19.057, 30.691, 12.468, 12.391, 7.136, 5.863, 16.589, 3.811, 21.577, 8.129, 21.969, 14.353, 4.715, 37.091, 17.342, 8.007, 3.695, 8.127, 3.636, 9.809, 4.805, 15.445, 3.117, 10.794, 4.357, 17.953, 9.285, 4.921, 6.165, 3.404, 17.412, 15.878, 5.416, 3.237, 29.937, 12.366, 3.173, 3.041, 7.634, 6.098, 7.178, 18.182, 8.141, 3.337, 3.841, 10.089, 3.331, 8.492, 5.413, 11.04, 5.225, 2.765, 7.969, 22.183, 3.403, 3.178, 4.993, 25.587, 4.119, 2.646, 10.311, 6.419, 8.105, 5.906, 3.932, 2.706, 4.984, 27.04, 2.913, 2.841, 6.725, 12.318, 3.787, 3.819, 2.787, 4.435, 6.46, 9.257, 5.355, 16.814, 6.691, 3.591, 2.054, 7.905, 1.99, 2.596, 5.898, 1.833, 4.89, 5.113, 6.547], "train_rmse": [42.706, 33.802, 46.295, 26.794, 20.414, 45.959, 10.787, 15.765, 22.047, 21.337, 33.09, 15.195, 14.427, 8.493, 8.203, 18.382, 5.113, 23.287, 9.444, 23.968, 15.534, 6.261, 37.679, 18.721, 9.648, 4.814, 9.648, 4.71, 11.058, 6.307, 16.364, 4.0, 12.82, 5.867, 19.231, 11.813, 6.251, 7.348, 4.469, 19.744, 17.606, 6.78, 4.165, 32.096, 13.451, 4.235, 4.034, 8.555, 7.836, 8.012, 19.98, 9.123, 4.335, 5.285, 12.057, 4.314, 10.746, 6.341, 11.911, 6.469, 3.622, 9.285, 23.107, 4.432, 4.307, 5.688, 26.786, 5.862, 3.628, 11.48, 7.157, 8.802, 7.73, 5.125, 3.696, 5.826, 28.036, 3.982, 3.815, 7.433, 13.61, 4.89, 4.643, 3.642, 5.288, 7.151, 10.084, 6.146, 18.115, 9.506, 4.515, 2.824, 9.096, 2.695, 3.416, 6.864, 2.459, 6.08, 6.32, 7.358], "train_underestimate": [13.311, 6.383, 19.298, 3.529, 2.091, 22.498, 2.708, 0.154, 0.102, 10.099, 16.265, 0.228, 1.299, 0.542, 2.428, 8.792, 0.711, 0.0, 0.188, 11.643, 0.023, 0.659, 0.0, 9.191, 4.118, 0.772, 4.252, 0.392, 5.178, 2.174, 0.071, 0.966, 5.709, 0.368, 0.0, 4.608, 1.938, 0.032, 1.075, 9.208, 0.004, 0.152, 0.557, 15.866, 6.554, 0.853, 0.972, 0.009, 3.082, 0.032, 9.636, 0.029, 1.468, 0.317, 5.311, 0.349, 3.848, 0.131, 0.001, 2.71, 0.989, 4.221, 0.019, 0.724, 1.378, 0.112, 13.561, 0.872, 0.706, 5.465, 0.023, 0.011, 0.737, 0.812, 0.784, 0.046, 0.0, 0.853, 0.26, 0.11, 6.506, 1.858, 0.082, 0.141, 2.33, 0.055, 0.0, 2.558, 8.911, 0.01, 1.846, 0.749, 4.187, 0.407, 1.224, 3.064, 0.404, 2.18, 0.166, 0.026], "train_overestimate": [4.091, 7.853, 0.239, 8.297, 7.308, 0.0, 1.325, 7.345, 10.583, 0.0, 0.001, 6.38, 5.268, 3.24, 0.679, 0.0, 1.308, 11.435, 4.12, 0.0, 7.584, 1.84, 19.657, 0.0, 0.126, 1.186, 0.055, 1.535, 0.02, 0.373, 8.115, 0.686, 0.012, 1.941, 9.515, 0.313, 0.67, 3.235, 0.729, 0.019, 8.411, 2.719, 1.159, 0.0, 0.0, 0.829, 0.64, 4.037, 0.15, 3.772, 0.0, 4.286, 0.3, 1.719, 0.037, 1.416, 0.652, 2.737, 5.85, 0.06, 0.476, 0.002, 11.737, 1.079, 0.307, 2.534, 0.0, 1.311, 0.696, 0.0, 3.379, 4.285, 2.393, 1.272, 0.651, 2.596, 14.331, 0.691, 1.246, 3.454, 0.022, 0.149, 1.942, 1.336, 0.02, 3.369, 4.906, 0.28, 0.0, 3.536, 0.057, 0.34, 0.002, 0.648, 0.151, 0.062, 0.567, 0.412, 2.543, 3.443], "train_difference": [17.402, 14.236, 19.537, 11.826, 9.399, 22.498, 4.033, 7.499, 10.685, 10.1, 16.266, 6.608, 6.567, 3.782, 3.107, 8.792, 2.02, 11.435, 4.308, 11.643, 7.607, 2.499, 19.657, 9.191, 4.244, 1.958, 4.307, 1.927, 5.199, 2.547, 8.186, 1.652, 5.721, 2.309, 9.515, 4.921, 2.608, 3.267, 1.804, 9.228, 8.415, 2.87, 1.715, 15.866, 6.554, 1.682, 1.612, 4.046, 3.232, 3.804, 9.636, 4.315, 1.768, 2.036, 5.347, 1.765, 4.501, 2.869, 5.851, 2.769, 1.465, 4.223, 11.757, 1.803, 1.684, 2.646, 13.561, 2.183, 1.402, 5.465, 3.402, 4.296, 3.13, 2.084, 1.434, 2.642, 14.331, 1.544, 1.506, 3.564, 6.528, 2.007, 2.024, 1.477, 2.35, 3.423, 4.906, 2.838, 8.911, 3.546, 1.903, 1.089, 4.19, 1.055, 1.376, 3.126, 0.971, 2.592, 2.71, 3.47], "val_mae": [28.829, 30.815, 31.748, 30.933, 26.901, 41.301, 17.423, 20.728, 28.894, 23.368, 30.756, 22.415, 19.563, 15.846, 11.38, 18.269, 10.336, 26.585, 12.363, 21.438, 18.663, 10.632, 39.891, 19.04, 12.007, 8.112, 11.017, 8.067, 11.656, 8.421, 16.573, 6.5, 11.019, 6.781, 19.555, 9.199, 7.912, 8.128, 6.431, 16.248, 17.46, 5.455, 4.69, 28.366, 13.442, 5.203, 5.288, 6.626, 7.416, 7.964, 16.781, 9.845, 5.428, 4.673, 10.633, 4.057, 8.542, 5.055, 9.105, 6.849, 4.627, 8.552, 20.093, 4.482, 4.401, 4.123, 24.694, 5.473, 4.188, 10.655, 5.897, 6.891, 9.245, 4.507, 3.864, 4.254, 27.662, 5.036, 4.133, 5.74, 14.242, 5.76, 3.346, 3.267, 7.286, 4.365, 6.11, 7.43, 17.701, 5.405, 5.991, 4.979, 10.226, 4.129, 5.84, 7.776, 4.082, 6.807, 4.182, 4.869], "val_rmse": [36.815, 40.196, 39.223, 41.96, 37.925, 43.982, 31.098, 32.492, 42.212, 27.507, 32.733, 34.732, 30.107, 28.779, 19.948, 21.053, 19.986, 33.397, 19.248, 23.848, 25.642, 20.909, 43.018, 20.457, 16.354, 15.007, 13.7, 15.646, 13.281, 12.513, 18.943, 10.942, 13.109, 12.109, 24.459, 11.449, 12.284, 13.625, 10.506, 18.549, 23.029, 8.354, 7.196, 30.401, 14.806, 8.112, 7.878, 8.929, 8.987, 10.895, 18.737, 13.03, 7.291, 7.657, 12.29, 5.791, 10.468, 6.843, 10.409, 8.429, 6.383, 10.194, 20.808, 5.944, 5.721, 4.991, 26.185, 8.153, 5.689, 12.413, 7.511, 8.423, 15.889, 6.53, 5.25, 5.635, 30.773, 7.282, 5.625, 6.675, 15.68, 7.034, 4.172, 4.254, 8.629, 5.291, 7.125, 8.555, 19.095, 7.686, 7.314, 6.69, 11.773, 5.614, 7.645, 9.177, 5.525, 8.289, 5.358, 5.808],