{"val_loss": [0.03321858944392271, 0.02631518600529499, 0.021387109281809143, 0.016488103499489554, 0.01564697739720512, 0.014411355792597103, 0.013925327751994803, 0.012677700248327149, 0.012457549974866462, 0.012442486198472508, 0.01193196900722602, 0.010890256464376712, 0.010211753259998945, 0.01057472022438652, 0.009909339931929547], "train_mae": [14.654, 6.959, 11.965, 4.997, 5.235, 5.381, 5.714, 3.87, 3.804, 7.379, 3.847, 4.482, 3.086, 2.922, 3.04], "train_rmse": [17.834, 11.237, 14.322, 6.683, 6.687, 7.087, 7.349, 5.378, 4.96, 8.925, 4.952, 6.042, 4.546, 4.078, 4.397], "train_underestimate": [33.743, 10.979, 28.076, 8.038, 5.408, 11.675, 10.691, 4.824, 2.569, 17.319, 2.182, 10.079, 6.117, 3.576, 6.148], "train_overestimate": [0.708, 5.381, 0.052, 3.711, 6.899, 0.975, 2.744, 4.274, 6.374, 0.029, 6.861, 0.458, 1.139, 3.294, 0.997], "train_difference": [34.451, 16.36, 28.129, 11.749, 12.307, 12.65, 13.434, 9.098, 8.943, 17.348, 9.043, 10.537, 7.256, 6.87, 7.146], "val_mae": [15.597, 8.574, 13.926, 5.627, 5.629, 6.224, 6.338, 4.828, 4.355, 8.899, 4.326, 5.557, 3.756, 3.449, 3.584], "val_rmse": [18.79, 13.161, 16.144, 7.668, 7.446, 7.989, 8.423, 6.633, 5.528, 10.442, 5.749, 7.297, 5.18, 4.932, 5.031], "val_underestimate": [34.634, 14.76, 31.049, 9.561, 7.689, 13.179, 12.124, 7.223, 3.489, 19.824, 2.816, 12.208, 7.369, 5.148, 7.308], "val_overestimate": [0.148, 4.361, 0.006, 2.988, 4.863, 0.701, 2.01, 3.542, 6.223, 0.022, 6.832, 0.184, 1.008, 2.544, 0.685], "val_difference": [34.782, 19.121, 31.055, 12.549, 12.552, 13.88, 14.133, 10.765, 9.713, 19.846, 9.647, 12.393, 8.376, 7.692, 7.992], "train_loss": [0.047003411642896634, 0.029200023039302324, 0.021466730029270468, 0.017238084369714166, 0.015494967948891119, 0.014165346970657992, 0.01245080079469416, 0.011376429867798125, 0.010949658888190848, 0.010359320381952178, 0.009443155660264893, 0.009049334531583655, 0.008894069971340488, 0.008539959977270984, 0.00825271171894403], "train_size": 900, "val_size": 89, "rand_seed": 9001, "shuffle": true, "loss_name": "logcosh", "img_dim": [720, 1280, 3], "patch_dim": [128, 128, 3], "patches_per_image": 32, "density_map_sigma": 10, "density_map_multiplication_factor": 2000.0, "sub_experiment_name": "carpk/sigma_10_loss_logcosh_patch_32_128x128_epochs_15", "architecture": "UNet"}