{"val_loss": [0.0973961353302002, 0.07266201953707116, 0.06037696463505873, 0.053001315992199975, 0.043204861870977315, 0.0481194822389758, 0.03769759327340662], "train_mae": [11.555, 9.832, 13.674, 8.127, 4.778, 14.149, 4.422], "train_rmse": [14.517, 12.228, 15.666, 10.691, 7.393, 15.504, 6.642], "train_underestimate": [19.884, 6.292, 1.906, 10.897, 7.862, 1.264, 6.435], "train_overestimate": [7.282, 16.822, 30.242, 8.209, 3.37, 31.999, 3.96], "train_difference": [27.165, 23.114, 32.148, 19.107, 11.232, 33.263, 10.395], "val_mae": [11.983, 9.403, 12.972, 9.258, 5.637, 13.283, 5.321], "val_rmse": [14.956, 12.805, 14.956, 12.222, 8.915, 14.586, 7.849], "val_underestimate": [18.962, 8.969, 3.024, 15.122, 10.558, 2.176, 8.639], "val_overestimate": [7.76, 12.001, 25.903, 5.523, 2.012, 27.446, 3.226], "val_difference": [26.722, 20.97, 28.927, 20.645, 12.57, 29.622, 11.865], "train_loss": [0.20224729216036696, 0.08489498854685937, 0.06463811696610516, 0.051962975631985396, 0.04433853238497654, 0.03955596060724929, 0.034780425314303205], "train_size": 900, "val_size": 89, "rand_seed": 9001, "shuffle": true, "loss_name": "mean_squared_error", "img_dim": [720, 1280, 3], "patch_dim": [128, 128, 3], "patches_per_image": 32, "density_map_sigma": 10, "density_map_multiplication_factor": 2000.0, "sub_experiment_name": "carpk/sigma_10_loss_mse_patch_32_128x128_epochs_7", "architecture": "UNet"}