{"val_loss": [0.021090276963756576, 0.01232250228713383, 0.010456527867467634, 0.00908715453260811, 0.008768314798039177, 0.009451088382775197, 0.008113768253679154, 0.008154995552104083, 0.008840273684553621, 0.007549863189423276, 0.007612404548732836, 0.0077964833508303855, 0.007485455939281059, 0.007824705647282017, 0.007446805844463395, 0.007322331968478263, 0.007332844346617801, 0.007988434082815528, 0.007749844242021532, 0.007224145957378723, 0.007111988068977048, 0.0072331670152278905, 0.007727218632175613, 0.007602812612983851, 0.006986476541593826, 0.007511868637771436, 0.007004334088277473, 0.007051156054634096, 0.007140233536524142, 0.0068736793352096965, 0.0069612970708274385, 0.007130541363342975, 0.00706348586734546, 0.007237600870414301, 0.00776556582382505, 0.007416930422146429, 0.007272100471204289, 0.007720979804313781, 0.007224594872847471, 0.007217786937164621, 0.0073599831377780195, 0.0073437675740327295, 0.007169665409593209, 0.007256795286998062, 0.007331481660205302, 0.007317167951340606, 0.007366047163385601, 0.007388261628875625, 0.007349323579546763, 0.007330260323215043, 0.007389479302017005, 0.007219049724881188, 0.007773876050931803, 0.007383060101953258, 0.00731552895457652, 0.007436940388490459, 0.007280504805142603, 0.007330339820934266, 0.007474157405441575, 0.008472459828933805, 0.0074805590106229326, 0.007386100909368704, 0.007516330768541795, 0.00747501788565488, 0.007405785758035361, 0.007482917780685562, 0.007518500556721442, 0.007702709318942248, 0.007710336957542394, 0.007456640475437679, 0.007523883574928429, 0.007447554957454688, 0.007505703687153679, 0.007475220930953381, 0.007470444056808547, 0.0075592731536744395, 0.007741077136314643, 0.0075712687850884525, 0.007559503572742364, 0.00873221338325594, 0.007515612032269321, 0.007452579852017354, 0.0074612080774790635, 0.007428430265968523, 0.0076349544686106835, 0.0074813482357664425, 0.007424950771059634, 0.007534187660793477, 0.007490555744273782, 0.0075486767275126316, 0.007541186467480859, 0.007561387950368549, 0.007415680983790985, 0.008032214088517422, 0.007547034297102882, 0.007464953383532702, 0.007674579516687017, 0.007623558857732051, 0.007551082577467443, 0.007521313905777384], "train_loss": [0.06494300329359248, 0.016896370900212787, 0.011203933288925327, 0.009482938359724358, 0.00915119456476532, 0.009535734723613132, 0.007836621261958499, 0.007476527025573887, 0.0073111059828079306, 0.007230184237414505, 0.007137449298170395, 0.006977979741350282, 0.006547109580424149, 0.0064929384825518355, 0.0062845452994224615, 0.006151326677354518, 0.006069425689929631, 0.005972634622594342, 0.005687960634531919, 0.005628846109175356, 0.005351460218662396, 0.005334053996193688, 0.005349368759198114, 0.004694249884778401, 0.004616364625690039, 0.004789935337612405, 0.004246276250341907, 0.004135703140491387, 0.008921304848627187, 0.005586248757026624, 0.0047330242705356795, 0.004233069284964586, 0.004103080613276688, 0.003584769045119174, 0.00350585526030045, 0.003552220412530005, 0.0034384030805085786, 0.0030373606277862564, 0.0035426308641035575, 0.002854448011930799, 0.0026820389648491982, 0.002970780824398389, 0.0027410573384258896, 0.002448312945489306, 0.0023324095800489886, 0.002196999257648713, 0.002128555819581379, 0.0037667455326300114, 0.0023403779359796317, 0.002072701705401414, 0.00197854910766182, 0.0023357939408015227, 0.0021160313408472575, 0.0021095071115269093, 0.001855665414041141, 0.0018318311449547764, 0.00176350335823372, 0.0017345258966088295, 0.0016179098001884995, 0.00236375456006499, 0.004036592437842046, 0.0017812694295571418, 0.0015352963710029144, 0.0015005727655079681, 0.0014191911086527398, 0.0015264909307006747, 0.001502034412624198, 0.0020987410953239305, 0.001779993312084116, 0.0015487083110201638, 0.0013628081178467255, 0.0013227522194938501, 0.0015511102174059488, 0.001315056077146437, 0.0012080043306923471, 0.001216397787175083, 0.001423035881089163, 0.0014412775853998028, 0.0011875436593982158, 0.0012216701888974058, 0.0020828211854677647, 0.0012663180386880413, 0.0011860575650644023, 0.0011157614271724015, 0.0016931400987232337, 0.001195880348859646, 0.0010589582034299383, 0.0010240047631668858, 0.001010369807772804, 0.0012680987047133385, 0.0015103235255082836, 0.0010728316510721925, 0.000989557423054066, 0.0013078636538921273, 0.0019897580186807318, 0.0010826123761944473, 0.0010153370440093568, 0.0010189995837208699, 0.0009454511427975376, 0.0009079733872567886], "train_size": 1024, "val_size": 576, "rand_seed": 644, "shuffle": true, "loss_name": "mean_squared_error", "img_dim": [256, 256, 3], "patch_dim": [256, 256, 3], "patches_per_image": 1, "density_map_sigma": 5, "density_map_multiplication_factor": 100.0, "sub_experiment_name": "vgg_cells/n_64_sigma_5_randseed_644_loss_mse_full_img", "architecture": "FCRN_A"}